TrainPeriod,TestPeriod,TrueLabels,Predictions,Probabilities
2024-03,2024-03,"[1, 0, 1, 1, 0, 0, 1, 1, 0, 1, 1, 1, 1, 1, 0, 0, 1, 1, 1, 1, 1, 0, 1, 0, 1, 1, 1, 0, 1, 1, 1, 0, 1, 0, 0, 0, 1, 1, 1, 1, 0, 0, 1, 1, 1, 0, 1, 1, 0, 1, 1, 0, 0, 0, 1, 0, 0, 1, 1, 0, 0, 1, 0, 1, 0, 1, 1, 1, 1, 0, 0, 0, 1, 1, 1, 1, 1, 0, 1, 1, 1, 1, 1, 1, 0, 1, 1, 1, 0, 1, 1, 0, 1, 0, 1, 1, 1, 1, 1, 1, 0, 0, 0, 1, 1, 0, 1, 1, 1, 1, 1, 1, 1, 1, 1, 1, 1, 1, 1, 1, 0, 1, 0, 1, 1, 0, 1, 1, 1, 1, 1, 1, 0, 1, 1, 0, 1, 1, 1, 1, 1, 1, 1, 1, 1, 1, 1, 1, 0, 1, 1, 1, 0, 0, 1, 0, 0, 1, 0, 1, 1, 0, 1, 1, 0, 1, 1, 0, 1, 1, 0, 1, 0, 0, 1, 1, 1, 1, 1, 1, 1, 1, 1, 1, 1, 1, 0, 1, 0, 1, 1, 1, 1, 0, 1, 0, 0, 1, 0, 0, 0, 1, 1, 1, 0, 1, 1, 1, 1, 1, 0, 1, 0, 1, 0, 1]","[1, 1, 1, 1, 1, 0, 1, 1, 1, 1, 1, 1, 1, 1, 1, 1, 1, 1, 0, 1, 1, 1, 0, 1, 1, 0, 1, 1, 1, 1, 1, 1, 1, 1, 1, 0, 1, 1, 0, 1, 0, 1, 1, 1, 1, 1, 1, 1, 1, 1, 1, 1, 0, 1, 1, 1, 1, 0, 1, 1, 1, 1, 1, 1, 1, 1, 1, 1, 1, 0, 1, 0, 1, 1, 1, 1, 0, 1, 1, 1, 1, 1, 0, 1, 0, 1, 0, 1, 1, 0, 1, 0, 1, 1, 0, 1, 1, 1, 1, 0, 1, 1, 1, 1, 1, 0, 1, 1, 1, 0, 1, 1, 0, 1, 1, 1, 1, 1, 1, 1, 1, 1, 1, 1, 1, 1, 1, 1, 1, 1, 1, 1, 1, 1, 1, 1, 1, 1, 1, 1, 1, 1, 1, 1, 1, 1, 1, 1, 0, 1, 1, 1, 1, 1, 1, 1, 1, 0, 0, 1, 1, 0, 0, 1, 1, 1, 0, 1, 1, 1, 1, 1, 1, 1, 1, 1, 1, 1, 1, 1, 1, 1, 1, 1, 1, 1, 1, 1, 1, 1, 1, 1, 1, 1, 1, 1, 0, 1, 1, 0, 1, 1, 1, 1, 1, 1, 1, 1, 1, 1, 1, 0, 0, 1, 1, 1]","[0.78, 0.91, 0.75, 0.59, 0.56, 0.45, 0.71, 0.89, 0.83, 0.81, 0.61, 0.76, 0.97, 0.68, 0.74, 0.9, 0.89, 0.73, 0.47, 0.51, 0.78, 0.87, 0.33, 0.83, 0.81, 0.45, 0.9, 0.71, 0.87, 0.76, 0.61, 0.54, 0.81, 0.68, 0.67, 0.47, 0.88, 0.89, 0.38, 0.8, 0.23, 0.7, 0.79, 0.81, 0.82, 0.51, 0.75, 0.63, 0.96, 0.69, 0.92, 0.68, 0.34, 0.56, 0.58, 0.84, 0.84, 0.45, 0.63, 0.82, 0.65, 0.8, 0.54, 0.99, 0.58, 0.9, 0.65, 0.54, 0.58, 0.12, 0.67, 0.43, 0.6, 0.82, 0.51, 0.78, 0.43, 0.69, 0.51, 0.62, 0.53, 0.89, 0.4, 0.82, 0.44, 0.65, 0.49, 0.69, 0.77, 0.39, 0.87, 0.3, 0.69, 0.62, 0.48, 0.79, 0.72, 0.85, 0.81, 0.43, 0.73, 0.66, 0.81, 0.83, 0.76, 0.14, 0.65, 0.54, 0.67, 0.32, 0.52, 0.6, 0.43, 0.66, 0.9, 0.89, 0.53, 0.53, 0.63, 0.89, 0.96, 0.58, 0.55, 0.85, 0.94, 0.78, 0.79, 0.51, 0.99, 0.98, 0.97, 0.79, 0.57, 0.57, 0.9, 0.82, 0.63, 0.86, 0.55, 0.87, 0.83, 0.62, 0.7, 0.69, 0.79, 0.96, 0.89, 0.72, 0.15, 0.67, 0.8, 0.65, 0.63, 0.54, 0.77, 0.83, 0.54, 0.5, 0.33, 0.64, 0.84, 0.4, 0.45, 0.88, 0.93, 0.7, 0.31, 0.59, 0.94, 0.81, 0.86, 0.56, 0.75, 0.84, 0.66, 0.63, 0.84, 0.97, 0.67, 0.62, 0.87, 0.69, 0.75, 0.82, 0.54, 0.99, 0.6, 0.68, 0.96, 0.61, 0.91, 0.65, 0.85, 0.53, 0.85, 0.79, 0.35, 0.67, 0.88, 0.38, 0.79, 0.57, 0.66, 0.96, 0.77, 0.9, 0.96, 0.61, 0.79, 0.67, 0.69, 0.38, 0.45, 0.99, 0.61, 0.56]"
2024-03,2024-05,"[1, 0, 1, 1, 1, 0, 1, 0, 1, 1, 1, 1, 1, 0, 1, 0, 1, 1, 1, 1, 1, 0, 1, 1, 1, 1, 0, 0, 1, 0, 1, 1, 1, 0, 1, 1, 1, 1, 0, 1, 1, 0, 1, 1, 1, 1, 1, 0, 0, 1, 0, 0, 1, 0, 1, 0, 1, 1, 0, 1, 1, 0, 1, 0, 1, 1, 0, 0, 0, 1, 1, 1, 0, 1, 0, 0, 0, 1, 1, 1, 1, 0, 1, 1, 1, 1, 0, 1, 0, 1, 1, 1, 1, 1, 1, 1, 1, 1, 1, 0, 1, 1, 0, 1, 1, 0, 1, 0, 1, 0, 1, 1, 1, 0, 1, 1, 1, 1, 1, 1, 1, 0, 1, 1, 1, 1, 0, 1, 1, 1, 0, 1, 0, 1, 0, 0, 1, 1, 1, 1, 1, 0, 1, 1, 1, 1, 1, 1, 0, 1, 0, 1, 0, 0, 0, 1, 1, 0, 1, 1, 1, 1, 1, 1, 0, 1, 1, 0, 1, 0, 1, 1, 1, 0, 1, 1, 1, 1, 0, 0, 1, 0, 0, 1, 0, 1, 1, 0, 1, 1, 1, 0, 1, 1, 0, 0, 1, 1, 1, 0, 0, 0, 1, 0, 1, 1, 1, 1, 0, 0, 0, 0, 0, 1]","[1, 1, 1, 1, 1, 0, 1, 1, 1, 1, 1, 1, 1, 0, 1, 0, 1, 1, 1, 1, 1, 0, 0, 1, 1, 1, 0, 0, 1, 1, 1, 1, 1, 0, 1, 1, 0, 1, 0, 1, 0, 0, 1, 1, 1, 1, 1, 1, 0, 1, 0, 0, 1, 1, 1, 1, 1, 1, 0, 1, 1, 1, 1, 1, 1, 1, 0, 0, 1, 1, 1, 1, 0, 1, 0, 1, 0, 1, 1, 1, 1, 1, 0, 1, 1, 1, 0, 1, 1, 1, 0, 1, 1, 1, 1, 0, 1, 1, 1, 0, 1, 1, 0, 1, 1, 0, 1, 1, 0, 1, 1, 1, 1, 1, 1, 1, 1, 1, 1, 1, 1, 0, 1, 1, 1, 1, 1, 1, 1, 1, 1, 1, 1, 0, 0, 0, 1, 1, 1, 1, 1, 1, 1, 1, 1, 1, 1, 1, 0, 1, 1, 1, 0, 1, 1, 1, 1, 1, 0, 1, 1, 1, 0, 1, 0, 1, 1, 1, 1, 0, 1, 1, 1, 0, 1, 1, 1, 1, 0, 1, 1, 1, 0, 1, 0, 1, 1, 0, 1, 1, 1, 0, 1, 0, 0, 0, 0, 1, 1, 1, 1, 0, 1, 1, 1, 1, 1, 1, 0, 0, 0, 0, 0, 1]","[0.74, 0.92, 0.74, 0.59, 0.63, 0.45, 0.68, 0.88, 0.75, 0.81, 0.9, 0.86, 0.74, 0.44, 0.9, 0.41, 0.95, 0.9, 0.83, 0.79, 0.93, 0.37, 0.35, 0.81, 0.81, 0.76, 0.48, 0.22, 0.92, 0.71, 0.82, 0.87, 0.91, 0.25, 0.68, 0.86, 0.46, 0.72, 0.48, 0.74, 0.22, 0.29, 0.68, 0.8, 0.68, 0.83, 0.85, 0.87, 0.04, 0.7, 0.5, 0.08, 0.72, 0.57, 0.68, 0.67, 0.95, 0.54, 0.19, 0.76, 0.64, 0.56, 0.85, 0.58, 0.76, 0.93, 0.19, 0.49, 0.68, 0.74, 0.8, 0.85, 0.24, 0.73, 0.14, 0.9, 0.48, 0.54, 0.88, 0.89, 0.75, 0.59, 0.44, 0.77, 0.88, 0.64, 0.23, 0.6, 0.51, 0.71, 0.48, 0.61, 0.89, 0.81, 0.72, 0.1, 0.87, 0.6, 0.87, 0.1, 0.91, 0.89, 0.48, 0.86, 0.85, 0.19, 0.81, 0.59, 0.38, 0.61, 0.86, 0.77, 0.53, 0.53, 0.65, 0.78, 0.86, 0.91, 0.93, 0.55, 0.65, 0.37, 0.91, 0.85, 0.62, 0.83, 0.83, 0.76, 0.8, 0.81, 0.6, 0.92, 0.82, 0.47, 0.29, 0.24, 0.96, 0.86, 0.86, 0.9, 0.64, 0.83, 0.81, 0.64, 0.82, 0.58, 0.68, 0.9, 0.39, 0.63, 0.88, 0.65, 0.5, 0.72, 0.51, 0.9, 0.88, 0.79, 0.35, 0.67, 0.68, 0.8, 0.46, 0.62, 0.22, 0.78, 0.83, 0.59, 0.88, 0.27, 0.87, 0.72, 0.78, 0.25, 0.79, 0.66, 0.53, 0.79, 0.47, 0.91, 0.95, 0.85, 0.49, 0.94, 0.14, 0.84, 0.68, 0.41, 0.89, 0.67, 0.65, 0.29, 0.75, 0.41, 0.35, 0.38, 0.4, 0.85, 0.55, 0.54, 0.55, 0.1, 0.71, 0.77, 0.89, 0.89, 0.54, 0.91, 0.35, 0.36, 0.34, 0.25, 0.45, 0.69]"
2024-03,2024-04,"[1, 0, 0, 0, 1, 0, 0, 1, 0, 0, 0, 1, 1, 0, 1, 0, 1, 1, 1, 0, 1, 1, 0, 1, 0, 1, 1, 1, 0, 1, 1, 0, 0, 0, 1, 1, 0, 0, 0, 1, 1, 1, 1, 0, 1, 1, 1, 1, 1, 1, 0, 1, 1, 1, 1, 1, 1, 0, 0, 1, 0, 1, 0, 1, 1, 1, 1, 1, 0, 0, 1, 1, 1, 0, 0, 1, 0, 1, 0, 0, 1, 0, 1, 1, 1, 1, 1, 1, 1, 1, 1, 1, 1, 1, 0, 1, 1, 0, 0, 1, 1, 1, 1, 1, 1, 1, 0, 1, 0, 0, 0, 1, 1, 1, 0, 0, 0, 1, 0, 1, 1, 1, 0, 0, 0, 1, 1, 1, 0, 0, 0, 0, 0, 1, 1, 0, 1, 0, 1, 1, 0, 0, 1, 0, 1, 0, 1, 1, 1, 1, 1, 1, 1, 1, 1, 1, 1, 1, 0, 1, 1, 1, 0, 0, 0, 1, 1, 1, 1, 1, 0, 1, 1, 1, 0, 0, 1, 1, 0, 1, 1, 1, 1, 0, 1, 1, 0, 1, 1, 1, 1, 0, 0, 1, 0, 1, 0, 0, 1, 0, 1, 1, 1, 1, 0, 0, 1, 0, 1, 1, 1, 0]","[0, 0, 1, 1, 1, 0, 1, 1, 0, 1, 1, 1, 0, 1, 1, 1, 1, 1, 1, 0, 1, 1, 1, 1, 0, 1, 1, 1, 0, 1, 1, 1, 0, 1, 0, 1, 1, 0, 1, 1, 1, 1, 1, 1, 1, 1, 1, 1, 1, 1, 0, 1, 1, 1, 1, 1, 1, 1, 1, 1, 1, 1, 1, 1, 1, 1, 0, 1, 1, 1, 1, 1, 1, 0, 0, 1, 1, 1, 0, 0, 1, 1, 1, 1, 1, 1, 1, 1, 1, 1, 1, 1, 1, 1, 1, 1, 1, 1, 0, 1, 1, 1, 1, 1, 1, 1, 1, 1, 0, 1, 1, 1, 1, 1, 1, 1, 1, 1, 1, 1, 1, 1, 0, 0, 0, 1, 1, 1, 0, 0, 0, 0, 1, 1, 1, 1, 1, 0, 0, 1, 0, 0, 1, 1, 1, 0, 1, 1, 1, 1, 1, 1, 1, 1, 1, 1, 1, 1, 1, 1, 0, 1, 0, 1, 0, 1, 0, 1, 1, 0, 1, 1, 1, 1, 0, 0, 1, 1, 0, 1, 1, 1, 1, 1, 1, 1, 0, 1, 1, 1, 1, 0, 0, 1, 0, 1, 0, 1, 1, 1, 0, 1, 1, 0, 1, 0, 0, 1, 1, 1, 1, 0]","[0.49, 0.25, 0.96, 0.74, 0.96, 0.04, 0.61, 0.81, 0.5, 0.72, 0.55, 0.78, 0.5, 0.83, 0.78, 0.69, 0.98, 0.88, 0.66, 0.17, 0.84, 0.89, 0.73, 0.72, 0.22, 0.91, 0.61, 0.88, 0.06, 0.96, 0.87, 0.56, 0.13, 0.68, 0.06, 0.87, 0.83, 0.27, 0.58, 0.68, 0.67, 0.95, 0.94, 0.73, 0.88, 0.91, 0.92, 0.69, 0.74, 0.77, 0.1, 0.9, 0.65, 0.84, 0.88, 0.77, 0.81, 0.93, 0.72, 0.58, 0.58, 0.68, 0.72, 0.77, 0.94, 0.63, 0.31, 0.8, 0.72, 0.51, 0.92, 0.88, 0.62, 0.05, 0.34, 0.9, 0.52, 0.8, 0.46, 0.27, 0.78, 0.81, 0.72, 0.78, 0.91, 0.81, 0.83, 0.96, 0.69, 0.61, 0.86, 0.98, 0.97, 0.77, 0.6, 0.73, 0.89, 0.81, 0.06, 0.87, 0.87, 0.87, 0.84, 0.85, 0.72, 0.87, 0.55, 0.9, 0.35, 0.81, 0.75, 0.98, 0.78, 0.97, 0.81, 0.6, 0.88, 0.97, 0.84, 0.63, 0.51, 0.59, 0.4, 0.34, 0.24, 0.93, 0.88, 0.89, 0.4, 0.37, 0.09, 0.32, 0.51, 0.99, 0.54, 0.85, 0.7, 0.3, 0.16, 0.77, 0.12, 0.29, 0.79, 0.95, 0.81, 0.22, 0.87, 0.89, 0.79, 0.8, 0.99, 0.71, 0.86, 0.94, 0.93, 0.51, 0.81, 0.69, 0.84, 0.96, 0.05, 0.79, 0.27, 0.8, 0.25, 0.98, 0.15, 0.56, 0.94, 0.11, 0.58, 0.91, 0.97, 0.56, 0.12, 0.39, 0.95, 0.83, 0.43, 0.8, 0.73, 0.83, 0.97, 0.69, 0.86, 0.81, 0.41, 0.77, 0.93, 0.68, 0.65, 0.39, 0.39, 0.87, 0.25, 0.79, 0.43, 0.75, 0.84, 0.9, 0.07, 0.78, 0.9, 0.26, 0.93, 0.37, 0.33, 0.59, 0.87, 0.79, 0.66, 0.2]"
2024-03,2024-01,"[0, 1, 1, 1, 1, 1, 0, 1, 1, 1, 1, 1, 1, 1, 1, 1, 0, 1, 1, 1, 1, 1, 1, 1, 1, 1, 0, 1, 1, 1, 1, 1, 1, 1, 1, 1, 1, 1, 1, 1, 0, 1, 1, 1, 1, 1, 1, 1, 1, 1, 1, 1, 1, 0, 1, 1, 1, 1, 0, 1, 0, 1, 1, 1, 0, 1, 0, 1, 0, 1, 1, 1, 0, 1, 1, 1, 1, 1, 0, 1, 1, 0, 1, 0, 1, 1, 0, 0, 0, 0, 1, 0, 1, 0, 1, 1, 1, 1, 1, 1, 0, 0, 1, 0, 0, 1, 1, 1, 1, 1, 1, 0, 1, 1, 1, 1, 1, 1, 1, 0, 1, 0, 1, 1, 1, 0, 1, 1, 1, 0, 1, 1, 1, 1, 1, 1, 1, 0, 1, 1, 1, 1, 1, 1, 1, 1, 0, 1, 0, 1, 0, 0, 1, 1, 1, 0, 1, 1, 1, 1, 1, 1, 1, 1, 1, 1, 1, 1, 0, 1, 1, 0, 1, 1, 1, 1, 1, 0, 1, 1, 1, 0, 1, 1, 0, 1, 1, 1, 1, 1, 1, 1, 1, 1, 0, 1, 1, 1, 0, 1, 1, 1, 1, 1, 1, 1, 1, 1, 1, 1, 1, 1, 1]","[0, 1, 1, 1, 1, 1, 0, 1, 1, 1, 1, 1, 1, 1, 0, 1, 0, 1, 0, 1, 1, 1, 1, 1, 0, 1, 0, 1, 1, 1, 1, 1, 0, 1, 1, 1, 1, 0, 1, 1, 0, 1, 1, 1, 1, 1, 1, 1, 1, 1, 1, 1, 1, 1, 1, 1, 1, 1, 0, 1, 1, 1, 1, 1, 0, 1, 1, 1, 1, 1, 1, 1, 1, 1, 1, 1, 1, 1, 1, 1, 1, 1, 1, 0, 1, 1, 0, 1, 0, 0, 0, 0, 1, 1, 1, 1, 1, 1, 1, 1, 1, 1, 1, 0, 1, 1, 1, 1, 1, 1, 1, 0, 1, 0, 1, 0, 1, 1, 1, 0, 1, 0, 1, 1, 1, 0, 1, 1, 1, 0, 1, 0, 0, 1, 1, 1, 0, 0, 1, 1, 0, 1, 1, 1, 1, 1, 0, 1, 0, 1, 0, 0, 1, 1, 1, 0, 1, 1, 1, 1, 1, 1, 1, 1, 1, 1, 1, 1, 0, 0, 1, 0, 0, 1, 1, 1, 1, 0, 1, 0, 1, 0, 1, 0, 0, 1, 1, 1, 0, 1, 0, 0, 1, 1, 0, 1, 1, 1, 1, 1, 0, 1, 1, 1, 1, 1, 1, 1, 0, 1, 1, 1, 1]","[0.03, 0.78, 0.79, 0.95, 0.79, 0.81, 0.06, 0.97, 0.92, 0.78, 0.79, 0.79, 0.75, 0.85, 0.21, 0.81, 0.08, 0.56, 0.24, 0.56, 0.63, 0.68, 0.9, 0.91, 0.46, 0.54, 0.37, 0.94, 0.8, 1.0, 0.9, 0.62, 0.48, 0.66, 0.76, 0.79, 0.71, 0.15, 0.94, 0.7, 0.16, 0.83, 0.96, 0.66, 0.72, 0.89, 0.53, 0.87, 0.93, 0.81, 0.9, 0.9, 0.86, 0.93, 0.8, 0.74, 0.86, 0.81, 0.1, 0.91, 0.78, 0.9, 0.86, 0.92, 0.25, 0.86, 0.59, 0.88, 0.53, 0.98, 0.8, 0.84, 0.75, 0.68, 0.59, 0.78, 0.78, 0.76, 0.52, 0.84, 0.81, 0.94, 0.61, 0.24, 0.92, 0.9, 0.12, 0.62, 0.35, 0.21, 0.37, 0.16, 0.61, 0.68, 0.91, 0.69, 0.6, 0.98, 0.93, 0.69, 0.67, 0.67, 0.86, 0.39, 0.81, 0.89, 0.58, 0.56, 0.76, 0.9, 0.72, 0.38, 0.65, 0.04, 0.81, 0.31, 0.98, 0.56, 0.74, 0.46, 0.72, 0.33, 0.99, 0.81, 0.85, 0.23, 0.89, 0.79, 0.95, 0.25, 0.73, 0.48, 0.5, 0.99, 0.65, 0.68, 0.15, 0.12, 0.84, 0.94, 0.04, 0.78, 0.68, 0.89, 0.84, 0.85, 0.5, 0.85, 0.46, 0.91, 0.25, 0.19, 0.66, 0.89, 0.65, 0.06, 0.89, 0.73, 0.8, 0.75, 0.83, 0.76, 0.96, 0.69, 0.96, 0.89, 0.79, 0.83, 0.14, 0.15, 0.68, 0.28, 0.07, 0.87, 0.85, 0.84, 0.97, 0.07, 0.89, 0.41, 0.81, 0.14, 0.81, 0.45, 0.16, 0.73, 0.72, 0.9, 0.43, 0.97, 0.47, 0.45, 0.82, 0.82, 0.38, 0.63, 0.88, 0.53, 0.53, 0.9, 0.37, 0.98, 0.91, 0.59, 0.85, 0.78, 0.65, 0.88, 0.26, 0.8, 0.98, 0.59, 0.89]"
2024-03,2024-08,"[1, 0, 1, 1, 0, 0, 1, 0, 1, 1, 1, 1, 1, 0, 0, 0, 1, 1, 0, 1, 1, 1, 0, 0, 1, 1, 1, 0, 1, 1, 1, 0, 1, 1, 0, 0, 0, 1, 1, 1, 0, 0, 1, 1, 1, 0, 1, 1, 0, 0, 1, 1, 0, 0, 0, 1, 1, 0, 0, 1, 1, 0, 0, 0, 1, 0, 1, 0, 0, 1, 0, 0, 1, 0, 0, 1, 1, 1, 0, 0, 0, 1, 1, 0, 1, 1, 1, 0, 1, 1, 1, 1, 1, 0, 1, 1, 1, 1, 1, 0, 1, 0, 1, 0, 1, 1, 0, 0, 0, 1, 1, 0, 1, 1, 0, 1, 0, 1, 1, 1, 1, 1, 1, 1, 1, 1, 1, 1, 1, 0, 1, 0, 0, 0, 0, 1, 1, 0, 1, 0, 1, 1, 1, 0, 1, 1, 1, 1, 1, 1, 0, 1, 1, 0, 1, 0, 0, 1, 1, 1, 1, 0, 0, 0, 1, 0, 1, 0, 1, 1, 1, 0, 1, 0, 0, 1, 0, 1, 1, 1, 1, 1, 1, 1, 1, 0, 0, 0, 0, 1, 1, 1, 1, 1, 0, 1, 0, 1, 0, 0, 1, 0, 1, 0, 1, 0, 1, 0, 0, 1, 0, 1, 0, 0, 0, 0]","[1, 1, 1, 1, 0, 0, 1, 1, 1, 1, 1, 1, 1, 1, 1, 0, 1, 1, 1, 1, 1, 1, 0, 1, 1, 1, 1, 1, 1, 1, 1, 0, 1, 1, 1, 1, 1, 1, 0, 1, 0, 1, 1, 1, 1, 1, 1, 1, 1, 0, 1, 0, 0, 0, 1, 1, 1, 0, 1, 1, 1, 1, 0, 1, 1, 1, 1, 1, 1, 1, 1, 0, 1, 1, 0, 1, 1, 1, 1, 1, 0, 1, 1, 1, 1, 1, 1, 1, 1, 1, 1, 1, 1, 1, 1, 1, 1, 1, 1, 0, 1, 0, 1, 0, 0, 0, 0, 0, 1, 1, 1, 1, 1, 0, 1, 0, 1, 1, 0, 1, 1, 1, 1, 1, 1, 0, 1, 1, 1, 0, 1, 1, 1, 0, 1, 1, 1, 1, 1, 1, 1, 1, 1, 1, 0, 1, 1, 1, 1, 1, 0, 1, 1, 0, 1, 1, 1, 1, 1, 0, 1, 0, 0, 1, 1, 1, 1, 1, 1, 1, 1, 1, 1, 1, 1, 1, 1, 1, 1, 1, 1, 1, 0, 1, 1, 0, 1, 0, 1, 1, 1, 1, 1, 1, 0, 1, 0, 1, 1, 1, 0, 0, 1, 1, 1, 1, 1, 0, 0, 1, 1, 1, 1, 0, 1, 1]","[0.7, 0.95, 0.79, 0.67, 0.42, 0.17, 0.57, 0.88, 0.74, 0.81, 0.85, 0.63, 0.78, 0.55, 0.82, 0.22, 0.81, 0.82, 0.61, 0.85, 0.77, 0.87, 0.42, 0.81, 0.81, 0.61, 0.86, 0.72, 0.64, 0.79, 0.62, 0.43, 0.79, 0.67, 0.51, 0.67, 0.6, 0.93, 0.4, 0.82, 0.23, 0.7, 0.81, 0.79, 0.83, 0.57, 0.79, 0.84, 0.88, 0.05, 0.7, 0.36, 0.12, 0.21, 0.58, 0.69, 0.93, 0.25, 0.73, 0.69, 0.84, 0.83, 0.32, 0.59, 0.93, 0.61, 0.8, 0.91, 0.81, 0.82, 0.64, 0.19, 0.69, 0.68, 0.16, 0.53, 0.93, 0.97, 0.69, 0.53, 0.38, 0.88, 0.6, 0.75, 0.81, 0.83, 0.87, 0.78, 0.89, 0.87, 0.75, 0.87, 0.84, 0.52, 0.77, 0.55, 0.78, 0.73, 0.83, 0.2, 0.88, 0.25, 0.81, 0.12, 0.18, 0.21, 0.35, 0.41, 0.93, 0.78, 0.76, 0.68, 0.66, 0.29, 0.76, 0.35, 0.75, 0.51, 0.1, 0.74, 0.94, 0.67, 0.7, 0.89, 0.86, 0.46, 0.86, 0.85, 0.74, 0.04, 0.73, 0.97, 0.77, 0.08, 0.54, 0.95, 0.92, 0.82, 0.59, 0.96, 0.85, 0.88, 0.84, 0.8, 0.42, 0.81, 0.75, 0.87, 0.81, 0.66, 0.43, 0.81, 0.95, 0.25, 0.92, 0.56, 0.54, 0.57, 0.81, 0.48, 0.94, 0.35, 0.39, 0.62, 0.72, 0.76, 0.61, 0.57, 0.82, 0.76, 0.81, 0.76, 0.93, 0.77, 0.78, 0.95, 0.72, 0.74, 0.74, 0.77, 0.68, 0.88, 0.4, 0.87, 0.59, 0.14, 0.7, 0.38, 0.52, 0.76, 0.85, 0.8, 0.67, 0.65, 0.4, 0.85, 0.22, 0.83, 0.67, 0.87, 0.38, 0.21, 0.55, 0.61, 0.85, 0.67, 0.91, 0.39, 0.48, 0.62, 0.67, 0.59, 0.61, 0.33, 0.56, 0.67]"
2024-03,2024-07,"[1, 1, 0, 1, 0, 0, 1, 1, 0, 0, 0, 1, 1, 0, 0, 1, 0, 0, 1, 1, 1, 1, 1, 0, 1, 0, 1, 1, 0, 0, 0, 1, 1, 0, 0, 1, 0, 1, 1, 0, 1, 1, 1, 1, 1, 1, 1, 1, 1, 0, 1, 1, 1, 0, 1, 1, 1, 1, 1, 1, 1, 1, 1, 1, 1, 1, 0, 1, 0, 1, 1, 1, 1, 1, 0, 0, 1, 1, 0, 0, 0, 1, 1, 1, 1, 0, 0, 0, 1, 0, 1, 0, 0, 1, 0, 1, 1, 1, 1, 0, 0, 1, 1, 1, 1, 0, 1, 1, 1, 0, 1, 1, 0, 0, 0, 1, 1, 1, 0, 1, 0, 1, 0, 0, 1, 0, 1, 0, 1, 1, 0, 1, 1, 1, 1, 1, 1, 0, 1, 1, 0, 1, 1, 0, 1, 0, 0, 0, 1, 1, 1, 1, 0, 1, 1, 1, 1, 1, 0, 1, 1, 1, 1, 1, 0, 1, 1, 1, 1, 1, 0, 1, 1, 1, 0, 1, 1, 1, 1, 1, 0, 1, 0, 0, 0, 1, 1, 1, 0, 1, 1, 1, 1, 0, 1, 1, 1, 0, 0, 0, 0, 1, 0, 1, 1, 1, 1, 1, 1, 0, 0, 0, 1, 1, 0, 1, 1]","[1, 1, 1, 1, 0, 1, 0, 1, 1, 1, 1, 1, 1, 0, 1, 1, 1, 0, 0, 1, 1, 1, 1, 1, 1, 1, 1, 1, 0, 0, 0, 1, 1, 0, 0, 1, 0, 1, 1, 0, 1, 1, 1, 1, 1, 1, 1, 1, 1, 1, 1, 1, 1, 0, 1, 1, 1, 1, 1, 1, 1, 0, 1, 1, 0, 0, 0, 0, 0, 1, 1, 1, 1, 1, 0, 1, 1, 1, 1, 0, 1, 1, 1, 1, 1, 1, 1, 1, 0, 1, 1, 0, 0, 1, 0, 1, 1, 1, 1, 0, 0, 1, 1, 1, 1, 1, 1, 1, 1, 1, 1, 1, 1, 1, 0, 1, 1, 1, 1, 1, 0, 1, 1, 0, 1, 0, 1, 0, 0, 1, 0, 1, 1, 1, 1, 1, 1, 0, 0, 1, 1, 1, 1, 1, 1, 1, 1, 0, 0, 1, 1, 1, 1, 1, 1, 1, 1, 1, 0, 1, 1, 1, 1, 1, 1, 1, 1, 0, 1, 1, 1, 1, 1, 1, 1, 1, 1, 1, 1, 1, 1, 0, 0, 0, 1, 1, 1, 1, 1, 1, 1, 1, 0, 0, 1, 1, 1, 0, 0, 0, 0, 1, 1, 1, 1, 1, 1, 1, 1, 1, 1, 0, 1, 1, 0, 0, 1]","[0.64, 0.55, 0.94, 0.96, 0.04, 0.72, 0.5, 0.58, 0.6, 0.79, 0.65, 0.57, 0.79, 0.21, 0.83, 0.65, 0.71, 0.44, 0.37, 0.75, 0.74, 0.67, 0.65, 0.64, 0.91, 0.65, 0.89, 0.89, 0.36, 0.47, 0.06, 0.81, 0.87, 0.45, 0.17, 0.84, 0.26, 0.86, 0.82, 0.44, 0.68, 0.91, 0.89, 0.55, 0.65, 0.82, 0.68, 0.91, 0.65, 0.65, 0.8, 0.78, 0.81, 0.18, 0.86, 0.86, 0.66, 0.79, 0.68, 0.59, 0.81, 0.47, 0.76, 0.66, 0.36, 0.42, 0.47, 0.5, 0.15, 0.88, 0.63, 0.84, 0.87, 0.92, 0.12, 0.54, 0.79, 0.94, 0.79, 0.37, 0.88, 0.88, 0.82, 0.75, 0.94, 0.69, 0.76, 0.84, 0.44, 0.63, 0.94, 0.23, 0.13, 0.66, 0.5, 0.67, 0.88, 0.8, 0.83, 0.4, 0.45, 0.88, 0.92, 0.87, 0.94, 0.96, 0.88, 0.91, 0.77, 0.62, 0.88, 0.84, 0.96, 0.71, 0.35, 0.75, 0.93, 0.87, 0.53, 0.98, 0.36, 0.81, 0.76, 0.45, 0.66, 0.38, 0.7, 0.5, 0.47, 0.71, 0.34, 0.63, 0.89, 0.69, 0.72, 0.89, 0.91, 0.31, 0.35, 0.9, 0.58, 0.84, 0.58, 0.51, 0.54, 0.81, 0.85, 0.3, 0.39, 0.89, 0.89, 0.95, 0.54, 0.84, 0.72, 0.97, 0.93, 0.91, 0.3, 0.82, 0.62, 0.83, 0.73, 0.78, 0.86, 0.63, 0.52, 0.37, 0.98, 0.79, 0.6, 0.87, 0.97, 0.79, 0.91, 0.8, 0.52, 0.93, 0.88, 0.59, 0.8, 0.39, 0.15, 0.19, 0.84, 0.91, 0.82, 0.97, 0.69, 0.9, 0.55, 0.7, 0.44, 0.44, 0.64, 0.77, 0.95, 0.38, 0.3, 0.1, 0.08, 0.8, 0.75, 0.84, 0.89, 0.8, 0.82, 0.81, 0.78, 0.86, 0.58, 0.26, 0.87, 0.65, 0.22, 0.19, 0.74]"
2024-03,2024-09,"[0, 0, 1, 1, 0, 1, 1, 1, 0, 0, 1, 0, 1, 1, 1, 0, 1, 1, 1, 1, 1, 1, 0, 0, 0, 1, 1, 1, 1, 1, 0, 1, 1, 1, 1, 1, 1, 1, 1, 1, 1, 1, 0, 0, 1, 0, 1, 1, 1, 1, 1, 1, 1, 0, 1, 1, 0, 0, 1, 1, 1, 1, 1, 1, 1, 0, 1, 1, 1, 1, 1, 0, 1, 1, 1, 1, 0, 1, 1, 1, 1, 1, 1, 1, 0, 0, 1, 1, 1, 1, 0, 1, 1, 1, 0, 1, 1, 1, 1, 0, 1, 1, 0, 0, 0, 1, 0, 0, 0, 1, 1, 1, 1, 1, 0, 1, 0, 1, 1, 1, 1, 1, 1, 1, 1, 1, 1, 0, 1, 1, 1, 1, 1, 1, 1, 1, 1, 0, 1, 1, 1, 1, 1, 1, 0, 1, 1, 1, 1, 1, 0, 1, 1, 1, 1, 1, 1, 1, 0, 1, 0, 0, 1, 1, 1, 0, 1, 1, 0, 0, 0, 1, 1, 1, 1, 1, 0, 1, 1, 1, 1, 1, 1, 1, 1, 0, 1, 1, 0, 1, 1, 1, 1, 1, 0, 1, 1, 1, 1, 0, 0, 1, 1, 1, 1, 1, 1, 1, 0, 1, 1, 0, 1, 0, 1, 1, 1]","[0, 1, 1, 1, 1, 1, 1, 1, 0, 1, 1, 0, 1, 0, 1, 0, 0, 0, 0, 1, 1, 1, 0, 1, 0, 0, 1, 1, 1, 1, 1, 1, 1, 1, 1, 1, 1, 1, 1, 1, 1, 1, 0, 1, 1, 1, 1, 0, 1, 1, 1, 1, 1, 0, 1, 1, 0, 1, 1, 1, 1, 0, 1, 1, 0, 0, 1, 1, 1, 1, 1, 0, 1, 0, 1, 1, 1, 1, 1, 1, 1, 1, 1, 1, 0, 1, 1, 1, 1, 1, 0, 1, 0, 1, 0, 1, 1, 0, 1, 0, 1, 1, 0, 0, 0, 1, 1, 1, 0, 1, 1, 1, 1, 1, 0, 1, 1, 0, 1, 1, 1, 1, 1, 1, 1, 1, 1, 0, 1, 1, 1, 1, 1, 1, 1, 1, 1, 0, 1, 1, 1, 1, 1, 0, 0, 1, 1, 0, 1, 1, 1, 1, 1, 1, 1, 1, 1, 0, 0, 1, 1, 0, 1, 1, 1, 1, 1, 1, 1, 1, 0, 1, 1, 0, 1, 1, 1, 1, 1, 1, 1, 1, 1, 1, 1, 0, 0, 1, 0, 1, 1, 1, 1, 1, 1, 1, 0, 1, 1, 1, 1, 1, 0, 1, 1, 1, 1, 1, 1, 1, 1, 0, 1, 1, 1, 1, 1]","[0.15, 0.57, 0.83, 0.81, 0.87, 0.8, 0.63, 0.87, 0.25, 0.51, 0.93, 0.06, 0.88, 0.39, 0.74, 0.42, 0.42, 0.32, 0.22, 0.87, 0.79, 0.86, 0.36, 0.7, 0.05, 0.47, 0.81, 0.81, 0.73, 0.93, 0.64, 0.82, 0.63, 0.98, 0.84, 0.59, 0.76, 0.94, 0.8, 0.87, 0.75, 0.81, 0.45, 0.61, 0.8, 0.71, 0.82, 0.3, 0.9, 0.85, 0.87, 0.81, 0.79, 0.18, 0.53, 0.82, 0.18, 0.72, 0.7, 0.69, 0.83, 0.48, 0.56, 0.8, 0.22, 0.28, 0.93, 0.83, 0.56, 0.92, 0.7, 0.36, 0.64, 0.49, 0.53, 0.93, 0.74, 0.74, 0.6, 0.8, 0.86, 0.82, 0.83, 0.62, 0.18, 0.66, 0.7, 0.85, 0.82, 0.54, 0.14, 0.91, 0.05, 0.84, 0.28, 0.83, 0.63, 0.44, 0.77, 0.21, 0.56, 0.96, 0.18, 0.5, 0.39, 0.76, 0.64, 0.79, 0.48, 0.79, 0.79, 0.83, 0.74, 0.79, 0.5, 0.98, 0.82, 0.47, 0.81, 0.88, 0.54, 0.89, 0.87, 0.79, 0.63, 0.63, 0.86, 0.17, 0.67, 0.62, 0.92, 0.59, 0.81, 0.57, 0.92, 0.64, 0.95, 0.41, 0.75, 0.67, 0.67, 0.84, 0.88, 0.48, 0.33, 0.91, 0.85, 0.48, 0.7, 0.8, 0.85, 0.85, 0.55, 0.85, 0.67, 0.65, 0.84, 0.43, 0.21, 0.76, 0.53, 0.1, 0.56, 0.94, 0.81, 0.83, 0.9, 0.96, 0.74, 0.94, 0.5, 0.85, 0.69, 0.4, 0.83, 0.75, 0.7, 0.71, 0.81, 0.83, 0.6, 0.9, 0.95, 0.93, 0.76, 0.1, 0.44, 0.52, 0.35, 0.79, 0.69, 0.77, 0.79, 0.69, 0.61, 0.54, 0.33, 0.65, 0.83, 0.69, 0.9, 0.91, 0.46, 0.69, 0.61, 0.86, 0.72, 0.81, 0.62, 0.67, 0.94, 0.3, 0.89, 0.64, 0.55, 0.91, 0.94]"
2024-03,2024-10,"[0, 0, 0, 1, 1, 0, 1, 1, 1, 1, 1, 0, 1, 0, 1, 1, 0, 1, 1, 1, 1, 0, 1, 0, 1, 1, 1, 0, 1, 0, 1, 1, 1, 0, 0, 1, 1, 1, 1, 0, 1, 1, 1, 1, 1, 0, 0, 1, 0, 0, 1, 0, 1, 0, 1, 0, 1, 1, 0, 1, 0, 0, 0, 0, 1, 1, 1, 1, 1, 1, 1, 1, 1, 1, 1, 0, 1, 0, 0, 1, 1, 0, 1, 0, 1, 1, 0, 1, 0, 1, 0, 0, 1, 1, 1, 1, 1, 0, 1, 0, 0, 1, 0, 0, 1, 1, 1, 1, 0, 0, 1, 0, 1, 1, 0, 1, 1, 1, 1, 1, 0, 1, 1, 0, 1, 1, 1, 1, 1, 1, 1, 1, 1, 1, 1, 0, 1, 1, 1, 1, 1, 1, 1, 1, 0, 0, 1, 1, 0, 0, 1, 1, 1, 0, 1, 1, 1, 1, 1, 1, 1, 1, 0, 0, 1, 1, 1, 0, 1, 1, 1, 1, 0, 1, 1, 1, 1, 1, 0, 1, 1, 1, 0, 0, 1, 1, 1, 1, 1, 1, 1, 0, 1, 1, 1, 1, 1, 0, 0, 1, 1, 1, 1, 0, 1, 1, 1, 1, 0, 1, 1, 0, 1, 1, 0]","[0, 0, 1, 1, 1, 0, 1, 1, 1, 1, 1, 0, 1, 0, 1, 1, 0, 1, 1, 0, 1, 1, 1, 1, 1, 1, 1, 1, 1, 0, 1, 1, 1, 1, 0, 1, 1, 1, 1, 1, 1, 1, 1, 0, 0, 1, 0, 1, 0, 0, 1, 0, 1, 0, 1, 1, 1, 1, 0, 1, 0, 0, 1, 0, 1, 1, 1, 1, 0, 1, 0, 1, 1, 1, 1, 1, 1, 1, 1, 1, 1, 1, 1, 1, 1, 1, 1, 1, 1, 1, 1, 1, 1, 1, 1, 1, 1, 0, 1, 1, 0, 1, 0, 0, 1, 1, 1, 1, 0, 0, 1, 1, 1, 1, 0, 0, 1, 1, 1, 1, 1, 0, 1, 0, 1, 0, 0, 1, 1, 1, 0, 1, 1, 1, 1, 0, 1, 1, 1, 1, 1, 1, 1, 1, 1, 0, 0, 1, 1, 1, 1, 1, 1, 0, 0, 1, 1, 1, 1, 0, 0, 1, 1, 0, 1, 1, 1, 0, 1, 1, 1, 0, 1, 1, 1, 0, 1, 1, 1, 1, 1, 0, 1, 0, 1, 0, 1, 1, 1, 1, 1, 1, 0, 1, 1, 1, 1, 0, 0, 1, 1, 1, 1, 1, 1, 1, 1, 1, 0, 1, 1, 1, 1, 1, 0]","[0.26, 0.36, 0.56, 0.64, 0.79, 0.24, 0.56, 0.83, 0.8, 0.55, 0.75, 0.41, 0.79, 0.29, 0.69, 0.66, 0.31, 0.92, 0.81, 0.21, 0.77, 0.6, 0.61, 0.71, 0.96, 0.73, 0.93, 0.6, 0.87, 0.35, 0.98, 0.84, 0.73, 0.58, 0.46, 0.79, 0.83, 0.86, 0.76, 0.87, 0.73, 0.75, 0.89, 0.5, 0.47, 0.54, 0.44, 0.87, 0.28, 0.14, 0.86, 0.32, 0.88, 0.05, 0.68, 0.52, 0.84, 0.69, 0.28, 0.86, 0.26, 0.05, 0.58, 0.08, 0.88, 0.83, 0.62, 0.8, 0.48, 0.56, 0.48, 0.84, 0.72, 1.0, 0.77, 0.65, 0.54, 0.81, 0.97, 0.71, 0.91, 0.65, 0.86, 0.66, 0.86, 0.67, 0.64, 0.85, 0.56, 0.94, 0.78, 0.83, 0.8, 0.87, 0.91, 0.82, 0.84, 0.44, 0.64, 0.91, 0.48, 0.62, 0.4, 0.19, 0.76, 0.71, 0.81, 0.91, 0.46, 0.08, 0.8, 0.51, 0.71, 0.97, 0.28, 0.31, 0.88, 0.82, 0.79, 0.77, 0.87, 0.43, 0.81, 0.5, 0.79, 0.39, 0.39, 0.95, 0.66, 0.69, 0.38, 0.88, 0.63, 0.85, 0.9, 0.28, 0.51, 0.93, 0.83, 0.82, 0.87, 0.84, 0.87, 0.76, 0.64, 0.36, 0.44, 0.66, 0.61, 0.57, 0.8, 0.8, 0.83, 0.16, 0.49, 0.77, 0.93, 0.93, 0.8, 0.39, 0.5, 0.68, 0.51, 0.04, 0.92, 0.82, 0.74, 0.08, 0.92, 0.85, 0.51, 0.44, 0.96, 0.87, 0.75, 0.46, 0.82, 0.91, 0.9, 0.65, 0.89, 0.22, 0.7, 0.23, 0.91, 0.47, 0.86, 0.81, 0.87, 0.8, 0.73, 0.68, 0.5, 0.57, 0.53, 0.83, 0.73, 0.31, 0.24, 0.89, 0.58, 0.59, 0.52, 0.8, 0.8, 0.96, 0.77, 0.58, 0.47, 0.79, 0.84, 0.67, 0.82, 0.82, 0.26]"
2024-03,2024-06,"[0, 1, 1, 1, 0, 0, 1, 1, 1, 0, 1, 0, 1, 1, 1, 0, 1, 0, 1, 0, 1, 1, 1, 1, 1, 1, 1, 1, 1, 1, 1, 0, 1, 1, 1, 1, 1, 1, 0, 1, 0, 1, 1, 1, 1, 1, 1, 0, 1, 1, 1, 1, 1, 0, 0, 0, 0, 1, 1, 1, 0, 1, 0, 0, 1, 1, 1, 0, 0, 1, 1, 0, 1, 1, 0, 0, 1, 0, 1, 1, 1, 1, 0, 0, 1, 1, 0, 1, 1, 0, 0, 0, 1, 0, 1, 0, 1, 1, 1, 1, 0, 1, 1, 1, 1, 1, 0, 1, 0, 1, 1, 0, 1, 0, 1, 1, 1, 0, 0, 0, 0, 0, 0, 0, 1, 1, 1, 1, 0, 1, 1, 0, 1, 1, 1, 1, 1, 1, 1, 1, 0, 0, 1, 1, 1, 1, 1, 0, 1, 1, 0, 0, 1, 1, 1, 0, 1, 1, 0, 1, 1, 1, 1, 1, 0, 1, 1, 0, 0, 0, 1, 0, 1, 1, 1, 1, 1, 1, 0, 0, 1, 1, 1, 1, 0, 1, 1, 0, 0, 1, 1, 1, 1, 0, 1, 0, 0, 1, 0, 0, 1, 1, 1, 1, 0, 1, 1, 1, 0]","[0, 1, 1, 1, 1, 0, 1, 1, 1, 1, 1, 1, 1, 1, 1, 0, 1, 0, 1, 0, 1, 1, 1, 1, 1, 1, 1, 1, 1, 1, 1, 1, 1, 1, 1, 1, 0, 1, 0, 1, 1, 0, 1, 1, 1, 1, 0, 1, 1, 1, 1, 1, 1, 1, 0, 1, 1, 1, 1, 1, 0, 1, 0, 1, 1, 1, 1, 1, 1, 1, 1, 1, 1, 1, 0, 0, 1, 0, 1, 1, 1, 1, 0, 0, 1, 1, 0, 1, 1, 0, 1, 1, 1, 1, 1, 0, 1, 1, 1, 0, 1, 1, 1, 1, 1, 1, 1, 1, 0, 1, 1, 0, 1, 0, 1, 0, 1, 0, 0, 1, 0, 0, 0, 0, 1, 1, 1, 1, 1, 1, 1, 0, 1, 1, 1, 1, 1, 1, 1, 1, 0, 0, 1, 1, 1, 1, 1, 0, 1, 1, 0, 0, 0, 1, 1, 0, 1, 1, 1, 1, 0, 1, 1, 0, 0, 0, 1, 0, 0, 1, 1, 0, 1, 0, 1, 1, 1, 1, 0, 0, 1, 1, 1, 0, 1, 1, 1, 0, 0, 1, 1, 1, 0, 1, 1, 1, 1, 1, 0, 1, 1, 1, 1, 1, 1, 1, 1, 1, 0]","[0.02, 0.81, 0.82, 0.8, 0.81, 0.06, 0.98, 0.92, 0.82, 0.83, 0.65, 0.78, 0.61, 0.7, 0.88, 0.23, 0.83, 0.08, 0.66, 0.44, 0.69, 0.52, 0.64, 0.89, 0.92, 0.8, 0.61, 0.87, 0.78, 0.94, 0.95, 0.61, 0.82, 0.72, 0.78, 0.95, 0.29, 0.61, 0.08, 0.65, 0.69, 0.5, 0.78, 0.68, 0.87, 0.53, 0.38, 0.88, 0.7, 0.72, 0.63, 0.6, 0.53, 0.58, 0.18, 0.77, 0.52, 0.71, 0.55, 0.91, 0.18, 0.75, 0.35, 0.69, 0.98, 0.67, 0.81, 0.64, 0.8, 0.74, 0.84, 0.68, 0.77, 0.85, 0.17, 0.28, 0.84, 0.37, 0.75, 0.63, 0.67, 0.65, 0.27, 0.49, 0.66, 0.61, 0.1, 0.78, 0.88, 0.07, 0.97, 0.7, 0.86, 0.72, 0.82, 0.31, 0.81, 0.73, 0.84, 0.5, 0.51, 0.71, 0.89, 0.63, 0.88, 0.57, 0.51, 0.92, 0.37, 0.96, 0.91, 0.5, 0.98, 0.41, 0.81, 0.49, 0.79, 0.49, 0.5, 0.85, 0.3, 0.39, 0.22, 0.23, 0.79, 0.64, 0.81, 0.8, 0.68, 0.72, 0.88, 0.17, 0.9, 0.9, 0.82, 0.69, 0.72, 0.89, 0.7, 0.9, 0.2, 0.12, 0.91, 0.92, 0.56, 0.97, 0.92, 0.46, 0.87, 0.7, 0.45, 0.26, 0.4, 0.71, 0.79, 0.06, 0.9, 0.91, 0.68, 0.87, 0.22, 0.72, 0.84, 0.19, 0.09, 0.28, 0.81, 0.08, 0.43, 0.9, 0.97, 0.11, 0.52, 0.27, 0.92, 0.84, 0.94, 0.82, 0.34, 0.24, 0.51, 0.8, 0.55, 0.4, 0.59, 0.73, 0.56, 0.44, 0.39, 0.87, 0.7, 0.86, 0.44, 0.66, 0.66, 0.65, 0.86, 0.77, 0.16, 0.8, 0.89, 0.63, 0.79, 0.94, 0.58, 0.75, 0.91, 0.9, 0.48]"
2024-03,2024-02,"[1, 1, 0, 0, 0, 1, 1, 1, 1, 1, 0, 1, 1, 0, 1, 1, 0, 0, 1, 1, 1, 1, 0, 1, 0, 0, 0, 0, 1, 0, 1, 1, 0, 1, 1, 1, 1, 0, 0, 0, 1, 1, 1, 1, 0, 1, 1, 1, 1, 0, 1, 0, 1, 1, 1, 0, 1, 0, 1, 1, 1, 1, 1, 0, 1, 0, 1, 1, 1, 1, 1, 1, 0, 1, 1, 1, 1, 1, 0, 0, 1, 1, 1, 1, 1, 1, 0, 1, 1, 1, 0, 1, 0, 1, 1, 0, 0, 1, 1, 1, 1, 1, 0, 0, 1, 1, 0, 1, 1, 0, 1, 1, 1, 1, 1, 1, 1, 1, 0, 1, 1, 1, 1, 1, 1, 1, 1, 1, 1, 0, 1, 1, 0, 0, 0, 0, 1, 0, 1, 0, 1, 1, 1, 1, 1, 1, 1, 1, 1, 1, 1, 1, 1, 1, 1, 0, 1, 1, 1, 1, 1, 1, 0, 0, 0, 1, 1, 1, 1, 1, 0, 0, 1, 1, 1, 1, 1, 1, 0, 1, 1, 1, 1, 0, 0, 0, 1, 0, 0, 1, 1, 0, 0, 1, 0, 1, 1, 1, 0, 0, 1, 1, 0, 1, 1, 1, 1, 0, 1, 0, 1, 1, 0, 1]","[1, 1, 0, 0, 0, 1, 1, 0, 1, 0, 1, 1, 1, 0, 1, 0, 0, 0, 1, 1, 0, 1, 0, 1, 0, 0, 0, 1, 1, 0, 1, 1, 0, 1, 1, 1, 1, 0, 1, 0, 1, 1, 1, 1, 1, 0, 1, 1, 1, 0, 0, 1, 1, 1, 1, 0, 0, 0, 1, 1, 1, 1, 1, 0, 1, 0, 1, 1, 1, 1, 1, 1, 1, 0, 1, 1, 1, 1, 0, 0, 1, 1, 1, 1, 1, 1, 1, 1, 1, 1, 0, 1, 0, 1, 1, 0, 0, 1, 1, 1, 1, 1, 0, 0, 1, 1, 1, 1, 1, 1, 1, 1, 1, 1, 1, 1, 1, 1, 0, 1, 1, 1, 1, 1, 0, 1, 1, 1, 1, 1, 1, 1, 0, 0, 0, 0, 1, 0, 1, 1, 1, 1, 1, 1, 1, 1, 1, 0, 1, 1, 1, 1, 1, 1, 0, 0, 1, 1, 1, 1, 1, 0, 0, 1, 0, 1, 1, 1, 1, 1, 1, 0, 1, 1, 1, 0, 1, 1, 0, 1, 0, 1, 1, 1, 1, 1, 1, 1, 0, 1, 1, 1, 0, 1, 0, 1, 1, 1, 1, 1, 1, 1, 0, 1, 1, 1, 1, 0, 1, 0, 1, 1, 0, 0]","[0.95, 0.77, 0.14, 0.3, 0.05, 0.65, 0.85, 0.27, 0.76, 0.26, 0.71, 0.92, 0.79, 0.1, 0.67, 0.12, 0.12, 0.1, 0.88, 0.69, 0.45, 0.89, 0.31, 0.91, 0.34, 0.23, 0.24, 0.51, 0.79, 0.25, 0.92, 0.58, 0.29, 0.71, 0.56, 0.82, 0.75, 0.25, 0.72, 0.04, 0.62, 0.82, 0.84, 0.78, 0.55, 0.41, 0.86, 0.82, 0.78, 0.0, 0.43, 0.94, 0.8, 0.53, 0.92, 0.34, 0.44, 0.21, 0.93, 0.92, 0.8, 0.93, 0.6, 0.32, 0.72, 0.36, 0.9, 0.63, 0.63, 0.63, 0.88, 0.8, 0.56, 0.15, 0.87, 0.92, 0.81, 0.98, 0.25, 0.5, 0.82, 0.89, 0.68, 0.54, 0.53, 0.88, 0.91, 0.92, 0.71, 0.93, 0.3, 0.77, 0.28, 0.79, 0.87, 0.37, 0.07, 0.73, 0.6, 0.78, 0.54, 0.83, 0.3, 0.33, 0.56, 0.7, 0.63, 0.92, 0.77, 0.88, 0.86, 0.87, 0.62, 0.78, 0.9, 0.66, 0.87, 0.8, 0.26, 0.89, 0.93, 0.95, 0.75, 0.61, 0.48, 0.69, 0.99, 0.86, 0.81, 0.54, 0.92, 0.89, 0.12, 0.25, 0.04, 0.18, 0.63, 0.19, 0.8, 0.8, 0.74, 0.68, 0.94, 0.53, 0.79, 0.95, 0.92, 0.48, 0.75, 0.91, 0.91, 0.97, 0.91, 0.85, 0.18, 0.25, 0.66, 0.75, 0.91, 0.93, 0.72, 0.44, 0.15, 0.59, 0.39, 0.86, 0.7, 0.88, 0.9, 0.91, 0.77, 0.5, 0.82, 0.6, 0.88, 0.4, 0.88, 0.87, 0.04, 0.94, 0.28, 0.85, 0.74, 0.82, 0.81, 0.53, 0.96, 0.77, 0.18, 0.86, 0.94, 0.65, 0.48, 0.97, 0.44, 0.75, 0.71, 0.75, 0.9, 0.53, 0.81, 0.7, 0.29, 0.54, 0.87, 0.68, 0.91, 0.23, 0.85, 0.21, 0.66, 0.82, 0.34, 0.45]"
2024-03,2024-11,"[1, 1, 1, 0, 0, 1, 1, 1, 1, 1, 1, 1, 1, 1, 1, 1, 1, 1, 1, 1, 1, 1, 1, 1, 1, 1, 0, 1, 1, 1, 1, 1, 1, 1, 1, 1, 1, 1, 1, 1, 1, 0, 1, 1, 1, 1, 1, 1, 1, 1, 1, 0, 0, 1, 1, 1, 1, 1, 1, 1, 1, 1, 1, 1, 1, 1, 1, 0, 1, 1, 1, 1, 0, 1, 0, 1, 1, 0, 1, 1, 1, 1, 1, 0, 1, 1, 1, 1, 1, 1, 1, 1, 1, 0, 0, 1, 1, 1, 1, 1, 0, 1, 1, 1, 1, 0, 1, 1, 1, 1, 1, 1, 1, 1, 0, 1, 1, 1, 1, 0, 1, 1, 1, 1, 1, 1, 1, 1, 1, 1, 1, 1, 1, 1, 1, 1, 1, 1, 0, 1, 1, 1, 1, 1, 1, 1, 1, 1, 1, 1, 1, 0, 1, 1, 1, 1, 0, 1, 1, 1, 1, 1, 1, 1, 1, 0, 1, 0, 1, 1, 1, 0, 0, 1, 1, 1, 1, 1, 1, 1, 1, 0, 1, 0, 0, 1, 1, 1, 1, 1, 0, 1, 1, 1, 1, 1, 0, 1, 1, 1, 1, 0, 1, 1, 0, 1, 1, 1, 1, 1, 0, 1, 1, 1, 0, 0, 1, 1]","[1, 1, 0, 0, 0, 1, 1, 1, 1, 1, 1, 1, 1, 1, 1, 1, 0, 1, 1, 1, 1, 1, 1, 0, 1, 1, 0, 1, 1, 1, 1, 1, 1, 1, 1, 1, 1, 1, 1, 1, 1, 1, 1, 1, 1, 1, 1, 1, 1, 1, 1, 0, 0, 0, 0, 1, 0, 0, 1, 1, 1, 1, 1, 1, 1, 1, 1, 0, 1, 1, 1, 1, 0, 0, 1, 1, 1, 1, 1, 1, 1, 1, 1, 1, 1, 0, 1, 1, 1, 1, 1, 0, 1, 1, 0, 1, 0, 1, 0, 1, 0, 1, 0, 1, 1, 1, 1, 0, 1, 1, 1, 1, 1, 1, 0, 1, 1, 1, 1, 1, 0, 1, 1, 1, 1, 1, 1, 0, 1, 1, 1, 1, 0, 1, 1, 1, 1, 1, 0, 1, 1, 0, 0, 1, 1, 1, 1, 1, 1, 1, 1, 0, 1, 1, 1, 1, 1, 1, 1, 1, 1, 1, 1, 1, 1, 0, 1, 1, 1, 1, 0, 0, 0, 1, 1, 1, 1, 1, 0, 1, 1, 1, 0, 1, 1, 1, 1, 1, 1, 1, 1, 1, 1, 1, 1, 1, 0, 1, 0, 0, 1, 0, 1, 1, 0, 1, 0, 1, 1, 1, 1, 1, 0, 1, 0, 1, 1, 1]","[0.96, 0.69, 0.1, 0.35, 0.08, 0.69, 0.84, 0.69, 0.78, 0.69, 0.72, 0.56, 0.91, 0.81, 0.78, 0.59, 0.3, 0.54, 0.85, 0.9, 0.74, 0.88, 0.83, 0.42, 0.89, 0.85, 0.11, 0.76, 0.9, 0.9, 0.89, 0.95, 0.87, 0.53, 0.81, 0.83, 0.86, 0.64, 0.71, 0.53, 0.81, 0.59, 0.7, 0.86, 0.7, 0.52, 0.7, 0.8, 0.79, 0.7, 0.75, 0.19, 0.18, 0.21, 0.48, 0.86, 0.38, 0.49, 0.56, 0.83, 0.51, 0.93, 0.87, 0.56, 0.83, 0.77, 0.87, 0.3, 0.85, 0.62, 0.92, 0.75, 0.27, 0.43, 0.77, 0.83, 0.63, 0.55, 0.78, 0.54, 0.62, 0.87, 0.86, 0.56, 0.78, 0.32, 0.87, 0.85, 0.68, 0.68, 0.94, 0.4, 0.83, 0.65, 0.45, 0.8, 0.33, 0.82, 0.44, 0.98, 0.29, 0.82, 0.41, 0.97, 0.89, 0.8, 0.84, 0.16, 0.87, 0.62, 0.71, 0.82, 0.79, 0.94, 0.3, 0.68, 0.71, 0.9, 0.84, 0.75, 0.47, 0.74, 0.84, 0.53, 0.67, 0.89, 1.0, 0.38, 0.61, 0.72, 0.91, 0.73, 0.32, 0.74, 0.85, 0.89, 0.84, 0.89, 0.22, 0.67, 0.95, 0.05, 0.21, 0.57, 0.89, 0.78, 0.78, 0.68, 0.65, 0.99, 0.53, 0.33, 0.67, 0.67, 0.76, 0.59, 0.82, 0.95, 0.73, 0.74, 0.63, 0.76, 0.83, 0.68, 0.84, 0.13, 0.9, 0.85, 0.84, 0.93, 0.43, 0.3, 0.16, 0.54, 0.7, 0.69, 0.85, 0.58, 0.06, 0.89, 0.92, 0.54, 0.5, 0.66, 0.62, 0.82, 0.81, 0.59, 0.88, 0.61, 0.69, 0.96, 0.74, 0.65, 0.75, 0.96, 0.33, 0.59, 0.42, 0.43, 0.86, 0.22, 0.94, 0.59, 0.14, 0.62, 0.38, 0.97, 0.7, 0.68, 0.7, 0.91, 0.37, 0.57, 0.22, 0.6, 0.77, 0.63]"
2024-05,2024-05,"[1, 0, 1, 1, 1, 0, 1, 0, 1, 1, 1, 1, 1, 0, 1, 0, 1, 1, 1, 1, 1, 0, 1, 1, 1, 1, 0, 0, 1, 0, 1, 1, 1, 0, 1, 1, 1, 1, 0, 1, 1, 0, 1, 1, 1, 1, 1, 0, 0, 1, 0, 0, 1, 0, 1, 0, 1, 1, 0, 1, 1, 0, 1, 0, 1, 1, 0, 0, 0, 1, 1, 1, 0, 1, 0, 0, 0, 1, 1, 1, 1, 0, 1, 1, 1, 1, 0, 1, 0, 1, 1, 1, 1, 1, 1, 1, 1, 1, 1, 0, 1, 1, 0, 1, 1, 0, 1, 0, 1, 0, 1, 1, 1, 0, 1, 1, 1, 1, 1, 1, 1, 0, 1, 1, 1, 1, 0, 1, 1, 1, 0, 1, 0, 1, 0, 0, 1, 1, 1, 1, 1, 0, 1, 1, 1, 1, 1, 1, 0, 1, 0, 1, 0, 0, 0, 1, 1, 0, 1, 1, 1, 1, 1, 1, 0, 1, 1, 0, 1, 0, 1, 1, 1, 0, 1, 1, 1, 1, 0, 0, 1, 0, 0, 1, 0, 1, 1, 0, 1, 1, 1, 0, 1, 1, 0, 0, 1, 1, 1, 0, 0, 0, 1, 0, 1, 1, 1, 1, 0, 0, 0, 0, 0, 1]","[1, 1, 1, 1, 1, 0, 1, 1, 1, 1, 1, 1, 1, 1, 1, 0, 1, 1, 1, 1, 1, 0, 1, 1, 1, 1, 1, 1, 1, 1, 1, 1, 1, 1, 1, 1, 1, 1, 1, 0, 1, 1, 1, 1, 0, 1, 1, 1, 0, 0, 1, 0, 1, 0, 1, 1, 1, 1, 0, 1, 1, 1, 1, 1, 1, 1, 0, 1, 1, 1, 1, 1, 1, 1, 1, 1, 1, 1, 1, 1, 1, 1, 1, 1, 1, 1, 1, 1, 1, 0, 1, 1, 1, 1, 1, 1, 0, 1, 1, 0, 1, 1, 1, 1, 1, 0, 1, 1, 1, 1, 1, 1, 1, 0, 1, 1, 1, 1, 1, 1, 1, 1, 1, 1, 1, 1, 1, 1, 1, 1, 1, 1, 1, 1, 0, 1, 1, 1, 1, 1, 1, 1, 1, 1, 1, 0, 1, 1, 0, 1, 1, 1, 0, 1, 1, 1, 1, 1, 1, 1, 1, 1, 1, 1, 0, 1, 1, 1, 1, 1, 1, 1, 1, 1, 1, 1, 1, 1, 1, 1, 1, 1, 1, 1, 0, 1, 1, 0, 1, 1, 1, 1, 1, 0, 0, 0, 0, 1, 1, 1, 1, 0, 1, 1, 1, 1, 1, 0, 1, 1, 0, 0, 1, 1]","[0.58, 0.87, 0.91, 0.76, 0.66, 0.38, 0.86, 0.86, 0.78, 0.83, 0.62, 0.8, 0.82, 0.86, 0.72, 0.23, 0.79, 0.57, 0.74, 0.94, 0.8, 0.15, 0.8, 0.51, 0.72, 0.86, 0.65, 0.83, 0.85, 0.9, 0.65, 0.81, 0.95, 0.65, 0.8, 0.66, 0.56, 0.91, 0.87, 0.23, 0.87, 0.78, 0.77, 0.73, 0.24, 0.82, 0.72, 0.77, 0.1, 0.49, 0.93, 0.18, 0.8, 0.4, 0.83, 0.53, 0.95, 0.56, 0.49, 0.9, 0.65, 0.82, 0.69, 0.84, 0.6, 0.93, 0.45, 0.52, 0.62, 0.69, 0.87, 0.59, 0.79, 0.8, 0.56, 0.65, 0.82, 0.79, 0.62, 0.94, 0.59, 0.87, 0.68, 0.94, 0.66, 0.96, 0.57, 0.63, 0.71, 0.35, 0.52, 0.53, 0.96, 0.9, 0.62, 0.68, 0.16, 0.61, 0.72, 0.4, 0.68, 0.92, 0.56, 0.83, 0.83, 0.47, 0.57, 0.74, 0.58, 0.71, 0.86, 0.94, 0.59, 0.5, 0.82, 0.75, 0.69, 0.85, 0.86, 0.77, 0.82, 0.96, 0.82, 0.61, 0.84, 0.87, 0.83, 0.58, 0.77, 0.68, 0.52, 0.96, 0.61, 0.67, 0.05, 0.86, 0.78, 0.87, 0.93, 0.82, 0.64, 0.75, 0.9, 0.75, 0.72, 0.34, 0.63, 0.7, 0.45, 0.58, 0.74, 0.8, 0.46, 0.93, 0.69, 0.82, 0.86, 0.7, 0.96, 0.91, 0.83, 0.82, 0.77, 0.74, 0.27, 0.67, 0.66, 0.61, 0.51, 0.54, 0.94, 0.95, 0.83, 0.84, 0.94, 0.88, 0.51, 0.91, 0.84, 0.73, 0.93, 0.96, 0.57, 0.74, 0.16, 0.87, 0.78, 0.44, 0.93, 1.0, 0.84, 0.86, 0.81, 0.36, 0.18, 0.22, 0.22, 0.59, 0.98, 0.85, 0.56, 0.1, 0.99, 0.7, 0.89, 0.96, 0.85, 0.25, 0.73, 0.89, 0.41, 0.22, 0.7, 0.69]"
2024-05,2024-04,"[1, 0, 0, 0, 1, 0, 0, 1, 0, 0, 0, 1, 1, 0, 1, 0, 1, 1, 1, 0, 1, 1, 0, 1, 0, 1, 1, 1, 0, 1, 1, 0, 0, 0, 1, 1, 0, 0, 0, 1, 1, 1, 1, 0, 1, 1, 1, 1, 1, 1, 0, 1, 1, 1, 1, 1, 1, 0, 0, 1, 0, 1, 0, 1, 1, 1, 1, 1, 0, 0, 1, 1, 1, 0, 0, 1, 0, 1, 0, 0, 1, 0, 1, 1, 1, 1, 1, 1, 1, 1, 1, 1, 1, 1, 0, 1, 1, 0, 0, 1, 1, 1, 1, 1, 1, 1, 0, 1, 0, 0, 0, 1, 1, 1, 0, 0, 0, 1, 0, 1, 1, 1, 0, 0, 0, 1, 1, 1, 0, 0, 0, 0, 0, 1, 1, 0, 1, 0, 1, 1, 0, 0, 1, 0, 1, 0, 1, 1, 1, 1, 1, 1, 1, 1, 1, 1, 1, 1, 0, 1, 1, 1, 0, 0, 0, 1, 1, 1, 1, 1, 0, 1, 1, 1, 0, 0, 1, 1, 0, 1, 1, 1, 1, 0, 1, 1, 0, 1, 1, 1, 1, 0, 0, 1, 0, 1, 0, 0, 1, 0, 1, 1, 1, 1, 0, 0, 1, 0, 1, 1, 1, 0]","[1, 1, 1, 0, 1, 0, 1, 1, 0, 0, 0, 1, 1, 1, 1, 1, 1, 1, 1, 0, 1, 1, 0, 1, 0, 1, 0, 1, 0, 1, 1, 1, 0, 1, 0, 1, 1, 0, 1, 1, 1, 1, 1, 1, 1, 1, 1, 1, 1, 1, 0, 1, 1, 1, 1, 1, 1, 1, 1, 1, 0, 1, 1, 1, 1, 1, 1, 1, 1, 1, 1, 1, 1, 0, 0, 1, 0, 1, 1, 0, 1, 1, 1, 1, 1, 1, 1, 1, 1, 1, 1, 1, 1, 1, 1, 1, 1, 1, 0, 1, 1, 1, 1, 1, 1, 0, 1, 0, 1, 1, 1, 1, 1, 1, 0, 1, 0, 1, 1, 1, 1, 1, 1, 0, 0, 1, 1, 1, 0, 1, 0, 0, 1, 1, 1, 0, 1, 1, 1, 1, 0, 1, 1, 1, 1, 0, 1, 1, 1, 1, 1, 0, 1, 1, 1, 0, 1, 1, 0, 1, 0, 1, 1, 0, 1, 1, 1, 1, 1, 1, 1, 1, 1, 1, 0, 1, 1, 1, 1, 1, 1, 1, 1, 1, 1, 1, 1, 1, 1, 1, 1, 0, 1, 1, 0, 1, 1, 0, 1, 1, 0, 1, 1, 1, 1, 0, 1, 0, 0, 1, 1, 1]","[0.8, 0.78, 0.95, 0.21, 0.99, 0.01, 0.92, 0.94, 0.37, 0.47, 0.23, 0.73, 0.52, 0.93, 0.77, 0.55, 0.97, 0.72, 0.78, 0.28, 0.86, 0.93, 0.48, 0.85, 0.4, 0.92, 0.14, 0.91, 0.2, 0.87, 0.75, 0.79, 0.36, 0.65, 0.39, 0.87, 0.88, 0.27, 0.59, 0.94, 0.95, 0.95, 1.0, 0.8, 0.96, 0.85, 0.88, 0.8, 0.74, 0.89, 0.02, 0.76, 0.89, 0.98, 0.83, 0.76, 0.57, 0.54, 0.93, 0.76, 0.34, 0.63, 0.95, 0.82, 0.94, 0.58, 0.89, 0.95, 0.93, 0.69, 0.95, 0.83, 0.91, 0.01, 0.22, 0.96, 0.35, 0.79, 0.77, 0.28, 0.55, 0.73, 0.57, 0.89, 0.81, 0.91, 0.69, 0.89, 0.81, 0.56, 0.75, 0.9, 0.95, 0.91, 0.8, 0.83, 0.8, 0.68, 0.0, 0.93, 0.89, 0.87, 0.91, 0.85, 0.76, 0.22, 0.82, 0.24, 0.73, 0.82, 0.73, 0.99, 0.85, 0.99, 0.33, 0.81, 0.16, 0.95, 0.87, 0.88, 0.64, 0.61, 0.7, 0.31, 0.4, 0.86, 0.89, 0.97, 0.23, 0.92, 0.18, 0.17, 0.86, 0.99, 0.81, 0.24, 0.74, 0.88, 0.81, 0.84, 0.04, 0.78, 0.86, 0.93, 0.9, 0.35, 0.84, 0.79, 0.73, 0.99, 0.94, 0.37, 0.94, 0.96, 0.93, 0.28, 0.9, 0.65, 0.37, 0.96, 0.43, 0.8, 0.58, 0.33, 0.6, 0.96, 0.79, 0.82, 0.97, 0.53, 0.84, 0.98, 0.92, 0.79, 0.48, 0.73, 0.94, 0.9, 0.58, 0.87, 0.87, 0.89, 1.0, 0.69, 0.94, 0.92, 0.84, 0.94, 1.0, 0.84, 0.85, 0.3, 0.53, 0.95, 0.08, 0.76, 0.95, 0.29, 0.98, 0.72, 0.44, 0.8, 0.57, 0.81, 0.8, 0.15, 0.8, 0.38, 0.16, 0.75, 0.82, 0.94]"
2024-05,2024-01,"[0, 1, 1, 1, 1, 1, 0, 1, 1, 1, 1, 1, 1, 1, 1, 1, 0, 1, 1, 1, 1, 1, 1, 1, 1, 1, 0, 1, 1, 1, 1, 1, 1, 1, 1, 1, 1, 1, 1, 1, 0, 1, 1, 1, 1, 1, 1, 1, 1, 1, 1, 1, 1, 0, 1, 1, 1, 1, 0, 1, 0, 1, 1, 1, 0, 1, 0, 1, 0, 1, 1, 1, 0, 1, 1, 1, 1, 1, 0, 1, 1, 0, 1, 0, 1, 1, 0, 0, 0, 0, 1, 0, 1, 0, 1, 1, 1, 1, 1, 1, 0, 0, 1, 0, 0, 1, 1, 1, 1, 1, 1, 0, 1, 1, 1, 1, 1, 1, 1, 0, 1, 0, 1, 1, 1, 0, 1, 1, 1, 0, 1, 1, 1, 1, 1, 1, 1, 0, 1, 1, 1, 1, 1, 1, 1, 1, 0, 1, 0, 1, 0, 0, 1, 1, 1, 0, 1, 1, 1, 1, 1, 1, 1, 1, 1, 1, 1, 1, 0, 1, 1, 0, 1, 1, 1, 1, 1, 0, 1, 1, 1, 0, 1, 1, 0, 1, 1, 1, 1, 1, 1, 1, 1, 1, 0, 1, 1, 1, 0, 1, 1, 1, 1, 1, 1, 1, 1, 1, 1, 1, 1, 1, 1]","[0, 1, 1, 1, 1, 1, 0, 1, 1, 1, 1, 1, 1, 1, 1, 1, 0, 1, 1, 1, 0, 1, 1, 1, 1, 1, 1, 1, 1, 1, 1, 0, 1, 1, 1, 1, 1, 0, 1, 1, 0, 1, 1, 1, 1, 1, 0, 1, 1, 1, 1, 1, 1, 1, 1, 1, 0, 1, 0, 1, 1, 1, 1, 0, 1, 1, 1, 1, 0, 1, 0, 1, 1, 1, 1, 1, 1, 1, 0, 1, 1, 1, 1, 1, 1, 1, 0, 1, 1, 0, 1, 0, 1, 1, 1, 1, 1, 1, 1, 1, 1, 1, 1, 0, 1, 1, 0, 1, 1, 1, 1, 0, 1, 0, 1, 1, 1, 1, 1, 1, 1, 1, 1, 0, 0, 0, 1, 1, 1, 0, 1, 1, 1, 1, 1, 1, 0, 0, 1, 1, 0, 1, 1, 1, 1, 1, 1, 1, 0, 1, 0, 0, 1, 1, 1, 0, 1, 1, 1, 1, 1, 1, 1, 1, 1, 1, 1, 1, 1, 0, 0, 0, 0, 1, 1, 1, 1, 0, 1, 1, 1, 0, 1, 1, 1, 1, 1, 1, 1, 1, 1, 1, 1, 1, 0, 1, 1, 1, 0, 1, 1, 1, 1, 1, 0, 1, 1, 0, 1, 1, 1, 1, 1]","[0.04, 0.66, 0.83, 0.94, 0.73, 0.65, 0.0, 0.98, 0.96, 0.92, 0.79, 0.82, 0.93, 0.84, 0.68, 0.96, 0.05, 0.81, 0.92, 0.78, 0.5, 0.7, 0.73, 0.7, 0.6, 0.64, 0.92, 0.94, 0.84, 1.0, 0.85, 0.19, 0.95, 0.51, 0.6, 0.86, 0.89, 0.01, 0.83, 0.73, 0.47, 0.75, 0.57, 0.75, 0.96, 0.86, 0.5, 0.97, 0.88, 0.93, 0.82, 0.86, 0.75, 0.91, 0.82, 0.53, 0.39, 0.74, 0.08, 0.99, 0.8, 0.94, 0.95, 0.26, 0.73, 0.92, 0.62, 0.81, 0.38, 0.94, 0.2, 0.79, 0.96, 0.75, 0.75, 0.74, 0.77, 0.65, 0.18, 0.94, 0.76, 0.67, 0.88, 0.84, 0.95, 0.95, 0.35, 0.76, 0.55, 0.28, 0.8, 0.41, 0.79, 0.93, 0.9, 0.88, 0.96, 0.91, 0.96, 0.77, 0.76, 0.81, 0.91, 0.45, 0.71, 0.75, 0.38, 0.81, 0.95, 0.92, 0.77, 0.29, 0.71, 0.01, 0.9, 0.9, 0.89, 0.75, 0.86, 0.76, 0.79, 0.91, 0.99, 0.23, 0.22, 0.09, 0.91, 0.86, 0.93, 0.4, 0.89, 0.81, 0.69, 0.92, 0.94, 0.86, 0.4, 0.4, 0.72, 0.84, 0.1, 0.92, 0.86, 0.97, 0.9, 0.78, 0.93, 0.84, 0.26, 0.93, 0.29, 0.27, 0.8, 0.86, 0.81, 0.39, 0.86, 0.61, 0.79, 0.77, 0.9, 0.95, 0.93, 0.65, 0.8, 0.72, 0.81, 0.93, 0.8, 0.48, 0.28, 0.37, 0.16, 0.94, 0.57, 0.98, 0.93, 0.44, 0.97, 0.71, 0.7, 0.1, 0.87, 0.83, 0.56, 0.76, 0.67, 0.82, 0.88, 1.0, 0.76, 0.83, 0.94, 0.79, 0.49, 0.84, 0.77, 0.94, 0.46, 0.96, 0.86, 0.96, 0.9, 0.59, 0.39, 0.77, 0.79, 0.38, 0.84, 0.8, 0.97, 0.71, 0.66]"
2024-05,2024-08,"[1, 0, 1, 1, 0, 0, 1, 0, 1, 1, 1, 1, 1, 0, 0, 0, 1, 1, 0, 1, 1, 1, 0, 0, 1, 1, 1, 0, 1, 1, 1, 0, 1, 1, 0, 0, 0, 1, 1, 1, 0, 0, 1, 1, 1, 0, 1, 1, 0, 0, 1, 1, 0, 0, 0, 1, 1, 0, 0, 1, 1, 0, 0, 0, 1, 0, 1, 0, 0, 1, 0, 0, 1, 0, 0, 1, 1, 1, 0, 0, 0, 1, 1, 0, 1, 1, 1, 0, 1, 1, 1, 1, 1, 0, 1, 1, 1, 1, 1, 0, 1, 0, 1, 0, 1, 1, 0, 0, 0, 1, 1, 0, 1, 1, 0, 1, 0, 1, 1, 1, 1, 1, 1, 1, 1, 1, 1, 1, 1, 0, 1, 0, 0, 0, 0, 1, 1, 0, 1, 0, 1, 1, 1, 0, 1, 1, 1, 1, 1, 1, 0, 1, 1, 0, 1, 0, 0, 1, 1, 1, 1, 0, 0, 0, 1, 0, 1, 0, 1, 1, 1, 0, 1, 0, 0, 1, 0, 1, 1, 1, 1, 1, 1, 1, 1, 0, 0, 0, 0, 1, 1, 1, 1, 1, 0, 1, 0, 1, 0, 0, 1, 0, 1, 0, 1, 0, 1, 0, 0, 1, 0, 1, 0, 0, 0, 0]","[1, 1, 1, 1, 0, 0, 1, 1, 1, 1, 1, 1, 1, 1, 1, 0, 1, 1, 1, 1, 1, 1, 1, 1, 1, 1, 1, 0, 1, 1, 1, 0, 1, 1, 1, 1, 1, 1, 1, 1, 0, 1, 1, 1, 1, 1, 1, 1, 1, 0, 0, 1, 0, 0, 1, 1, 1, 1, 1, 1, 1, 1, 1, 1, 1, 1, 1, 1, 1, 1, 1, 1, 1, 1, 0, 1, 1, 1, 1, 1, 1, 1, 1, 1, 1, 1, 1, 1, 1, 1, 1, 1, 1, 0, 1, 1, 1, 1, 1, 1, 1, 1, 1, 0, 1, 0, 0, 1, 1, 1, 1, 1, 1, 1, 1, 1, 1, 1, 1, 1, 1, 1, 1, 1, 1, 1, 1, 1, 1, 0, 1, 1, 1, 0, 1, 1, 1, 1, 1, 1, 1, 1, 1, 1, 1, 1, 1, 1, 1, 1, 0, 1, 1, 0, 1, 0, 0, 1, 1, 1, 1, 0, 1, 1, 1, 1, 1, 1, 1, 1, 1, 0, 1, 1, 1, 1, 1, 1, 1, 1, 1, 1, 1, 1, 1, 0, 1, 0, 0, 1, 1, 1, 1, 1, 0, 1, 0, 1, 1, 1, 1, 0, 1, 1, 1, 0, 1, 1, 1, 1, 0, 1, 1, 1, 1, 1]","[0.72, 0.87, 0.73, 0.92, 0.42, 0.23, 0.84, 0.86, 0.63, 0.83, 0.82, 0.69, 0.82, 0.73, 0.63, 0.19, 0.92, 0.82, 0.97, 0.83, 0.83, 0.88, 0.71, 0.51, 0.72, 0.84, 0.82, 0.23, 0.98, 0.85, 0.96, 0.31, 0.82, 0.79, 0.68, 0.7, 0.72, 0.96, 0.73, 0.8, 0.09, 0.81, 0.73, 0.98, 0.82, 0.97, 0.97, 0.73, 0.81, 0.1, 0.49, 0.92, 0.18, 0.14, 0.53, 0.81, 0.83, 0.53, 0.72, 0.91, 0.93, 0.83, 0.67, 0.91, 0.98, 0.84, 0.75, 0.98, 0.91, 0.94, 0.64, 0.55, 0.71, 0.78, 0.11, 0.99, 0.86, 1.0, 0.68, 0.84, 0.72, 0.62, 0.96, 0.91, 0.75, 0.86, 0.58, 0.77, 0.72, 0.85, 0.6, 0.78, 0.94, 0.4, 0.9, 0.53, 0.91, 0.61, 0.89, 0.83, 0.83, 0.94, 0.72, 0.49, 0.59, 0.48, 0.33, 0.61, 0.55, 0.92, 0.82, 0.75, 0.94, 0.82, 0.94, 0.62, 0.81, 0.75, 0.76, 0.8, 0.67, 0.77, 0.86, 1.0, 0.9, 0.77, 0.71, 0.62, 0.81, 0.03, 0.83, 1.0, 0.67, 0.0, 0.64, 0.99, 0.96, 0.61, 0.71, 0.82, 0.87, 0.97, 0.88, 0.81, 0.71, 0.83, 0.72, 0.9, 0.73, 0.81, 0.44, 0.71, 0.94, 0.26, 0.89, 0.32, 0.45, 0.9, 0.83, 0.94, 0.88, 0.4, 0.96, 0.51, 0.81, 0.76, 0.56, 0.83, 0.84, 0.81, 0.96, 0.41, 0.82, 0.86, 0.6, 0.92, 0.93, 0.86, 0.76, 0.67, 0.81, 0.96, 0.53, 0.95, 0.97, 0.17, 0.78, 0.36, 0.19, 0.74, 0.85, 0.94, 1.0, 0.84, 0.12, 0.88, 0.34, 0.89, 0.98, 0.83, 0.53, 0.23, 0.72, 0.87, 0.95, 0.42, 0.95, 0.53, 0.63, 0.84, 0.23, 0.86, 0.78, 0.68, 0.59, 0.75]"
2024-05,2024-07,"[1, 1, 0, 1, 0, 0, 1, 1, 0, 0, 0, 1, 1, 0, 0, 1, 0, 0, 1, 1, 1, 1, 1, 0, 1, 0, 1, 1, 0, 0, 0, 1, 1, 0, 0, 1, 0, 1, 1, 0, 1, 1, 1, 1, 1, 1, 1, 1, 1, 0, 1, 1, 1, 0, 1, 1, 1, 1, 1, 1, 1, 1, 1, 1, 1, 1, 0, 1, 0, 1, 1, 1, 1, 1, 0, 0, 1, 1, 0, 0, 0, 1, 1, 1, 1, 0, 0, 0, 1, 0, 1, 0, 0, 1, 0, 1, 1, 1, 1, 0, 0, 1, 1, 1, 1, 0, 1, 1, 1, 0, 1, 1, 0, 0, 0, 1, 1, 1, 0, 1, 0, 1, 0, 0, 1, 0, 1, 0, 1, 1, 0, 1, 1, 1, 1, 1, 1, 0, 1, 1, 0, 1, 1, 0, 1, 0, 0, 0, 1, 1, 1, 1, 0, 1, 1, 1, 1, 1, 0, 1, 1, 1, 1, 1, 0, 1, 1, 1, 1, 1, 0, 1, 1, 1, 0, 1, 1, 1, 1, 1, 0, 1, 0, 0, 0, 1, 1, 1, 0, 1, 1, 1, 1, 0, 1, 1, 1, 0, 0, 0, 0, 1, 0, 1, 1, 1, 1, 1, 1, 0, 0, 0, 1, 1, 0, 1, 1]","[1, 1, 1, 1, 0, 1, 1, 1, 0, 1, 0, 0, 1, 1, 1, 1, 1, 0, 1, 1, 1, 1, 1, 1, 1, 1, 1, 1, 1, 1, 0, 1, 1, 0, 0, 1, 0, 1, 1, 0, 1, 1, 1, 0, 1, 1, 1, 1, 1, 1, 1, 1, 1, 0, 1, 1, 1, 1, 1, 1, 1, 1, 1, 1, 1, 0, 1, 1, 0, 0, 1, 1, 1, 1, 0, 0, 1, 1, 1, 0, 1, 1, 1, 1, 1, 1, 1, 1, 1, 1, 1, 1, 0, 1, 1, 1, 1, 1, 1, 0, 1, 1, 1, 1, 1, 1, 1, 1, 1, 1, 1, 1, 1, 0, 0, 1, 1, 1, 1, 1, 1, 1, 1, 1, 0, 1, 0, 1, 1, 1, 0, 1, 1, 1, 1, 1, 1, 0, 1, 1, 1, 1, 1, 1, 1, 0, 0, 1, 1, 1, 1, 1, 1, 1, 1, 1, 1, 1, 0, 1, 1, 1, 1, 1, 0, 1, 1, 1, 1, 1, 1, 1, 1, 1, 1, 1, 1, 1, 1, 1, 1, 1, 0, 0, 1, 1, 1, 1, 1, 1, 1, 1, 1, 1, 1, 1, 1, 0, 1, 0, 0, 1, 0, 1, 1, 1, 1, 1, 1, 1, 0, 0, 0, 1, 1, 1, 1]","[0.84, 0.88, 0.91, 0.99, 0.01, 0.91, 0.95, 0.83, 0.4, 0.55, 0.29, 0.5, 0.93, 0.82, 0.66, 0.82, 0.81, 0.42, 0.52, 1.0, 0.94, 1.0, 0.84, 0.75, 0.9, 0.75, 0.88, 0.91, 0.52, 0.77, 0.15, 0.85, 0.75, 0.38, 0.37, 0.8, 0.29, 0.88, 0.75, 0.36, 0.94, 0.96, 0.96, 0.48, 0.82, 0.91, 0.93, 0.86, 0.82, 0.58, 0.62, 0.67, 0.85, 0.21, 0.83, 0.82, 0.89, 0.97, 0.68, 0.98, 0.57, 0.83, 0.85, 0.91, 0.87, 0.35, 0.57, 0.55, 0.02, 0.26, 0.58, 0.6, 0.9, 0.89, 0.07, 0.45, 0.96, 0.92, 0.76, 0.24, 0.73, 0.96, 0.9, 0.81, 0.88, 0.62, 0.8, 0.59, 0.83, 0.63, 0.91, 0.69, 0.07, 0.88, 0.85, 0.92, 0.94, 0.93, 0.75, 0.46, 0.91, 0.79, 0.9, 0.94, 0.99, 0.84, 0.97, 0.81, 0.76, 0.88, 0.92, 0.79, 1.0, 0.47, 0.34, 0.84, 0.85, 0.93, 0.61, 0.99, 0.89, 0.83, 0.97, 0.55, 0.29, 0.69, 0.26, 0.65, 0.61, 0.76, 0.4, 0.96, 0.79, 0.9, 0.91, 0.97, 0.9, 0.1, 0.92, 0.93, 0.54, 0.69, 0.93, 0.86, 0.81, 0.23, 0.24, 0.88, 0.69, 0.96, 0.91, 0.97, 0.96, 0.91, 0.92, 0.89, 0.91, 0.89, 0.07, 0.53, 0.74, 0.94, 0.62, 0.88, 0.33, 0.79, 0.56, 0.58, 0.96, 0.81, 0.93, 0.97, 0.97, 0.7, 0.98, 0.86, 0.58, 0.95, 0.94, 0.79, 0.87, 0.78, 0.17, 0.17, 0.56, 0.83, 0.88, 1.0, 0.68, 0.92, 0.79, 0.77, 0.75, 0.68, 0.84, 0.96, 0.97, 0.45, 0.56, 0.03, 0.08, 0.75, 0.29, 0.98, 0.95, 0.95, 0.82, 0.58, 0.94, 0.87, 0.38, 0.26, 0.16, 0.69, 0.94, 0.79, 0.74]"
2024-05,2024-09,"[0, 0, 1, 1, 0, 1, 1, 1, 0, 0, 1, 0, 1, 1, 1, 0, 1, 1, 1, 1, 1, 1, 0, 0, 0, 1, 1, 1, 1, 1, 0, 1, 1, 1, 1, 1, 1, 1, 1, 1, 1, 1, 0, 0, 1, 0, 1, 1, 1, 1, 1, 1, 1, 0, 1, 1, 0, 0, 1, 1, 1, 1, 1, 1, 1, 0, 1, 1, 1, 1, 1, 0, 1, 1, 1, 1, 0, 1, 1, 1, 1, 1, 1, 1, 0, 0, 1, 1, 1, 1, 0, 1, 1, 1, 0, 1, 1, 1, 1, 0, 1, 1, 0, 0, 0, 1, 0, 0, 0, 1, 1, 1, 1, 1, 0, 1, 0, 1, 1, 1, 1, 1, 1, 1, 1, 1, 1, 0, 1, 1, 1, 1, 1, 1, 1, 1, 1, 0, 1, 1, 1, 1, 1, 1, 0, 1, 1, 1, 1, 1, 0, 1, 1, 1, 1, 1, 1, 1, 0, 1, 0, 0, 1, 1, 1, 0, 1, 1, 0, 0, 0, 1, 1, 1, 1, 1, 0, 1, 1, 1, 1, 1, 1, 1, 1, 0, 1, 1, 0, 1, 1, 1, 1, 1, 0, 1, 1, 1, 1, 0, 0, 1, 1, 1, 1, 1, 1, 1, 0, 1, 1, 0, 1, 0, 1, 1, 1]","[0, 0, 1, 1, 1, 1, 1, 1, 0, 1, 1, 0, 1, 1, 1, 1, 1, 0, 1, 1, 1, 1, 1, 1, 0, 1, 1, 1, 1, 1, 1, 1, 1, 1, 1, 1, 1, 1, 1, 1, 1, 1, 1, 0, 1, 0, 1, 0, 1, 1, 1, 1, 1, 0, 1, 1, 0, 1, 1, 1, 1, 1, 1, 1, 1, 0, 1, 1, 1, 1, 1, 1, 1, 0, 1, 1, 0, 1, 1, 1, 1, 1, 1, 1, 1, 0, 1, 1, 1, 0, 0, 1, 0, 1, 0, 1, 1, 1, 0, 0, 1, 1, 0, 1, 1, 1, 1, 0, 1, 1, 1, 1, 1, 1, 0, 1, 1, 1, 1, 1, 1, 1, 1, 1, 1, 1, 1, 0, 1, 1, 1, 1, 1, 1, 1, 1, 1, 1, 1, 1, 1, 1, 1, 1, 1, 1, 1, 1, 1, 1, 1, 1, 1, 1, 1, 1, 1, 0, 0, 1, 1, 0, 1, 1, 1, 1, 1, 1, 1, 1, 1, 1, 1, 0, 1, 1, 1, 1, 1, 1, 1, 1, 1, 1, 1, 0, 1, 1, 0, 1, 1, 1, 1, 1, 1, 1, 1, 1, 1, 1, 0, 1, 1, 1, 1, 1, 1, 1, 0, 1, 1, 0, 1, 1, 1, 1, 1]","[0.01, 0.26, 0.69, 0.71, 0.76, 0.89, 0.58, 0.89, 0.26, 0.69, 0.89, 0.01, 0.96, 0.96, 0.87, 0.54, 0.73, 0.13, 0.87, 0.93, 0.84, 0.85, 0.64, 0.81, 0.1, 0.63, 0.85, 0.73, 0.88, 0.83, 0.6, 0.79, 0.73, 0.96, 0.94, 0.65, 0.71, 0.85, 0.76, 0.52, 0.87, 0.9, 0.63, 0.5, 0.76, 0.47, 0.63, 0.45, 0.94, 0.82, 0.88, 0.51, 0.88, 0.18, 0.99, 0.8, 0.17, 0.56, 0.96, 0.68, 0.95, 0.82, 0.53, 0.8, 0.66, 0.41, 1.0, 0.86, 0.59, 0.97, 0.71, 0.56, 0.78, 0.48, 0.53, 0.84, 0.2, 0.88, 0.83, 0.92, 0.83, 0.65, 0.85, 0.96, 0.55, 0.46, 0.72, 0.94, 0.84, 0.39, 0.4, 0.86, 0.1, 0.9, 0.23, 0.72, 0.74, 0.61, 0.29, 0.23, 0.68, 1.0, 0.14, 0.61, 0.53, 0.93, 0.79, 0.19, 0.64, 0.77, 0.76, 0.87, 0.7, 0.67, 0.47, 0.98, 0.61, 0.67, 0.87, 0.97, 0.87, 0.86, 0.84, 0.84, 0.77, 0.9, 0.83, 0.26, 0.92, 0.61, 0.89, 0.59, 0.96, 0.74, 0.68, 0.54, 0.92, 0.9, 0.93, 0.86, 0.92, 0.71, 0.94, 0.6, 0.92, 0.97, 0.73, 0.58, 0.93, 0.83, 0.96, 0.82, 0.56, 0.85, 1.0, 0.84, 0.87, 0.36, 0.24, 0.82, 0.9, 0.41, 0.76, 0.8, 0.72, 0.66, 0.79, 0.73, 0.7, 0.86, 0.7, 0.74, 0.87, 0.45, 0.77, 0.61, 0.6, 0.85, 0.91, 0.73, 0.89, 0.61, 0.81, 0.95, 0.96, 0.02, 0.89, 0.67, 0.33, 0.83, 0.78, 0.88, 0.79, 0.83, 0.74, 0.77, 0.73, 0.95, 0.93, 0.76, 0.46, 0.86, 0.77, 0.93, 0.83, 0.71, 0.88, 0.65, 0.43, 0.73, 0.87, 0.07, 0.91, 0.81, 0.53, 0.95, 0.9]"
2024-05,2024-10,"[0, 0, 0, 1, 1, 0, 1, 1, 1, 1, 1, 0, 1, 0, 1, 1, 0, 1, 1, 1, 1, 0, 1, 0, 1, 1, 1, 0, 1, 0, 1, 1, 1, 0, 0, 1, 1, 1, 1, 0, 1, 1, 1, 1, 1, 0, 0, 1, 0, 0, 1, 0, 1, 0, 1, 0, 1, 1, 0, 1, 0, 0, 0, 0, 1, 1, 1, 1, 1, 1, 1, 1, 1, 1, 1, 0, 1, 0, 0, 1, 1, 0, 1, 0, 1, 1, 0, 1, 0, 1, 0, 0, 1, 1, 1, 1, 1, 0, 1, 0, 0, 1, 0, 0, 1, 1, 1, 1, 0, 0, 1, 0, 1, 1, 0, 1, 1, 1, 1, 1, 0, 1, 1, 0, 1, 1, 1, 1, 1, 1, 1, 1, 1, 1, 1, 0, 1, 1, 1, 1, 1, 1, 1, 1, 0, 0, 1, 1, 0, 0, 1, 1, 1, 0, 1, 1, 1, 1, 1, 1, 1, 1, 0, 0, 1, 1, 1, 0, 1, 1, 1, 1, 0, 1, 1, 1, 1, 1, 0, 1, 1, 1, 0, 0, 1, 1, 1, 1, 1, 1, 1, 0, 1, 1, 1, 1, 1, 0, 0, 1, 1, 1, 1, 0, 1, 1, 1, 1, 0, 1, 1, 0, 1, 1, 0]","[1, 0, 1, 1, 1, 1, 1, 1, 1, 1, 1, 1, 1, 0, 1, 1, 0, 1, 1, 0, 1, 1, 1, 1, 1, 1, 1, 1, 0, 1, 1, 1, 1, 1, 0, 1, 1, 1, 1, 0, 1, 1, 1, 1, 1, 1, 1, 1, 0, 0, 1, 0, 1, 0, 1, 1, 1, 0, 0, 1, 0, 0, 1, 0, 1, 1, 1, 1, 1, 0, 1, 1, 1, 1, 1, 1, 1, 1, 1, 1, 0, 0, 1, 1, 1, 1, 1, 1, 1, 1, 0, 1, 1, 1, 1, 1, 1, 1, 1, 1, 1, 1, 0, 0, 1, 1, 1, 1, 0, 0, 1, 1, 0, 1, 0, 0, 1, 1, 1, 1, 1, 1, 1, 0, 1, 1, 1, 1, 1, 1, 1, 1, 1, 1, 1, 0, 1, 1, 1, 1, 1, 1, 1, 1, 1, 1, 1, 1, 1, 0, 1, 1, 1, 0, 1, 1, 1, 1, 1, 1, 0, 1, 1, 0, 1, 1, 1, 0, 1, 1, 1, 1, 1, 1, 1, 1, 1, 1, 1, 1, 1, 1, 1, 1, 1, 1, 1, 1, 1, 1, 1, 0, 1, 1, 1, 1, 1, 0, 0, 1, 1, 1, 1, 0, 1, 1, 1, 1, 0, 1, 1, 0, 1, 1, 1]","[0.53, 0.32, 0.76, 0.72, 0.9, 0.94, 0.63, 0.66, 0.8, 0.82, 0.81, 0.61, 0.53, 0.43, 0.92, 0.78, 0.41, 0.56, 0.81, 0.23, 0.99, 0.8, 0.81, 0.51, 1.0, 0.82, 0.82, 0.62, 0.26, 0.75, 0.94, 0.8, 0.89, 0.79, 0.2, 0.75, 0.74, 0.92, 0.81, 0.48, 0.75, 0.93, 0.77, 0.6, 0.59, 0.86, 0.51, 0.85, 0.32, 0.17, 0.96, 0.44, 0.93, 0.04, 0.79, 0.52, 0.95, 0.41, 0.43, 0.85, 0.19, 0.13, 0.83, 0.14, 0.94, 0.75, 0.97, 0.8, 0.54, 0.46, 0.95, 0.92, 0.6, 0.93, 0.94, 0.73, 0.69, 0.85, 0.91, 0.86, 0.42, 0.36, 0.86, 0.8, 0.71, 0.77, 0.8, 0.9, 0.75, 0.8, 0.35, 0.86, 0.77, 0.86, 0.98, 0.66, 0.95, 0.57, 0.64, 0.83, 0.7, 0.66, 0.45, 0.42, 0.85, 0.85, 0.83, 0.98, 0.32, 0.08, 0.76, 0.95, 0.47, 0.92, 0.2, 0.45, 0.8, 0.82, 0.82, 0.83, 0.88, 0.63, 0.51, 0.45, 0.88, 0.78, 0.89, 0.81, 0.53, 0.68, 0.72, 0.67, 0.87, 0.94, 0.82, 0.41, 0.67, 1.0, 0.86, 0.82, 0.8, 0.88, 0.88, 0.93, 0.63, 0.56, 0.87, 0.69, 0.95, 0.26, 0.95, 0.89, 0.66, 0.09, 0.7, 0.94, 0.91, 0.89, 0.76, 0.96, 0.41, 0.9, 0.78, 0.03, 0.93, 0.86, 0.7, 0.0, 0.96, 0.82, 0.88, 0.82, 0.78, 0.85, 0.85, 0.66, 0.81, 0.93, 0.89, 0.71, 0.96, 0.87, 0.81, 0.9, 0.9, 0.63, 0.86, 0.85, 0.97, 0.73, 0.88, 0.24, 0.82, 0.97, 0.9, 0.94, 0.96, 0.1, 0.15, 0.88, 0.53, 0.93, 0.81, 0.25, 0.93, 0.99, 0.91, 0.91, 0.29, 0.84, 0.92, 0.24, 0.83, 0.74, 0.8]"
2024-05,2024-06,"[0, 1, 1, 1, 0, 0, 1, 1, 1, 0, 1, 0, 1, 1, 1, 0, 1, 0, 1, 0, 1, 1, 1, 1, 1, 1, 1, 1, 1, 1, 1, 0, 1, 1, 1, 1, 1, 1, 0, 1, 0, 1, 1, 1, 1, 1, 1, 0, 1, 1, 1, 1, 1, 0, 0, 0, 0, 1, 1, 1, 0, 1, 0, 0, 1, 1, 1, 0, 0, 1, 1, 0, 1, 1, 0, 0, 1, 0, 1, 1, 1, 1, 0, 0, 1, 1, 0, 1, 1, 0, 0, 0, 1, 0, 1, 0, 1, 1, 1, 1, 0, 1, 1, 1, 1, 1, 0, 1, 0, 1, 1, 0, 1, 0, 1, 1, 1, 0, 0, 0, 0, 0, 0, 0, 1, 1, 1, 1, 0, 1, 1, 0, 1, 1, 1, 1, 1, 1, 1, 1, 0, 0, 1, 1, 1, 1, 1, 0, 1, 1, 0, 0, 1, 1, 1, 0, 1, 1, 0, 1, 1, 1, 1, 1, 0, 1, 1, 0, 0, 0, 1, 0, 1, 1, 1, 1, 1, 1, 0, 0, 1, 1, 1, 1, 0, 1, 1, 0, 0, 1, 1, 1, 1, 0, 1, 0, 0, 1, 0, 0, 1, 1, 1, 1, 0, 1, 1, 1, 0]","[0, 1, 1, 1, 1, 0, 1, 1, 1, 1, 1, 0, 1, 1, 1, 1, 1, 0, 1, 1, 1, 1, 1, 1, 1, 1, 1, 1, 1, 1, 1, 0, 1, 1, 1, 1, 1, 1, 0, 1, 1, 1, 1, 1, 1, 1, 1, 0, 1, 1, 1, 1, 1, 1, 0, 1, 0, 1, 1, 1, 0, 1, 1, 0, 1, 1, 1, 0, 0, 1, 1, 1, 1, 1, 0, 0, 1, 0, 1, 1, 1, 1, 0, 0, 1, 0, 0, 1, 1, 0, 1, 0, 1, 1, 1, 1, 1, 1, 1, 1, 1, 1, 0, 1, 1, 1, 1, 1, 0, 1, 1, 0, 1, 1, 1, 1, 1, 1, 0, 0, 1, 1, 1, 0, 1, 1, 1, 1, 0, 1, 1, 0, 1, 1, 1, 1, 1, 1, 0, 1, 0, 0, 1, 1, 1, 1, 1, 1, 1, 1, 0, 0, 0, 1, 1, 0, 1, 1, 1, 1, 1, 1, 1, 1, 0, 0, 1, 0, 1, 1, 1, 0, 0, 1, 1, 1, 1, 1, 1, 1, 1, 1, 1, 1, 1, 1, 0, 1, 0, 1, 1, 1, 1, 1, 1, 0, 0, 1, 0, 0, 0, 1, 1, 1, 1, 0, 1, 1, 1]","[0.03, 0.63, 0.86, 0.76, 0.68, 0.0, 0.98, 0.96, 0.85, 0.74, 0.7, 0.45, 0.55, 0.87, 0.51, 0.69, 0.91, 0.05, 0.87, 0.89, 0.91, 0.59, 0.84, 0.77, 0.75, 0.93, 0.57, 0.94, 0.85, 0.96, 0.99, 0.15, 0.53, 0.62, 0.89, 0.97, 0.91, 0.78, 0.16, 0.89, 0.9, 0.9, 0.82, 0.83, 0.98, 0.59, 0.76, 0.47, 0.77, 0.87, 0.8, 0.74, 0.85, 0.56, 0.43, 0.83, 0.49, 0.99, 0.82, 0.95, 0.15, 0.84, 0.73, 0.39, 0.99, 0.92, 0.83, 0.15, 0.18, 0.87, 0.84, 0.74, 0.8, 0.96, 0.45, 0.32, 0.86, 0.49, 1.0, 0.88, 1.0, 0.84, 0.4, 0.39, 0.77, 0.17, 0.08, 0.68, 0.91, 0.15, 0.94, 0.18, 0.82, 0.9, 0.65, 0.62, 0.87, 0.92, 0.85, 0.6, 0.7, 0.76, 0.4, 0.58, 0.74, 0.69, 0.69, 0.95, 0.24, 0.87, 0.84, 0.29, 0.93, 0.96, 0.81, 0.71, 0.79, 0.77, 0.34, 0.24, 0.88, 0.69, 0.87, 0.09, 0.82, 0.84, 0.85, 0.73, 0.24, 0.79, 0.96, 0.42, 0.84, 0.8, 0.87, 0.9, 0.91, 0.97, 0.49, 0.93, 0.11, 0.18, 0.93, 0.93, 0.67, 0.76, 0.86, 0.73, 0.75, 0.79, 0.38, 0.29, 0.41, 0.85, 0.94, 0.18, 0.92, 0.61, 0.81, 0.9, 0.94, 0.8, 0.86, 0.79, 0.45, 0.23, 0.75, 0.08, 0.95, 0.72, 0.93, 0.18, 0.5, 0.85, 0.9, 0.75, 0.93, 0.77, 0.91, 0.55, 0.86, 0.93, 0.79, 0.94, 0.87, 0.91, 0.47, 0.68, 0.38, 0.96, 0.9, 0.97, 0.87, 0.94, 0.82, 0.43, 0.33, 0.92, 0.49, 0.21, 0.3, 0.65, 0.81, 0.98, 0.84, 0.46, 0.98, 0.68, 0.52]"
2024-05,2024-02,"[1, 1, 0, 0, 0, 1, 1, 1, 1, 1, 0, 1, 1, 0, 1, 1, 0, 0, 1, 1, 1, 1, 0, 1, 0, 0, 0, 0, 1, 0, 1, 1, 0, 1, 1, 1, 1, 0, 0, 0, 1, 1, 1, 1, 0, 1, 1, 1, 1, 0, 1, 0, 1, 1, 1, 0, 1, 0, 1, 1, 1, 1, 1, 0, 1, 0, 1, 1, 1, 1, 1, 1, 0, 1, 1, 1, 1, 1, 0, 0, 1, 1, 1, 1, 1, 1, 0, 1, 1, 1, 0, 1, 0, 1, 1, 0, 0, 1, 1, 1, 1, 1, 0, 0, 1, 1, 0, 1, 1, 0, 1, 1, 1, 1, 1, 1, 1, 1, 0, 1, 1, 1, 1, 1, 1, 1, 1, 1, 1, 0, 1, 1, 0, 0, 0, 0, 1, 0, 1, 0, 1, 1, 1, 1, 1, 1, 1, 1, 1, 1, 1, 1, 1, 1, 1, 0, 1, 1, 1, 1, 1, 1, 0, 0, 0, 1, 1, 1, 1, 1, 0, 0, 1, 1, 1, 1, 1, 1, 0, 1, 1, 1, 1, 0, 0, 0, 1, 0, 0, 1, 1, 0, 0, 1, 0, 1, 1, 1, 0, 0, 1, 1, 0, 1, 1, 1, 1, 0, 1, 0, 1, 1, 0, 1]","[1, 1, 0, 0, 0, 1, 1, 1, 1, 1, 1, 1, 1, 0, 1, 0, 0, 0, 1, 1, 0, 1, 0, 1, 1, 0, 0, 0, 1, 1, 1, 1, 0, 1, 1, 1, 1, 1, 0, 0, 1, 1, 1, 1, 0, 1, 1, 1, 1, 0, 1, 1, 1, 1, 1, 1, 1, 0, 1, 1, 1, 1, 1, 0, 1, 1, 1, 1, 1, 1, 0, 1, 1, 1, 1, 1, 1, 1, 0, 1, 1, 1, 1, 1, 0, 1, 1, 1, 1, 1, 0, 1, 0, 1, 1, 0, 0, 1, 1, 1, 1, 1, 1, 1, 1, 1, 1, 1, 1, 0, 1, 1, 1, 1, 1, 1, 1, 1, 0, 1, 1, 1, 1, 0, 1, 1, 1, 1, 0, 1, 1, 1, 0, 1, 0, 1, 1, 0, 1, 0, 1, 1, 1, 1, 1, 1, 1, 1, 1, 1, 1, 1, 1, 1, 0, 1, 1, 1, 1, 1, 1, 0, 0, 0, 0, 1, 1, 1, 1, 1, 0, 0, 1, 1, 1, 1, 1, 1, 0, 1, 0, 1, 1, 0, 0, 1, 1, 0, 0, 1, 1, 1, 0, 1, 0, 1, 1, 1, 1, 1, 1, 1, 0, 1, 1, 1, 1, 1, 1, 0, 0, 1, 0, 1]","[0.95, 0.97, 0.01, 0.4, 0.18, 0.89, 0.97, 0.92, 0.77, 0.71, 0.52, 0.9, 0.75, 0.43, 0.74, 0.45, 0.4, 0.16, 0.86, 0.91, 0.39, 0.97, 0.32, 0.88, 0.92, 0.22, 0.1, 0.4, 0.77, 0.57, 0.96, 0.89, 0.05, 0.9, 0.65, 0.77, 0.8, 0.78, 0.23, 0.15, 0.77, 0.65, 0.82, 0.86, 0.5, 0.64, 0.89, 1.0, 0.78, 0.0, 0.88, 0.75, 0.92, 0.79, 0.66, 0.85, 0.68, 0.39, 1.0, 0.97, 0.75, 0.71, 0.96, 0.44, 0.53, 0.56, 0.9, 0.8, 0.76, 0.65, 0.38, 0.83, 0.64, 0.79, 0.98, 0.98, 0.88, 0.92, 0.31, 0.68, 0.91, 0.65, 0.64, 0.76, 0.5, 0.96, 0.7, 0.85, 0.93, 0.91, 0.45, 0.9, 0.37, 0.76, 0.94, 0.22, 0.44, 0.96, 0.89, 0.94, 0.92, 0.51, 0.57, 0.74, 0.69, 0.75, 0.57, 0.63, 0.98, 0.37, 0.81, 0.61, 0.85, 0.87, 0.94, 0.78, 0.93, 0.79, 0.32, 0.86, 0.99, 0.99, 0.7, 0.15, 0.95, 0.67, 0.94, 0.86, 0.23, 0.66, 0.92, 0.92, 0.04, 0.77, 0.1, 0.9, 0.87, 0.38, 0.99, 0.29, 0.92, 0.87, 0.82, 0.91, 0.75, 1.0, 0.77, 0.82, 0.93, 0.91, 0.81, 0.94, 0.79, 0.91, 0.41, 0.84, 0.88, 0.74, 0.97, 0.94, 0.93, 0.23, 0.02, 0.33, 0.45, 0.93, 0.92, 0.74, 0.96, 0.89, 0.42, 0.46, 0.82, 0.88, 0.86, 0.89, 0.89, 0.93, 0.01, 0.84, 0.22, 0.59, 0.53, 0.41, 0.13, 0.79, 1.0, 0.38, 0.15, 0.85, 0.89, 0.61, 0.37, 0.99, 0.25, 0.77, 0.76, 0.92, 0.65, 0.58, 0.93, 0.77, 0.44, 0.55, 0.97, 0.78, 1.0, 0.85, 0.85, 0.43, 0.24, 0.91, 0.37, 0.8]"
2024-05,2024-11,"[1, 1, 1, 0, 0, 1, 1, 1, 1, 1, 1, 1, 1, 1, 1, 1, 1, 1, 1, 1, 1, 1, 1, 1, 1, 1, 0, 1, 1, 1, 1, 1, 1, 1, 1, 1, 1, 1, 1, 1, 1, 0, 1, 1, 1, 1, 1, 1, 1, 1, 1, 0, 0, 1, 1, 1, 1, 1, 1, 1, 1, 1, 1, 1, 1, 1, 1, 0, 1, 1, 1, 1, 0, 1, 0, 1, 1, 0, 1, 1, 1, 1, 1, 0, 1, 1, 1, 1, 1, 1, 1, 1, 1, 0, 0, 1, 1, 1, 1, 1, 0, 1, 1, 1, 1, 0, 1, 1, 1, 1, 1, 1, 1, 1, 0, 1, 1, 1, 1, 0, 1, 1, 1, 1, 1, 1, 1, 1, 1, 1, 1, 1, 1, 1, 1, 1, 1, 1, 0, 1, 1, 1, 1, 1, 1, 1, 1, 1, 1, 1, 1, 0, 1, 1, 1, 1, 0, 1, 1, 1, 1, 1, 1, 1, 1, 0, 1, 0, 1, 1, 1, 0, 0, 1, 1, 1, 1, 1, 1, 1, 1, 0, 1, 0, 0, 1, 1, 1, 1, 1, 0, 1, 1, 1, 1, 1, 0, 1, 1, 1, 1, 0, 1, 1, 0, 1, 1, 1, 1, 1, 0, 1, 1, 1, 0, 0, 1, 1]","[1, 1, 0, 0, 0, 1, 1, 1, 1, 1, 1, 1, 1, 1, 1, 1, 1, 0, 1, 1, 1, 1, 1, 0, 1, 1, 0, 1, 1, 1, 1, 1, 1, 1, 1, 1, 1, 1, 1, 1, 1, 1, 1, 1, 1, 1, 1, 1, 1, 1, 1, 0, 0, 0, 1, 1, 1, 1, 1, 1, 1, 1, 1, 1, 1, 1, 1, 1, 1, 1, 1, 1, 1, 1, 0, 0, 1, 1, 1, 1, 1, 1, 1, 1, 1, 1, 1, 1, 1, 1, 1, 1, 1, 1, 1, 1, 0, 1, 1, 1, 0, 1, 1, 1, 1, 1, 1, 0, 1, 0, 1, 1, 1, 1, 1, 1, 1, 1, 1, 1, 1, 1, 1, 1, 0, 1, 1, 1, 0, 1, 1, 1, 0, 0, 0, 1, 1, 1, 0, 1, 1, 0, 1, 1, 1, 1, 1, 0, 1, 1, 1, 0, 1, 1, 1, 1, 0, 1, 1, 1, 1, 1, 1, 1, 1, 0, 1, 1, 1, 1, 1, 0, 0, 0, 1, 1, 1, 1, 0, 1, 1, 1, 1, 1, 1, 0, 1, 1, 1, 1, 0, 1, 1, 1, 1, 1, 0, 1, 1, 1, 1, 0, 1, 1, 0, 1, 1, 1, 1, 1, 1, 1, 0, 0, 0, 1, 1, 1]","[0.97, 0.89, 0.02, 0.33, 0.16, 0.78, 0.97, 0.96, 0.52, 0.93, 0.93, 0.76, 0.94, 0.72, 0.91, 0.71, 0.66, 0.39, 0.89, 0.72, 0.81, 0.88, 0.95, 0.31, 0.73, 0.85, 0.19, 0.72, 0.88, 0.94, 0.93, 0.99, 0.86, 0.81, 0.87, 0.82, 0.85, 0.87, 0.78, 0.88, 0.93, 0.54, 0.88, 0.92, 0.76, 0.63, 0.84, 0.78, 0.88, 0.81, 1.0, 0.5, 0.17, 0.48, 0.82, 0.91, 0.72, 0.89, 0.53, 0.93, 0.67, 1.0, 0.86, 0.68, 0.87, 0.87, 0.94, 0.54, 0.89, 0.79, 0.93, 0.71, 0.53, 0.6, 0.48, 0.28, 0.8, 0.91, 0.71, 0.76, 0.72, 0.93, 0.82, 0.7, 0.87, 0.52, 0.98, 0.69, 0.62, 0.71, 0.9, 0.96, 0.64, 0.6, 0.55, 0.93, 0.35, 0.91, 0.86, 0.92, 0.2, 0.82, 0.82, 0.93, 0.74, 0.81, 0.82, 0.2, 0.89, 0.48, 0.85, 0.75, 0.53, 0.9, 0.51, 0.94, 0.93, 0.58, 0.99, 0.92, 0.84, 0.93, 0.92, 0.72, 0.41, 0.85, 1.0, 0.85, 0.46, 0.91, 0.94, 0.86, 0.13, 0.23, 0.24, 0.96, 0.95, 0.94, 0.15, 0.81, 0.96, 0.1, 0.82, 0.84, 0.98, 0.73, 0.98, 0.24, 0.9, 0.93, 0.91, 0.28, 0.92, 0.75, 0.81, 0.59, 0.43, 0.94, 0.86, 0.76, 0.76, 0.8, 0.94, 0.82, 0.89, 0.02, 0.93, 0.73, 0.89, 0.94, 0.86, 0.36, 0.09, 0.45, 0.93, 0.93, 0.92, 0.82, 0.01, 0.92, 0.89, 0.68, 0.72, 0.86, 0.52, 0.27, 0.8, 0.66, 0.88, 0.81, 0.4, 0.99, 0.82, 0.88, 0.85, 0.98, 0.5, 0.76, 0.66, 0.76, 0.9, 0.44, 0.52, 0.95, 0.17, 0.61, 0.57, 0.97, 0.75, 0.79, 0.61, 0.81, 0.29, 0.13, 0.22, 0.73, 0.73, 0.84]"
2024-04,2024-04,"[1, 0, 0, 0, 1, 0, 0, 1, 0, 0, 0, 1, 1, 0, 1, 0, 1, 1, 1, 0, 1, 1, 0, 1, 0, 1, 1, 1, 0, 1, 1, 0, 0, 0, 1, 1, 0, 0, 0, 1, 1, 1, 1, 0, 1, 1, 1, 1, 1, 1, 0, 1, 1, 1, 1, 1, 1, 0, 0, 1, 0, 1, 0, 1, 1, 1, 1, 1, 0, 0, 1, 1, 1, 0, 0, 1, 0, 1, 0, 0, 1, 0, 1, 1, 1, 1, 1, 1, 1, 1, 1, 1, 1, 1, 0, 1, 1, 0, 0, 1, 1, 1, 1, 1, 1, 1, 0, 1, 0, 0, 0, 1, 1, 1, 0, 0, 0, 1, 0, 1, 1, 1, 0, 0, 0, 1, 1, 1, 0, 0, 0, 0, 0, 1, 1, 0, 1, 0, 1, 1, 0, 0, 1, 0, 1, 0, 1, 1, 1, 1, 1, 1, 1, 1, 1, 1, 1, 1, 0, 1, 1, 1, 0, 0, 0, 1, 1, 1, 1, 1, 0, 1, 1, 1, 0, 0, 1, 1, 0, 1, 1, 1, 1, 0, 1, 1, 0, 1, 1, 1, 1, 0, 0, 1, 0, 1, 0, 0, 1, 0, 1, 1, 1, 1, 0, 0, 1, 0, 1, 1, 1, 0]","[1, 0, 1, 0, 1, 0, 0, 1, 0, 1, 0, 0, 0, 1, 1, 1, 1, 0, 1, 0, 1, 1, 1, 1, 1, 1, 0, 1, 0, 1, 0, 1, 0, 1, 1, 1, 1, 1, 1, 1, 1, 1, 1, 1, 1, 1, 1, 1, 1, 1, 0, 1, 1, 1, 1, 0, 1, 1, 1, 1, 0, 1, 1, 1, 1, 1, 1, 1, 1, 1, 1, 1, 1, 0, 0, 1, 1, 1, 1, 1, 1, 1, 1, 0, 1, 0, 1, 0, 1, 1, 1, 1, 1, 1, 1, 1, 1, 1, 0, 1, 1, 1, 1, 1, 1, 0, 1, 0, 1, 1, 0, 1, 1, 1, 1, 1, 0, 1, 1, 0, 1, 1, 0, 1, 0, 1, 0, 1, 1, 1, 0, 0, 1, 1, 0, 1, 1, 1, 1, 1, 0, 1, 1, 1, 0, 1, 1, 1, 1, 1, 1, 1, 1, 1, 1, 1, 1, 1, 1, 1, 1, 1, 1, 1, 1, 1, 1, 1, 1, 0, 1, 1, 1, 1, 0, 1, 1, 1, 1, 1, 1, 1, 0, 1, 1, 1, 1, 1, 1, 1, 0, 1, 1, 0, 0, 1, 1, 1, 1, 1, 1, 0, 1, 1, 1, 0, 1, 1, 1, 0, 1, 1]","[0.83, 0.33, 0.93, 0.26, 0.76, 0.03, 0.33, 0.74, 0.14, 0.67, 0.27, 0.25, 0.4, 0.8, 0.85, 0.65, 0.91, 0.37, 0.72, 0.41, 0.71, 0.89, 0.76, 0.74, 0.7, 0.8, 0.35, 0.82, 0.26, 0.81, 0.48, 0.9, 0.31, 0.68, 0.59, 0.77, 0.61, 0.78, 0.87, 0.87, 0.84, 0.81, 0.9, 0.6, 0.96, 0.83, 0.69, 0.63, 0.84, 0.85, 0.03, 0.85, 0.82, 0.83, 0.59, 0.43, 0.66, 0.89, 0.94, 0.75, 0.5, 0.89, 0.79, 0.78, 0.93, 0.67, 0.71, 0.76, 0.76, 0.65, 0.9, 0.6, 0.56, 0.22, 0.28, 0.73, 0.57, 0.64, 0.85, 0.65, 0.73, 0.51, 0.64, 0.44, 0.69, 0.48, 0.8, 0.37, 0.63, 0.8, 0.86, 0.83, 0.85, 0.56, 0.7, 0.51, 0.66, 0.69, 0.21, 0.68, 0.91, 0.69, 0.79, 0.64, 0.7, 0.43, 0.71, 0.41, 0.76, 0.89, 0.45, 0.97, 0.75, 0.88, 0.56, 0.57, 0.39, 0.75, 0.81, 0.25, 0.64, 0.75, 0.49, 0.78, 0.44, 0.82, 0.46, 0.81, 0.66, 0.92, 0.23, 0.27, 0.89, 0.9, 0.42, 0.59, 0.61, 0.6, 0.8, 0.55, 0.11, 0.74, 0.78, 0.85, 0.45, 0.92, 0.81, 0.91, 0.83, 0.82, 0.69, 0.65, 0.79, 0.97, 0.59, 0.75, 0.88, 0.71, 0.86, 0.95, 0.68, 0.64, 0.77, 0.64, 0.98, 0.87, 0.76, 0.53, 0.66, 0.29, 0.8, 0.83, 0.9, 0.57, 0.24, 0.93, 0.9, 0.89, 0.65, 0.68, 0.86, 0.69, 0.36, 0.88, 0.75, 0.89, 0.81, 0.67, 0.77, 0.77, 0.5, 0.57, 0.81, 0.42, 0.26, 0.57, 0.77, 0.88, 0.81, 0.62, 0.7, 0.38, 0.62, 0.78, 0.74, 0.08, 0.65, 0.94, 0.64, 0.48, 0.71, 0.86]"
2024-04,2024-01,"[0, 1, 1, 1, 1, 1, 0, 1, 1, 1, 1, 1, 1, 1, 1, 1, 0, 1, 1, 1, 1, 1, 1, 1, 1, 1, 0, 1, 1, 1, 1, 1, 1, 1, 1, 1, 1, 1, 1, 1, 0, 1, 1, 1, 1, 1, 1, 1, 1, 1, 1, 1, 1, 0, 1, 1, 1, 1, 0, 1, 0, 1, 1, 1, 0, 1, 0, 1, 0, 1, 1, 1, 0, 1, 1, 1, 1, 1, 0, 1, 1, 0, 1, 0, 1, 1, 0, 0, 0, 0, 1, 0, 1, 0, 1, 1, 1, 1, 1, 1, 0, 0, 1, 0, 0, 1, 1, 1, 1, 1, 1, 0, 1, 1, 1, 1, 1, 1, 1, 0, 1, 0, 1, 1, 1, 0, 1, 1, 1, 0, 1, 1, 1, 1, 1, 1, 1, 0, 1, 1, 1, 1, 1, 1, 1, 1, 0, 1, 0, 1, 0, 0, 1, 1, 1, 0, 1, 1, 1, 1, 1, 1, 1, 1, 1, 1, 1, 1, 0, 1, 1, 0, 1, 1, 1, 1, 1, 0, 1, 1, 1, 0, 1, 1, 0, 1, 1, 1, 1, 1, 1, 1, 1, 1, 0, 1, 1, 1, 0, 1, 1, 1, 1, 1, 1, 1, 1, 1, 1, 1, 1, 1, 1]","[0, 1, 1, 1, 1, 1, 0, 1, 1, 1, 1, 1, 1, 1, 1, 1, 0, 1, 1, 1, 1, 1, 1, 1, 1, 1, 1, 1, 1, 1, 1, 0, 1, 1, 1, 1, 1, 0, 1, 1, 0, 0, 1, 1, 1, 1, 0, 1, 1, 1, 1, 1, 1, 1, 1, 1, 0, 1, 0, 1, 1, 1, 1, 0, 1, 1, 0, 1, 0, 1, 0, 1, 1, 1, 1, 1, 1, 1, 0, 1, 0, 0, 1, 0, 1, 1, 0, 0, 1, 1, 1, 0, 1, 1, 1, 1, 1, 1, 1, 1, 1, 1, 0, 0, 1, 0, 1, 1, 1, 1, 1, 0, 1, 0, 1, 0, 1, 1, 0, 1, 1, 1, 1, 1, 1, 0, 1, 1, 1, 1, 1, 1, 1, 1, 1, 1, 1, 0, 1, 1, 0, 1, 1, 1, 1, 1, 1, 1, 1, 1, 1, 0, 1, 1, 1, 1, 1, 1, 1, 1, 1, 1, 1, 1, 1, 1, 1, 1, 1, 0, 0, 0, 0, 1, 1, 1, 1, 1, 1, 1, 0, 0, 1, 1, 0, 1, 1, 1, 1, 0, 1, 0, 1, 1, 0, 0, 1, 1, 1, 0, 1, 1, 1, 0, 1, 1, 1, 0, 1, 1, 1, 1, 1]","[0.09, 0.67, 0.54, 0.99, 0.89, 0.67, 0.21, 0.96, 0.95, 0.75, 0.79, 0.82, 0.94, 0.92, 0.55, 0.65, 0.04, 0.86, 0.91, 0.94, 0.69, 0.71, 0.73, 0.87, 0.83, 0.77, 0.59, 0.77, 0.76, 0.87, 0.59, 0.31, 0.89, 0.52, 0.85, 0.87, 0.86, 0.09, 0.66, 0.88, 0.12, 0.43, 0.91, 0.55, 0.88, 0.89, 0.17, 0.99, 0.7, 0.82, 0.8, 0.83, 0.65, 0.58, 0.76, 0.56, 0.35, 0.88, 0.07, 0.82, 0.62, 0.96, 0.85, 0.43, 0.76, 0.97, 0.32, 0.71, 0.31, 0.74, 0.47, 0.53, 0.73, 0.62, 0.72, 0.73, 0.85, 0.73, 0.18, 0.87, 0.3, 0.39, 0.9, 0.37, 0.92, 0.86, 0.37, 0.5, 0.67, 0.65, 0.7, 0.39, 0.83, 0.62, 0.85, 0.73, 0.92, 0.97, 0.78, 0.77, 0.68, 0.6, 0.42, 0.13, 0.87, 0.26, 0.85, 0.77, 0.82, 0.84, 0.59, 0.24, 0.8, 0.22, 0.9, 0.25, 0.83, 0.76, 0.44, 0.83, 0.65, 0.82, 0.9, 0.68, 0.57, 0.07, 0.52, 0.78, 0.85, 0.92, 0.84, 0.81, 0.72, 0.61, 0.85, 0.93, 0.72, 0.44, 0.88, 0.81, 0.03, 0.63, 0.85, 0.81, 0.91, 0.83, 0.9, 0.9, 0.58, 0.95, 0.95, 0.32, 0.72, 0.7, 0.64, 0.59, 0.79, 0.89, 0.82, 0.51, 0.73, 0.76, 0.67, 0.86, 0.94, 0.88, 0.9, 0.81, 0.69, 0.41, 0.33, 0.23, 0.08, 0.88, 0.88, 0.81, 0.94, 0.7, 0.97, 0.89, 0.27, 0.12, 0.68, 0.73, 0.09, 0.82, 0.65, 0.85, 0.92, 0.36, 0.81, 0.38, 0.68, 0.92, 0.37, 0.5, 0.84, 0.77, 0.72, 0.44, 0.75, 0.92, 0.97, 0.39, 0.86, 0.79, 0.72, 0.18, 0.88, 0.78, 0.74, 0.78, 0.83]"
2024-04,2024-08,"[1, 0, 1, 1, 0, 0, 1, 0, 1, 1, 1, 1, 1, 0, 0, 0, 1, 1, 0, 1, 1, 1, 0, 0, 1, 1, 1, 0, 1, 1, 1, 0, 1, 1, 0, 0, 0, 1, 1, 1, 0, 0, 1, 1, 1, 0, 1, 1, 0, 0, 1, 1, 0, 0, 0, 1, 1, 0, 0, 1, 1, 0, 0, 0, 1, 0, 1, 0, 0, 1, 0, 0, 1, 0, 0, 1, 1, 1, 0, 0, 0, 1, 1, 0, 1, 1, 1, 0, 1, 1, 1, 1, 1, 0, 1, 1, 1, 1, 1, 0, 1, 0, 1, 0, 1, 1, 0, 0, 0, 1, 1, 0, 1, 1, 0, 1, 0, 1, 1, 1, 1, 1, 1, 1, 1, 1, 1, 1, 1, 0, 1, 0, 0, 0, 0, 1, 1, 0, 1, 0, 1, 1, 1, 0, 1, 1, 1, 1, 1, 1, 0, 1, 1, 0, 1, 0, 0, 1, 1, 1, 1, 0, 0, 0, 1, 0, 1, 0, 1, 1, 1, 0, 1, 0, 0, 1, 0, 1, 1, 1, 1, 1, 1, 1, 1, 0, 0, 0, 0, 1, 1, 1, 1, 1, 0, 1, 0, 1, 0, 0, 1, 0, 1, 0, 1, 0, 1, 0, 0, 1, 0, 1, 0, 0, 0, 0]","[1, 0, 1, 1, 0, 0, 1, 1, 1, 1, 1, 1, 1, 1, 1, 0, 1, 1, 1, 1, 1, 1, 1, 1, 0, 1, 1, 0, 1, 1, 1, 0, 1, 1, 0, 1, 1, 0, 1, 1, 0, 1, 1, 1, 1, 1, 1, 1, 1, 0, 1, 1, 0, 0, 0, 1, 1, 1, 1, 1, 1, 1, 1, 1, 1, 1, 1, 1, 1, 1, 0, 1, 1, 1, 0, 1, 1, 0, 1, 1, 0, 1, 1, 1, 1, 1, 0, 1, 1, 0, 1, 1, 1, 1, 1, 1, 1, 1, 1, 1, 1, 1, 1, 0, 1, 0, 0, 0, 1, 1, 1, 1, 1, 1, 1, 1, 1, 1, 0, 1, 1, 1, 1, 1, 1, 1, 1, 1, 1, 0, 1, 1, 1, 0, 0, 1, 1, 0, 0, 0, 1, 1, 1, 1, 0, 1, 1, 1, 1, 1, 0, 1, 1, 0, 1, 1, 0, 1, 1, 0, 1, 0, 0, 1, 1, 1, 1, 1, 1, 1, 1, 0, 1, 1, 1, 0, 1, 1, 1, 1, 1, 1, 0, 1, 1, 0, 0, 0, 0, 1, 0, 1, 1, 1, 1, 1, 0, 1, 1, 0, 0, 0, 1, 1, 1, 0, 1, 1, 0, 1, 0, 1, 1, 1, 1, 1]","[0.93, 0.4, 0.64, 0.84, 0.26, 0.29, 0.85, 0.67, 0.74, 0.87, 0.82, 0.89, 0.84, 0.82, 0.6, 0.1, 0.81, 0.51, 0.92, 0.72, 0.87, 0.76, 0.61, 0.96, 0.32, 0.95, 0.89, 0.3, 0.85, 0.61, 0.91, 0.18, 0.86, 0.79, 0.14, 0.52, 0.68, 0.22, 0.57, 0.82, 0.07, 0.68, 0.83, 0.81, 0.75, 0.9, 0.81, 0.94, 0.8, 0.05, 0.73, 0.94, 0.23, 0.26, 0.27, 0.72, 0.82, 0.64, 0.62, 0.87, 0.91, 0.72, 0.73, 0.83, 0.69, 0.8, 0.9, 0.83, 0.89, 0.7, 0.36, 0.54, 0.79, 0.7, 0.14, 0.97, 0.89, 0.36, 0.88, 0.89, 0.28, 0.89, 0.98, 0.79, 0.92, 0.87, 0.33, 0.73, 0.76, 0.47, 0.76, 0.84, 0.64, 0.78, 0.95, 0.76, 0.84, 0.87, 0.87, 0.93, 0.76, 0.86, 0.73, 0.36, 0.54, 0.48, 0.41, 0.26, 0.9, 0.75, 0.85, 0.71, 0.71, 0.73, 0.69, 0.74, 0.6, 0.99, 0.27, 0.8, 0.84, 0.67, 0.98, 0.99, 0.68, 0.78, 0.79, 0.95, 0.83, 0.08, 0.51, 0.98, 0.67, 0.22, 0.24, 0.93, 0.94, 0.14, 0.29, 0.37, 0.69, 0.99, 0.7, 0.79, 0.49, 0.82, 0.74, 0.98, 0.84, 0.74, 0.15, 0.86, 0.92, 0.17, 0.89, 0.91, 0.23, 0.83, 0.78, 0.32, 0.85, 0.33, 0.46, 0.52, 0.72, 0.52, 0.89, 0.87, 0.94, 0.96, 0.62, 0.36, 0.93, 0.87, 0.75, 0.4, 0.85, 0.86, 0.68, 0.71, 0.66, 0.81, 0.35, 0.75, 0.89, 0.01, 0.49, 0.32, 0.23, 0.84, 0.31, 0.81, 0.89, 0.76, 0.58, 0.82, 0.3, 0.89, 0.83, 0.25, 0.35, 0.19, 0.7, 0.8, 0.94, 0.34, 0.95, 0.66, 0.32, 0.65, 0.36, 0.64, 0.6, 0.53, 0.69, 0.71]"
2024-04,2024-07,"[1, 1, 0, 1, 0, 0, 1, 1, 0, 0, 0, 1, 1, 0, 0, 1, 0, 0, 1, 1, 1, 1, 1, 0, 1, 0, 1, 1, 0, 0, 0, 1, 1, 0, 0, 1, 0, 1, 1, 0, 1, 1, 1, 1, 1, 1, 1, 1, 1, 0, 1, 1, 1, 0, 1, 1, 1, 1, 1, 1, 1, 1, 1, 1, 1, 1, 0, 1, 0, 1, 1, 1, 1, 1, 0, 0, 1, 1, 0, 0, 0, 1, 1, 1, 1, 0, 0, 0, 1, 0, 1, 0, 0, 1, 0, 1, 1, 1, 1, 0, 0, 1, 1, 1, 1, 0, 1, 1, 1, 0, 1, 1, 0, 0, 0, 1, 1, 1, 0, 1, 0, 1, 0, 0, 1, 0, 1, 0, 1, 1, 0, 1, 1, 1, 1, 1, 1, 0, 1, 1, 0, 1, 1, 0, 1, 0, 0, 0, 1, 1, 1, 1, 0, 1, 1, 1, 1, 1, 0, 1, 1, 1, 1, 1, 0, 1, 1, 1, 1, 1, 0, 1, 1, 1, 0, 1, 1, 1, 1, 1, 0, 1, 0, 0, 0, 1, 1, 1, 0, 1, 1, 1, 1, 0, 1, 1, 1, 0, 0, 0, 0, 1, 0, 1, 1, 1, 1, 1, 1, 0, 0, 0, 1, 1, 0, 1, 1]","[1, 1, 1, 1, 0, 0, 1, 1, 0, 0, 0, 0, 1, 0, 0, 1, 0, 0, 0, 1, 1, 1, 1, 1, 1, 1, 1, 1, 1, 1, 0, 1, 0, 0, 0, 1, 1, 1, 1, 1, 1, 1, 1, 0, 1, 1, 1, 1, 1, 1, 1, 1, 1, 0, 1, 0, 1, 1, 1, 1, 1, 1, 1, 1, 1, 0, 0, 1, 0, 1, 1, 0, 1, 1, 0, 0, 1, 1, 1, 0, 1, 1, 1, 1, 1, 1, 1, 1, 1, 0, 1, 1, 0, 1, 0, 1, 1, 1, 1, 0, 1, 1, 1, 1, 1, 0, 1, 1, 1, 1, 1, 1, 1, 0, 0, 1, 1, 1, 0, 1, 0, 1, 1, 1, 1, 1, 0, 1, 1, 0, 0, 1, 1, 1, 0, 1, 1, 0, 1, 1, 0, 1, 1, 1, 0, 1, 1, 1, 1, 1, 1, 1, 0, 1, 1, 1, 1, 1, 0, 1, 1, 1, 1, 1, 1, 1, 1, 1, 1, 1, 0, 1, 1, 1, 1, 1, 1, 1, 1, 1, 1, 1, 0, 0, 0, 1, 1, 0, 1, 1, 1, 1, 1, 0, 1, 1, 1, 1, 0, 0, 0, 1, 1, 1, 1, 1, 1, 0, 1, 1, 1, 0, 1, 1, 1, 1, 1]","[0.85, 0.59, 0.95, 0.76, 0.03, 0.29, 0.7, 0.76, 0.2, 0.44, 0.3, 0.26, 0.94, 0.41, 0.22, 0.62, 0.5, 0.49, 0.26, 0.83, 0.85, 0.89, 0.76, 0.66, 0.89, 0.73, 0.85, 0.83, 0.96, 0.67, 0.29, 0.72, 0.49, 0.17, 0.4, 0.9, 0.95, 0.76, 0.87, 0.68, 0.87, 0.89, 0.82, 0.32, 0.82, 0.88, 0.81, 0.84, 0.58, 0.59, 0.85, 0.86, 0.89, 0.26, 0.88, 0.45, 0.73, 0.89, 0.81, 0.87, 0.65, 0.66, 0.82, 0.69, 0.72, 0.41, 0.25, 0.53, 0.04, 0.82, 0.67, 0.32, 0.63, 0.89, 0.05, 0.23, 0.94, 0.84, 0.63, 0.28, 0.88, 0.77, 0.86, 0.81, 0.85, 0.68, 0.53, 0.81, 0.76, 0.21, 0.76, 0.54, 0.06, 0.97, 0.36, 0.79, 0.92, 0.75, 0.7, 0.17, 0.54, 0.64, 0.92, 0.87, 0.94, 0.34, 0.99, 0.85, 0.88, 0.54, 0.94, 0.78, 0.97, 0.49, 0.48, 0.86, 0.65, 0.73, 0.4, 0.97, 0.19, 0.66, 0.92, 0.51, 0.6, 0.65, 0.34, 0.53, 0.69, 0.49, 0.44, 0.99, 0.77, 0.91, 0.29, 0.81, 0.92, 0.07, 0.94, 0.94, 0.25, 0.82, 0.91, 0.89, 0.42, 0.67, 0.59, 0.6, 0.68, 0.96, 0.77, 0.83, 0.26, 0.89, 0.81, 0.74, 0.9, 0.75, 0.05, 0.76, 0.85, 0.95, 0.87, 0.75, 0.86, 0.73, 0.77, 0.77, 0.87, 0.74, 0.44, 0.87, 0.81, 0.92, 0.83, 0.93, 0.92, 0.8, 0.82, 0.74, 0.68, 0.72, 0.15, 0.18, 0.36, 0.88, 0.71, 0.36, 0.88, 0.83, 0.89, 0.83, 0.76, 0.3, 0.76, 0.95, 0.65, 0.77, 0.19, 0.04, 0.09, 0.57, 0.88, 0.81, 0.85, 0.82, 0.51, 0.49, 0.97, 0.76, 0.94, 0.21, 0.64, 0.54, 0.86, 0.7, 0.77]"
2024-04,2024-09,"[0, 0, 1, 1, 0, 1, 1, 1, 0, 0, 1, 0, 1, 1, 1, 0, 1, 1, 1, 1, 1, 1, 0, 0, 0, 1, 1, 1, 1, 1, 0, 1, 1, 1, 1, 1, 1, 1, 1, 1, 1, 1, 0, 0, 1, 0, 1, 1, 1, 1, 1, 1, 1, 0, 1, 1, 0, 0, 1, 1, 1, 1, 1, 1, 1, 0, 1, 1, 1, 1, 1, 0, 1, 1, 1, 1, 0, 1, 1, 1, 1, 1, 1, 1, 0, 0, 1, 1, 1, 1, 0, 1, 1, 1, 0, 1, 1, 1, 1, 0, 1, 1, 0, 0, 0, 1, 0, 0, 0, 1, 1, 1, 1, 1, 0, 1, 0, 1, 1, 1, 1, 1, 1, 1, 1, 1, 1, 0, 1, 1, 1, 1, 1, 1, 1, 1, 1, 0, 1, 1, 1, 1, 1, 1, 0, 1, 1, 1, 1, 1, 0, 1, 1, 1, 1, 1, 1, 1, 0, 1, 0, 0, 1, 1, 1, 0, 1, 1, 0, 0, 0, 1, 1, 1, 1, 1, 0, 1, 1, 1, 1, 1, 1, 1, 1, 0, 1, 1, 0, 1, 1, 1, 1, 1, 0, 1, 1, 1, 1, 0, 0, 1, 1, 1, 1, 1, 1, 1, 0, 1, 1, 0, 1, 0, 1, 1, 1]","[0, 0, 1, 1, 1, 1, 1, 1, 0, 1, 1, 0, 1, 0, 0, 1, 1, 0, 1, 1, 1, 0, 1, 1, 0, 1, 1, 1, 1, 1, 1, 1, 1, 1, 1, 1, 1, 1, 1, 1, 1, 1, 1, 1, 1, 1, 1, 1, 1, 1, 1, 1, 1, 0, 1, 1, 0, 0, 1, 1, 1, 1, 1, 1, 1, 0, 1, 1, 1, 1, 1, 0, 1, 1, 1, 1, 0, 1, 1, 0, 1, 1, 1, 1, 0, 1, 1, 1, 0, 1, 0, 1, 0, 1, 0, 1, 1, 1, 0, 0, 1, 1, 0, 0, 1, 1, 1, 0, 1, 1, 1, 1, 1, 0, 0, 1, 0, 0, 1, 1, 1, 1, 1, 1, 1, 1, 1, 0, 1, 1, 1, 1, 1, 1, 1, 1, 0, 0, 1, 1, 1, 1, 1, 1, 1, 1, 1, 0, 0, 1, 1, 1, 1, 0, 1, 1, 1, 1, 0, 1, 1, 0, 1, 1, 1, 0, 1, 1, 1, 1, 1, 1, 1, 0, 1, 1, 0, 1, 1, 1, 1, 1, 1, 1, 1, 0, 1, 1, 0, 1, 1, 1, 1, 1, 1, 1, 1, 1, 1, 1, 0, 1, 1, 1, 1, 1, 1, 1, 0, 1, 1, 0, 1, 1, 1, 1, 1]","[0.09, 0.5, 0.88, 0.86, 0.83, 0.81, 0.67, 0.64, 0.17, 0.65, 0.67, 0.23, 0.74, 0.45, 0.39, 0.66, 0.57, 0.05, 0.92, 0.92, 0.88, 0.49, 0.77, 0.68, 0.07, 0.95, 0.82, 0.83, 0.91, 0.82, 0.58, 0.78, 0.8, 0.87, 0.92, 0.76, 0.66, 0.81, 0.9, 0.58, 0.91, 0.89, 0.65, 0.71, 0.57, 0.85, 0.6, 0.67, 0.97, 0.73, 0.76, 0.96, 0.68, 0.17, 0.97, 0.81, 0.18, 0.41, 0.76, 0.88, 0.72, 0.82, 0.74, 0.92, 0.77, 0.33, 0.77, 0.87, 0.75, 0.67, 0.59, 0.22, 0.58, 0.7, 0.69, 0.87, 0.25, 0.73, 0.66, 0.34, 0.89, 0.72, 0.77, 0.91, 0.24, 0.68, 0.53, 0.86, 0.24, 0.52, 0.44, 0.82, 0.05, 0.92, 0.45, 0.85, 0.7, 0.72, 0.45, 0.19, 0.65, 0.95, 0.34, 0.35, 0.66, 0.92, 0.58, 0.47, 0.63, 0.91, 0.58, 0.85, 0.67, 0.26, 0.49, 0.93, 0.14, 0.26, 0.63, 0.99, 0.87, 0.87, 0.88, 0.8, 0.75, 0.88, 0.61, 0.06, 0.95, 0.93, 0.73, 0.55, 0.62, 0.82, 0.81, 0.61, 0.4, 0.37, 0.74, 0.92, 0.79, 0.87, 0.92, 0.86, 0.58, 0.87, 0.73, 0.47, 0.47, 0.79, 0.84, 0.73, 0.61, 0.31, 0.89, 0.76, 0.71, 0.64, 0.43, 0.86, 0.89, 0.31, 0.61, 0.8, 0.73, 0.41, 0.9, 0.93, 0.63, 0.52, 0.59, 0.51, 0.92, 0.39, 0.9, 0.83, 0.44, 0.86, 0.64, 0.76, 0.62, 0.78, 0.57, 0.85, 0.93, 0.03, 0.56, 0.73, 0.41, 0.84, 0.83, 0.78, 0.76, 0.71, 0.72, 0.53, 0.69, 0.89, 0.96, 0.9, 0.34, 0.84, 0.78, 0.9, 0.8, 0.79, 0.82, 0.85, 0.49, 0.54, 0.85, 0.05, 0.94, 0.81, 0.76, 0.91, 0.77]"
2024-04,2024-10,"[0, 0, 0, 1, 1, 0, 1, 1, 1, 1, 1, 0, 1, 0, 1, 1, 0, 1, 1, 1, 1, 0, 1, 0, 1, 1, 1, 0, 1, 0, 1, 1, 1, 0, 0, 1, 1, 1, 1, 0, 1, 1, 1, 1, 1, 0, 0, 1, 0, 0, 1, 0, 1, 0, 1, 0, 1, 1, 0, 1, 0, 0, 0, 0, 1, 1, 1, 1, 1, 1, 1, 1, 1, 1, 1, 0, 1, 0, 0, 1, 1, 0, 1, 0, 1, 1, 0, 1, 0, 1, 0, 0, 1, 1, 1, 1, 1, 0, 1, 0, 0, 1, 0, 0, 1, 1, 1, 1, 0, 0, 1, 0, 1, 1, 0, 1, 1, 1, 1, 1, 0, 1, 1, 0, 1, 1, 1, 1, 1, 1, 1, 1, 1, 1, 1, 0, 1, 1, 1, 1, 1, 1, 1, 1, 0, 0, 1, 1, 0, 0, 1, 1, 1, 0, 1, 1, 1, 1, 1, 1, 1, 1, 0, 0, 1, 1, 1, 0, 1, 1, 1, 1, 0, 1, 1, 1, 1, 1, 0, 1, 1, 1, 0, 0, 1, 1, 1, 1, 1, 1, 1, 0, 1, 1, 1, 1, 1, 0, 0, 1, 1, 1, 1, 0, 1, 1, 1, 1, 0, 1, 1, 0, 1, 1, 0]","[1, 0, 1, 1, 1, 1, 0, 0, 1, 0, 1, 0, 1, 0, 1, 1, 1, 1, 1, 0, 1, 1, 1, 0, 1, 1, 1, 0, 0, 1, 1, 1, 1, 0, 0, 1, 1, 0, 1, 0, 1, 1, 1, 1, 1, 1, 1, 1, 0, 0, 1, 0, 1, 0, 0, 0, 1, 1, 1, 1, 0, 0, 1, 0, 1, 1, 1, 1, 1, 1, 1, 1, 1, 1, 1, 1, 1, 1, 1, 1, 0, 0, 1, 0, 1, 1, 1, 1, 0, 1, 1, 1, 1, 1, 1, 1, 1, 1, 0, 1, 1, 1, 0, 0, 1, 1, 1, 1, 1, 0, 1, 1, 1, 1, 0, 1, 1, 0, 1, 1, 1, 1, 1, 1, 1, 1, 1, 1, 0, 1, 0, 1, 1, 1, 1, 0, 1, 1, 1, 1, 1, 0, 1, 1, 1, 0, 1, 1, 1, 0, 1, 1, 1, 0, 1, 1, 1, 1, 1, 0, 0, 1, 1, 0, 1, 1, 1, 0, 1, 1, 1, 0, 0, 1, 1, 1, 1, 1, 0, 1, 1, 1, 1, 1, 0, 1, 1, 1, 1, 1, 1, 0, 1, 1, 1, 1, 1, 0, 0, 1, 0, 1, 1, 0, 1, 1, 1, 0, 0, 1, 1, 0, 1, 0, 0]","[0.59, 0.26, 0.61, 0.82, 0.89, 0.86, 0.48, 0.41, 0.76, 0.5, 0.98, 0.26, 0.65, 0.42, 0.62, 0.71, 0.61, 0.84, 0.93, 0.19, 0.88, 0.59, 0.73, 0.34, 0.96, 0.76, 0.63, 0.4, 0.43, 0.54, 0.75, 0.51, 0.73, 0.47, 0.12, 0.6, 0.94, 0.46, 0.96, 0.39, 0.69, 0.75, 0.91, 0.85, 0.72, 0.51, 0.52, 0.77, 0.27, 0.01, 0.78, 0.29, 0.88, 0.09, 0.39, 0.5, 0.82, 0.59, 0.94, 0.79, 0.29, 0.28, 0.75, 0.24, 0.96, 0.75, 0.91, 0.8, 0.79, 0.53, 0.89, 0.93, 0.61, 0.92, 0.98, 0.73, 0.9, 0.72, 0.76, 0.96, 0.34, 0.33, 0.69, 0.37, 0.79, 0.7, 0.73, 0.78, 0.5, 0.75, 0.62, 0.74, 0.9, 0.83, 0.83, 0.68, 0.84, 0.77, 0.36, 0.83, 0.6, 0.81, 0.39, 0.36, 0.81, 0.86, 0.87, 0.94, 0.54, 0.09, 0.57, 0.75, 0.85, 0.94, 0.14, 0.67, 0.72, 0.5, 0.72, 0.87, 0.76, 0.61, 0.96, 0.92, 0.68, 0.72, 0.87, 0.8, 0.42, 0.88, 0.28, 0.82, 0.84, 0.71, 0.73, 0.33, 0.57, 0.77, 0.87, 0.77, 0.87, 0.33, 0.92, 0.67, 0.83, 0.22, 0.74, 0.75, 0.63, 0.5, 0.76, 0.81, 0.65, 0.08, 0.81, 0.92, 0.87, 0.67, 0.6, 0.45, 0.28, 0.92, 0.85, 0.08, 0.84, 0.8, 0.67, 0.22, 0.94, 0.61, 0.87, 0.42, 0.43, 0.83, 0.84, 0.52, 0.73, 0.98, 0.29, 0.65, 0.96, 0.92, 0.68, 0.63, 0.44, 0.95, 0.82, 0.82, 0.93, 0.84, 0.91, 0.11, 0.73, 0.9, 0.78, 0.97, 0.62, 0.07, 0.29, 0.86, 0.27, 0.91, 0.87, 0.46, 0.7, 0.76, 0.86, 0.29, 0.35, 0.61, 0.87, 0.41, 0.53, 0.48, 0.38]"
2024-04,2024-06,"[0, 1, 1, 1, 0, 0, 1, 1, 1, 0, 1, 0, 1, 1, 1, 0, 1, 0, 1, 0, 1, 1, 1, 1, 1, 1, 1, 1, 1, 1, 1, 0, 1, 1, 1, 1, 1, 1, 0, 1, 0, 1, 1, 1, 1, 1, 1, 0, 1, 1, 1, 1, 1, 0, 0, 0, 0, 1, 1, 1, 0, 1, 0, 0, 1, 1, 1, 0, 0, 1, 1, 0, 1, 1, 0, 0, 1, 0, 1, 1, 1, 1, 0, 0, 1, 1, 0, 1, 1, 0, 0, 0, 1, 0, 1, 0, 1, 1, 1, 1, 0, 1, 1, 1, 1, 1, 0, 1, 0, 1, 1, 0, 1, 0, 1, 1, 1, 0, 0, 0, 0, 0, 0, 0, 1, 1, 1, 1, 0, 1, 1, 0, 1, 1, 1, 1, 1, 1, 1, 1, 0, 0, 1, 1, 1, 1, 1, 0, 1, 1, 0, 0, 1, 1, 1, 0, 1, 1, 0, 1, 1, 1, 1, 1, 0, 1, 1, 0, 0, 0, 1, 0, 1, 1, 1, 1, 1, 1, 0, 0, 1, 1, 1, 1, 0, 1, 1, 0, 0, 1, 1, 1, 1, 0, 1, 0, 0, 1, 0, 0, 1, 1, 1, 1, 0, 1, 1, 1, 0]","[0, 1, 1, 1, 1, 0, 1, 1, 1, 1, 1, 1, 1, 1, 1, 1, 1, 0, 1, 0, 1, 1, 1, 1, 1, 1, 1, 1, 1, 1, 1, 0, 1, 1, 1, 1, 1, 1, 0, 1, 1, 1, 1, 1, 1, 1, 0, 0, 1, 1, 1, 1, 1, 1, 0, 0, 0, 1, 1, 1, 0, 1, 1, 0, 1, 1, 1, 0, 0, 1, 1, 1, 0, 1, 0, 0, 1, 0, 1, 1, 1, 1, 0, 0, 1, 0, 0, 1, 1, 0, 1, 0, 1, 0, 1, 0, 1, 1, 1, 1, 0, 1, 1, 1, 0, 1, 1, 1, 0, 1, 1, 1, 1, 0, 0, 1, 1, 1, 1, 1, 1, 1, 1, 0, 1, 0, 1, 1, 0, 1, 1, 1, 1, 1, 1, 1, 0, 1, 1, 1, 0, 0, 1, 1, 1, 1, 1, 1, 0, 1, 0, 1, 0, 1, 1, 1, 1, 1, 1, 1, 1, 1, 1, 1, 0, 0, 1, 0, 1, 1, 1, 1, 1, 1, 1, 1, 1, 1, 1, 0, 1, 1, 1, 1, 1, 1, 1, 0, 1, 1, 1, 0, 1, 1, 1, 0, 1, 1, 0, 1, 0, 1, 1, 1, 1, 1, 1, 1, 1]","[0.09, 0.77, 0.8, 0.91, 0.69, 0.21, 0.93, 0.95, 0.8, 0.78, 0.9, 0.72, 0.88, 0.9, 0.81, 0.54, 0.88, 0.04, 0.91, 0.46, 0.85, 0.83, 0.86, 0.8, 0.93, 0.75, 0.71, 0.79, 0.72, 0.97, 0.98, 0.21, 0.76, 0.87, 0.87, 0.87, 0.72, 0.84, 0.09, 0.82, 0.66, 0.74, 0.82, 0.96, 0.97, 0.86, 0.27, 0.28, 0.78, 0.81, 0.58, 0.73, 0.58, 0.72, 0.3, 0.44, 0.29, 0.91, 0.71, 0.95, 0.32, 0.86, 0.76, 0.12, 0.97, 0.77, 0.66, 0.43, 0.45, 0.79, 0.53, 0.67, 0.29, 0.87, 0.28, 0.27, 0.88, 0.26, 0.83, 0.91, 0.89, 0.76, 0.36, 0.4, 0.77, 0.46, 0.37, 0.82, 0.87, 0.25, 0.92, 0.23, 0.86, 0.49, 0.72, 0.18, 0.86, 0.9, 0.71, 0.58, 0.41, 0.86, 0.74, 0.67, 0.24, 0.89, 0.65, 0.9, 0.28, 0.89, 0.91, 0.62, 0.86, 0.46, 0.41, 0.78, 0.84, 0.85, 0.62, 0.59, 0.6, 0.68, 0.92, 0.07, 0.61, 0.33, 0.82, 0.83, 0.11, 0.75, 0.64, 0.72, 0.84, 0.8, 0.86, 0.91, 0.29, 0.81, 0.73, 0.94, 0.24, 0.23, 0.93, 0.86, 0.8, 0.6, 0.82, 0.59, 0.49, 0.9, 0.17, 0.95, 0.24, 0.86, 0.84, 0.6, 0.91, 0.79, 0.77, 0.86, 0.86, 0.87, 0.74, 0.7, 0.33, 0.24, 0.78, 0.09, 0.77, 0.62, 0.94, 0.71, 0.52, 0.78, 0.7, 0.84, 0.73, 0.85, 0.9, 0.1, 0.89, 0.82, 0.89, 0.82, 0.9, 0.79, 0.68, 0.3, 0.58, 0.61, 0.76, 0.43, 0.75, 0.53, 0.87, 0.48, 0.86, 0.83, 0.26, 0.64, 0.13, 0.77, 0.74, 0.69, 0.8, 0.57, 0.83, 0.87, 0.63]"
2024-04,2024-02,"[1, 1, 0, 0, 0, 1, 1, 1, 1, 1, 0, 1, 1, 0, 1, 1, 0, 0, 1, 1, 1, 1, 0, 1, 0, 0, 0, 0, 1, 0, 1, 1, 0, 1, 1, 1, 1, 0, 0, 0, 1, 1, 1, 1, 0, 1, 1, 1, 1, 0, 1, 0, 1, 1, 1, 0, 1, 0, 1, 1, 1, 1, 1, 0, 1, 0, 1, 1, 1, 1, 1, 1, 0, 1, 1, 1, 1, 1, 0, 0, 1, 1, 1, 1, 1, 1, 0, 1, 1, 1, 0, 1, 0, 1, 1, 0, 0, 1, 1, 1, 1, 1, 0, 0, 1, 1, 0, 1, 1, 0, 1, 1, 1, 1, 1, 1, 1, 1, 0, 1, 1, 1, 1, 1, 1, 1, 1, 1, 1, 0, 1, 1, 0, 0, 0, 0, 1, 0, 1, 0, 1, 1, 1, 1, 1, 1, 1, 1, 1, 1, 1, 1, 1, 1, 1, 0, 1, 1, 1, 1, 1, 1, 0, 0, 0, 1, 1, 1, 1, 1, 0, 0, 1, 1, 1, 1, 1, 1, 0, 1, 1, 1, 1, 0, 0, 0, 1, 0, 0, 1, 1, 0, 0, 1, 0, 1, 1, 1, 0, 0, 1, 1, 0, 1, 1, 1, 1, 0, 1, 0, 1, 1, 0, 1]","[1, 1, 0, 0, 0, 1, 1, 1, 1, 1, 1, 0, 0, 0, 1, 0, 0, 0, 0, 1, 1, 1, 1, 1, 1, 0, 0, 0, 1, 1, 1, 1, 0, 1, 1, 1, 1, 0, 0, 0, 1, 1, 1, 1, 0, 1, 0, 1, 1, 0, 1, 1, 1, 1, 1, 1, 0, 0, 1, 1, 1, 1, 1, 1, 0, 0, 1, 1, 1, 1, 0, 1, 0, 1, 1, 1, 1, 1, 0, 1, 1, 1, 1, 1, 0, 1, 0, 1, 1, 1, 0, 1, 0, 1, 1, 0, 1, 1, 1, 1, 1, 1, 1, 1, 1, 1, 0, 1, 1, 1, 1, 1, 1, 1, 1, 1, 1, 1, 0, 1, 1, 1, 1, 0, 1, 1, 1, 1, 1, 1, 1, 1, 0, 1, 0, 1, 1, 1, 1, 0, 1, 1, 1, 1, 1, 1, 1, 1, 1, 0, 1, 1, 1, 1, 1, 0, 1, 1, 1, 1, 0, 1, 0, 0, 0, 1, 1, 0, 1, 1, 1, 0, 1, 1, 1, 1, 1, 1, 0, 1, 0, 1, 1, 0, 0, 1, 1, 1, 0, 1, 1, 0, 0, 1, 0, 1, 1, 1, 0, 1, 1, 0, 0, 1, 1, 1, 1, 0, 1, 1, 0, 1, 0, 1]","[0.9, 0.84, 0.03, 0.5, 0.12, 0.82, 0.84, 0.74, 0.79, 0.67, 0.63, 0.21, 0.48, 0.2, 0.77, 0.36, 0.44, 0.09, 0.5, 0.92, 0.54, 0.81, 0.69, 0.89, 0.94, 0.13, 0.25, 0.44, 0.89, 0.74, 0.95, 0.92, 0.02, 0.89, 0.66, 0.7, 0.84, 0.33, 0.23, 0.04, 0.82, 0.73, 0.9, 0.96, 0.14, 0.8, 0.29, 0.9, 0.82, 0.01, 0.92, 0.7, 0.83, 0.89, 0.84, 0.83, 0.3, 0.25, 0.77, 0.61, 0.79, 0.76, 0.8, 0.76, 0.36, 0.21, 0.95, 0.73, 0.8, 0.77, 0.18, 0.89, 0.32, 0.76, 0.87, 0.84, 0.95, 0.9, 0.22, 0.96, 0.87, 0.88, 0.73, 0.99, 0.17, 0.96, 0.2, 0.83, 0.92, 0.67, 0.24, 0.94, 0.23, 0.57, 0.88, 0.05, 0.7, 0.9, 0.87, 0.9, 0.98, 0.96, 0.88, 0.63, 0.84, 0.77, 0.41, 0.8, 0.83, 0.6, 0.71, 0.81, 0.7, 0.75, 0.76, 0.75, 0.96, 0.82, 0.31, 0.82, 0.94, 0.99, 0.63, 0.21, 0.89, 0.52, 0.93, 0.85, 0.68, 0.66, 0.95, 0.52, 0.11, 0.75, 0.05, 0.63, 0.84, 0.91, 0.81, 0.1, 0.8, 0.88, 0.58, 0.78, 0.7, 0.82, 0.83, 0.67, 0.94, 0.46, 0.71, 0.96, 0.71, 0.76, 0.95, 0.24, 0.97, 0.81, 0.83, 0.78, 0.46, 0.66, 0.04, 0.5, 0.13, 0.76, 0.8, 0.24, 0.82, 0.88, 0.65, 0.21, 0.75, 0.82, 0.63, 0.83, 0.88, 0.97, 0.22, 0.8, 0.26, 0.86, 0.56, 0.36, 0.43, 0.71, 0.97, 0.57, 0.32, 0.83, 0.69, 0.42, 0.15, 0.88, 0.07, 0.78, 0.75, 0.78, 0.25, 0.68, 0.83, 0.5, 0.35, 0.6, 0.8, 0.9, 0.99, 0.35, 0.71, 0.71, 0.47, 0.79, 0.45, 0.66]"
2024-04,2024-11,"[1, 1, 1, 0, 0, 1, 1, 1, 1, 1, 1, 1, 1, 1, 1, 1, 1, 1, 1, 1, 1, 1, 1, 1, 1, 1, 0, 1, 1, 1, 1, 1, 1, 1, 1, 1, 1, 1, 1, 1, 1, 0, 1, 1, 1, 1, 1, 1, 1, 1, 1, 0, 0, 1, 1, 1, 1, 1, 1, 1, 1, 1, 1, 1, 1, 1, 1, 0, 1, 1, 1, 1, 0, 1, 0, 1, 1, 0, 1, 1, 1, 1, 1, 0, 1, 1, 1, 1, 1, 1, 1, 1, 1, 0, 0, 1, 1, 1, 1, 1, 0, 1, 1, 1, 1, 0, 1, 1, 1, 1, 1, 1, 1, 1, 0, 1, 1, 1, 1, 0, 1, 1, 1, 1, 1, 1, 1, 1, 1, 1, 1, 1, 1, 1, 1, 1, 1, 1, 0, 1, 1, 1, 1, 1, 1, 1, 1, 1, 1, 1, 1, 0, 1, 1, 1, 1, 0, 1, 1, 1, 1, 1, 1, 1, 1, 0, 1, 0, 1, 1, 1, 0, 0, 1, 1, 1, 1, 1, 1, 1, 1, 0, 1, 0, 0, 1, 1, 1, 1, 1, 0, 1, 1, 1, 1, 1, 0, 1, 1, 1, 1, 0, 1, 1, 0, 1, 1, 1, 1, 1, 0, 1, 1, 1, 0, 0, 1, 1]","[1, 1, 0, 0, 0, 1, 1, 1, 1, 1, 1, 1, 1, 1, 1, 1, 1, 1, 1, 1, 0, 1, 1, 1, 1, 1, 0, 1, 1, 1, 1, 1, 1, 1, 1, 1, 1, 1, 1, 1, 1, 0, 1, 1, 1, 1, 1, 0, 0, 0, 1, 0, 0, 1, 1, 1, 0, 1, 1, 1, 1, 1, 1, 1, 1, 1, 1, 0, 1, 1, 1, 1, 1, 1, 1, 0, 1, 1, 1, 1, 1, 1, 1, 1, 1, 1, 1, 1, 1, 1, 1, 1, 1, 1, 0, 1, 0, 1, 0, 1, 0, 0, 1, 1, 1, 1, 1, 0, 1, 0, 1, 1, 1, 1, 1, 1, 1, 1, 1, 1, 1, 1, 1, 1, 1, 1, 1, 1, 0, 1, 1, 1, 0, 1, 1, 1, 1, 1, 0, 1, 1, 0, 1, 1, 1, 1, 1, 0, 1, 1, 1, 0, 1, 1, 1, 1, 0, 1, 1, 1, 1, 1, 1, 1, 1, 0, 1, 1, 1, 1, 1, 0, 0, 0, 1, 1, 1, 1, 0, 1, 1, 0, 1, 1, 1, 0, 1, 1, 1, 1, 0, 1, 1, 1, 1, 1, 1, 1, 1, 1, 1, 0, 1, 1, 0, 1, 1, 1, 1, 0, 1, 1, 0, 0, 1, 1, 1, 1]","[0.87, 0.86, 0.03, 0.41, 0.1, 0.83, 0.84, 0.66, 0.64, 0.57, 0.56, 0.61, 0.76, 0.73, 0.9, 0.69, 0.66, 0.52, 0.85, 0.76, 0.46, 0.88, 0.82, 0.63, 0.86, 0.85, 0.23, 0.81, 0.86, 0.98, 0.88, 0.95, 0.73, 0.61, 0.72, 0.91, 0.9, 0.9, 0.69, 0.6, 0.7, 0.36, 0.85, 0.73, 0.92, 0.73, 0.54, 0.34, 0.34, 0.29, 0.86, 0.15, 0.18, 0.6, 0.89, 0.72, 0.28, 0.84, 0.73, 0.68, 0.57, 0.77, 0.67, 0.81, 0.6, 0.9, 0.92, 0.21, 0.95, 0.72, 0.8, 0.84, 0.64, 0.73, 0.61, 0.14, 0.61, 0.87, 0.91, 0.55, 0.85, 0.79, 0.89, 0.92, 0.85, 0.64, 0.97, 0.85, 0.86, 0.82, 0.74, 0.97, 0.85, 0.57, 0.28, 0.9, 0.33, 0.89, 0.41, 0.94, 0.15, 0.5, 0.76, 0.74, 0.82, 0.54, 0.74, 0.18, 0.79, 0.38, 0.86, 0.87, 0.66, 0.88, 0.57, 0.88, 0.55, 0.77, 0.67, 0.66, 0.58, 0.66, 0.92, 0.51, 0.71, 0.84, 0.87, 0.71, 0.46, 0.82, 0.91, 0.78, 0.05, 0.67, 0.59, 0.96, 0.9, 0.86, 0.08, 0.76, 0.83, 0.07, 0.67, 0.8, 0.96, 0.84, 0.81, 0.11, 0.8, 0.84, 0.77, 0.06, 0.95, 0.72, 0.96, 0.55, 0.31, 0.83, 0.85, 0.68, 0.81, 0.66, 0.92, 0.66, 0.51, 0.04, 0.9, 0.81, 0.84, 0.93, 0.7, 0.23, 0.08, 0.24, 0.94, 0.73, 0.9, 0.82, 0.23, 0.9, 0.85, 0.5, 0.75, 0.89, 0.52, 0.43, 0.92, 0.65, 0.94, 0.73, 0.31, 0.97, 0.77, 0.91, 0.92, 0.88, 0.67, 0.59, 0.64, 0.76, 0.88, 0.3, 0.77, 0.89, 0.01, 0.66, 0.56, 0.91, 0.88, 0.39, 0.66, 0.93, 0.39, 0.41, 0.52, 0.55, 0.77, 0.62]"
2024-01,2024-01,"[0, 1, 1, 1, 1, 1, 0, 1, 1, 1, 1, 1, 1, 1, 1, 1, 0, 1, 1, 1, 1, 1, 1, 1, 1, 1, 0, 1, 1, 1, 1, 1, 1, 1, 1, 1, 1, 1, 1, 1, 0, 1, 1, 1, 1, 1, 1, 1, 1, 1, 1, 1, 1, 0, 1, 1, 1, 1, 0, 1, 0, 1, 1, 1, 0, 1, 0, 1, 0, 1, 1, 1, 0, 1, 1, 1, 1, 1, 0, 1, 1, 0, 1, 0, 1, 1, 0, 0, 0, 0, 1, 0, 1, 0, 1, 1, 1, 1, 1, 1, 0, 0, 1, 0, 0, 1, 1, 1, 1, 1, 1, 0, 1, 1, 1, 1, 1, 1, 1, 0, 1, 0, 1, 1, 1, 0, 1, 1, 1, 0, 1, 1, 1, 1, 1, 1, 1, 0, 1, 1, 1, 1, 1, 1, 1, 1, 0, 1, 0, 1, 0, 0, 1, 1, 1, 0, 1, 1, 1, 1, 1, 1, 1, 1, 1, 1, 1, 1, 0, 1, 1, 0, 1, 1, 1, 1, 1, 0, 1, 1, 1, 0, 1, 1, 0, 1, 1, 1, 1, 1, 1, 1, 1, 1, 0, 1, 1, 1, 0, 1, 1, 1, 1, 1, 1, 1, 1, 1, 1, 1, 1, 1, 1]","[0, 1, 1, 1, 1, 1, 0, 1, 1, 1, 1, 1, 1, 1, 1, 1, 0, 1, 1, 1, 1, 1, 1, 1, 1, 1, 1, 1, 1, 1, 1, 0, 1, 0, 1, 1, 1, 0, 1, 1, 1, 1, 1, 1, 1, 1, 1, 1, 1, 1, 1, 1, 1, 1, 1, 1, 1, 1, 0, 1, 1, 1, 1, 1, 1, 1, 1, 1, 0, 1, 1, 0, 1, 1, 0, 1, 1, 1, 1, 1, 1, 1, 1, 1, 1, 1, 0, 1, 1, 1, 1, 1, 1, 1, 1, 1, 1, 1, 1, 1, 1, 1, 1, 0, 1, 1, 1, 1, 0, 1, 1, 1, 1, 0, 1, 1, 1, 1, 1, 1, 1, 1, 1, 0, 1, 0, 1, 1, 1, 1, 1, 1, 1, 0, 1, 1, 1, 1, 1, 1, 0, 1, 1, 1, 1, 0, 1, 1, 0, 1, 1, 1, 1, 1, 1, 1, 1, 1, 1, 1, 0, 1, 1, 0, 1, 1, 1, 1, 0, 1, 1, 1, 0, 1, 1, 1, 1, 1, 1, 1, 1, 0, 1, 1, 0, 1, 1, 1, 1, 1, 1, 1, 1, 1, 1, 1, 1, 1, 1, 1, 1, 1, 1, 1, 1, 1, 1, 1, 1, 1, 1, 1, 1]","[0.34, 0.59, 0.75, 0.84, 0.93, 0.71, 0.24, 0.86, 0.97, 0.83, 0.93, 0.85, 0.71, 0.69, 0.96, 0.76, 0.18, 0.98, 0.96, 0.92, 0.91, 0.75, 0.76, 0.81, 0.59, 0.61, 0.8, 0.93, 0.8, 0.98, 0.72, 0.49, 0.64, 0.5, 0.81, 0.86, 0.95, 0.27, 0.94, 0.92, 0.59, 0.83, 0.74, 0.89, 0.89, 0.78, 0.52, 0.98, 0.9, 0.58, 0.76, 0.82, 0.95, 0.75, 0.87, 0.72, 0.8, 0.68, 0.27, 0.86, 0.76, 0.93, 0.71, 0.8, 0.93, 0.79, 0.75, 0.8, 0.36, 0.86, 0.61, 0.41, 0.57, 0.78, 0.39, 0.76, 0.87, 0.81, 0.82, 0.85, 0.75, 0.82, 0.92, 0.82, 0.88, 0.92, 0.41, 0.77, 0.84, 0.74, 0.89, 0.72, 0.63, 0.91, 0.76, 0.94, 0.76, 0.85, 0.96, 0.76, 0.94, 0.84, 0.87, 0.44, 0.62, 0.79, 0.94, 0.85, 0.41, 0.74, 0.94, 0.57, 0.82, 0.2, 0.61, 0.81, 0.92, 0.91, 0.87, 0.92, 0.83, 0.91, 0.76, 0.43, 0.83, 0.43, 0.93, 0.67, 0.82, 0.87, 0.62, 0.77, 0.95, 0.5, 0.92, 0.92, 0.66, 0.89, 0.7, 0.96, 0.13, 0.71, 0.75, 0.54, 0.62, 0.48, 0.79, 0.69, 0.36, 0.76, 0.86, 0.78, 0.73, 0.82, 0.81, 0.68, 0.9, 0.9, 0.81, 0.87, 0.5, 0.68, 0.75, 0.49, 0.79, 0.6, 0.93, 0.9, 0.42, 0.69, 0.86, 0.9, 0.09, 0.74, 0.73, 0.66, 0.94, 0.81, 0.83, 0.82, 0.95, 0.38, 0.75, 0.96, 0.31, 0.64, 0.7, 0.86, 0.85, 0.97, 0.61, 0.95, 0.78, 0.94, 0.92, 0.79, 0.79, 0.78, 0.81, 0.82, 0.56, 0.84, 0.84, 0.89, 0.66, 0.86, 0.93, 0.96, 0.87, 0.93, 0.88, 0.75, 0.86]"
2024-01,2024-08,"[1, 0, 1, 1, 0, 0, 1, 0, 1, 1, 1, 1, 1, 0, 0, 0, 1, 1, 0, 1, 1, 1, 0, 0, 1, 1, 1, 0, 1, 1, 1, 0, 1, 1, 0, 0, 0, 1, 1, 1, 0, 0, 1, 1, 1, 0, 1, 1, 0, 0, 1, 1, 0, 0, 0, 1, 1, 0, 0, 1, 1, 0, 0, 0, 1, 0, 1, 0, 0, 1, 0, 0, 1, 0, 0, 1, 1, 1, 0, 0, 0, 1, 1, 0, 1, 1, 1, 0, 1, 1, 1, 1, 1, 0, 1, 1, 1, 1, 1, 0, 1, 0, 1, 0, 1, 1, 0, 0, 0, 1, 1, 0, 1, 1, 0, 1, 0, 1, 1, 1, 1, 1, 1, 1, 1, 1, 1, 1, 1, 0, 1, 0, 0, 0, 0, 1, 1, 0, 1, 0, 1, 1, 1, 0, 1, 1, 1, 1, 1, 1, 0, 1, 1, 0, 1, 0, 0, 1, 1, 1, 1, 0, 0, 0, 1, 0, 1, 0, 1, 1, 1, 0, 1, 0, 0, 1, 0, 1, 1, 1, 1, 1, 1, 1, 1, 0, 0, 0, 0, 1, 1, 1, 1, 1, 0, 1, 0, 1, 0, 0, 1, 0, 1, 0, 1, 0, 1, 0, 0, 1, 0, 1, 0, 0, 0, 0]","[1, 1, 1, 1, 1, 0, 1, 1, 1, 1, 1, 1, 1, 0, 1, 0, 1, 1, 0, 1, 1, 0, 1, 1, 1, 1, 1, 0, 1, 1, 1, 0, 1, 1, 0, 1, 1, 1, 1, 1, 0, 1, 1, 1, 1, 1, 1, 1, 1, 0, 1, 1, 0, 0, 0, 1, 1, 0, 1, 1, 1, 1, 1, 1, 1, 1, 1, 1, 1, 1, 1, 1, 1, 1, 0, 1, 1, 1, 1, 1, 1, 1, 1, 1, 1, 1, 1, 1, 1, 1, 1, 1, 1, 1, 1, 1, 1, 1, 1, 1, 1, 0, 1, 1, 0, 1, 1, 1, 1, 1, 0, 1, 1, 1, 1, 1, 1, 1, 1, 1, 1, 1, 1, 1, 1, 1, 1, 1, 1, 0, 1, 1, 1, 0, 0, 1, 1, 1, 1, 1, 1, 1, 1, 1, 1, 1, 1, 1, 1, 1, 0, 1, 1, 0, 1, 1, 0, 1, 1, 1, 1, 1, 0, 0, 1, 1, 1, 1, 1, 1, 1, 1, 1, 1, 1, 1, 1, 1, 1, 1, 1, 1, 0, 1, 1, 0, 0, 1, 1, 1, 1, 1, 1, 1, 1, 1, 1, 1, 1, 1, 1, 0, 1, 1, 1, 1, 1, 1, 0, 1, 0, 1, 1, 1, 1, 1]","[0.91, 0.78, 0.9, 0.68, 0.6, 0.47, 0.91, 0.82, 0.85, 0.81, 0.98, 0.92, 0.93, 0.33, 0.62, 0.27, 0.89, 0.95, 0.39, 0.81, 0.76, 0.3, 0.85, 0.98, 0.95, 0.88, 0.91, 0.13, 0.55, 0.9, 0.76, 0.22, 0.93, 0.85, 0.18, 0.8, 0.89, 0.71, 0.84, 0.94, 0.41, 0.82, 0.95, 0.93, 0.88, 0.94, 0.89, 0.69, 0.96, 0.15, 0.78, 0.77, 0.1, 0.3, 0.25, 0.7, 0.99, 0.36, 0.99, 0.92, 0.85, 0.95, 0.74, 1.0, 0.87, 0.89, 0.89, 0.89, 0.94, 0.97, 0.56, 0.57, 0.96, 0.75, 0.21, 0.85, 0.85, 0.97, 0.94, 0.67, 0.95, 0.91, 0.75, 0.81, 0.91, 0.99, 0.66, 0.9, 0.92, 0.79, 0.61, 0.95, 0.74, 0.85, 0.94, 0.76, 0.93, 0.79, 0.99, 0.95, 0.98, 0.31, 0.64, 0.8, 0.28, 0.71, 0.73, 0.75, 0.77, 0.8, 0.36, 0.82, 0.9, 0.84, 0.81, 0.8, 0.93, 0.82, 0.92, 0.81, 0.77, 0.94, 0.97, 0.97, 0.87, 0.92, 0.86, 0.92, 0.82, 0.32, 0.77, 0.99, 0.69, 0.24, 0.18, 0.86, 0.95, 0.93, 0.93, 0.92, 0.83, 0.92, 0.97, 0.94, 0.8, 0.89, 0.93, 1.0, 0.88, 0.94, 0.42, 0.62, 0.95, 0.3, 0.9, 0.93, 0.3, 0.84, 0.62, 0.85, 0.9, 0.52, 0.43, 0.47, 0.83, 0.84, 0.92, 0.92, 0.84, 0.84, 0.76, 0.71, 0.96, 0.97, 0.95, 0.9, 0.98, 0.97, 0.95, 0.71, 0.96, 0.82, 0.34, 0.96, 0.6, 0.1, 0.5, 0.54, 0.75, 0.74, 0.74, 0.92, 0.55, 0.92, 0.69, 0.97, 0.85, 0.93, 0.93, 0.67, 0.65, 0.47, 0.87, 0.72, 0.86, 0.75, 0.92, 0.88, 0.46, 0.82, 0.29, 0.6, 0.66, 0.6, 0.55, 0.83]"
2024-01,2024-07,"[1, 1, 0, 1, 0, 0, 1, 1, 0, 0, 0, 1, 1, 0, 0, 1, 0, 0, 1, 1, 1, 1, 1, 0, 1, 0, 1, 1, 0, 0, 0, 1, 1, 0, 0, 1, 0, 1, 1, 0, 1, 1, 1, 1, 1, 1, 1, 1, 1, 0, 1, 1, 1, 0, 1, 1, 1, 1, 1, 1, 1, 1, 1, 1, 1, 1, 0, 1, 0, 1, 1, 1, 1, 1, 0, 0, 1, 1, 0, 0, 0, 1, 1, 1, 1, 0, 0, 0, 1, 0, 1, 0, 0, 1, 0, 1, 1, 1, 1, 0, 0, 1, 1, 1, 1, 0, 1, 1, 1, 0, 1, 1, 0, 0, 0, 1, 1, 1, 0, 1, 0, 1, 0, 0, 1, 0, 1, 0, 1, 1, 0, 1, 1, 1, 1, 1, 1, 0, 1, 1, 0, 1, 1, 0, 1, 0, 0, 0, 1, 1, 1, 1, 0, 1, 1, 1, 1, 1, 0, 1, 1, 1, 1, 1, 0, 1, 1, 1, 1, 1, 0, 1, 1, 1, 0, 1, 1, 1, 1, 1, 0, 1, 0, 0, 0, 1, 1, 1, 0, 1, 1, 1, 1, 0, 1, 1, 1, 0, 0, 0, 0, 1, 0, 1, 1, 1, 1, 1, 1, 0, 0, 0, 1, 1, 0, 1, 1]","[1, 1, 1, 1, 0, 1, 1, 1, 0, 1, 0, 0, 1, 0, 1, 1, 0, 1, 0, 1, 1, 1, 1, 1, 1, 1, 1, 1, 1, 1, 0, 1, 1, 1, 1, 1, 1, 1, 1, 1, 1, 1, 1, 1, 1, 1, 1, 1, 1, 1, 1, 1, 1, 1, 1, 1, 1, 1, 1, 1, 1, 1, 0, 1, 1, 0, 1, 1, 0, 1, 1, 1, 1, 1, 0, 0, 1, 1, 1, 1, 1, 1, 1, 1, 1, 1, 1, 1, 1, 1, 1, 1, 0, 1, 1, 1, 1, 1, 1, 0, 1, 1, 1, 1, 1, 1, 1, 1, 1, 1, 1, 1, 1, 1, 0, 1, 1, 1, 1, 1, 1, 1, 1, 0, 0, 1, 1, 0, 0, 1, 1, 1, 1, 1, 1, 1, 0, 0, 1, 1, 0, 1, 1, 1, 1, 0, 1, 0, 1, 1, 1, 1, 1, 1, 1, 1, 1, 1, 1, 1, 1, 1, 1, 1, 1, 1, 1, 1, 1, 1, 1, 1, 1, 1, 1, 1, 1, 1, 1, 1, 1, 1, 0, 0, 1, 1, 1, 1, 1, 1, 1, 1, 1, 1, 1, 1, 1, 1, 0, 0, 0, 1, 1, 1, 1, 1, 1, 1, 1, 0, 1, 0, 1, 1, 0, 0, 1]","[0.94, 0.68, 0.93, 0.97, 0.13, 0.84, 0.92, 0.96, 0.36, 0.85, 0.14, 0.28, 0.93, 0.21, 0.71, 0.89, 0.44, 0.68, 0.39, 0.87, 0.89, 0.55, 0.92, 0.86, 0.87, 0.73, 0.91, 0.95, 0.96, 0.85, 0.16, 0.9, 0.82, 0.67, 0.56, 0.87, 0.86, 0.88, 0.91, 0.51, 0.76, 0.91, 0.8, 0.68, 0.83, 0.93, 0.77, 0.93, 0.6, 0.7, 0.92, 0.82, 0.77, 0.72, 0.98, 0.93, 0.86, 0.98, 0.93, 0.83, 0.91, 0.54, 0.41, 0.88, 0.84, 0.29, 0.61, 0.71, 0.07, 0.94, 0.89, 0.84, 0.92, 0.9, 0.16, 0.3, 0.94, 0.86, 0.86, 0.65, 0.91, 0.88, 0.76, 0.85, 0.9, 0.74, 0.93, 0.75, 0.97, 0.7, 0.85, 0.98, 0.26, 0.9, 0.81, 0.94, 0.95, 0.94, 0.85, 0.42, 0.82, 0.97, 0.87, 1.0, 0.87, 0.91, 0.92, 0.99, 0.9, 0.54, 0.96, 0.82, 0.98, 0.65, 0.47, 0.86, 0.99, 0.67, 0.59, 0.97, 0.65, 0.77, 0.99, 0.47, 0.43, 0.51, 0.55, 0.37, 0.28, 0.63, 0.91, 0.91, 0.89, 0.74, 0.84, 0.54, 0.46, 0.17, 0.74, 0.69, 0.19, 0.84, 0.95, 0.94, 0.9, 0.43, 0.83, 0.37, 0.93, 1.0, 0.87, 0.81, 0.96, 0.8, 0.73, 0.84, 0.87, 0.84, 0.76, 0.92, 0.89, 0.96, 0.79, 0.92, 0.67, 0.85, 0.72, 0.72, 0.93, 0.92, 0.93, 0.92, 0.97, 0.89, 0.89, 0.86, 0.86, 0.92, 0.97, 0.89, 0.75, 0.91, 0.28, 0.31, 0.93, 0.84, 0.87, 0.97, 0.94, 0.84, 0.82, 0.83, 0.65, 0.75, 0.81, 0.97, 0.9, 0.69, 0.17, 0.11, 0.11, 0.77, 0.59, 0.66, 0.96, 0.9, 0.95, 0.95, 0.78, 0.29, 0.77, 0.5, 0.73, 0.88, 0.31, 0.43, 0.63]"
2024-01,2024-09,"[0, 0, 1, 1, 0, 1, 1, 1, 0, 0, 1, 0, 1, 1, 1, 0, 1, 1, 1, 1, 1, 1, 0, 0, 0, 1, 1, 1, 1, 1, 0, 1, 1, 1, 1, 1, 1, 1, 1, 1, 1, 1, 0, 0, 1, 0, 1, 1, 1, 1, 1, 1, 1, 0, 1, 1, 0, 0, 1, 1, 1, 1, 1, 1, 1, 0, 1, 1, 1, 1, 1, 0, 1, 1, 1, 1, 0, 1, 1, 1, 1, 1, 1, 1, 0, 0, 1, 1, 1, 1, 0, 1, 1, 1, 0, 1, 1, 1, 1, 0, 1, 1, 0, 0, 0, 1, 0, 0, 0, 1, 1, 1, 1, 1, 0, 1, 0, 1, 1, 1, 1, 1, 1, 1, 1, 1, 1, 0, 1, 1, 1, 1, 1, 1, 1, 1, 1, 0, 1, 1, 1, 1, 1, 1, 0, 1, 1, 1, 1, 1, 0, 1, 1, 1, 1, 1, 1, 1, 0, 1, 0, 0, 1, 1, 1, 0, 1, 1, 0, 0, 0, 1, 1, 1, 1, 1, 0, 1, 1, 1, 1, 1, 1, 1, 1, 0, 1, 1, 0, 1, 1, 1, 1, 1, 0, 1, 1, 1, 1, 0, 0, 1, 1, 1, 1, 1, 1, 1, 0, 1, 1, 0, 1, 0, 1, 1, 1]","[0, 0, 1, 1, 1, 1, 1, 1, 0, 0, 1, 0, 1, 0, 1, 0, 1, 0, 1, 1, 1, 1, 0, 1, 0, 1, 1, 1, 1, 1, 1, 1, 1, 1, 1, 1, 1, 1, 1, 1, 1, 1, 0, 1, 1, 1, 1, 1, 1, 1, 0, 1, 1, 0, 1, 1, 0, 1, 1, 1, 1, 1, 1, 1, 1, 1, 1, 1, 1, 1, 1, 0, 1, 1, 0, 1, 0, 1, 1, 1, 1, 1, 1, 1, 0, 1, 1, 1, 1, 1, 1, 1, 0, 1, 0, 1, 1, 1, 0, 0, 1, 1, 0, 1, 1, 1, 1, 1, 0, 1, 1, 1, 1, 0, 0, 1, 1, 1, 1, 1, 1, 1, 1, 1, 1, 1, 1, 0, 1, 1, 1, 1, 1, 1, 1, 1, 1, 1, 1, 1, 1, 1, 1, 1, 1, 1, 1, 0, 1, 1, 1, 1, 1, 1, 1, 1, 1, 1, 0, 1, 1, 1, 1, 1, 1, 1, 1, 1, 1, 1, 0, 1, 1, 1, 1, 1, 1, 0, 1, 1, 1, 1, 1, 1, 1, 0, 1, 1, 1, 1, 1, 1, 1, 1, 1, 1, 1, 1, 1, 1, 0, 1, 1, 1, 1, 1, 1, 1, 1, 1, 1, 1, 1, 1, 1, 1, 1]","[0.19, 0.2, 0.86, 0.62, 0.82, 0.92, 0.87, 0.92, 0.3, 0.27, 0.83, 0.19, 0.91, 0.43, 0.86, 0.35, 0.85, 0.18, 0.89, 0.96, 0.86, 0.92, 0.41, 0.82, 0.18, 0.85, 0.89, 0.95, 0.7, 0.99, 0.8, 0.96, 0.81, 0.93, 0.87, 0.63, 0.86, 0.96, 0.89, 0.81, 0.79, 0.95, 0.46, 0.93, 0.76, 0.6, 0.62, 0.73, 0.79, 0.87, 0.3, 0.98, 0.73, 0.37, 0.85, 0.97, 0.31, 0.97, 0.98, 0.94, 0.77, 0.92, 0.93, 0.91, 0.6, 0.9, 0.98, 0.99, 0.8, 0.93, 0.91, 0.3, 0.64, 0.52, 0.47, 0.96, 0.11, 0.95, 0.98, 0.86, 0.78, 0.89, 0.89, 0.76, 0.29, 0.82, 0.74, 0.99, 0.7, 0.75, 0.9, 0.96, 0.15, 0.7, 0.2, 0.88, 0.84, 0.59, 0.5, 0.47, 0.9, 0.98, 0.29, 0.6, 0.88, 0.97, 0.65, 0.61, 0.26, 0.92, 0.71, 0.87, 0.75, 0.24, 0.49, 0.84, 0.93, 0.95, 0.86, 0.92, 0.87, 0.94, 0.96, 0.7, 0.94, 0.83, 0.87, 0.17, 0.64, 0.9, 0.86, 0.81, 0.76, 0.96, 0.93, 0.66, 0.9, 0.84, 0.99, 0.91, 0.94, 0.76, 0.95, 0.62, 0.81, 0.8, 0.85, 0.45, 0.8, 0.95, 0.95, 0.96, 0.89, 0.74, 0.55, 0.92, 0.73, 0.76, 0.5, 0.73, 0.86, 0.82, 0.61, 0.97, 0.64, 0.54, 0.88, 0.87, 0.64, 0.71, 0.41, 0.81, 0.66, 0.67, 0.88, 0.89, 0.66, 0.35, 0.95, 0.79, 0.75, 0.8, 0.95, 0.96, 0.93, 0.09, 0.56, 0.54, 0.73, 0.88, 0.86, 0.93, 0.86, 0.76, 0.56, 0.58, 0.83, 0.9, 0.9, 0.81, 0.21, 0.93, 0.92, 0.8, 0.95, 0.86, 0.84, 0.92, 0.87, 0.98, 0.94, 0.76, 0.96, 0.76, 0.76, 0.94, 0.78]"
2024-01,2024-10,"[0, 0, 0, 1, 1, 0, 1, 1, 1, 1, 1, 0, 1, 0, 1, 1, 0, 1, 1, 1, 1, 0, 1, 0, 1, 1, 1, 0, 1, 0, 1, 1, 1, 0, 0, 1, 1, 1, 1, 0, 1, 1, 1, 1, 1, 0, 0, 1, 0, 0, 1, 0, 1, 0, 1, 0, 1, 1, 0, 1, 0, 0, 0, 0, 1, 1, 1, 1, 1, 1, 1, 1, 1, 1, 1, 0, 1, 0, 0, 1, 1, 0, 1, 0, 1, 1, 0, 1, 0, 1, 0, 0, 1, 1, 1, 1, 1, 0, 1, 0, 0, 1, 0, 0, 1, 1, 1, 1, 0, 0, 1, 0, 1, 1, 0, 1, 1, 1, 1, 1, 0, 1, 1, 0, 1, 1, 1, 1, 1, 1, 1, 1, 1, 1, 1, 0, 1, 1, 1, 1, 1, 1, 1, 1, 0, 0, 1, 1, 0, 0, 1, 1, 1, 0, 1, 1, 1, 1, 1, 1, 1, 1, 0, 0, 1, 1, 1, 0, 1, 1, 1, 1, 0, 1, 1, 1, 1, 1, 0, 1, 1, 1, 0, 0, 1, 1, 1, 1, 1, 1, 1, 0, 1, 1, 1, 1, 1, 0, 0, 1, 1, 1, 1, 0, 1, 1, 1, 1, 0, 1, 1, 0, 1, 1, 0]","[1, 1, 1, 1, 1, 0, 1, 1, 1, 1, 1, 1, 1, 0, 1, 1, 1, 1, 1, 0, 0, 0, 1, 1, 1, 1, 1, 1, 1, 1, 1, 0, 1, 1, 1, 1, 1, 1, 1, 1, 1, 1, 1, 1, 1, 1, 0, 1, 0, 0, 1, 0, 1, 0, 1, 0, 1, 1, 1, 1, 1, 0, 1, 0, 1, 1, 0, 1, 1, 1, 1, 1, 1, 1, 1, 1, 1, 1, 1, 1, 0, 1, 1, 1, 1, 1, 1, 1, 1, 1, 1, 1, 1, 1, 1, 1, 1, 1, 1, 1, 0, 0, 1, 1, 1, 0, 1, 1, 1, 0, 1, 0, 1, 1, 0, 1, 1, 1, 1, 1, 0, 1, 1, 1, 1, 1, 1, 1, 1, 1, 1, 1, 1, 1, 1, 1, 1, 1, 1, 1, 1, 1, 1, 1, 1, 0, 1, 1, 1, 0, 1, 1, 1, 0, 1, 1, 1, 1, 1, 0, 1, 1, 1, 0, 1, 1, 1, 0, 1, 1, 1, 0, 1, 1, 1, 1, 1, 1, 1, 1, 1, 1, 1, 1, 1, 1, 1, 1, 1, 1, 1, 1, 0, 1, 1, 1, 1, 0, 0, 1, 0, 1, 1, 0, 1, 1, 1, 1, 0, 1, 1, 0, 1, 1, 0]","[0.66, 0.57, 0.61, 0.78, 0.71, 0.31, 0.86, 0.54, 0.86, 0.76, 0.88, 0.75, 0.63, 0.27, 0.88, 0.88, 0.65, 0.98, 0.7, 0.47, 0.46, 0.5, 0.69, 0.83, 0.98, 0.85, 0.97, 0.68, 0.68, 0.68, 0.84, 0.41, 0.76, 0.79, 0.59, 0.94, 0.75, 0.87, 0.84, 0.63, 0.55, 0.99, 0.81, 0.62, 0.64, 0.69, 0.49, 0.79, 0.35, 0.1, 0.85, 0.38, 0.99, 0.13, 0.76, 0.31, 0.94, 0.69, 0.98, 0.94, 0.84, 0.24, 0.85, 0.22, 0.89, 0.99, 0.45, 0.6, 0.59, 0.61, 0.64, 0.99, 0.86, 0.93, 0.92, 0.92, 0.86, 0.91, 0.86, 0.95, 0.17, 0.87, 0.88, 0.92, 0.86, 0.8, 0.85, 0.97, 0.86, 0.94, 0.73, 0.9, 0.9, 0.94, 0.89, 0.9, 0.93, 0.72, 0.56, 0.89, 0.38, 0.26, 0.67, 0.6, 0.92, 0.35, 0.81, 0.85, 0.89, 0.11, 0.76, 0.33, 0.6, 0.94, 0.28, 0.73, 0.86, 0.95, 0.83, 0.76, 0.3, 0.84, 0.98, 0.77, 0.73, 0.91, 1.0, 0.66, 0.88, 0.94, 0.95, 0.9, 0.91, 0.8, 0.67, 0.9, 0.96, 0.98, 0.99, 0.73, 0.84, 0.69, 0.9, 0.91, 0.86, 0.3, 0.56, 0.83, 0.68, 0.2, 0.72, 0.92, 0.88, 0.16, 0.74, 0.97, 0.8, 0.83, 0.92, 0.43, 0.89, 0.97, 0.89, 0.32, 0.78, 0.86, 0.75, 0.24, 0.95, 0.9, 0.88, 0.5, 0.95, 0.96, 0.81, 0.82, 0.86, 0.98, 0.79, 0.94, 1.0, 0.89, 0.82, 0.96, 0.74, 0.85, 0.91, 0.88, 0.8, 0.95, 0.7, 0.71, 0.49, 0.94, 0.91, 0.9, 0.55, 0.15, 0.11, 0.86, 0.25, 0.95, 0.94, 0.25, 0.98, 0.97, 0.65, 0.81, 0.29, 0.91, 0.93, 0.21, 0.73, 0.84, 0.17]"
2024-01,2024-06,"[0, 1, 1, 1, 0, 0, 1, 1, 1, 0, 1, 0, 1, 1, 1, 0, 1, 0, 1, 0, 1, 1, 1, 1, 1, 1, 1, 1, 1, 1, 1, 0, 1, 1, 1, 1, 1, 1, 0, 1, 0, 1, 1, 1, 1, 1, 1, 0, 1, 1, 1, 1, 1, 0, 0, 0, 0, 1, 1, 1, 0, 1, 0, 0, 1, 1, 1, 0, 0, 1, 1, 0, 1, 1, 0, 0, 1, 0, 1, 1, 1, 1, 0, 0, 1, 1, 0, 1, 1, 0, 0, 0, 1, 0, 1, 0, 1, 1, 1, 1, 0, 1, 1, 1, 1, 1, 0, 1, 0, 1, 1, 0, 1, 0, 1, 1, 1, 0, 0, 0, 0, 0, 0, 0, 1, 1, 1, 1, 0, 1, 1, 0, 1, 1, 1, 1, 1, 1, 1, 1, 0, 0, 1, 1, 1, 1, 1, 0, 1, 1, 0, 0, 1, 1, 1, 0, 1, 1, 0, 1, 1, 1, 1, 1, 0, 1, 1, 0, 0, 0, 1, 0, 1, 1, 1, 1, 1, 1, 0, 0, 1, 1, 1, 1, 0, 1, 1, 0, 0, 1, 1, 1, 1, 0, 1, 0, 0, 1, 0, 0, 1, 1, 1, 1, 0, 1, 1, 1, 0]","[0, 1, 1, 1, 1, 0, 1, 1, 1, 1, 1, 1, 1, 1, 1, 1, 1, 0, 1, 1, 1, 1, 1, 1, 1, 1, 1, 1, 1, 1, 1, 0, 1, 1, 1, 1, 1, 1, 0, 1, 1, 1, 0, 1, 1, 1, 1, 0, 1, 1, 1, 1, 1, 1, 1, 1, 1, 1, 1, 1, 0, 1, 1, 1, 1, 1, 1, 0, 1, 1, 0, 1, 1, 1, 0, 0, 1, 0, 1, 1, 1, 1, 1, 0, 1, 1, 0, 1, 1, 0, 1, 0, 1, 1, 1, 0, 1, 1, 1, 1, 0, 1, 1, 1, 1, 1, 0, 1, 1, 1, 1, 0, 1, 0, 1, 1, 1, 1, 0, 1, 0, 1, 1, 0, 1, 1, 1, 1, 1, 1, 1, 1, 1, 1, 1, 1, 1, 1, 1, 1, 0, 0, 1, 1, 1, 1, 1, 0, 1, 1, 1, 1, 0, 0, 1, 1, 1, 1, 1, 1, 0, 1, 1, 0, 1, 1, 1, 0, 0, 1, 1, 1, 1, 1, 1, 1, 1, 1, 1, 0, 1, 1, 1, 1, 1, 1, 1, 1, 0, 1, 1, 1, 1, 1, 1, 1, 1, 1, 0, 1, 1, 1, 1, 1, 1, 1, 1, 1, 0]","[0.32, 0.62, 0.86, 0.92, 0.74, 0.24, 0.84, 0.95, 0.92, 0.89, 0.98, 0.83, 0.95, 0.96, 0.98, 0.98, 0.92, 0.19, 0.96, 0.57, 0.98, 0.9, 0.88, 0.79, 0.81, 0.97, 0.62, 0.82, 0.72, 0.99, 0.97, 0.47, 0.92, 0.79, 0.9, 0.98, 0.89, 0.92, 0.12, 0.88, 0.7, 0.54, 0.31, 0.95, 0.92, 0.75, 0.94, 0.24, 0.99, 0.88, 0.61, 0.7, 0.91, 0.95, 0.82, 0.84, 0.71, 0.51, 0.68, 0.92, 0.29, 0.86, 0.93, 0.85, 0.97, 0.83, 0.77, 0.18, 0.6, 0.89, 0.41, 0.68, 0.64, 0.94, 0.26, 0.35, 0.79, 0.39, 0.87, 0.92, 0.56, 0.92, 0.91, 0.29, 0.8, 0.81, 0.31, 0.73, 0.92, 0.16, 0.99, 0.12, 0.8, 0.92, 0.89, 0.43, 0.93, 0.93, 0.73, 0.91, 0.48, 0.96, 0.85, 0.89, 0.79, 0.76, 0.27, 0.78, 0.65, 0.91, 0.8, 0.37, 0.92, 0.47, 0.93, 0.9, 0.81, 0.89, 0.45, 0.83, 0.37, 0.93, 0.89, 0.41, 0.72, 0.8, 0.88, 0.95, 0.71, 0.64, 0.86, 0.7, 0.96, 0.87, 0.68, 0.74, 0.84, 0.54, 0.78, 0.69, 0.34, 0.1, 0.77, 0.85, 0.77, 0.72, 0.9, 0.36, 0.82, 0.65, 0.68, 0.86, 0.47, 0.35, 0.93, 0.56, 0.91, 0.84, 0.64, 0.8, 0.31, 0.67, 0.89, 0.43, 0.69, 0.94, 0.92, 0.11, 0.31, 0.74, 0.94, 0.7, 0.81, 0.83, 0.9, 0.95, 0.89, 0.92, 1.0, 0.37, 0.67, 0.85, 0.82, 1.0, 0.94, 0.79, 0.7, 0.75, 0.25, 0.85, 0.83, 0.89, 0.56, 0.7, 0.82, 0.81, 0.67, 0.8, 0.04, 0.76, 0.96, 0.62, 0.92, 0.85, 0.89, 0.82, 0.89, 0.86, 0.25]"
2024-01,2024-02,"[1, 1, 0, 0, 0, 1, 1, 1, 1, 1, 0, 1, 1, 0, 1, 1, 0, 0, 1, 1, 1, 1, 0, 1, 0, 0, 0, 0, 1, 0, 1, 1, 0, 1, 1, 1, 1, 0, 0, 0, 1, 1, 1, 1, 0, 1, 1, 1, 1, 0, 1, 0, 1, 1, 1, 0, 1, 0, 1, 1, 1, 1, 1, 0, 1, 0, 1, 1, 1, 1, 1, 1, 0, 1, 1, 1, 1, 1, 0, 0, 1, 1, 1, 1, 1, 1, 0, 1, 1, 1, 0, 1, 0, 1, 1, 0, 0, 1, 1, 1, 1, 1, 0, 0, 1, 1, 0, 1, 1, 0, 1, 1, 1, 1, 1, 1, 1, 1, 0, 1, 1, 1, 1, 1, 1, 1, 1, 1, 1, 0, 1, 1, 0, 0, 0, 0, 1, 0, 1, 0, 1, 1, 1, 1, 1, 1, 1, 1, 1, 1, 1, 1, 1, 1, 1, 0, 1, 1, 1, 1, 1, 1, 0, 0, 0, 1, 1, 1, 1, 1, 0, 0, 1, 1, 1, 1, 1, 1, 0, 1, 1, 1, 1, 0, 0, 0, 1, 0, 0, 1, 1, 0, 0, 1, 0, 1, 1, 1, 0, 0, 1, 1, 0, 1, 1, 1, 1, 0, 1, 0, 1, 1, 0, 1]","[1, 1, 0, 1, 0, 1, 1, 1, 1, 1, 1, 1, 1, 1, 1, 1, 1, 0, 1, 1, 0, 1, 1, 0, 1, 0, 0, 0, 1, 0, 1, 1, 0, 1, 1, 1, 1, 0, 0, 0, 1, 1, 1, 1, 0, 1, 1, 1, 1, 0, 1, 1, 1, 1, 1, 1, 1, 1, 1, 1, 1, 1, 1, 1, 1, 0, 1, 1, 1, 1, 1, 1, 1, 1, 1, 1, 1, 1, 0, 1, 1, 1, 1, 1, 1, 1, 0, 1, 1, 1, 1, 1, 1, 1, 1, 0, 1, 1, 1, 1, 1, 1, 1, 0, 1, 1, 1, 1, 1, 1, 1, 1, 1, 1, 1, 1, 1, 1, 0, 1, 1, 1, 1, 0, 1, 0, 1, 1, 0, 0, 1, 1, 0, 0, 0, 1, 1, 1, 1, 1, 1, 1, 1, 1, 1, 1, 1, 0, 1, 1, 1, 1, 1, 1, 1, 1, 1, 1, 1, 1, 1, 1, 0, 0, 0, 1, 1, 1, 1, 1, 1, 0, 1, 1, 1, 1, 1, 1, 0, 1, 1, 1, 1, 1, 0, 1, 1, 1, 0, 1, 1, 1, 1, 1, 0, 1, 1, 1, 1, 1, 1, 1, 0, 1, 1, 1, 1, 1, 1, 0, 1, 1, 0, 1]","[0.96, 0.87, 0.1, 0.86, 0.12, 0.88, 0.93, 0.91, 0.93, 0.87, 0.7, 1.0, 0.92, 0.78, 0.63, 0.68, 0.89, 0.23, 0.63, 0.74, 0.37, 0.54, 0.86, 0.5, 0.74, 0.2, 0.06, 0.31, 0.75, 0.31, 0.95, 0.89, 0.19, 0.9, 0.92, 0.81, 0.91, 0.4, 0.12, 0.06, 0.75, 0.89, 0.92, 0.84, 0.15, 0.95, 0.73, 0.91, 0.93, 0.1, 0.85, 0.9, 0.88, 0.84, 0.86, 0.95, 0.75, 0.93, 0.98, 0.93, 0.9, 0.91, 0.8, 0.73, 0.89, 0.3, 0.95, 0.85, 0.93, 0.96, 0.96, 0.83, 0.57, 0.87, 0.92, 0.98, 0.87, 0.93, 0.2, 0.66, 0.97, 0.9, 0.96, 0.86, 0.52, 0.97, 0.27, 0.93, 0.81, 0.84, 0.8, 0.98, 0.9, 0.78, 0.74, 0.25, 0.81, 0.95, 0.65, 0.89, 0.85, 0.98, 0.82, 0.31, 0.95, 0.8, 0.61, 0.87, 1.0, 0.93, 0.92, 0.93, 0.71, 0.74, 0.76, 0.86, 0.95, 0.62, 0.41, 0.88, 0.97, 0.99, 0.6, 0.47, 0.64, 0.49, 0.94, 0.93, 0.43, 0.31, 0.99, 0.93, 0.21, 0.28, 0.16, 0.96, 0.92, 0.85, 0.93, 0.74, 0.76, 0.92, 0.93, 0.93, 0.85, 0.92, 0.87, 0.33, 0.71, 0.87, 0.83, 0.95, 0.94, 0.97, 0.96, 0.85, 0.89, 0.74, 0.77, 0.94, 0.82, 0.56, 0.07, 0.18, 0.44, 0.83, 0.9, 0.79, 0.91, 0.9, 0.9, 0.27, 0.94, 0.85, 0.89, 0.84, 0.79, 0.96, 0.2, 0.89, 0.96, 0.92, 0.72, 0.73, 0.41, 0.69, 0.98, 0.78, 0.29, 0.92, 1.0, 0.65, 0.74, 0.92, 0.24, 0.74, 0.89, 0.83, 0.64, 0.83, 0.98, 0.52, 0.47, 0.89, 0.85, 0.78, 0.99, 0.83, 0.86, 0.24, 0.79, 0.85, 0.36, 0.87]"
2024-01,2024-11,"[1, 1, 1, 0, 0, 1, 1, 1, 1, 1, 1, 1, 1, 1, 1, 1, 1, 1, 1, 1, 1, 1, 1, 1, 1, 1, 0, 1, 1, 1, 1, 1, 1, 1, 1, 1, 1, 1, 1, 1, 1, 0, 1, 1, 1, 1, 1, 1, 1, 1, 1, 0, 0, 1, 1, 1, 1, 1, 1, 1, 1, 1, 1, 1, 1, 1, 1, 0, 1, 1, 1, 1, 0, 1, 0, 1, 1, 0, 1, 1, 1, 1, 1, 0, 1, 1, 1, 1, 1, 1, 1, 1, 1, 0, 0, 1, 1, 1, 1, 1, 0, 1, 1, 1, 1, 0, 1, 1, 1, 1, 1, 1, 1, 1, 0, 1, 1, 1, 1, 0, 1, 1, 1, 1, 1, 1, 1, 1, 1, 1, 1, 1, 1, 1, 1, 1, 1, 1, 0, 1, 1, 1, 1, 1, 1, 1, 1, 1, 1, 1, 1, 0, 1, 1, 1, 1, 0, 1, 1, 1, 1, 1, 1, 1, 1, 0, 1, 0, 1, 1, 1, 0, 0, 1, 1, 1, 1, 1, 1, 1, 1, 0, 1, 0, 0, 1, 1, 1, 1, 1, 0, 1, 1, 1, 1, 1, 0, 1, 1, 1, 1, 0, 1, 1, 0, 1, 1, 1, 1, 1, 0, 1, 1, 1, 0, 0, 1, 1]","[1, 1, 0, 1, 0, 1, 1, 1, 1, 1, 1, 1, 1, 1, 1, 1, 1, 1, 1, 1, 1, 1, 1, 1, 1, 1, 0, 1, 1, 1, 1, 1, 1, 1, 1, 1, 1, 1, 1, 1, 1, 1, 1, 1, 1, 1, 1, 1, 1, 1, 1, 0, 0, 1, 1, 1, 1, 1, 1, 1, 1, 1, 1, 1, 1, 1, 1, 0, 1, 1, 1, 1, 0, 1, 1, 1, 1, 1, 1, 1, 1, 1, 1, 1, 1, 1, 1, 1, 1, 1, 1, 1, 1, 1, 1, 1, 1, 1, 1, 1, 0, 1, 1, 1, 1, 1, 1, 1, 1, 1, 0, 1, 1, 1, 1, 1, 1, 1, 1, 1, 1, 1, 1, 1, 1, 1, 1, 1, 1, 1, 1, 1, 0, 0, 1, 1, 1, 1, 0, 1, 1, 0, 1, 1, 1, 1, 1, 1, 1, 1, 1, 0, 1, 1, 1, 1, 1, 1, 1, 1, 1, 1, 1, 1, 1, 0, 1, 1, 1, 1, 1, 0, 0, 0, 1, 1, 1, 1, 0, 1, 1, 1, 1, 1, 0, 0, 1, 1, 1, 1, 1, 1, 1, 1, 1, 1, 1, 1, 1, 1, 1, 0, 1, 1, 0, 1, 1, 1, 1, 1, 1, 1, 0, 1, 0, 1, 1, 1]","[0.98, 0.76, 0.09, 0.73, 0.13, 0.86, 0.84, 0.9, 0.65, 0.88, 0.79, 0.61, 0.93, 0.64, 0.71, 0.64, 0.53, 0.75, 0.66, 0.88, 0.55, 0.71, 0.55, 0.87, 0.52, 0.76, 0.1, 0.79, 0.83, 0.83, 1.0, 0.87, 0.97, 0.79, 0.9, 0.94, 0.96, 0.77, 0.92, 0.7, 0.97, 0.94, 0.6, 0.93, 0.83, 0.9, 0.67, 0.95, 0.65, 0.7, 0.87, 0.3, 0.31, 0.57, 0.82, 0.74, 0.95, 0.96, 0.93, 0.81, 0.96, 0.98, 0.62, 0.89, 0.73, 0.95, 0.94, 0.18, 0.95, 0.85, 0.97, 0.94, 0.37, 0.88, 0.77, 0.96, 0.94, 0.94, 0.89, 0.85, 0.7, 0.84, 0.85, 0.9, 0.94, 0.52, 0.92, 0.84, 0.67, 0.77, 0.78, 0.98, 0.92, 0.77, 0.86, 0.91, 0.94, 0.95, 0.59, 0.94, 0.28, 0.95, 0.79, 0.9, 0.94, 0.72, 0.94, 0.67, 0.89, 0.63, 0.35, 0.91, 0.91, 0.89, 0.58, 0.76, 0.79, 0.85, 0.77, 0.57, 0.52, 0.58, 0.89, 0.95, 0.83, 0.93, 0.98, 0.89, 0.52, 0.96, 0.89, 0.9, 0.18, 0.43, 0.83, 1.0, 0.97, 0.96, 0.45, 0.82, 0.8, 0.18, 0.89, 0.81, 0.87, 0.96, 0.94, 0.71, 0.69, 0.94, 0.93, 0.23, 0.64, 0.69, 0.84, 0.81, 0.71, 0.95, 0.99, 0.95, 0.64, 0.86, 0.93, 0.6, 0.65, 0.06, 0.91, 0.78, 0.94, 0.95, 0.83, 0.39, 0.16, 0.3, 0.91, 0.72, 0.71, 0.8, 0.19, 0.92, 0.78, 0.83, 0.89, 0.98, 0.47, 0.47, 0.69, 0.91, 0.96, 0.69, 0.82, 0.98, 0.87, 0.54, 0.88, 0.92, 0.52, 0.57, 0.75, 0.57, 0.98, 0.29, 0.89, 0.59, 0.1, 0.83, 0.89, 0.95, 0.74, 0.76, 0.75, 0.92, 0.28, 0.81, 0.45, 0.77, 0.8, 0.9]"
2024-08,2024-08,"[1, 0, 1, 1, 0, 0, 1, 0, 1, 1, 1, 1, 1, 0, 0, 0, 1, 1, 0, 1, 1, 1, 0, 0, 1, 1, 1, 0, 1, 1, 1, 0, 1, 1, 0, 0, 0, 1, 1, 1, 0, 0, 1, 1, 1, 0, 1, 1, 0, 0, 1, 1, 0, 0, 0, 1, 1, 0, 0, 1, 1, 0, 0, 0, 1, 0, 1, 0, 0, 1, 0, 0, 1, 0, 0, 1, 1, 1, 0, 0, 0, 1, 1, 0, 1, 1, 1, 0, 1, 1, 1, 1, 1, 0, 1, 1, 1, 1, 1, 0, 1, 0, 1, 0, 1, 1, 0, 0, 0, 1, 1, 0, 1, 1, 0, 1, 0, 1, 1, 1, 1, 1, 1, 1, 1, 1, 1, 1, 1, 0, 1, 0, 0, 0, 0, 1, 1, 0, 1, 0, 1, 1, 1, 0, 1, 1, 1, 1, 1, 1, 0, 1, 1, 0, 1, 0, 0, 1, 1, 1, 1, 0, 0, 0, 1, 0, 1, 0, 1, 1, 1, 0, 1, 0, 0, 1, 0, 1, 1, 1, 1, 1, 1, 1, 1, 0, 0, 0, 0, 1, 1, 1, 1, 1, 0, 1, 0, 1, 0, 0, 1, 0, 1, 0, 1, 0, 1, 0, 0, 1, 0, 1, 0, 0, 0, 0]","[1, 1, 1, 1, 0, 0, 1, 1, 1, 0, 1, 1, 1, 1, 1, 0, 1, 1, 0, 0, 1, 1, 0, 1, 1, 1, 1, 0, 0, 1, 0, 0, 1, 1, 0, 0, 0, 1, 0, 0, 0, 1, 1, 1, 1, 1, 1, 1, 0, 0, 1, 1, 0, 0, 0, 1, 1, 0, 1, 1, 1, 1, 0, 1, 1, 1, 1, 1, 1, 1, 0, 1, 1, 0, 0, 1, 1, 1, 1, 1, 1, 1, 1, 1, 1, 0, 1, 0, 1, 1, 0, 1, 0, 1, 1, 0, 1, 1, 1, 0, 1, 1, 0, 1, 1, 1, 1, 0, 1, 1, 1, 0, 1, 0, 1, 0, 1, 0, 0, 0, 1, 1, 1, 1, 1, 1, 1, 1, 0, 0, 1, 1, 0, 0, 0, 1, 1, 0, 1, 1, 1, 1, 1, 1, 1, 1, 1, 1, 1, 1, 0, 1, 1, 1, 0, 1, 0, 1, 0, 1, 1, 1, 1, 0, 1, 1, 1, 1, 1, 1, 1, 1, 1, 1, 0, 1, 1, 0, 1, 1, 1, 0, 1, 1, 0, 0, 0, 0, 0, 1, 0, 1, 0, 1, 0, 1, 0, 1, 1, 1, 0, 0, 1, 1, 1, 0, 1, 1, 0, 1, 0, 1, 1, 0, 1, 1]","[0.72, 0.96, 0.65, 0.69, 0.46, 0.29, 0.58, 0.73, 0.77, 0.4495768348689441, 0.83, 0.9, 0.79, 0.78, 0.76, 0.27, 0.75, 0.57, 0.46, 0.41, 0.6413732420545729, 0.823932135728543, 0.44, 0.81, 0.88, 0.68, 0.89, 0.34, 0.19, 0.82, 0.33, 0.49, 0.64, 0.56, 0.49, 0.43, 0.25, 0.82, 0.5, 0.24, 0.35, 0.66, 0.72, 0.93, 0.79, 0.75, 0.92, 0.62, 0.4, 0.1, 0.5139321357285429, 0.8, 0.13, 0.19, 0.26, 0.6, 0.82, 0.28, 0.73, 0.58, 0.82, 0.6, 0.34, 0.78, 0.89, 0.75, 0.64, 0.84, 0.78, 0.85, 0.39, 0.69, 0.81, 0.31, 0.32, 0.77, 0.71, 0.88, 0.55, 0.71, 0.56, 0.67, 0.85, 0.74, 0.76, 0.43, 0.62, 0.09, 0.83, 0.78, 0.45, 0.81, 0.4066033519553073, 0.64, 0.56, 0.4639321357285429, 0.69, 0.53, 0.96, 0.46, 0.74, 0.56, 0.4853263324730581, 0.53, 0.52, 0.67, 0.53, 0.31, 0.76, 0.75, 0.64, 0.45, 0.59, 0.36, 0.62, 0.35, 0.85, 0.43, 0.43, 0.46, 0.69, 0.8, 0.64, 0.7, 0.77, 0.603932135728543, 0.55, 0.73, 0.49, 0.21393213572854294, 0.6795768348689442, 0.9, 0.39, 0.01, 0.46, 0.81, 0.86, 0.28, 0.59, 0.77, 0.59, 0.68, 0.81, 0.87, 0.55, 0.64, 0.89, 1.0, 0.65, 0.76, 0.46, 0.6, 0.85, 0.73, 0.39957683486894413, 0.53, 0.5, 0.68, 0.47, 0.79, 0.84, 0.6439321357285429, 0.87, 0.25, 0.76, 0.85, 0.75, 0.68, 0.55, 0.75, 0.79, 0.54, 0.84, 0.9, 0.42, 0.65, 0.83, 0.39, 0.66, 0.85, 0.66, 0.45, 0.58, 0.88, 0.2, 0.28, 0.49, 0.24, 0.21, 0.84, 0.3, 0.66, 0.21, 0.76, 0.2, 0.75, 0.21, 0.65, 0.84, 0.77, 0.36, 0.16, 0.62, 0.77, 0.8, 0.42, 0.92, 0.54, 0.41, 0.57, 0.2, 0.62, 0.71, 0.48, 0.74, 0.64]"
2024-08,2024-07,"[1, 1, 0, 1, 0, 0, 1, 1, 0, 0, 0, 1, 1, 0, 0, 1, 0, 0, 1, 1, 1, 1, 1, 0, 1, 0, 1, 1, 0, 0, 0, 1, 1, 0, 0, 1, 0, 1, 1, 0, 1, 1, 1, 1, 1, 1, 1, 1, 1, 0, 1, 1, 1, 0, 1, 1, 1, 1, 1, 1, 1, 1, 1, 1, 1, 1, 0, 1, 0, 1, 1, 1, 1, 1, 0, 0, 1, 1, 0, 0, 0, 1, 1, 1, 1, 0, 0, 0, 1, 0, 1, 0, 0, 1, 0, 1, 1, 1, 1, 0, 0, 1, 1, 1, 1, 0, 1, 1, 1, 0, 1, 1, 0, 0, 0, 1, 1, 1, 0, 1, 0, 1, 0, 0, 1, 0, 1, 0, 1, 1, 0, 1, 1, 1, 1, 1, 1, 0, 1, 1, 0, 1, 1, 0, 1, 0, 0, 0, 1, 1, 1, 1, 0, 1, 1, 1, 1, 1, 0, 1, 1, 1, 1, 1, 0, 1, 1, 1, 1, 1, 0, 1, 1, 1, 0, 1, 1, 1, 1, 1, 0, 1, 0, 0, 0, 1, 1, 1, 0, 1, 1, 1, 1, 0, 1, 1, 1, 0, 0, 0, 0, 1, 0, 1, 1, 1, 1, 1, 1, 0, 0, 0, 1, 1, 0, 1, 1]","[1, 1, 1, 1, 0, 0, 1, 1, 0, 1, 0, 0, 1, 0, 0, 1, 0, 0, 0, 1, 1, 0, 1, 0, 1, 0, 1, 1, 1, 0, 0, 1, 1, 0, 0, 1, 0, 1, 1, 1, 1, 1, 1, 0, 1, 1, 1, 1, 1, 0, 1, 1, 1, 0, 1, 1, 1, 1, 1, 1, 1, 1, 1, 1, 0, 0, 0, 0, 0, 0, 1, 1, 1, 0, 0, 0, 1, 1, 0, 0, 0, 1, 1, 1, 1, 1, 0, 0, 1, 0, 1, 1, 0, 1, 0, 1, 1, 1, 1, 1, 0, 1, 1, 1, 1, 1, 1, 1, 0, 1, 1, 1, 0, 0, 0, 1, 1, 1, 1, 1, 0, 1, 1, 1, 0, 0, 0, 0, 1, 1, 0, 1, 0, 1, 0, 1, 1, 0, 1, 1, 0, 1, 1, 1, 0, 0, 0, 0, 0, 0, 1, 1, 0, 1, 1, 1, 1, 1, 0, 0, 1, 1, 1, 1, 0, 1, 0, 1, 1, 1, 1, 1, 1, 1, 1, 1, 1, 1, 1, 1, 0, 1, 0, 0, 0, 1, 1, 1, 1, 1, 1, 1, 1, 0, 1, 1, 1, 0, 0, 0, 0, 1, 1, 1, 1, 1, 1, 1, 1, 1, 1, 0, 1, 0, 1, 1, 1]","[0.86, 0.71, 0.95, 0.94, 0.02, 0.43, 0.91, 0.65, 0.29, 0.51, 0.31, 0.4, 0.88, 0.11, 0.42, 0.69, 0.49, 0.38, 0.19, 0.62, 0.82, 0.21, 0.76, 0.25, 0.92, 0.23, 0.8, 0.91, 0.93, 0.46, 0.37, 0.71, 0.65, 0.47, 0.31, 0.83, 0.38, 0.9, 0.79, 0.61, 0.52, 0.93, 0.95, 0.45446762341239316, 0.83, 0.75, 0.85, 0.9, 0.61, 0.47, 0.63, 0.69, 0.93, 0.15, 0.78, 0.96, 0.71, 0.95, 0.85, 0.81, 0.82, 0.82, 0.76, 0.62, 0.41, 0.29, 0.41, 0.45, 0.02, 0.42, 0.9, 0.93, 0.86, 0.39957683486894413, 0.06, 0.5, 0.9, 0.91, 0.27, 0.16, 0.19, 0.94, 0.91, 0.66, 0.84, 0.54, 0.36, 0.49, 0.6539321357285429, 0.29, 0.67, 0.76, 0.09393213572854292, 0.81, 0.29, 0.61, 0.88, 0.63, 0.81, 0.53, 0.29, 0.85, 0.9, 0.92, 0.83, 0.77, 0.68, 0.89, 0.41, 0.56, 0.87, 0.72, 0.42, 0.49, 0.25, 0.6, 0.77, 0.84, 0.79, 0.83, 0.3, 0.87, 0.89, 0.64, 0.32, 0.46, 0.3, 0.4, 0.51, 0.75, 0.37, 0.88, 0.4, 0.85, 0.43, 0.89, 0.84, 0.08, 0.78, 0.87, 0.26, 0.73, 0.93, 0.58, 0.35, 0.11, 0.18, 0.27, 0.5, 0.4, 0.77, 0.96, 0.27, 0.81, 0.5139321357285429, 0.87, 0.85, 0.93, 0.08, 0.45, 0.86, 0.95, 0.53, 0.84, 0.39, 0.53, 0.29, 0.94, 1.0, 0.9, 0.66, 0.85, 0.83, 0.67, 0.84, 0.91, 0.78, 0.87, 0.95, 0.86, 0.12, 0.71, 0.3, 0.27, 0.4, 0.66, 0.62, 0.88, 0.55, 0.82, 0.63, 0.77, 0.71, 0.3, 0.6, 0.7, 0.81, 0.37, 0.19, 0.02, 0.09, 0.85, 0.6, 0.99, 0.96, 0.85, 0.57, 0.85, 0.95, 0.7939321357285429, 0.51, 0.15, 0.8, 0.3, 0.53, 0.58, 0.57]"
2024-08,2024-09,"[0, 0, 1, 1, 0, 1, 1, 1, 0, 0, 1, 0, 1, 1, 1, 0, 1, 1, 1, 1, 1, 1, 0, 0, 0, 1, 1, 1, 1, 1, 0, 1, 1, 1, 1, 1, 1, 1, 1, 1, 1, 1, 0, 0, 1, 0, 1, 1, 1, 1, 1, 1, 1, 0, 1, 1, 0, 0, 1, 1, 1, 1, 1, 1, 1, 0, 1, 1, 1, 1, 1, 0, 1, 1, 1, 1, 0, 1, 1, 1, 1, 1, 1, 1, 0, 0, 1, 1, 1, 1, 0, 1, 1, 1, 0, 1, 1, 1, 1, 0, 1, 1, 0, 0, 0, 1, 0, 0, 0, 1, 1, 1, 1, 1, 0, 1, 0, 1, 1, 1, 1, 1, 1, 1, 1, 1, 1, 0, 1, 1, 1, 1, 1, 1, 1, 1, 1, 0, 1, 1, 1, 1, 1, 1, 0, 1, 1, 1, 1, 1, 0, 1, 1, 1, 1, 1, 1, 1, 0, 1, 0, 0, 1, 1, 1, 0, 1, 1, 0, 0, 0, 1, 1, 1, 1, 1, 0, 1, 1, 1, 1, 1, 1, 1, 1, 0, 1, 1, 0, 1, 1, 1, 1, 1, 0, 1, 1, 1, 1, 0, 0, 1, 1, 1, 1, 1, 1, 1, 0, 1, 1, 0, 1, 0, 1, 1, 1]","[0, 0, 1, 1, 1, 1, 1, 1, 1, 0, 1, 0, 1, 1, 1, 0, 1, 0, 1, 1, 1, 1, 0, 1, 0, 0, 1, 1, 0, 1, 0, 1, 1, 1, 1, 1, 1, 1, 1, 1, 1, 1, 0, 0, 1, 0, 1, 0, 1, 1, 1, 1, 0, 0, 1, 0, 0, 0, 1, 1, 1, 1, 1, 1, 1, 0, 1, 0, 1, 1, 0, 0, 1, 0, 1, 1, 0, 1, 1, 1, 1, 1, 1, 0, 0, 1, 1, 1, 1, 0, 0, 1, 0, 1, 0, 1, 1, 1, 0, 0, 1, 1, 0, 1, 1, 1, 1, 0, 0, 1, 1, 1, 0, 1, 0, 1, 0, 1, 1, 1, 1, 1, 1, 1, 1, 1, 1, 0, 1, 1, 1, 0, 1, 1, 1, 0, 1, 0, 1, 1, 1, 0, 1, 1, 0, 0, 1, 1, 1, 1, 0, 1, 0, 0, 0, 1, 1, 0, 0, 1, 0, 0, 0, 1, 0, 0, 1, 1, 1, 1, 0, 1, 1, 0, 1, 1, 0, 1, 1, 1, 1, 0, 1, 1, 1, 0, 0, 1, 1, 1, 1, 1, 1, 1, 1, 0, 0, 1, 1, 1, 0, 1, 1, 1, 1, 1, 1, 1, 0, 1, 1, 0, 1, 1, 0, 1, 1]","[0.04, 0.05, 0.79, 0.6, 0.61, 0.87, 0.9, 0.86, 0.73, 0.17, 0.96, 0.05393213572854291, 0.93, 0.87, 0.79, 0.22, 0.51, 0.03, 0.75, 0.89, 0.86, 0.73, 0.3339321357285429, 0.66, 0.03, 0.27, 0.88, 0.72, 0.26, 0.81, 0.31, 0.6, 0.63, 1.0, 0.82, 0.75, 0.78, 0.87, 0.64, 0.81, 0.95, 0.78, 0.48, 0.4, 0.85, 0.16, 0.76, 0.21, 0.76, 0.51, 0.823932135728543, 0.81, 0.11, 0.35, 0.77, 0.25, 0.27, 0.27, 0.9, 0.55, 0.65, 0.92, 0.73, 0.71, 0.77, 0.25, 0.94, 0.43, 0.7, 0.92, 0.16, 0.2, 0.75, 0.48, 0.6, 0.94, 0.34, 0.76, 0.63, 0.58, 0.85, 0.87, 0.75, 0.33, 0.21, 0.82, 0.89, 0.93, 0.81, 0.21, 0.21, 0.78, 0.1, 0.87, 0.16, 0.74, 0.84, 0.7, 0.38, 0.16, 0.59, 0.97, 0.2, 0.76, 0.54, 0.89, 0.66, 0.35, 0.39, 0.87, 0.66, 0.88, 0.4, 0.51, 0.3, 0.85, 0.28, 0.55, 0.77, 0.68, 0.8, 0.91, 0.92, 0.64, 0.63, 0.85, 0.61, 0.31, 0.91, 0.66, 0.65, 0.2, 0.79, 0.78, 0.91, 0.47, 0.65, 0.21, 0.88, 0.74, 0.61, 0.41, 0.9, 0.79, 0.5, 0.46, 0.85, 0.6, 0.53, 0.84, 0.4, 0.82, 0.28, 0.3, 0.21, 0.76, 0.92, 0.32, 0.29, 0.81, 0.49, 0.37, 0.14, 0.74, 0.4853263324730581, 0.23, 0.95, 0.85, 0.85, 0.98, 0.28, 0.77, 0.74, 0.45, 0.79, 0.66, 0.44, 0.77, 0.72, 0.64, 0.72, 0.28, 0.96, 0.88, 0.9, 0.01, 0.33, 0.83, 0.53, 0.54, 0.82, 0.8, 0.85, 0.85, 0.66, 0.38, 0.41, 0.9, 0.87, 0.78, 0.17, 0.9, 0.603932135728543, 0.82, 0.8, 0.55, 0.82, 0.62, 0.41, 0.78, 0.95, 0.08, 0.95, 0.57, 0.4639321357285429, 0.88, 0.77]"
2024-08,2024-10,"[0, 0, 0, 1, 1, 0, 1, 1, 1, 1, 1, 0, 1, 0, 1, 1, 0, 1, 1, 1, 1, 0, 1, 0, 1, 1, 1, 0, 1, 0, 1, 1, 1, 0, 0, 1, 1, 1, 1, 0, 1, 1, 1, 1, 1, 0, 0, 1, 0, 0, 1, 0, 1, 0, 1, 0, 1, 1, 0, 1, 0, 0, 0, 0, 1, 1, 1, 1, 1, 1, 1, 1, 1, 1, 1, 0, 1, 0, 0, 1, 1, 0, 1, 0, 1, 1, 0, 1, 0, 1, 0, 0, 1, 1, 1, 1, 1, 0, 1, 0, 0, 1, 0, 0, 1, 1, 1, 1, 0, 0, 1, 0, 1, 1, 0, 1, 1, 1, 1, 1, 0, 1, 1, 0, 1, 1, 1, 1, 1, 1, 1, 1, 1, 1, 1, 0, 1, 1, 1, 1, 1, 1, 1, 1, 0, 0, 1, 1, 0, 0, 1, 1, 1, 0, 1, 1, 1, 1, 1, 1, 1, 1, 0, 0, 1, 1, 1, 0, 1, 1, 1, 1, 0, 1, 1, 1, 1, 1, 0, 1, 1, 1, 0, 0, 1, 1, 1, 1, 1, 1, 1, 0, 1, 1, 1, 1, 1, 0, 0, 1, 1, 1, 1, 0, 1, 1, 1, 1, 0, 1, 1, 0, 1, 1, 0]","[1, 0, 0, 1, 0, 1, 1, 0, 1, 0, 1, 0, 1, 0, 1, 1, 1, 1, 1, 0, 0, 0, 1, 1, 0, 1, 1, 1, 1, 0, 1, 1, 0, 1, 0, 1, 1, 1, 1, 0, 0, 1, 0, 1, 1, 1, 1, 1, 0, 0, 1, 0, 1, 0, 0, 0, 1, 1, 1, 1, 0, 0, 0, 0, 1, 1, 0, 1, 0, 0, 1, 1, 1, 1, 1, 1, 1, 1, 1, 1, 0, 0, 1, 1, 1, 0, 1, 1, 1, 1, 0, 1, 1, 1, 1, 1, 1, 1, 0, 1, 0, 1, 0, 0, 1, 1, 0, 1, 0, 0, 1, 0, 0, 1, 0, 0, 1, 1, 0, 1, 1, 0, 1, 0, 0, 1, 0, 1, 0, 1, 1, 1, 0, 0, 1, 0, 1, 1, 0, 1, 1, 1, 1, 1, 1, 0, 1, 0, 1, 0, 0, 1, 1, 0, 1, 1, 1, 1, 0, 1, 0, 1, 0, 0, 1, 1, 0, 0, 1, 1, 1, 0, 1, 1, 1, 0, 1, 1, 1, 0, 0, 1, 1, 0, 1, 0, 1, 1, 1, 1, 0, 1, 1, 1, 0, 1, 1, 0, 0, 1, 0, 1, 1, 0, 1, 1, 1, 0, 1, 1, 1, 0, 1, 1, 0]","[0.58, 0.2, 0.14, 0.66, 0.25, 0.56, 0.84, 0.23, 0.95, 0.33, 0.56, 0.31, 0.8, 0.43, 0.6, 0.67, 0.53, 0.9, 0.79, 0.16, 0.28, 0.3, 0.55, 0.57, 0.29, 0.84, 0.8, 0.63, 0.64, 0.49, 0.95, 0.77, 0.34, 0.68, 0.33, 0.79, 0.68, 0.76, 0.75, 0.49, 0.21, 0.88, 0.5, 0.79, 0.81, 0.55, 0.66, 0.78, 0.18, 0.28, 0.8, 0.21, 0.9, 0.07, 0.16, 0.48, 0.72, 0.71, 0.91, 0.94, 0.45, 0.35, 0.37, 0.37, 0.93, 0.8, 0.19, 0.62, 0.44, 0.33, 0.85, 0.94, 0.72, 0.97, 0.84, 0.74, 0.76, 0.91, 0.97, 0.58, 0.32, 0.42, 0.8, 0.72, 0.55, 0.5, 0.52, 0.76, 0.62, 0.74, 0.39, 0.75, 0.72, 0.71, 0.84, 0.95, 0.88, 0.65, 0.39, 0.84, 0.31, 0.83, 0.45, 0.4, 0.84, 0.77, 0.4495768348689441, 0.86, 0.19, 0.09, 0.85, 0.34, 0.16, 0.92, 0.33, 0.21, 0.8, 0.57, 0.45, 0.6413732420545729, 0.823932135728543, 0.44, 0.81, 0.48, 0.11, 0.71, 0.28, 0.73, 0.29, 0.55, 0.56, 0.68, 0.32, 0.35, 0.76, 0.25, 0.82, 0.94, 0.43, 0.72, 0.8, 0.73, 0.91, 0.82, 0.55, 0.2, 0.79, 0.27, 0.73, 0.05, 0.15, 0.87, 0.75, 0.11, 0.73, 0.86, 0.85, 0.96, 0.21, 0.87, 0.17, 0.86, 0.35, 0.21393213572854294, 0.88, 0.83, 0.4, 0.01, 0.86, 0.88, 0.86, 0.23, 0.76, 0.87, 0.63, 0.47, 0.85, 0.94, 0.92, 0.14, 0.37, 0.75, 0.66, 0.2556446991404011, 0.77, 0.27, 0.77, 0.88, 0.78, 0.72, 0.26, 0.74, 0.51, 0.75, 0.23, 0.96, 0.76, 0.06, 0.19, 0.91, 0.26, 0.93, 0.78, 0.38, 0.89, 0.95, 0.7839321357285429, 0.42393213572854294, 0.56, 0.82, 0.9, 0.32, 0.63, 0.51, 0.14]"
2024-08,2024-06,"[0, 1, 1, 1, 0, 0, 1, 1, 1, 0, 1, 0, 1, 1, 1, 0, 1, 0, 1, 0, 1, 1, 1, 1, 1, 1, 1, 1, 1, 1, 1, 0, 1, 1, 1, 1, 1, 1, 0, 1, 0, 1, 1, 1, 1, 1, 1, 0, 1, 1, 1, 1, 1, 0, 0, 0, 0, 1, 1, 1, 0, 1, 0, 0, 1, 1, 1, 0, 0, 1, 1, 0, 1, 1, 0, 0, 1, 0, 1, 1, 1, 1, 0, 0, 1, 1, 0, 1, 1, 0, 0, 0, 1, 0, 1, 0, 1, 1, 1, 1, 0, 1, 1, 1, 1, 1, 0, 1, 0, 1, 1, 0, 1, 0, 1, 1, 1, 0, 0, 0, 0, 0, 0, 0, 1, 1, 1, 1, 0, 1, 1, 0, 1, 1, 1, 1, 1, 1, 1, 1, 0, 0, 1, 1, 1, 1, 1, 0, 1, 1, 0, 0, 1, 1, 1, 0, 1, 1, 0, 1, 1, 1, 1, 1, 0, 1, 1, 0, 0, 0, 1, 0, 1, 1, 1, 1, 1, 1, 0, 0, 1, 1, 1, 1, 0, 1, 1, 0, 0, 1, 1, 1, 1, 0, 1, 0, 0, 1, 0, 0, 1, 1, 1, 1, 0, 1, 1, 1, 0]","[0, 1, 1, 1, 0, 0, 1, 1, 1, 1, 0, 1, 1, 1, 1, 1, 1, 0, 1, 0, 1, 1, 1, 1, 1, 1, 1, 0, 1, 1, 1, 0, 0, 0, 1, 1, 0, 1, 0, 1, 1, 1, 1, 1, 1, 1, 0, 0, 1, 1, 1, 0, 1, 1, 0, 1, 1, 1, 1, 1, 0, 1, 0, 0, 1, 1, 1, 0, 0, 0, 1, 1, 1, 0, 0, 0, 1, 0, 1, 1, 0, 1, 0, 0, 0, 0, 0, 1, 1, 0, 1, 0, 1, 1, 1, 0, 1, 1, 1, 0, 0, 1, 0, 1, 1, 1, 0, 1, 0, 1, 1, 0, 1, 1, 1, 1, 1, 0, 0, 0, 0, 0, 1, 0, 1, 1, 1, 1, 1, 1, 1, 1, 1, 0, 1, 1, 0, 1, 1, 1, 0, 0, 1, 1, 1, 1, 1, 0, 1, 1, 0, 0, 0, 1, 1, 0, 1, 0, 0, 0, 1, 1, 1, 1, 1, 0, 1, 0, 1, 1, 1, 0, 1, 0, 1, 1, 1, 0, 0, 0, 1, 1, 1, 1, 1, 1, 0, 0, 0, 1, 1, 1, 1, 1, 1, 0, 0, 1, 0, 0, 0, 1, 1, 1, 1, 1, 1, 1, 0]","[0.20393213572854293, 0.7, 0.83, 0.86, 0.44, 0.01, 0.85, 0.86, 0.6, 0.54, 0.28, 0.52, 0.73, 0.7, 0.76, 0.76, 0.7, 0.08, 0.8, 0.27, 0.84, 0.7, 0.79, 0.72, 0.55, 0.63, 0.68, 0.44, 0.68, 0.96, 0.95, 0.33, 0.45, 0.5, 0.85, 0.96, 0.35, 0.57, 0.1, 0.74, 0.73, 0.89, 0.69, 0.74, 0.82, 0.62, 0.45, 0.21, 0.54, 0.62, 0.58, 0.47, 0.7, 0.69, 0.24, 0.67, 0.68, 0.73, 0.57, 0.93, 0.2, 0.6, 0.34, 0.37, 0.83, 0.57, 0.87, 0.31, 0.35, 0.43, 0.77, 0.7, 0.85, 0.42, 0.11, 0.18, 0.88, 0.19, 0.62, 0.86, 0.22, 0.76, 0.48, 0.33, 0.21, 0.47, 0.4, 0.79, 0.73, 0.35, 0.91, 0.32, 0.84, 0.65, 0.87, 0.29, 0.63, 0.77, 0.94, 0.45, 0.37, 0.8, 0.2, 0.9, 0.88, 0.74, 0.17, 0.8978642714570859, 0.16, 0.9, 0.84, 0.3, 0.88, 0.88, 0.65, 0.79, 0.79, 0.35, 0.3, 0.18, 0.27, 0.5, 0.75, 0.35, 0.75, 0.59, 0.88, 0.72, 0.74, 0.5274411063260299, 0.84, 0.61, 0.77, 0.37, 0.9, 0.85, 0.43, 0.89, 0.5139321357285429, 0.87, 0.25, 0.13, 0.89, 0.86, 0.54, 0.97, 0.83, 0.36, 0.65, 0.74, 0.47, 0.38, 0.3, 0.77, 0.67, 0.26, 0.96, 0.26, 0.3, 0.38, 0.53, 0.5756378088990881, 0.73, 0.58, 0.66, 0.34, 0.73, 0.09, 0.69, 0.74, 0.92, 0.34, 0.72, 0.36, 0.94, 0.57, 0.89, 0.23, 0.3, 0.13, 0.72, 0.68, 0.63, 0.83, 0.52, 0.74, 0.44, 0.3, 0.4, 0.94, 0.83, 0.77, 0.79, 0.76, 0.61, 0.4, 0.39, 0.84, 0.13, 0.45, 0.21, 0.8, 0.9, 0.89, 0.75, 0.71, 0.84, 0.85, 0.22]"
2024-08,2024-02,"[1, 1, 0, 0, 0, 1, 1, 1, 1, 1, 0, 1, 1, 0, 1, 1, 0, 0, 1, 1, 1, 1, 0, 1, 0, 0, 0, 0, 1, 0, 1, 1, 0, 1, 1, 1, 1, 0, 0, 0, 1, 1, 1, 1, 0, 1, 1, 1, 1, 0, 1, 0, 1, 1, 1, 0, 1, 0, 1, 1, 1, 1, 1, 0, 1, 0, 1, 1, 1, 1, 1, 1, 0, 1, 1, 1, 1, 1, 0, 0, 1, 1, 1, 1, 1, 1, 0, 1, 1, 1, 0, 1, 0, 1, 1, 0, 0, 1, 1, 1, 1, 1, 0, 0, 1, 1, 0, 1, 1, 0, 1, 1, 1, 1, 1, 1, 1, 1, 0, 1, 1, 1, 1, 1, 1, 1, 1, 1, 1, 0, 1, 1, 0, 0, 0, 0, 1, 0, 1, 0, 1, 1, 1, 1, 1, 1, 1, 1, 1, 1, 1, 1, 1, 1, 1, 0, 1, 1, 1, 1, 1, 1, 0, 0, 0, 1, 1, 1, 1, 1, 0, 0, 1, 1, 1, 1, 1, 1, 0, 1, 1, 1, 1, 0, 0, 0, 1, 0, 0, 1, 1, 0, 0, 1, 0, 1, 1, 1, 0, 0, 1, 1, 0, 1, 1, 1, 1, 0, 1, 0, 1, 1, 0, 1]","[1, 1, 0, 1, 0, 1, 1, 0, 1, 0, 1, 0, 0, 0, 1, 0, 0, 0, 1, 1, 0, 1, 0, 1, 1, 0, 0, 0, 1, 0, 1, 1, 0, 1, 1, 1, 1, 0, 0, 0, 1, 1, 1, 1, 0, 0, 1, 1, 0, 0, 1, 0, 1, 1, 1, 0, 0, 0, 1, 1, 1, 1, 1, 0, 0, 0, 1, 1, 1, 1, 0, 1, 0, 0, 1, 1, 1, 1, 0, 0, 1, 1, 1, 1, 0, 1, 0, 1, 1, 1, 0, 1, 0, 1, 1, 0, 0, 1, 1, 1, 0, 1, 0, 0, 1, 1, 0, 0, 1, 1, 1, 1, 1, 1, 1, 1, 1, 1, 0, 1, 1, 1, 1, 0, 1, 1, 1, 1, 0, 0, 0, 1, 0, 0, 0, 0, 1, 1, 1, 1, 1, 1, 1, 0, 1, 1, 1, 1, 1, 1, 1, 1, 1, 1, 1, 0, 1, 1, 0, 1, 1, 1, 0, 0, 0, 0, 1, 1, 1, 0, 0, 1, 1, 1, 1, 0, 1, 1, 0, 1, 0, 1, 1, 0, 0, 1, 0, 1, 0, 1, 1, 1, 0, 1, 0, 1, 1, 1, 0, 1, 1, 0, 0, 0, 1, 1, 1, 0, 1, 0, 0, 1, 0, 0]","[0.87, 0.83, 0.02, 0.63, 0.09, 0.74, 0.7, 0.35, 0.82, 0.46, 0.63, 0.41, 0.41, 0.39, 0.62, 0.48, 0.31, 0.16, 0.81, 0.85, 0.45, 0.89, 0.24, 0.82, 0.75, 0.11, 0.19, 0.36, 0.79, 0.34, 0.86, 0.84, 0.07, 0.91, 0.67, 0.78, 0.75, 0.22, 0.34, 0.2, 0.91, 0.87, 0.68, 0.71, 0.41, 0.48, 0.87, 0.87, 0.2, 0.03, 0.79, 0.42, 0.69, 0.63, 0.65, 0.5, 0.3, 0.42, 0.94, 0.92, 0.8, 0.82, 0.81, 0.34, 0.22, 0.2, 0.78, 0.52, 0.59, 0.82, 0.22, 0.6105354876838502, 0.49, 0.46, 0.85, 0.86, 0.93, 0.89, 0.13, 0.39, 0.75, 0.89, 0.79, 0.54, 0.37660335195530725, 0.73, 0.27, 0.89, 0.82, 0.89, 0.35, 0.93, 0.37, 0.78, 0.88, 0.35, 0.34, 0.81, 0.94, 0.6313732420545729, 0.5, 0.81, 0.46, 0.42, 0.79, 0.81, 0.42, 0.25, 0.82, 0.76, 0.52, 0.86, 0.72, 0.76, 0.85, 0.64, 0.93, 0.59, 0.3939321357285429, 0.77, 0.97, 0.94, 0.56, 0.33, 0.85, 0.67, 0.94, 0.86, 0.12, 0.28, 0.48, 0.71, 0.11, 0.41, 0.03, 0.31564469914040116, 0.88, 0.55, 0.93, 0.72, 0.5339321357285429, 0.87, 0.76, 0.21, 0.67, 0.91, 0.72, 0.74, 0.92, 0.6, 0.6, 0.77, 0.78, 0.85, 0.593932135728543, 0.19, 0.81, 0.55, 0.48, 0.88, 0.55, 0.72, 0.02, 0.11, 0.46, 0.46, 0.97, 0.88, 0.53, 0.4095768348689441, 0.35, 0.52, 0.8, 0.71, 0.96, 0.38, 0.56, 0.84, 0.05393213572854291, 0.93, 0.19, 0.6, 0.57, 0.33, 0.27, 0.57, 0.42, 0.53, 0.2, 0.54, 0.76, 0.77, 0.37, 0.82, 0.09, 0.73, 0.82, 0.85, 0.48, 0.67, 0.9, 0.49, 0.35, 0.37, 0.78, 0.81, 0.82, 0.15, 0.89, 0.26, 0.45, 0.8, 0.35, 0.43]"
2024-08,2024-11,"[1, 1, 1, 0, 0, 1, 1, 1, 1, 1, 1, 1, 1, 1, 1, 1, 1, 1, 1, 1, 1, 1, 1, 1, 1, 1, 0, 1, 1, 1, 1, 1, 1, 1, 1, 1, 1, 1, 1, 1, 1, 0, 1, 1, 1, 1, 1, 1, 1, 1, 1, 0, 0, 1, 1, 1, 1, 1, 1, 1, 1, 1, 1, 1, 1, 1, 1, 0, 1, 1, 1, 1, 0, 1, 0, 1, 1, 0, 1, 1, 1, 1, 1, 0, 1, 1, 1, 1, 1, 1, 1, 1, 1, 0, 0, 1, 1, 1, 1, 1, 0, 1, 1, 1, 1, 0, 1, 1, 1, 1, 1, 1, 1, 1, 0, 1, 1, 1, 1, 0, 1, 1, 1, 1, 1, 1, 1, 1, 1, 1, 1, 1, 1, 1, 1, 1, 1, 1, 0, 1, 1, 1, 1, 1, 1, 1, 1, 1, 1, 1, 1, 0, 1, 1, 1, 1, 0, 1, 1, 1, 1, 1, 1, 1, 1, 0, 1, 0, 1, 1, 1, 0, 0, 1, 1, 1, 1, 1, 1, 1, 1, 0, 1, 0, 0, 1, 1, 1, 1, 1, 0, 1, 1, 1, 1, 1, 0, 1, 1, 1, 1, 0, 1, 1, 0, 1, 1, 1, 1, 1, 0, 1, 1, 1, 0, 0, 1, 1]","[1, 1, 0, 1, 0, 1, 1, 1, 1, 1, 1, 0, 1, 0, 1, 1, 1, 0, 1, 0, 1, 1, 1, 0, 1, 1, 0, 1, 1, 1, 1, 1, 1, 0, 1, 1, 1, 1, 1, 1, 1, 0, 0, 1, 0, 0, 1, 0, 1, 1, 1, 0, 0, 1, 1, 1, 1, 1, 1, 0, 1, 1, 1, 0, 1, 0, 1, 0, 1, 1, 1, 1, 0, 1, 0, 0, 0, 1, 1, 1, 1, 1, 1, 1, 1, 0, 1, 1, 1, 0, 1, 0, 1, 0, 0, 1, 0, 1, 1, 1, 0, 1, 0, 1, 1, 1, 1, 0, 1, 0, 1, 1, 1, 1, 0, 1, 1, 0, 1, 1, 0, 1, 1, 1, 1, 1, 1, 0, 0, 1, 1, 1, 0, 0, 0, 0, 1, 1, 0, 1, 1, 0, 0, 1, 1, 1, 1, 1, 1, 1, 0, 0, 1, 1, 1, 0, 0, 1, 1, 1, 1, 1, 1, 1, 1, 0, 1, 1, 1, 1, 0, 1, 0, 0, 1, 1, 1, 0, 0, 1, 1, 1, 1, 1, 0, 0, 1, 1, 1, 1, 1, 0, 1, 0, 0, 1, 1, 1, 0, 0, 0, 0, 1, 0, 0, 0, 0, 1, 1, 0, 1, 1, 0, 0, 0, 0, 1, 1]","[0.96, 0.75, 0.01, 0.53, 0.1, 0.82, 0.71, 0.79, 0.81, 0.74, 0.72, 0.14, 0.73, 0.4853263324730581, 0.8, 0.58, 0.69, 0.21, 0.91, 0.3, 0.81, 0.91, 0.88, 0.19, 0.86, 0.89, 0.16, 0.87, 0.91, 0.9, 0.92, 0.8, 0.95, 0.33, 0.83, 0.67, 0.91, 0.87, 0.6, 0.67, 0.89, 0.42, 0.19, 0.84, 0.47, 0.43, 0.62, 0.36, 0.73, 0.6, 0.73, 0.17, 0.27, 0.6, 0.9, 0.81, 0.56, 0.78, 0.73, 0.29, 0.82, 0.94, 0.84, 0.22, 0.59, 0.43, 0.93, 0.17, 0.78, 0.52, 0.82, 0.75, 0.3, 0.96, 0.39, 0.21, 0.27, 0.77, 0.66, 0.69, 0.51, 0.84, 0.7, 0.75, 0.78, 0.47, 0.83, 0.87, 0.87, 0.36, 0.95, 0.37, 0.66, 0.42, 0.41, 0.72, 0.32, 0.91, 0.76, 0.92, 0.33, 0.57, 0.24, 0.93, 0.72, 0.75, 0.68, 0.2, 0.91, 0.45, 0.77, 0.79, 0.71, 0.87, 0.11, 0.51, 0.75, 0.34, 0.76, 0.62, 0.48, 0.64, 0.93, 0.79, 0.81, 0.93, 0.99, 0.45, 0.25, 0.69, 0.94, 0.87, 0.03, 0.11, 0.18, 0.37, 0.89, 0.69, 0.41, 0.65, 0.97, 0.03, 0.36564469914040115, 0.55, 0.8, 0.74, 0.95, 0.74, 0.5978642714570859, 0.94, 0.2, 0.22, 0.91, 0.79, 0.75, 0.2, 0.46, 0.75, 0.86, 0.66, 0.64, 0.69, 0.9, 0.73, 0.88, 0.02, 0.86, 0.59, 0.88, 0.84, 0.37, 0.72, 0.11, 0.5, 0.85, 0.74, 0.9478642714570858, 0.47, 0.05393213572854291, 0.89, 0.84, 0.53, 0.79, 0.9, 0.26, 0.34, 0.77, 0.58, 0.92, 0.55, 0.56, 0.42, 0.82, 0.24, 0.29, 0.82, 0.6, 0.73, 0.38, 0.34, 0.47, 0.17, 0.8, 0.2, 0.28, 0.4, 0.44, 0.77, 0.81, 0.16, 0.66, 0.82, 0.44, 0.38, 0.24, 0.37, 0.78, 0.53]"
2024-07,2024-07,"[1, 1, 0, 1, 0, 0, 1, 1, 0, 0, 0, 1, 1, 0, 0, 1, 0, 0, 1, 1, 1, 1, 1, 0, 1, 0, 1, 1, 0, 0, 0, 1, 1, 0, 0, 1, 0, 1, 1, 0, 1, 1, 1, 1, 1, 1, 1, 1, 1, 0, 1, 1, 1, 0, 1, 1, 1, 1, 1, 1, 1, 1, 1, 1, 1, 1, 0, 1, 0, 1, 1, 1, 1, 1, 0, 0, 1, 1, 0, 0, 0, 1, 1, 1, 1, 0, 0, 0, 1, 0, 1, 0, 0, 1, 0, 1, 1, 1, 1, 0, 0, 1, 1, 1, 1, 0, 1, 1, 1, 0, 1, 1, 0, 0, 0, 1, 1, 1, 0, 1, 0, 1, 0, 0, 1, 0, 1, 0, 1, 1, 0, 1, 1, 1, 1, 1, 1, 0, 1, 1, 0, 1, 1, 0, 1, 0, 0, 0, 1, 1, 1, 1, 0, 1, 1, 1, 1, 1, 0, 1, 1, 1, 1, 1, 0, 1, 1, 1, 1, 1, 0, 1, 1, 1, 0, 1, 1, 1, 1, 1, 0, 1, 0, 0, 0, 1, 1, 1, 0, 1, 1, 1, 1, 0, 1, 1, 1, 0, 0, 0, 0, 1, 0, 1, 1, 1, 1, 1, 1, 0, 0, 0, 1, 1, 0, 1, 1]","[1, 0, 1, 1, 0, 1, 1, 1, 0, 0, 0, 0, 1, 0, 0, 1, 1, 0, 1, 1, 1, 1, 1, 0, 1, 0, 1, 1, 1, 0, 0, 1, 0, 0, 0, 1, 1, 1, 0, 1, 1, 1, 1, 0, 1, 0, 1, 1, 1, 1, 1, 1, 1, 0, 0, 1, 1, 1, 0, 1, 0, 1, 1, 1, 0, 1, 1, 1, 0, 1, 1, 1, 1, 1, 0, 0, 1, 1, 1, 0, 0, 1, 1, 1, 1, 0, 1, 1, 0, 0, 1, 1, 0, 1, 1, 1, 1, 0, 1, 0, 0, 1, 1, 1, 1, 0, 1, 1, 1, 0, 1, 1, 1, 1, 0, 0, 1, 1, 1, 1, 1, 1, 1, 1, 1, 0, 1, 0, 1, 1, 1, 1, 0, 0, 1, 1, 0, 0, 1, 0, 0, 1, 1, 1, 0, 0, 0, 0, 0, 1, 1, 1, 1, 1, 0, 1, 1, 1, 0, 0, 1, 1, 1, 1, 1, 1, 1, 1, 1, 1, 1, 0, 1, 1, 1, 1, 1, 1, 1, 1, 1, 0, 0, 0, 0, 1, 1, 1, 1, 1, 0, 1, 1, 1, 0, 1, 1, 1, 0, 0, 0, 1, 1, 1, 1, 1, 1, 1, 1, 1, 1, 1, 0, 1, 1, 1, 0]","[0.87, 0.41, 0.93, 0.58, 0.29, 0.7082729245431304, 0.8, 0.65, 0.46, 0.37, 0.19, 0.39, 0.61, 0.46, 0.46, 0.79, 0.81, 0.5, 0.61, 0.65, 0.84, 0.6, 0.6, 0.47, 0.87, 0.22, 0.86, 0.86, 0.91, 0.2, 0.14, 0.74, 0.39, 0.2, 0.38, 0.78, 0.66, 0.6, 0.48, 0.78, 0.72, 0.8, 0.65, 0.5, 0.549952947303834, 0.49, 0.61, 0.92, 0.89, 0.66, 0.74, 0.78, 0.94, 0.33, 0.48, 0.67, 0.532540272614622, 0.8, 0.44, 0.7, 0.4640513833992095, 0.79, 0.52, 0.74, 0.46, 0.63, 0.55, 0.51, 0.1, 0.61, 0.75, 0.63, 0.77, 0.5002105149017735, 0.06, 0.33, 0.81, 0.86, 0.65, 0.05, 0.49, 0.83, 0.6, 0.73, 0.71, 0.49671397379912663, 0.68, 0.69, 0.11, 0.48, 0.51, 0.56, 0.16, 0.75, 0.88, 0.76, 0.62, 0.2, 0.73, 0.43, 0.09, 0.53, 0.89, 0.66, 0.87, 0.45, 0.95, 0.9, 0.87, 0.43, 0.89, 0.83, 0.56, 0.6, 0.36, 0.37, 0.52, 0.64, 0.61, 0.54, 0.87, 0.53, 0.56, 0.8, 0.72, 0.43, 0.77, 0.44, 0.81, 0.87, 0.8965916560138316, 0.64, 0.29, 0.39, 0.7082729245431304, 0.52, 0.48, 0.18, 0.68, 0.5, 0.49, 0.78, 0.55, 0.5867139737991266, 0.15, 0.25, 0.41, 0.43981790941890003, 0.3548167405975456, 0.69, 0.8, 0.83, 0.62, 0.86, 0.44231704147097095, 0.89, 0.83, 0.95, 0.3, 0.3782100507957344, 0.52, 0.86, 0.52, 0.69, 0.7, 0.81, 0.51, 0.67, 0.94, 0.74, 0.52, 0.46, 0.84, 0.73, 0.77, 0.78, 0.94, 0.82, 0.96, 0.82, 0.72, 0.31, 0.22, 0.31, 0.3, 0.68, 0.58, 0.92, 0.75, 0.87, 0.5, 0.82, 0.77, 0.57, 0.23, 0.79, 0.95, 0.83, 0.38, 0.14, 0.09, 0.67, 0.9, 0.6, 0.75, 0.84, 0.67, 0.59, 0.54, 0.91, 0.83, 0.58, 0.39, 0.76, 0.9, 0.57, 0.28]"
2024-07,2024-09,"[0, 0, 1, 1, 0, 1, 1, 1, 0, 0, 1, 0, 1, 1, 1, 0, 1, 1, 1, 1, 1, 1, 0, 0, 0, 1, 1, 1, 1, 1, 0, 1, 1, 1, 1, 1, 1, 1, 1, 1, 1, 1, 0, 0, 1, 0, 1, 1, 1, 1, 1, 1, 1, 0, 1, 1, 0, 0, 1, 1, 1, 1, 1, 1, 1, 0, 1, 1, 1, 1, 1, 0, 1, 1, 1, 1, 0, 1, 1, 1, 1, 1, 1, 1, 0, 0, 1, 1, 1, 1, 0, 1, 1, 1, 0, 1, 1, 1, 1, 0, 1, 1, 0, 0, 0, 1, 0, 0, 0, 1, 1, 1, 1, 1, 0, 1, 0, 1, 1, 1, 1, 1, 1, 1, 1, 1, 1, 0, 1, 1, 1, 1, 1, 1, 1, 1, 1, 0, 1, 1, 1, 1, 1, 1, 0, 1, 1, 1, 1, 1, 0, 1, 1, 1, 1, 1, 1, 1, 0, 1, 0, 0, 1, 1, 1, 0, 1, 1, 0, 0, 0, 1, 1, 1, 1, 1, 0, 1, 1, 1, 1, 1, 1, 1, 1, 0, 1, 1, 0, 1, 1, 1, 1, 1, 0, 1, 1, 1, 1, 0, 0, 1, 1, 1, 1, 1, 1, 1, 0, 1, 1, 0, 1, 0, 1, 1, 1]","[0, 0, 1, 1, 1, 1, 1, 1, 0, 0, 1, 0, 1, 0, 1, 0, 0, 0, 1, 1, 1, 0, 0, 0, 0, 1, 1, 1, 0, 1, 0, 1, 1, 1, 0, 1, 1, 1, 1, 1, 1, 1, 0, 1, 1, 1, 0, 0, 1, 1, 1, 1, 1, 0, 1, 1, 0, 0, 1, 1, 1, 0, 1, 1, 1, 0, 1, 1, 0, 1, 0, 0, 1, 1, 1, 1, 0, 1, 1, 1, 1, 0, 1, 1, 0, 1, 1, 1, 1, 0, 1, 1, 0, 0, 0, 1, 1, 0, 1, 0, 0, 1, 1, 1, 0, 1, 1, 0, 0, 1, 0, 0, 0, 0, 0, 1, 0, 1, 1, 1, 0, 1, 1, 1, 1, 0, 1, 0, 1, 1, 1, 1, 1, 1, 1, 1, 1, 0, 1, 1, 1, 1, 1, 1, 1, 1, 1, 0, 0, 1, 0, 0, 0, 1, 1, 1, 1, 1, 0, 0, 1, 0, 1, 1, 1, 1, 1, 0, 1, 1, 0, 0, 1, 0, 1, 1, 0, 0, 1, 1, 1, 0, 1, 1, 1, 0, 0, 1, 0, 1, 1, 1, 1, 1, 1, 0, 1, 1, 0, 1, 0, 1, 1, 1, 1, 1, 1, 1, 1, 1, 1, 0, 1, 1, 0, 1, 1]","[0.2, 0.15, 0.68, 0.7718501805054152, 0.76, 0.9, 0.74, 0.75, 0.35, 0.18, 0.9, 0.07, 0.88, 0.22, 0.77, 0.41, 0.26, 0.08, 0.89, 0.85, 0.7750534100246508, 0.43, 0.4, 0.48, 0.01, 0.7267139737991266, 0.88, 0.88, 0.2048167405975456, 0.75, 0.26, 0.7, 0.76, 0.94, 0.5, 0.88, 0.74, 0.8, 0.77, 0.87, 0.79, 0.83, 0.34, 0.62, 0.67, 0.75, 0.4650534100246508, 0.09, 0.88, 0.6, 0.91, 0.88, 0.73, 0.17, 0.54, 0.78, 0.33, 0.3, 0.78, 0.75, 0.75, 0.24, 0.58, 0.86, 0.63, 0.43, 0.9, 0.75, 0.23, 0.93, 0.5, 0.38, 0.57, 0.72, 0.71, 0.92, 0.19, 0.72, 0.67, 0.69, 0.81, 0.16, 0.7218501805054152, 0.88, 0.19, 0.66, 0.67, 0.9, 0.85, 0.35, 0.9040513833992095, 0.92, 0.04, 0.48, 0.12, 0.75, 0.84, 0.32, 0.76, 0.08, 0.3, 0.75, 0.55, 0.63, 0.14, 0.55, 0.84, 0.16, 0.44, 0.91, 0.5, 0.5, 0.24, 0.49, 0.43, 0.86, 0.16, 0.82, 0.83, 0.95, 0.41, 0.91, 0.76, 0.78, 0.59, 0.37, 0.86, 0.16, 0.87, 0.62, 0.52, 0.69, 0.93, 0.65, 0.73, 0.54, 0.86, 0.1, 0.93, 0.75, 0.77, 0.85, 0.62, 0.8, 0.81, 0.79, 0.67, 0.49, 0.09, 0.85, 0.24, 0.48, 0.28, 0.76, 0.6, 0.6, 0.87, 0.51, 0.18, 0.38, 0.54, 0.23, 0.78, 0.62, 0.55, 0.51, 0.74, 0.22, 0.75, 0.54, 0.41, 0.39, 0.81, 0.31, 0.74, 0.79, 0.39, 0.03, 0.78, 0.76, 0.76, 0.18, 0.91, 0.84, 0.9240513833992096, 0.08, 0.35, 0.66, 0.21, 0.84, 0.6283067986343126, 0.76, 0.6340513833992094, 0.86, 0.8, 0.16, 0.55, 0.79, 0.39, 0.73, 0.27, 0.92, 0.7857665260196905, 0.7, 0.8, 0.71, 0.9, 0.75, 0.68, 0.62, 0.84, 0.3, 0.9, 0.86, 0.3882100507957344, 0.7, 0.88]"
2024-07,2024-10,"[0, 0, 0, 1, 1, 0, 1, 1, 1, 1, 1, 0, 1, 0, 1, 1, 0, 1, 1, 1, 1, 0, 1, 0, 1, 1, 1, 0, 1, 0, 1, 1, 1, 0, 0, 1, 1, 1, 1, 0, 1, 1, 1, 1, 1, 0, 0, 1, 0, 0, 1, 0, 1, 0, 1, 0, 1, 1, 0, 1, 0, 0, 0, 0, 1, 1, 1, 1, 1, 1, 1, 1, 1, 1, 1, 0, 1, 0, 0, 1, 1, 0, 1, 0, 1, 1, 0, 1, 0, 1, 0, 0, 1, 1, 1, 1, 1, 0, 1, 0, 0, 1, 0, 0, 1, 1, 1, 1, 0, 0, 1, 0, 1, 1, 0, 1, 1, 1, 1, 1, 0, 1, 1, 0, 1, 1, 1, 1, 1, 1, 1, 1, 1, 1, 1, 0, 1, 1, 1, 1, 1, 1, 1, 1, 0, 0, 1, 1, 0, 0, 1, 1, 1, 0, 1, 1, 1, 1, 1, 1, 1, 1, 0, 0, 1, 1, 1, 0, 1, 1, 1, 1, 0, 1, 1, 1, 1, 1, 0, 1, 1, 1, 0, 0, 1, 1, 1, 1, 1, 1, 1, 0, 1, 1, 1, 1, 1, 0, 0, 1, 1, 1, 1, 0, 1, 1, 1, 1, 0, 1, 1, 0, 1, 1, 0]","[1, 1, 1, 1, 1, 1, 1, 1, 1, 0, 1, 0, 1, 1, 1, 1, 0, 1, 1, 0, 1, 1, 1, 1, 1, 0, 1, 1, 1, 1, 1, 1, 1, 1, 0, 1, 1, 1, 1, 0, 0, 1, 1, 1, 1, 1, 0, 1, 0, 0, 1, 1, 1, 0, 0, 0, 1, 1, 1, 1, 0, 0, 0, 0, 1, 1, 1, 1, 1, 0, 1, 1, 1, 1, 1, 1, 1, 1, 1, 0, 0, 0, 1, 1, 1, 1, 1, 1, 1, 1, 0, 1, 1, 1, 1, 1, 1, 0, 0, 1, 0, 1, 0, 0, 1, 0, 1, 1, 0, 0, 1, 0, 1, 1, 0, 0, 1, 1, 1, 1, 1, 1, 1, 1, 1, 0, 0, 1, 0, 1, 0, 1, 0, 1, 1, 0, 1, 1, 1, 0, 1, 1, 1, 1, 1, 0, 1, 1, 1, 0, 1, 1, 1, 0, 1, 1, 1, 1, 1, 0, 0, 1, 0, 0, 1, 0, 0, 0, 1, 1, 0, 1, 0, 1, 1, 0, 1, 1, 1, 1, 1, 1, 0, 1, 1, 1, 1, 1, 1, 1, 0, 1, 1, 1, 0, 1, 1, 0, 0, 1, 0, 1, 1, 0, 1, 1, 1, 1, 0, 1, 1, 0, 1, 1, 0]","[0.52, 0.54, 0.78, 0.81, 0.75, 0.89, 0.66, 0.51, 0.89, 0.45, 0.91, 0.1, 0.66, 0.63, 0.75, 0.69, 0.44, 0.82, 0.94, 0.08, 0.78, 0.62, 0.6957665260196906, 0.76, 0.56, 0.38, 0.52, 0.62, 0.69, 0.61, 0.92, 0.76, 0.75, 0.84, 0.45, 0.58, 0.77, 0.83, 0.8350534100246507, 0.39, 0.37, 0.9, 0.86, 0.79, 0.61, 0.95, 0.45, 0.73, 0.1900196036120848, 0.09, 0.83, 0.61, 0.85, 0.07, 0.32, 0.37, 0.81, 0.59, 0.84, 0.9, 0.29, 0.19, 0.35, 0.2, 0.96, 0.73, 0.59, 0.9, 0.5957665260196906, 0.48, 0.83, 0.93, 0.75, 0.83, 0.8, 0.56, 0.54, 0.83, 0.77, 0.5, 0.25, 0.27, 0.78, 0.77, 0.7, 0.8557665260196906, 0.81, 0.86, 0.55, 0.75, 0.31, 0.73, 0.81, 0.79, 0.77, 0.76, 0.83, 0.33, 0.19, 0.6, 0.42, 0.89, 0.31, 0.21, 0.61, 0.03, 0.664443988882083, 0.95, 0.24, 0.09, 0.67, 0.21, 0.75, 0.89, 0.21, 0.12, 0.79, 0.67, 0.57, 0.7367139737991266, 0.91, 0.62, 0.88, 0.78, 0.73, 0.34, 0.35, 0.91, 0.36, 0.75, 0.29, 0.9, 0.5, 0.82, 0.85, 0.43, 0.6040513833992095, 0.9, 0.75, 0.43, 0.82, 0.78, 0.73, 0.86, 0.6, 0.38, 0.67, 0.66, 0.8, 0.15, 0.83, 0.9, 0.73, 0.06, 0.64, 0.82, 0.91, 0.9, 0.54, 0.22, 0.16, 0.93, 0.18, 0.08, 0.74, 0.32, 0.24, 0.06, 0.8, 0.82, 0.42, 0.7, 0.42, 0.9, 0.84, 0.35, 0.81, 0.91, 0.9, 0.620765357198336, 0.69, 0.89, 0.48, 0.7757665260196905, 0.72, 0.7267139737991266, 0.82, 0.88, 0.87, 0.88, 0.2048167405975456, 0.72, 0.5167139737991266, 0.83, 0.39, 0.82, 0.72, 0.18, 0.08, 0.79, 0.48, 0.56, 0.84, 0.32, 0.8, 0.58, 0.71, 0.7257326519285084, 0.29, 0.7418501805054152, 0.8, 0.27, 0.58, 0.68, 0.44]"
2024-07,2024-06,"[0, 1, 1, 1, 0, 0, 1, 1, 1, 0, 1, 0, 1, 1, 1, 0, 1, 0, 1, 0, 1, 1, 1, 1, 1, 1, 1, 1, 1, 1, 1, 0, 1, 1, 1, 1, 1, 1, 0, 1, 0, 1, 1, 1, 1, 1, 1, 0, 1, 1, 1, 1, 1, 0, 0, 0, 0, 1, 1, 1, 0, 1, 0, 0, 1, 1, 1, 0, 0, 1, 1, 0, 1, 1, 0, 0, 1, 0, 1, 1, 1, 1, 0, 0, 1, 1, 0, 1, 1, 0, 0, 0, 1, 0, 1, 0, 1, 1, 1, 1, 0, 1, 1, 1, 1, 1, 0, 1, 0, 1, 1, 0, 1, 0, 1, 1, 1, 0, 0, 0, 0, 0, 0, 0, 1, 1, 1, 1, 0, 1, 1, 0, 1, 1, 1, 1, 1, 1, 1, 1, 0, 0, 1, 1, 1, 1, 1, 0, 1, 1, 0, 0, 1, 1, 1, 0, 1, 1, 0, 1, 1, 1, 1, 1, 0, 1, 1, 0, 0, 0, 1, 0, 1, 1, 1, 1, 1, 1, 0, 0, 1, 1, 1, 1, 0, 1, 1, 0, 0, 1, 1, 1, 1, 0, 1, 0, 0, 1, 0, 0, 1, 1, 1, 1, 0, 1, 1, 1, 0]","[0, 1, 0, 1, 0, 0, 1, 1, 1, 1, 1, 1, 1, 0, 1, 1, 1, 0, 0, 0, 1, 1, 1, 1, 1, 0, 1, 1, 1, 1, 1, 0, 0, 1, 1, 1, 0, 1, 0, 1, 1, 1, 1, 1, 0, 1, 1, 0, 1, 1, 1, 1, 1, 1, 0, 0, 0, 1, 1, 1, 1, 0, 0, 0, 1, 1, 1, 0, 0, 1, 1, 1, 1, 0, 0, 0, 1, 1, 1, 0, 1, 1, 0, 0, 0, 0, 0, 1, 0, 0, 1, 0, 1, 1, 0, 0, 1, 0, 1, 1, 0, 0, 1, 1, 1, 1, 0, 0, 0, 1, 1, 0, 1, 0, 1, 1, 1, 0, 0, 0, 0, 0, 1, 0, 1, 0, 1, 1, 1, 1, 1, 0, 1, 0, 1, 0, 1, 1, 1, 0, 0, 0, 1, 1, 1, 1, 1, 0, 0, 1, 0, 1, 0, 0, 1, 0, 1, 0, 1, 1, 1, 1, 1, 1, 1, 1, 1, 0, 0, 0, 1, 0, 1, 0, 1, 1, 1, 1, 0, 0, 1, 1, 0, 0, 0, 0, 0, 1, 0, 1, 1, 1, 1, 1, 1, 1, 1, 1, 0, 0, 0, 1, 1, 1, 0, 1, 1, 1, 0]","[0.07, 0.81, 0.32, 0.92, 0.47, 0.07, 0.86, 0.8, 0.9, 0.71, 0.81, 0.76, 0.73, 0.23, 0.81, 0.56, 0.74, 0.15, 0.4, 0.13, 0.92, 0.75, 0.61, 0.85, 0.85, 0.2, 0.67, 0.64, 0.71, 0.93, 0.95, 0.24, 0.3782100507957344, 0.52, 0.71, 0.9, 0.22, 0.82, 0.2, 0.572540272614622, 0.83, 0.83, 0.67, 0.96, 0.31, 0.89, 0.88, 0.28, 0.7957665260196906, 0.84, 0.81, 0.87, 0.76, 0.71, 0.19, 0.4, 0.39, 0.86, 0.6957665260196906, 0.87, 0.55, 0.37, 0.19, 0.27, 0.54, 0.8, 0.53, 0.1, 0.16, 0.71, 0.72, 0.85, 0.82, 0.25, 0.08, 0.1900196036120848, 0.83, 0.61, 0.65, 0.31, 0.58, 0.6, 0.03, 0.2, 0.25, 0.16, 0.15, 0.62, 0.32, 0.21, 0.92, 0.23, 0.91, 0.66, 0.16, 0.14, 0.87, 0.46, 0.84, 0.52, 0.46, 0.34, 0.58, 0.75, 0.57, 0.74, 0.18, 0.4750534100246508, 0.05, 0.84, 0.73, 0.21, 0.73, 0.24, 0.76, 0.84, 0.7, 0.17, 0.21, 0.41, 0.43981790941890003, 0.3548167405975456, 0.89, 0.03, 0.76, 0.27, 0.88, 0.91, 0.73, 0.6165318832180268, 0.98, 0.21, 0.91, 0.28, 0.77, 0.39, 0.7082729245431304, 0.52, 0.79, 0.5, 0.14, 0.05, 0.89, 0.81, 0.66, 0.53, 0.71, 0.31, 0.4, 0.88, 0.2, 0.66, 0.28, 0.03, 0.71, 0.0, 0.8, 0.15, 0.83, 0.74, 0.9, 0.72, 0.78, 0.57, 0.63, 0.91, 0.71, 0.09, 0.17, 0.26, 0.89, 0.07, 0.51, 0.16, 0.95, 0.65, 0.87, 0.72, 0.19, 0.11, 0.79, 0.73, 0.5, 0.09, 0.34, 0.49, 0.48, 0.57, 0.23, 0.95, 0.79, 0.79, 0.69, 0.8, 0.87, 0.52, 0.7, 0.78, 0.05, 0.31, 0.15, 0.85, 0.74, 0.8, 0.21, 0.72, 0.77, 0.71, 0.13]"
2024-07,2024-02,"[1, 1, 0, 0, 0, 1, 1, 1, 1, 1, 0, 1, 1, 0, 1, 1, 0, 0, 1, 1, 1, 1, 0, 1, 0, 0, 0, 0, 1, 0, 1, 1, 0, 1, 1, 1, 1, 0, 0, 0, 1, 1, 1, 1, 0, 1, 1, 1, 1, 0, 1, 0, 1, 1, 1, 0, 1, 0, 1, 1, 1, 1, 1, 0, 1, 0, 1, 1, 1, 1, 1, 1, 0, 1, 1, 1, 1, 1, 0, 0, 1, 1, 1, 1, 1, 1, 0, 1, 1, 1, 0, 1, 0, 1, 1, 0, 0, 1, 1, 1, 1, 1, 0, 0, 1, 1, 0, 1, 1, 0, 1, 1, 1, 1, 1, 1, 1, 1, 0, 1, 1, 1, 1, 1, 1, 1, 1, 1, 1, 0, 1, 1, 0, 0, 0, 0, 1, 0, 1, 0, 1, 1, 1, 1, 1, 1, 1, 1, 1, 1, 1, 1, 1, 1, 1, 0, 1, 1, 1, 1, 1, 1, 0, 0, 0, 1, 1, 1, 1, 1, 0, 0, 1, 1, 1, 1, 1, 1, 0, 1, 1, 1, 1, 0, 0, 0, 1, 0, 0, 1, 1, 0, 0, 1, 0, 1, 1, 1, 0, 0, 1, 1, 0, 1, 1, 1, 1, 0, 1, 0, 1, 1, 0, 1]","[1, 1, 0, 0, 0, 1, 1, 0, 0, 0, 0, 1, 1, 0, 0, 1, 1, 0, 1, 0, 0, 1, 1, 1, 1, 0, 0, 0, 1, 1, 1, 0, 0, 1, 1, 1, 1, 1, 0, 0, 1, 0, 1, 0, 0, 1, 1, 1, 1, 0, 1, 1, 1, 1, 1, 0, 1, 0, 1, 1, 1, 1, 1, 1, 0, 0, 1, 1, 1, 1, 0, 1, 0, 0, 0, 1, 1, 1, 0, 1, 1, 1, 1, 1, 0, 1, 0, 1, 1, 1, 0, 1, 0, 1, 1, 0, 0, 1, 1, 1, 1, 1, 1, 0, 1, 1, 0, 0, 1, 1, 1, 1, 0, 1, 1, 0, 1, 1, 0, 1, 1, 1, 1, 0, 1, 1, 1, 1, 0, 0, 1, 0, 0, 0, 0, 1, 1, 1, 1, 1, 0, 1, 1, 0, 1, 1, 1, 0, 1, 1, 1, 1, 1, 1, 1, 0, 1, 1, 1, 1, 0, 1, 0, 0, 0, 1, 1, 1, 1, 1, 1, 0, 1, 1, 1, 1, 1, 0, 0, 1, 0, 1, 1, 0, 1, 1, 1, 1, 1, 0, 1, 1, 0, 0, 0, 1, 1, 1, 0, 0, 1, 1, 0, 0, 1, 1, 1, 1, 1, 0, 0, 1, 0, 0]","[0.79, 0.8457665260196906, 0.06, 0.45, 0.17, 0.572540272614622, 0.92, 0.27, 0.45, 0.45, 0.36, 0.93, 0.67, 0.2, 0.31, 0.54, 0.9065916560138316, 0.07, 0.9, 0.39, 0.44, 0.52, 0.53, 0.53, 0.68, 0.11, 0.09, 0.44, 0.54, 0.6850534100246509, 0.8, 0.46, 0.16, 0.87, 0.55, 0.84, 0.64, 0.52, 0.23, 0.16, 0.77, 0.16, 0.81, 0.42, 0.41, 0.71, 0.87, 0.8, 0.56, 0.03, 0.91, 0.56, 0.73, 0.51, 0.84, 0.37, 0.57, 0.28, 0.9, 0.93, 0.8, 0.83, 0.74, 0.82, 0.26, 0.38, 0.89, 0.81, 0.85, 0.77, 0.18659165601383154, 0.87, 0.46, 0.16, 0.46, 0.85, 0.8, 0.8, 0.04, 0.87, 0.87, 0.69, 0.84, 0.84, 0.5, 0.55, 0.5, 0.89, 0.71, 0.8, 0.42, 0.87, 0.35, 0.66, 0.78, 0.42, 0.07, 0.63, 0.51, 0.7667139737991266, 0.82, 0.88, 0.77, 0.44, 0.85, 0.71, 0.33, 0.18, 0.66, 0.77, 0.69, 0.88, 0.36, 0.57, 0.87, 0.41, 0.93, 0.87, 0.38, 0.73, 0.89, 0.92, 0.77, 0.24, 0.83, 0.63, 0.88, 0.7, 0.26, 0.29, 0.73, 0.49, 0.13, 0.2907653571983361, 0.01, 0.7657665260196906, 0.64, 0.6567139737991267, 0.75, 0.66, 0.46046686096555584, 0.57, 0.53, 0.36, 0.77, 0.83, 0.67, 0.41, 0.9, 0.8, 0.58, 0.78, 0.8, 0.83, 0.72, 0.1, 0.75, 0.8, 0.81, 0.73, 0.09, 0.77, 0.1, 0.22, 0.25, 0.5183721840727383, 0.64, 0.57, 0.65, 0.5059770409214641, 0.53, 0.33, 0.89, 0.65, 0.79, 0.9, 0.73, 0.24, 0.07, 0.87, 0.15, 0.69, 0.67, 0.38, 0.63, 0.7057665260196906, 0.56, 0.69, 0.55, 0.26, 0.53, 0.6, 0.23, 0.23, 0.2, 0.82, 0.85, 0.8, 0.4, 0.34, 0.72, 0.81, 0.4, 0.36, 0.81, 0.88, 0.87, 0.55, 0.78, 0.45, 0.31, 0.66, 0.25, 0.48]"
2024-07,2024-11,"[1, 1, 1, 0, 0, 1, 1, 1, 1, 1, 1, 1, 1, 1, 1, 1, 1, 1, 1, 1, 1, 1, 1, 1, 1, 1, 0, 1, 1, 1, 1, 1, 1, 1, 1, 1, 1, 1, 1, 1, 1, 0, 1, 1, 1, 1, 1, 1, 1, 1, 1, 0, 0, 1, 1, 1, 1, 1, 1, 1, 1, 1, 1, 1, 1, 1, 1, 0, 1, 1, 1, 1, 0, 1, 0, 1, 1, 0, 1, 1, 1, 1, 1, 0, 1, 1, 1, 1, 1, 1, 1, 1, 1, 0, 0, 1, 1, 1, 1, 1, 0, 1, 1, 1, 1, 0, 1, 1, 1, 1, 1, 1, 1, 1, 0, 1, 1, 1, 1, 0, 1, 1, 1, 1, 1, 1, 1, 1, 1, 1, 1, 1, 1, 1, 1, 1, 1, 1, 0, 1, 1, 1, 1, 1, 1, 1, 1, 1, 1, 1, 1, 0, 1, 1, 1, 1, 0, 1, 1, 1, 1, 1, 1, 1, 1, 0, 1, 0, 1, 1, 1, 0, 0, 1, 1, 1, 1, 1, 1, 1, 1, 0, 1, 0, 0, 1, 1, 1, 1, 1, 0, 1, 1, 1, 1, 1, 0, 1, 1, 1, 1, 0, 1, 1, 0, 1, 1, 1, 1, 1, 0, 1, 1, 1, 0, 0, 1, 1]","[1, 1, 0, 0, 0, 1, 1, 1, 1, 1, 1, 1, 1, 1, 1, 0, 0, 0, 1, 0, 1, 0, 1, 0, 0, 1, 0, 1, 1, 1, 1, 1, 1, 1, 1, 1, 1, 1, 1, 0, 1, 1, 1, 1, 0, 1, 1, 0, 1, 1, 1, 0, 0, 1, 1, 1, 0, 0, 1, 1, 1, 1, 1, 1, 1, 1, 1, 0, 1, 1, 1, 1, 0, 1, 0, 0, 0, 0, 1, 1, 1, 1, 1, 1, 1, 0, 0, 1, 1, 1, 1, 0, 1, 1, 1, 1, 1, 1, 0, 1, 0, 1, 0, 1, 0, 1, 1, 0, 1, 0, 0, 0, 0, 1, 0, 1, 1, 0, 1, 1, 0, 0, 1, 1, 1, 1, 1, 1, 0, 1, 1, 1, 0, 0, 0, 1, 1, 1, 0, 1, 1, 0, 1, 1, 1, 1, 1, 1, 0, 1, 0, 0, 1, 0, 1, 1, 0, 1, 0, 1, 1, 1, 1, 1, 1, 0, 1, 1, 1, 0, 1, 0, 0, 0, 1, 1, 1, 1, 0, 1, 1, 1, 1, 1, 0, 1, 1, 0, 1, 1, 1, 1, 0, 1, 1, 0, 1, 1, 0, 0, 0, 0, 1, 0, 0, 0, 0, 1, 1, 0, 1, 1, 0, 0, 0, 0, 0, 0]","[0.9, 0.8407653571983361, 0.08, 0.21, 0.19, 0.6283067986343126, 0.8757665260196906, 0.9, 0.67, 0.8, 0.88, 0.78, 0.74, 0.55, 0.77, 0.3, 0.47, 0.35, 0.77, 0.25, 0.85, 0.34, 0.55, 0.25, 0.5, 0.54, 0.06, 0.61, 0.81, 0.8, 0.66, 0.87, 0.84, 0.54, 0.86, 0.89, 0.79, 0.62, 0.79, 0.47, 0.8, 0.55, 0.74, 0.89, 0.43, 0.62, 0.56, 0.46, 0.84, 0.89, 0.82, 0.14, 0.33, 0.67, 0.83, 0.81, 0.29, 0.17, 0.51, 0.79, 0.6040513833992095, 0.9, 0.91, 0.57, 0.55, 0.59, 0.63, 0.35, 0.84, 0.81, 0.86, 0.79, 0.07, 0.64, 0.32, 0.14, 0.32, 0.35, 0.76, 0.82, 0.71, 0.74, 0.88, 0.94, 0.84, 0.39, 0.32, 0.87, 0.82, 0.75, 0.78, 0.47, 0.74, 0.64, 0.53, 0.9, 0.92, 0.88, 0.37, 0.89, 0.21, 0.67, 0.23, 0.87, 0.5, 0.63, 0.73, 0.04, 0.63, 0.42, 0.03, 0.48, 0.37, 0.94, 0.06, 0.69, 0.65, 0.25, 0.82, 0.72, 0.15, 0.43, 0.95, 0.6, 0.67, 0.74, 0.97, 0.75, 0.41, 0.77, 0.83, 0.69, 0.08, 0.31, 0.41, 0.69, 0.8, 0.89, 0.05, 0.53, 0.83, 0.01, 0.7557665260196906, 0.54, 0.89, 0.89, 0.75, 0.72, 0.462317041470971, 0.85, 0.42, 0.35, 0.87, 0.41, 0.8350534100246507, 0.69, 0.36, 0.74, 0.5, 0.72, 0.75, 0.59, 0.58, 0.66, 0.95, 0.09, 0.64, 0.73, 0.91, 0.39, 0.73, 0.45, 0.06, 0.33, 0.6, 0.89, 0.5050534100246508, 0.73, 0.07, 0.72, 0.75, 0.5257665260196905, 0.83, 0.92, 0.38, 0.73, 0.92, 0.31, 0.86, 0.6957665260196906, 0.66, 0.58, 0.36, 0.8, 0.69, 0.24, 0.8, 0.89, 0.37, 0.36, 0.45, 0.17, 0.71, 0.3, 0.09, 0.42, 0.27, 0.86, 0.89, 0.32, 0.57, 0.87, 0.2, 0.09, 0.1, 0.22, 0.21, 0.2]"
2024-09,2024-09,"[0, 0, 1, 1, 0, 1, 1, 1, 0, 0, 1, 0, 1, 1, 1, 0, 1, 1, 1, 1, 1, 1, 0, 0, 0, 1, 1, 1, 1, 1, 0, 1, 1, 1, 1, 1, 1, 1, 1, 1, 1, 1, 0, 0, 1, 0, 1, 1, 1, 1, 1, 1, 1, 0, 1, 1, 0, 0, 1, 1, 1, 1, 1, 1, 1, 0, 1, 1, 1, 1, 1, 0, 1, 1, 1, 1, 0, 1, 1, 1, 1, 1, 1, 1, 0, 0, 1, 1, 1, 1, 0, 1, 1, 1, 0, 1, 1, 1, 1, 0, 1, 1, 0, 0, 0, 1, 0, 0, 0, 1, 1, 1, 1, 1, 0, 1, 0, 1, 1, 1, 1, 1, 1, 1, 1, 1, 1, 0, 1, 1, 1, 1, 1, 1, 1, 1, 1, 0, 1, 1, 1, 1, 1, 1, 0, 1, 1, 1, 1, 1, 0, 1, 1, 1, 1, 1, 1, 1, 0, 1, 0, 0, 1, 1, 1, 0, 1, 1, 0, 0, 0, 1, 1, 1, 1, 1, 0, 1, 1, 1, 1, 1, 1, 1, 1, 0, 1, 1, 0, 1, 1, 1, 1, 1, 0, 1, 1, 1, 1, 0, 0, 1, 1, 1, 1, 1, 1, 1, 0, 1, 1, 0, 1, 0, 1, 1, 1]","[0, 1, 1, 1, 1, 1, 1, 1, 1, 1, 1, 0, 1, 1, 1, 0, 1, 0, 1, 1, 1, 0, 1, 1, 0, 1, 1, 1, 1, 1, 1, 1, 1, 1, 1, 1, 1, 1, 1, 1, 1, 1, 1, 1, 1, 1, 1, 1, 0, 1, 1, 1, 1, 0, 1, 1, 1, 1, 1, 1, 1, 0, 0, 1, 1, 1, 1, 1, 1, 1, 1, 0, 1, 0, 1, 1, 0, 0, 1, 1, 1, 1, 1, 0, 1, 1, 1, 1, 1, 1, 1, 1, 0, 1, 0, 1, 1, 1, 1, 0, 1, 1, 1, 1, 1, 1, 1, 1, 1, 1, 1, 1, 1, 1, 1, 1, 1, 0, 1, 1, 1, 1, 0, 1, 1, 1, 1, 0, 1, 1, 1, 1, 1, 1, 1, 1, 1, 0, 1, 1, 1, 1, 1, 1, 1, 1, 1, 1, 0, 1, 1, 1, 1, 1, 1, 1, 1, 1, 0, 1, 1, 1, 1, 1, 1, 1, 1, 1, 0, 1, 1, 1, 1, 0, 1, 1, 1, 1, 0, 1, 1, 1, 1, 1, 1, 0, 1, 1, 1, 1, 1, 1, 1, 1, 1, 1, 1, 1, 1, 1, 1, 1, 1, 1, 1, 1, 1, 1, 1, 1, 1, 0, 1, 1, 0, 1, 1]","[0.03, 0.57, 0.83, 0.85, 0.98, 0.93, 0.85, 0.97, 0.66, 0.74, 0.9, 0.15, 0.91, 0.99, 0.96, 0.33, 0.51, 0.36, 0.96, 0.62, 0.8558775637235069, 0.29, 0.77, 0.8, 0.18, 0.7987481750525228, 0.76, 0.84, 0.682870943759059, 0.95, 0.92, 0.97, 0.83, 0.82, 0.84, 0.92, 0.95, 0.96, 0.65, 0.88, 0.96, 0.96, 0.69, 0.97, 0.77, 0.66, 0.97, 0.664901185770751, 0.24, 0.59, 0.89, 0.82, 0.79, 0.5, 0.98, 0.85, 0.6724505928853755, 0.74, 0.93, 0.8224505928853755, 0.68, 0.44, 0.36, 0.97, 0.69, 0.85, 0.93, 0.9, 0.61, 0.96, 0.87, 0.36, 0.74, 0.4, 0.58, 0.93, 0.25, 0.45, 0.6, 0.52, 0.6, 0.56, 0.9124505928853754, 0.46, 0.57, 0.9, 0.93, 0.89, 0.91, 0.8, 0.9080245654467798, 0.94, 0.21, 0.84, 0.34, 0.97, 0.97, 0.83, 0.86, 0.3, 0.5407506053268765, 0.94, 0.67, 0.73, 0.5596208002660369, 0.56, 0.83, 0.76, 0.51, 0.75, 0.79, 0.98, 0.72, 0.8, 0.96, 0.94, 0.93, 0.34, 0.94, 0.53, 0.93, 0.72, 0.41, 0.86, 0.75, 0.89, 0.87, 0.15, 0.62, 0.79, 0.92, 0.84, 0.94, 0.95, 0.86, 0.85, 0.7, 0.29, 0.9, 0.77, 0.66, 0.98, 0.74, 0.71, 0.99, 0.79, 0.86, 0.74, 0.25, 0.63, 0.94, 0.95, 0.72, 0.85, 0.92, 0.87, 0.95, 0.74, 0.37, 0.79, 0.61, 0.74, 0.53, 0.96, 0.79, 0.95, 0.73, 0.79, 0.39, 0.85, 0.77, 0.98, 0.94, 0.33, 0.81, 0.59, 0.99, 0.7, 0.43, 0.61, 0.54, 0.89, 0.91, 0.99, 0.7732011982122521, 0.05, 0.74, 0.61, 0.58, 0.57, 0.7476939785635437, 0.8024505928853755, 0.8958775637235068, 0.91, 0.87, 0.55, 0.57, 0.86, 0.83, 0.98, 0.81, 0.98, 0.8088376937072589, 0.91, 0.75, 0.73, 0.9, 0.71, 0.65, 0.94, 0.94, 0.13, 0.99, 0.86, 0.38876819264881163, 0.99, 0.87]"
2024-09,2024-10,"[0, 0, 0, 1, 1, 0, 1, 1, 1, 1, 1, 0, 1, 0, 1, 1, 0, 1, 1, 1, 1, 0, 1, 0, 1, 1, 1, 0, 1, 0, 1, 1, 1, 0, 0, 1, 1, 1, 1, 0, 1, 1, 1, 1, 1, 0, 0, 1, 0, 0, 1, 0, 1, 0, 1, 0, 1, 1, 0, 1, 0, 0, 0, 0, 1, 1, 1, 1, 1, 1, 1, 1, 1, 1, 1, 0, 1, 0, 0, 1, 1, 0, 1, 0, 1, 1, 0, 1, 0, 1, 0, 0, 1, 1, 1, 1, 1, 0, 1, 0, 0, 1, 0, 0, 1, 1, 1, 1, 0, 0, 1, 0, 1, 1, 0, 1, 1, 1, 1, 1, 0, 1, 1, 0, 1, 1, 1, 1, 1, 1, 1, 1, 1, 1, 1, 0, 1, 1, 1, 1, 1, 1, 1, 1, 0, 0, 1, 1, 0, 0, 1, 1, 1, 0, 1, 1, 1, 1, 1, 1, 1, 1, 0, 0, 1, 1, 1, 0, 1, 1, 1, 1, 0, 1, 1, 1, 1, 1, 0, 1, 1, 1, 0, 0, 1, 1, 1, 1, 1, 1, 1, 0, 1, 1, 1, 1, 1, 0, 0, 1, 1, 1, 1, 0, 1, 1, 1, 1, 0, 1, 1, 0, 1, 1, 0]","[1, 0, 1, 1, 1, 0, 1, 1, 1, 1, 1, 0, 1, 0, 1, 1, 1, 1, 1, 0, 1, 0, 0, 0, 1, 1, 1, 1, 1, 0, 1, 1, 1, 1, 0, 1, 1, 1, 1, 0, 1, 1, 1, 1, 1, 1, 1, 1, 0, 0, 1, 0, 1, 0, 1, 0, 1, 1, 1, 1, 0, 0, 1, 0, 1, 1, 1, 1, 1, 1, 1, 1, 1, 1, 1, 0, 1, 1, 1, 1, 1, 0, 1, 1, 1, 1, 0, 1, 1, 1, 0, 1, 1, 1, 1, 1, 1, 1, 0, 1, 1, 1, 0, 0, 1, 1, 1, 1, 1, 0, 1, 0, 1, 1, 0, 1, 1, 1, 1, 1, 1, 1, 1, 0, 1, 1, 1, 1, 1, 1, 1, 1, 1, 1, 1, 1, 1, 1, 1, 1, 1, 1, 1, 1, 0, 0, 1, 1, 1, 1, 1, 1, 1, 0, 1, 1, 1, 1, 0, 1, 0, 1, 0, 0, 1, 1, 1, 0, 1, 1, 1, 1, 1, 1, 1, 0, 1, 1, 1, 1, 1, 1, 1, 0, 1, 1, 1, 1, 1, 1, 1, 0, 1, 1, 1, 1, 1, 0, 0, 1, 1, 1, 1, 1, 1, 1, 1, 1, 0, 1, 1, 0, 1, 1, 0]","[0.79, 0.2, 0.53, 0.93, 0.94, 0.49, 0.94, 0.95, 0.7, 0.81, 0.74, 0.16, 0.97, 0.43, 0.93, 0.9, 0.65, 0.81, 0.96, 0.3, 0.99, 0.47, 0.25, 0.25, 1.0, 0.77, 0.96, 0.72, 0.8, 0.38, 0.98, 0.88, 0.83, 0.76, 0.14, 0.95, 0.96, 0.76, 0.9609763779527559, 0.39, 0.91, 0.9, 0.97, 0.73, 0.91, 0.97, 0.72, 0.84, 0.268102383983003, 0.06, 0.95, 0.29, 0.91, 0.04, 0.9449336870026525, 0.38, 0.79, 0.73, 0.98, 0.86, 0.42, 0.36, 0.66, 0.22, 0.98, 0.9, 0.97, 0.88, 0.87, 0.83, 0.96, 0.95, 0.95, 0.95, 0.99, 0.45, 0.92, 0.78, 0.9, 0.93, 0.81, 0.22, 0.96, 0.81, 0.74, 0.87, 0.23, 0.89, 0.97, 0.94, 0.35, 0.98, 0.61, 0.96, 0.94, 0.87, 0.88, 0.87, 0.28, 0.98, 0.78, 0.94, 0.33, 0.15, 0.92, 0.7, 0.8213963963963964, 0.97, 0.92, 0.08, 0.77, 0.36, 0.66, 0.98, 0.06, 0.674901185770751, 0.98, 0.99, 0.65, 0.9137388794780098, 0.89, 0.87, 0.82, 0.46, 0.79, 0.93, 0.96, 0.99, 0.69, 0.8224505928853755, 1.0, 0.95, 0.95, 0.91, 0.97, 0.85, 0.9749011857707509, 0.93, 0.9, 0.91, 1.0, 0.93, 0.9, 0.95, 0.49, 0.36, 0.84, 0.75, 0.96, 0.57, 0.86, 0.93, 0.87, 0.05, 0.77, 0.96, 0.96, 0.9, 0.45, 0.99, 0.11, 0.97, 0.34, 0.08, 0.94, 0.96, 0.72, 0.04, 1.0, 0.92, 0.87, 0.98, 0.94, 0.78, 0.8, 0.28, 0.89, 0.97, 0.92, 0.98, 0.97, 0.96, 0.8, 0.22, 0.85, 0.7987481750525228, 0.9124505928853754, 0.76, 0.91, 0.87, 0.682870943759059, 0.02, 0.7724505928853754, 1.0, 0.89, 0.89, 0.86, 0.23, 0.12, 0.88, 0.87, 0.93, 0.98, 0.58, 0.54, 0.94, 0.77, 0.9605646769868913, 0.42, 0.8624505928853755, 0.9, 0.47, 0.88, 0.51, 0.34]"
2024-09,2024-06,"[0, 1, 1, 1, 0, 0, 1, 1, 1, 0, 1, 0, 1, 1, 1, 0, 1, 0, 1, 0, 1, 1, 1, 1, 1, 1, 1, 1, 1, 1, 1, 0, 1, 1, 1, 1, 1, 1, 0, 1, 0, 1, 1, 1, 1, 1, 1, 0, 1, 1, 1, 1, 1, 0, 0, 0, 0, 1, 1, 1, 0, 1, 0, 0, 1, 1, 1, 0, 0, 1, 1, 0, 1, 1, 0, 0, 1, 0, 1, 1, 1, 1, 0, 0, 1, 1, 0, 1, 1, 0, 0, 0, 1, 0, 1, 0, 1, 1, 1, 1, 0, 1, 1, 1, 1, 1, 0, 1, 0, 1, 1, 0, 1, 0, 1, 1, 1, 0, 0, 0, 0, 0, 0, 0, 1, 1, 1, 1, 0, 1, 1, 0, 1, 1, 1, 1, 1, 1, 1, 1, 0, 0, 1, 1, 1, 1, 1, 0, 1, 1, 0, 0, 1, 1, 1, 0, 1, 1, 0, 1, 1, 1, 1, 1, 0, 1, 1, 0, 0, 0, 1, 0, 1, 1, 1, 1, 1, 1, 0, 0, 1, 1, 1, 1, 0, 1, 1, 0, 0, 1, 1, 1, 1, 0, 1, 0, 0, 1, 0, 0, 1, 1, 1, 1, 0, 1, 1, 1, 0]","[0, 1, 1, 1, 1, 0, 1, 1, 1, 1, 1, 0, 1, 1, 1, 1, 1, 0, 0, 0, 1, 1, 1, 1, 1, 1, 1, 1, 1, 1, 1, 1, 0, 1, 1, 1, 1, 1, 0, 1, 1, 1, 1, 1, 1, 1, 1, 1, 1, 1, 1, 1, 1, 1, 0, 1, 1, 1, 0, 1, 1, 1, 0, 1, 1, 1, 1, 0, 1, 1, 1, 1, 1, 1, 0, 0, 1, 0, 1, 1, 1, 1, 1, 1, 1, 1, 0, 1, 1, 0, 1, 0, 1, 1, 1, 0, 1, 1, 1, 0, 1, 1, 1, 1, 1, 1, 1, 1, 0, 1, 1, 1, 1, 1, 1, 1, 1, 0, 1, 0, 1, 1, 1, 0, 1, 1, 1, 1, 0, 1, 1, 1, 1, 1, 1, 1, 1, 1, 1, 1, 0, 0, 1, 1, 1, 1, 1, 1, 1, 1, 1, 0, 1, 1, 1, 0, 1, 1, 1, 1, 0, 1, 1, 1, 1, 1, 1, 0, 1, 1, 1, 1, 1, 0, 1, 1, 1, 1, 1, 0, 1, 1, 1, 1, 1, 1, 1, 1, 1, 1, 1, 1, 1, 1, 1, 1, 1, 1, 0, 0, 1, 1, 1, 1, 0, 1, 1, 1, 1]","[0.09, 0.71, 0.96, 0.75, 0.87, 0.04, 0.94, 1.0, 0.7, 0.88, 0.57, 0.38, 0.9, 0.88, 0.58, 0.89, 0.93, 0.14, 0.5, 0.27, 0.81, 0.88, 0.82, 0.88, 0.91, 0.77, 0.69, 0.78, 0.8, 0.98, 0.97, 0.87, 0.43384698928177184, 0.98, 0.96, 0.98, 0.64, 0.94, 0.08, 0.7476939785635437, 0.9, 0.94, 0.78, 0.85, 0.82, 0.95, 0.86, 0.7, 0.78, 0.76, 0.89, 0.82, 0.79, 0.82, 0.38, 0.95, 0.68, 0.97, 0.2924505928853755, 0.93, 0.68, 0.59, 0.45, 0.59, 1.0, 0.98, 0.83, 0.08, 0.76, 0.71, 0.85, 0.87, 0.84, 0.91, 0.35, 0.268102383983003, 0.9, 0.36, 0.85, 0.8624505928853755, 0.94, 0.87, 0.8437881453921918, 0.66, 0.88, 0.85, 0.38, 0.73, 0.74, 0.21, 0.95, 0.25, 0.95, 0.62, 0.56, 0.5, 0.87, 0.83, 0.83, 0.27, 0.76, 0.91, 0.96, 0.86, 0.72, 0.86, 0.74, 0.93, 0.04, 0.93, 0.92, 0.69, 1.0, 0.99, 0.94, 0.93, 0.8, 0.34, 0.67, 0.15, 0.9, 0.8986155490578278, 0.96, 0.22, 0.93, 0.69, 0.76, 0.84, 0.02, 0.92, 1.0, 0.85, 0.94, 0.92, 0.89, 0.93, 0.9049128858892638, 0.94, 0.88, 0.8, 0.14, 0.16, 1.0, 0.86, 0.69, 0.92, 0.99, 0.77, 0.98, 0.94, 0.74, 0.44, 0.99, 0.7, 0.92, 0.38, 0.98, 0.9, 0.64, 0.77, 0.38, 0.92, 0.98, 0.72, 0.7, 0.96, 0.96, 0.08, 0.52, 0.97, 0.98, 0.6, 0.63, 0.38, 0.97, 0.77, 0.91, 0.76, 0.96, 0.14, 0.86, 0.59, 0.59, 0.8, 0.96, 0.87, 0.72, 0.9334269708381313, 0.83, 0.96, 0.99, 0.98, 0.81, 1.0, 0.96, 0.9, 0.93, 0.79, 0.17, 0.35, 0.97, 0.92, 0.93, 0.9, 0.28, 0.87, 0.94, 0.81, 0.57]"
2024-09,2024-02,"[1, 1, 0, 0, 0, 1, 1, 1, 1, 1, 0, 1, 1, 0, 1, 1, 0, 0, 1, 1, 1, 1, 0, 1, 0, 0, 0, 0, 1, 0, 1, 1, 0, 1, 1, 1, 1, 0, 0, 0, 1, 1, 1, 1, 0, 1, 1, 1, 1, 0, 1, 0, 1, 1, 1, 0, 1, 0, 1, 1, 1, 1, 1, 0, 1, 0, 1, 1, 1, 1, 1, 1, 0, 1, 1, 1, 1, 1, 0, 0, 1, 1, 1, 1, 1, 1, 0, 1, 1, 1, 0, 1, 0, 1, 1, 0, 0, 1, 1, 1, 1, 1, 0, 0, 1, 1, 0, 1, 1, 0, 1, 1, 1, 1, 1, 1, 1, 1, 0, 1, 1, 1, 1, 1, 1, 1, 1, 1, 1, 0, 1, 1, 0, 0, 0, 0, 1, 0, 1, 0, 1, 1, 1, 1, 1, 1, 1, 1, 1, 1, 1, 1, 1, 1, 1, 0, 1, 1, 1, 1, 1, 1, 0, 0, 0, 1, 1, 1, 1, 1, 0, 0, 1, 1, 1, 1, 1, 1, 0, 1, 1, 1, 1, 0, 0, 0, 1, 0, 0, 1, 1, 0, 0, 1, 0, 1, 1, 1, 0, 0, 1, 1, 0, 1, 1, 1, 1, 0, 1, 0, 1, 1, 0, 1]","[1, 1, 0, 1, 0, 1, 1, 1, 1, 1, 1, 1, 0, 1, 1, 1, 1, 0, 1, 1, 1, 1, 1, 1, 1, 0, 0, 1, 1, 1, 1, 1, 0, 1, 0, 1, 1, 1, 0, 0, 1, 1, 1, 1, 0, 1, 1, 1, 1, 0, 1, 1, 1, 1, 1, 1, 1, 1, 1, 1, 1, 1, 1, 1, 1, 0, 1, 0, 1, 1, 1, 1, 0, 1, 1, 1, 1, 1, 0, 1, 1, 1, 1, 1, 1, 1, 1, 1, 1, 1, 0, 1, 1, 1, 1, 0, 1, 1, 1, 1, 1, 1, 0, 1, 1, 1, 1, 1, 1, 1, 1, 1, 1, 1, 1, 1, 1, 1, 0, 1, 1, 1, 1, 1, 1, 1, 1, 1, 1, 1, 1, 0, 0, 1, 0, 0, 1, 1, 1, 0, 1, 1, 1, 1, 1, 1, 1, 1, 1, 1, 1, 1, 1, 1, 1, 0, 1, 1, 1, 1, 0, 1, 0, 1, 0, 1, 1, 1, 1, 1, 1, 0, 1, 1, 1, 1, 1, 1, 0, 1, 0, 1, 0, 1, 1, 0, 1, 0, 1, 1, 1, 1, 0, 1, 0, 1, 1, 1, 0, 1, 1, 1, 1, 1, 1, 1, 1, 0, 1, 1, 1, 1, 1, 1]","[0.98, 0.7824505928853754, 0.05, 0.57, 0.1, 0.7476939785635437, 0.7724505928853754, 0.65, 0.92, 0.62, 0.61, 0.94, 0.49, 0.65, 0.54, 0.68, 0.96, 0.27, 0.92, 0.93, 0.68, 0.94, 0.56, 0.89, 0.95, 0.13, 0.06, 0.85, 0.88, 0.98, 1.0, 0.88, 0.02, 0.79, 0.4, 0.88, 0.9, 0.61, 0.25, 0.1, 0.92, 0.57, 0.93, 0.87, 0.11, 0.93, 0.94, 0.97, 0.63, 0.05, 0.88, 0.81, 0.69, 0.59, 0.88, 0.96, 0.9334269708381313, 0.91, 0.93, 0.96, 0.9, 0.96, 0.99, 0.58, 0.77, 0.36, 0.97, 0.23, 0.82, 0.92, 0.97, 0.95, 0.42, 0.58, 0.87, 0.95, 0.97, 0.94, 0.17, 1.0, 0.96, 0.81, 0.97, 0.85, 0.9324505928853755, 0.9, 0.7, 0.99, 0.92, 0.92, 0.43, 0.96, 0.9607506053268764, 0.75, 0.92, 0.09, 0.58, 0.77, 0.96, 0.9137388794780098, 0.83, 0.84, 0.36, 0.8, 0.88, 0.86, 1.0, 0.87, 0.82, 0.89, 0.68, 0.94, 0.84, 0.9, 0.82, 0.88, 0.99, 0.81, 0.3685341025451564, 0.85, 0.94, 0.98, 0.93, 0.87, 0.96, 0.82, 0.97, 0.93, 0.77, 0.8, 0.96, 0.33, 0.06, 0.75, 0.18, 0.37, 0.95, 0.7736493608232737, 0.98, 0.02, 0.7670215242029333, 0.96, 0.82, 0.89, 0.96, 0.99, 0.8, 0.95, 0.67, 0.81, 0.81, 0.99, 0.83, 0.99, 0.96, 0.28, 0.7, 0.97, 0.77, 1.0, 0.26, 0.59, 0.06, 0.63, 0.12, 0.523409708902559, 0.93, 0.72, 0.92, 0.9213963963963964, 0.99, 0.27, 0.93, 0.95, 0.89, 0.99, 0.94, 0.99, 0.15, 0.87, 0.31, 0.51, 0.38, 0.71, 0.58, 0.2924505928853755, 1.0, 0.47, 0.68, 0.52, 0.96, 0.73, 0.29, 0.95, 0.18, 0.85, 0.79, 0.88, 0.49, 0.8424505928853755, 0.98, 0.98, 0.52, 0.72, 0.95, 0.91, 0.88, 0.44, 0.97, 0.53, 0.81, 0.86, 0.51, 0.6]"
2024-09,2024-11,"[1, 1, 1, 0, 0, 1, 1, 1, 1, 1, 1, 1, 1, 1, 1, 1, 1, 1, 1, 1, 1, 1, 1, 1, 1, 1, 0, 1, 1, 1, 1, 1, 1, 1, 1, 1, 1, 1, 1, 1, 1, 0, 1, 1, 1, 1, 1, 1, 1, 1, 1, 0, 0, 1, 1, 1, 1, 1, 1, 1, 1, 1, 1, 1, 1, 1, 1, 0, 1, 1, 1, 1, 0, 1, 0, 1, 1, 0, 1, 1, 1, 1, 1, 0, 1, 1, 1, 1, 1, 1, 1, 1, 1, 0, 0, 1, 1, 1, 1, 1, 0, 1, 1, 1, 1, 0, 1, 1, 1, 1, 1, 1, 1, 1, 0, 1, 1, 1, 1, 0, 1, 1, 1, 1, 1, 1, 1, 1, 1, 1, 1, 1, 1, 1, 1, 1, 1, 1, 0, 1, 1, 1, 1, 1, 1, 1, 1, 1, 1, 1, 1, 0, 1, 1, 1, 1, 0, 1, 1, 1, 1, 1, 1, 1, 1, 0, 1, 0, 1, 1, 1, 0, 0, 1, 1, 1, 1, 1, 1, 1, 1, 0, 1, 0, 0, 1, 1, 1, 1, 1, 0, 1, 1, 1, 1, 1, 0, 1, 1, 1, 1, 0, 1, 1, 0, 1, 1, 1, 1, 1, 0, 1, 1, 1, 0, 0, 1, 1]","[1, 1, 0, 1, 0, 1, 1, 1, 1, 1, 1, 1, 1, 1, 1, 1, 1, 1, 1, 1, 1, 1, 1, 0, 1, 1, 0, 1, 1, 1, 1, 1, 1, 1, 1, 1, 1, 1, 1, 1, 1, 0, 1, 1, 1, 1, 1, 1, 1, 1, 1, 0, 1, 1, 1, 1, 1, 1, 0, 1, 1, 1, 1, 1, 1, 1, 1, 0, 1, 0, 1, 1, 1, 1, 0, 1, 0, 0, 1, 0, 1, 1, 1, 1, 1, 1, 1, 1, 1, 1, 1, 1, 1, 0, 1, 1, 1, 1, 0, 1, 0, 1, 0, 1, 1, 1, 1, 1, 1, 1, 1, 1, 0, 1, 0, 1, 1, 1, 1, 1, 1, 1, 1, 1, 1, 1, 1, 1, 1, 1, 1, 1, 0, 1, 0, 1, 1, 1, 0, 1, 1, 0, 0, 1, 1, 1, 1, 0, 1, 1, 1, 0, 1, 1, 1, 1, 0, 1, 1, 1, 1, 1, 1, 1, 1, 0, 1, 1, 1, 1, 1, 1, 0, 0, 1, 1, 1, 1, 0, 1, 1, 0, 1, 1, 0, 1, 1, 1, 1, 0, 0, 1, 1, 1, 1, 1, 1, 1, 1, 0, 1, 1, 1, 1, 0, 1, 1, 1, 1, 1, 1, 1, 1, 1, 0, 0, 1, 1]","[0.98, 0.7732011982122521, 0.05, 0.58, 0.1, 0.7476939785635437, 0.7624505928853754, 0.96, 0.97, 0.95, 0.93, 0.53, 0.96, 0.79, 0.98, 0.7, 0.76, 0.8, 0.9, 0.75, 0.91, 0.94, 0.97, 0.39, 0.85, 0.86, 0.15, 0.89, 0.86, 0.93, 0.94, 0.92, 0.88, 0.63, 0.95, 0.76, 0.51, 0.84, 0.72, 0.86, 0.54, 0.19, 0.82, 0.97, 0.9, 0.94, 0.9, 0.63, 0.93, 0.84, 0.95, 0.19, 0.6724505928853755, 0.56, 0.87, 0.92, 1.0, 0.66, 0.36, 0.92, 0.9749011857707509, 0.93, 0.91, 0.84, 0.67, 0.85, 0.9, 0.38, 0.97, 0.23, 0.99, 0.9, 0.5209763779527559, 0.81, 0.39, 0.96, 0.42, 0.34, 0.68, 0.42, 0.94, 0.97, 0.85, 0.98, 0.95, 0.66, 0.81, 0.91, 0.91, 0.93, 0.83, 1.0, 0.71, 0.41, 0.55, 0.97, 0.98, 0.92, 0.36, 0.98, 0.06, 0.99, 0.47, 0.94, 0.89, 0.9, 0.85, 0.81, 0.96, 0.97, 0.7, 0.93, 0.36, 0.94, 0.4083281566088824, 0.67, 0.87, 0.84, 0.95, 0.64, 0.88, 0.89, 0.95, 0.94, 0.95, 0.91, 0.79, 0.95, 0.91, 0.97, 0.95, 0.89, 0.36, 0.79, 0.15, 0.97, 0.92, 0.61, 0.27, 0.8, 0.91, 0.18, 0.38, 0.8249011857707509, 0.93, 0.87, 0.98, 0.02, 0.7717692828656005, 0.94, 0.89, 0.13, 0.62, 0.85, 0.9609763779527559, 0.84, 0.4, 0.92, 0.55, 0.97, 0.73, 0.74, 0.8, 0.89, 0.99, 0.06, 0.99, 0.95, 0.92, 0.99, 0.93, 0.66, 0.05, 0.26, 0.89, 0.97, 0.93, 0.94, 0.15, 0.82, 0.92, 0.27, 0.9, 0.97, 0.31, 0.8, 0.96, 0.5507506053268765, 0.92, 0.25, 0.35, 1.0, 0.76, 0.97, 0.99, 0.95, 0.58, 0.81, 0.63, 0.33, 0.95, 0.54, 0.87, 0.94, 0.06, 0.7524505928853755, 0.6, 0.95, 0.91, 0.9449336870026525, 0.75, 0.91, 0.79, 0.75, 0.48, 0.43, 0.8, 0.66]"
2024-10,2024-10,"[0, 0, 0, 1, 1, 0, 1, 1, 1, 1, 1, 0, 1, 0, 1, 1, 0, 1, 1, 1, 1, 0, 1, 0, 1, 1, 1, 0, 1, 0, 1, 1, 1, 0, 0, 1, 1, 1, 1, 0, 1, 1, 1, 1, 1, 0, 0, 1, 0, 0, 1, 0, 1, 0, 1, 0, 1, 1, 0, 1, 0, 0, 0, 0, 1, 1, 1, 1, 1, 1, 1, 1, 1, 1, 1, 0, 1, 0, 0, 1, 1, 0, 1, 0, 1, 1, 0, 1, 0, 1, 0, 0, 1, 1, 1, 1, 1, 0, 1, 0, 0, 1, 0, 0, 1, 1, 1, 1, 0, 0, 1, 0, 1, 1, 0, 1, 1, 1, 1, 1, 0, 1, 1, 0, 1, 1, 1, 1, 1, 1, 1, 1, 1, 1, 1, 0, 1, 1, 1, 1, 1, 1, 1, 1, 0, 0, 1, 1, 0, 0, 1, 1, 1, 0, 1, 1, 1, 1, 1, 1, 1, 1, 0, 0, 1, 1, 1, 0, 1, 1, 1, 1, 0, 1, 1, 1, 1, 1, 0, 1, 1, 1, 0, 0, 1, 1, 1, 1, 1, 1, 1, 0, 1, 1, 1, 1, 1, 0, 0, 1, 1, 1, 1, 0, 1, 1, 1, 1, 0, 1, 1, 0, 1, 1, 0]","[1, 1, 1, 1, 1, 1, 1, 1, 1, 1, 1, 1, 1, 1, 1, 1, 1, 1, 1, 0, 1, 0, 1, 1, 1, 1, 1, 1, 1, 0, 1, 1, 0, 1, 0, 1, 0, 0, 1, 1, 1, 1, 1, 1, 0, 1, 1, 1, 1, 0, 1, 1, 1, 0, 1, 1, 1, 1, 1, 1, 1, 0, 1, 0, 1, 1, 1, 1, 0, 1, 1, 1, 1, 1, 1, 1, 1, 1, 1, 1, 1, 1, 1, 1, 1, 0, 1, 1, 1, 1, 1, 1, 1, 1, 1, 1, 1, 1, 1, 1, 1, 1, 1, 0, 1, 1, 1, 1, 1, 0, 1, 1, 1, 1, 0, 1, 1, 1, 1, 0, 1, 1, 1, 1, 1, 1, 1, 1, 1, 1, 1, 1, 1, 1, 1, 1, 1, 1, 1, 1, 1, 1, 1, 1, 1, 0, 1, 1, 1, 1, 1, 1, 1, 0, 1, 1, 1, 1, 1, 1, 0, 1, 1, 0, 1, 0, 1, 0, 1, 1, 1, 1, 1, 1, 1, 1, 1, 1, 1, 1, 1, 1, 1, 1, 1, 1, 1, 1, 1, 1, 1, 0, 0, 1, 1, 1, 1, 0, 0, 1, 1, 1, 1, 1, 1, 1, 1, 1, 0, 1, 1, 0, 1, 1, 1]","[0.69, 0.64, 0.75, 0.74, 0.84, 0.73, 0.55, 0.9, 0.86, 0.75, 0.81, 0.57, 0.93, 0.67, 0.86, 0.62, 0.67, 0.78, 0.89, 0.33, 0.98, 0.46, 0.85, 0.74, 0.98, 0.67, 0.98, 0.64, 0.6810607287449392, 0.44, 0.9, 0.65, 0.42, 0.66, 0.41, 0.73, 0.49, 0.5, 0.53, 0.83, 0.87, 0.94, 0.71, 0.54, 0.44, 0.93, 0.69, 0.85, 0.8536859792459414, 0.23, 0.91, 0.57, 0.74, 0.31, 0.7267614583261102, 0.78, 0.82, 0.66, 0.74, 0.96, 0.51, 0.45, 0.68, 0.35, 0.72, 0.86, 1.0, 0.71, 0.45, 0.89, 0.96, 0.66, 0.82, 0.93, 0.88, 0.94, 0.64, 0.83, 0.94, 0.87, 0.85, 0.82, 0.81, 0.67, 0.86, 0.47, 0.82, 0.76, 0.93, 0.77, 0.76, 0.64, 0.59, 0.88, 0.96, 0.72, 0.9, 0.86, 0.75, 0.79, 0.85, 0.8, 0.79, 0.38, 0.84, 0.71, 0.93, 0.69, 0.86, 0.18, 0.53, 0.93, 0.93, 0.96, 0.34, 0.57, 0.9, 0.82, 0.82, 0.47525050100200406, 0.95, 0.56, 0.97, 0.75, 0.83, 0.6, 0.93, 0.72, 0.91, 0.76, 0.98, 0.74, 0.81, 0.82, 0.62, 0.91, 0.58, 0.94, 0.96, 0.71, 0.94, 0.66, 0.94, 0.98, 0.69, 0.29, 0.71, 0.57, 0.75, 0.58, 0.67, 0.89, 0.76, 0.23, 0.78, 0.74, 0.73, 0.96, 0.92, 0.91, 0.44, 0.99, 0.95, 0.2441587301587302, 0.79, 0.44, 0.8, 0.09, 0.88, 0.88, 0.51, 0.92, 0.91, 0.75, 0.77, 0.59, 0.86, 0.93, 0.85, 0.882625250501002, 0.98, 0.89, 0.8, 0.7, 0.93, 0.91, 0.84, 0.83, 0.82, 0.75, 0.7825044415674097, 0.35, 0.32, 0.9, 0.8, 0.96, 0.91, 0.48, 0.23, 0.81, 0.7, 0.78, 0.74, 0.51, 0.63, 0.72, 0.66, 0.7887959399878463, 0.45, 0.805250501002004, 0.88, 0.42, 0.83, 0.53, 0.55]"
2024-10,2024-06,"[0, 1, 1, 1, 0, 0, 1, 1, 1, 0, 1, 0, 1, 1, 1, 0, 1, 0, 1, 0, 1, 1, 1, 1, 1, 1, 1, 1, 1, 1, 1, 0, 1, 1, 1, 1, 1, 1, 0, 1, 0, 1, 1, 1, 1, 1, 1, 0, 1, 1, 1, 1, 1, 0, 0, 0, 0, 1, 1, 1, 0, 1, 0, 0, 1, 1, 1, 0, 0, 1, 1, 0, 1, 1, 0, 0, 1, 0, 1, 1, 1, 1, 0, 0, 1, 1, 0, 1, 1, 0, 0, 0, 1, 0, 1, 0, 1, 1, 1, 1, 0, 1, 1, 1, 1, 1, 0, 1, 0, 1, 1, 0, 1, 0, 1, 1, 1, 0, 0, 0, 0, 0, 0, 0, 1, 1, 1, 1, 0, 1, 1, 0, 1, 1, 1, 1, 1, 1, 1, 1, 0, 0, 1, 1, 1, 1, 1, 0, 1, 1, 0, 0, 1, 1, 1, 0, 1, 1, 0, 1, 1, 1, 1, 1, 0, 1, 1, 0, 0, 0, 1, 0, 1, 1, 1, 1, 1, 1, 0, 0, 1, 1, 1, 1, 0, 1, 1, 0, 0, 1, 1, 1, 1, 0, 1, 0, 0, 1, 0, 0, 1, 1, 1, 1, 0, 1, 1, 1, 0]","[0, 1, 0, 1, 1, 0, 1, 1, 1, 1, 1, 1, 1, 1, 1, 1, 1, 0, 1, 0, 1, 1, 1, 1, 1, 1, 1, 1, 1, 1, 1, 1, 1, 1, 1, 1, 1, 1, 0, 1, 1, 1, 1, 1, 1, 1, 0, 1, 1, 1, 1, 0, 1, 1, 0, 1, 1, 1, 1, 1, 0, 1, 1, 1, 1, 1, 1, 0, 1, 1, 1, 1, 1, 1, 0, 1, 1, 1, 1, 1, 1, 1, 1, 1, 1, 1, 0, 1, 1, 0, 1, 0, 1, 1, 1, 0, 1, 1, 1, 0, 1, 1, 1, 1, 1, 1, 0, 1, 0, 1, 1, 0, 1, 1, 1, 1, 1, 1, 0, 1, 0, 1, 1, 0, 1, 1, 1, 1, 0, 1, 1, 1, 1, 1, 1, 1, 1, 1, 1, 1, 0, 0, 1, 1, 1, 1, 1, 1, 1, 1, 1, 0, 0, 1, 1, 0, 1, 1, 1, 1, 1, 1, 1, 1, 1, 1, 1, 0, 1, 0, 1, 1, 1, 1, 1, 1, 1, 1, 1, 0, 1, 1, 0, 1, 1, 1, 1, 0, 1, 1, 1, 1, 1, 1, 1, 1, 1, 1, 0, 1, 1, 1, 1, 1, 0, 1, 1, 1, 1]","[0.2541587301587302, 0.78, 0.44, 0.93, 0.88, 0.09, 0.91, 0.88, 0.68, 0.63, 0.88, 0.68, 0.83, 0.89, 0.88, 0.97, 0.98, 0.20262525050100202, 0.79, 0.27, 0.91, 0.78, 0.72, 0.89, 0.66, 0.86, 0.55, 0.61, 0.76, 0.93, 0.95, 0.9, 0.7736859792459413, 0.9, 0.99, 0.98, 0.63, 0.69, 0.19, 0.93, 1.0, 0.88, 0.88, 0.91, 1.0, 0.63, 0.3, 0.84, 0.7310607287449392, 0.55, 0.87, 0.48, 0.84, 0.58, 0.31, 0.98, 0.58, 1.0, 0.86, 0.94, 0.3, 0.58, 0.65, 0.52, 0.99, 0.87, 0.9, 0.11, 0.87, 0.62, 0.65, 0.9, 0.77, 0.98, 0.31, 0.8536859792459414, 0.79, 0.66, 0.83, 0.94, 0.99, 0.94, 0.5246286900644036, 0.82, 0.85, 0.85, 0.38, 0.81, 0.86, 0.34, 0.92, 0.48, 0.78, 0.62, 0.8, 0.43, 0.92, 0.98, 0.81, 0.26, 0.82, 0.98, 0.94, 0.95, 0.9, 0.77, 0.16, 0.675250501002004, 0.11, 0.94, 0.9, 0.44, 0.95, 0.9, 0.74, 0.95, 0.88, 0.95, 0.44, 0.9, 0.18, 0.7194092311607342, 0.89, 0.25, 0.5815109573241061, 0.66, 0.83, 0.75, 0.35, 0.79, 0.98, 0.82, 0.98, 0.99, 0.56, 0.79, 0.7367614583261102, 0.93, 0.79, 1.0, 0.3, 0.05, 0.96, 0.78, 0.57, 0.77, 0.8, 0.86, 0.82, 0.95, 0.79, 0.49, 0.41, 0.71, 0.98, 0.5, 0.8, 0.92, 0.78, 0.83, 0.73, 0.815250501002004, 0.97, 0.8, 0.85, 0.93, 0.88, 0.18, 0.94, 0.4, 0.96, 0.68, 0.68, 0.84, 0.97, 0.92, 0.97, 0.66, 0.93, 0.16, 0.89, 0.82, 0.44, 0.63, 0.81, 0.87, 0.74, 0.31262525050100204, 0.96, 0.95, 0.97, 0.83, 0.72, 0.73, 0.85, 0.67, 0.73, 0.82, 0.19, 0.77, 0.83, 0.82, 0.71, 0.79, 0.37, 0.69, 0.96, 0.8, 0.84]"
2024-10,2024-02,"[1, 1, 0, 0, 0, 1, 1, 1, 1, 1, 0, 1, 1, 0, 1, 1, 0, 0, 1, 1, 1, 1, 0, 1, 0, 0, 0, 0, 1, 0, 1, 1, 0, 1, 1, 1, 1, 0, 0, 0, 1, 1, 1, 1, 0, 1, 1, 1, 1, 0, 1, 0, 1, 1, 1, 0, 1, 0, 1, 1, 1, 1, 1, 0, 1, 0, 1, 1, 1, 1, 1, 1, 0, 1, 1, 1, 1, 1, 0, 0, 1, 1, 1, 1, 1, 1, 0, 1, 1, 1, 0, 1, 0, 1, 1, 0, 0, 1, 1, 1, 1, 1, 0, 0, 1, 1, 0, 1, 1, 0, 1, 1, 1, 1, 1, 1, 1, 1, 0, 1, 1, 1, 1, 1, 1, 1, 1, 1, 1, 0, 1, 1, 0, 0, 0, 0, 1, 0, 1, 0, 1, 1, 1, 1, 1, 1, 1, 1, 1, 1, 1, 1, 1, 1, 1, 0, 1, 1, 1, 1, 1, 1, 0, 0, 0, 1, 1, 1, 1, 1, 0, 0, 1, 1, 1, 1, 1, 1, 0, 1, 1, 1, 1, 0, 0, 0, 1, 0, 0, 1, 1, 0, 0, 1, 0, 1, 1, 1, 0, 0, 1, 1, 0, 1, 1, 1, 1, 0, 1, 0, 1, 1, 0, 1]","[1, 1, 0, 1, 0, 1, 1, 1, 1, 1, 0, 0, 0, 1, 1, 1, 0, 0, 1, 1, 1, 1, 1, 1, 1, 0, 0, 1, 1, 0, 1, 1, 0, 1, 1, 1, 1, 1, 0, 0, 1, 1, 1, 1, 0, 1, 1, 1, 1, 0, 1, 1, 1, 0, 1, 1, 0, 1, 1, 1, 1, 1, 1, 1, 1, 0, 1, 1, 1, 1, 1, 1, 0, 1, 1, 1, 1, 1, 0, 1, 1, 1, 1, 1, 1, 1, 1, 1, 1, 1, 0, 1, 1, 1, 1, 0, 1, 1, 1, 1, 1, 1, 1, 1, 1, 1, 1, 1, 1, 1, 1, 1, 1, 1, 1, 1, 1, 1, 0, 1, 1, 1, 1, 1, 1, 1, 1, 1, 1, 1, 1, 1, 0, 0, 0, 1, 1, 1, 1, 0, 1, 1, 1, 1, 1, 1, 1, 1, 1, 0, 1, 1, 1, 1, 1, 0, 1, 1, 1, 1, 1, 1, 0, 1, 0, 1, 1, 1, 1, 1, 1, 0, 1, 0, 1, 1, 1, 1, 0, 1, 1, 1, 1, 1, 0, 1, 1, 1, 0, 1, 1, 1, 0, 1, 0, 1, 1, 1, 1, 1, 1, 1, 1, 0, 1, 1, 1, 1, 1, 0, 1, 1, 0, 1]","[0.98, 0.99, 0.04, 0.52, 0.18, 0.93, 0.96, 0.66, 0.9, 0.81, 0.47, 0.39, 0.38, 0.72, 0.62, 0.86, 0.2467839806597322, 0.22, 0.93, 0.79, 0.57, 0.93, 0.91, 0.89, 0.89, 0.14, 0.15, 0.62, 0.85, 0.42, 0.88, 0.67, 0.19, 0.8, 0.77, 0.54, 0.78, 0.77, 0.49, 0.09, 0.95, 0.8, 0.95, 0.85, 0.3, 0.96, 0.81, 0.87, 0.61, 0.01, 0.72, 0.96, 0.86, 0.44, 0.74, 0.84, 0.31262525050100204, 0.91, 0.94, 0.97, 0.87, 0.81, 0.91, 0.71, 0.85, 0.3, 0.9, 0.82, 0.96, 0.87, 0.82, 0.76, 0.41, 0.6741587301587302, 0.98, 0.99, 0.95, 0.83, 0.21, 0.89, 0.87, 0.79, 0.83, 0.87, 0.52, 0.91, 0.75, 0.99, 0.88, 0.85, 0.36, 0.87, 0.89, 0.53, 0.97, 0.41, 0.68, 0.86, 0.95, 0.562625250501002, 0.97, 0.97, 0.88, 0.83, 0.83, 0.75, 0.7, 0.89, 0.9, 0.88, 0.59, 0.94, 0.59, 0.83, 0.8, 0.82, 0.73, 0.6, 0.47525050100200406, 0.86, 0.95, 0.93, 0.74, 0.9, 0.96, 0.86, 0.9, 0.98, 0.73, 0.51, 0.96, 0.86, 0.08, 0.2015109573241061, 0.15, 0.56, 0.88, 0.8546286900644036, 1.0, 0.36, 0.6620119593281142, 0.91, 0.87, 0.84, 0.86, 0.95, 0.86, 0.71, 0.96, 0.5, 0.91, 0.99, 0.77, 0.96, 0.63, 0.14, 0.89, 0.72, 0.74, 0.97, 0.53, 0.56, 0.05, 0.57, 0.19, 0.519650158693263, 0.84, 0.9, 0.88, 0.91, 0.96, 0.24, 0.91, 0.39, 0.9, 0.78, 0.93, 0.97, 0.06, 0.88, 0.77, 0.65, 0.63, 0.6, 0.35, 0.86, 0.98, 0.79, 0.3, 0.53, 0.98, 0.8, 0.4, 0.98, 0.23, 0.91, 0.9, 0.86, 0.74, 0.88, 0.96, 0.97, 0.53, 0.46, 0.93, 0.96, 0.84, 0.61, 0.94, 0.35, 0.78, 0.89, 0.2, 0.71]"
2024-10,2024-11,"[1, 1, 1, 0, 0, 1, 1, 1, 1, 1, 1, 1, 1, 1, 1, 1, 1, 1, 1, 1, 1, 1, 1, 1, 1, 1, 0, 1, 1, 1, 1, 1, 1, 1, 1, 1, 1, 1, 1, 1, 1, 0, 1, 1, 1, 1, 1, 1, 1, 1, 1, 0, 0, 1, 1, 1, 1, 1, 1, 1, 1, 1, 1, 1, 1, 1, 1, 0, 1, 1, 1, 1, 0, 1, 0, 1, 1, 0, 1, 1, 1, 1, 1, 0, 1, 1, 1, 1, 1, 1, 1, 1, 1, 0, 0, 1, 1, 1, 1, 1, 0, 1, 1, 1, 1, 0, 1, 1, 1, 1, 1, 1, 1, 1, 0, 1, 1, 1, 1, 0, 1, 1, 1, 1, 1, 1, 1, 1, 1, 1, 1, 1, 1, 1, 1, 1, 1, 1, 0, 1, 1, 1, 1, 1, 1, 1, 1, 1, 1, 1, 1, 0, 1, 1, 1, 1, 0, 1, 1, 1, 1, 1, 1, 1, 1, 0, 1, 0, 1, 1, 1, 0, 0, 1, 1, 1, 1, 1, 1, 1, 1, 0, 1, 0, 0, 1, 1, 1, 1, 1, 0, 1, 1, 1, 1, 1, 0, 1, 1, 1, 1, 0, 1, 1, 0, 1, 1, 1, 1, 1, 0, 1, 1, 1, 0, 0, 1, 1]","[1, 1, 0, 0, 0, 1, 1, 1, 1, 1, 1, 1, 1, 1, 1, 0, 1, 1, 1, 1, 1, 1, 1, 1, 1, 1, 0, 1, 1, 1, 1, 1, 1, 0, 1, 1, 1, 1, 1, 1, 1, 0, 1, 1, 1, 1, 1, 1, 1, 1, 1, 0, 0, 1, 1, 1, 1, 1, 1, 1, 1, 1, 1, 1, 1, 1, 1, 0, 1, 1, 1, 1, 0, 1, 1, 1, 1, 0, 1, 1, 1, 1, 1, 1, 1, 1, 1, 1, 1, 1, 1, 1, 1, 1, 0, 1, 1, 1, 0, 1, 0, 1, 1, 1, 1, 1, 1, 1, 1, 1, 1, 1, 1, 1, 0, 1, 1, 1, 1, 1, 0, 1, 1, 1, 1, 1, 1, 1, 1, 1, 1, 1, 1, 1, 1, 1, 1, 1, 0, 1, 1, 0, 1, 1, 1, 1, 1, 0, 1, 1, 1, 0, 1, 1, 1, 1, 1, 1, 1, 1, 1, 1, 1, 0, 1, 0, 1, 0, 1, 1, 1, 0, 0, 0, 1, 1, 1, 1, 0, 1, 1, 0, 1, 1, 0, 0, 1, 1, 1, 1, 1, 1, 1, 1, 1, 1, 1, 1, 1, 1, 1, 1, 1, 1, 0, 0, 1, 1, 1, 1, 1, 1, 0, 1, 0, 0, 1, 1]","[0.98, 0.9410607287449392, 0.02, 0.22, 0.19, 0.93, 0.97, 0.89, 0.94, 0.87, 0.85, 0.75, 0.99, 0.95, 0.94, 0.47, 0.7, 0.96, 0.54, 0.91, 0.94, 0.88, 0.93, 0.89, 0.86, 0.94, 0.04, 0.91, 0.88, 0.82, 0.98, 0.91, 0.89, 0.35, 0.95, 0.73, 0.79, 0.85, 0.82, 0.86, 0.62, 0.27, 0.9, 0.92, 0.79, 0.93, 0.86, 0.8, 0.83, 0.8, 0.94, 0.27, 0.26, 0.76, 0.89, 0.91, 0.98, 0.63, 0.94, 0.79, 0.58, 0.94, 0.8, 0.52, 0.72, 0.95, 0.9, 0.27, 0.9, 0.82, 0.99, 0.88, 0.39, 0.84, 0.78, 0.82, 0.53, 0.48, 0.8, 0.81, 0.84, 0.93, 0.77, 0.88, 0.82, 0.67, 1.0, 0.94, 0.87, 0.6, 0.94, 0.98, 0.93, 0.55, 0.31, 0.73, 0.92, 0.88, 0.33, 0.96, 0.33, 0.82, 0.9, 0.98, 0.94, 0.73, 0.81, 0.91, 0.82, 0.55, 0.71, 0.94, 0.79, 0.97, 0.4441587301587302, 0.85, 0.8, 0.86, 0.75, 0.64, 0.47, 0.75, 0.71, 0.93, 0.95, 0.89, 0.96, 0.7, 0.86, 0.94, 0.96, 0.97, 0.74, 0.75, 0.9, 0.98, 0.77, 0.65, 0.32, 0.77, 0.92, 0.11, 0.69, 0.84, 0.81, 0.74, 1.0, 0.35, 0.7187959399878462, 0.98, 0.84, 0.31, 0.97, 0.97, 0.53, 0.88, 0.82, 0.86, 0.71, 0.96, 0.52, 0.8, 0.97, 0.48, 0.88, 0.03, 0.71, 0.39, 0.89, 0.98, 0.7, 0.36, 0.23, 0.18, 0.89, 0.89, 0.805250501002004, 0.73, 0.05, 0.98, 0.91, 0.18, 0.95, 0.83, 0.27, 0.29, 0.9, 0.86, 0.95, 0.85, 0.77, 0.98, 0.67, 0.98, 1.0, 0.98, 0.59, 0.78, 0.78, 0.69, 0.97, 0.57, 0.62, 0.94, 0.23, 0.48, 0.65, 0.94, 0.96, 0.7267614583261102, 0.69, 0.88, 0.5, 0.76, 0.2, 0.45, 0.83, 0.61]"
2024-06,2024-06,"[0, 1, 1, 1, 0, 0, 1, 1, 1, 0, 1, 0, 1, 1, 1, 0, 1, 0, 1, 0, 1, 1, 1, 1, 1, 1, 1, 1, 1, 1, 1, 0, 1, 1, 1, 1, 1, 1, 0, 1, 0, 1, 1, 1, 1, 1, 1, 0, 1, 1, 1, 1, 1, 0, 0, 0, 0, 1, 1, 1, 0, 1, 0, 0, 1, 1, 1, 0, 0, 1, 1, 0, 1, 1, 0, 0, 1, 0, 1, 1, 1, 1, 0, 0, 1, 1, 0, 1, 1, 0, 0, 0, 1, 0, 1, 0, 1, 1, 1, 1, 0, 1, 1, 1, 1, 1, 0, 1, 0, 1, 1, 0, 1, 0, 1, 1, 1, 0, 0, 0, 0, 0, 0, 0, 1, 1, 1, 1, 0, 1, 1, 0, 1, 1, 1, 1, 1, 1, 1, 1, 0, 0, 1, 1, 1, 1, 1, 0, 1, 1, 0, 0, 1, 1, 1, 0, 1, 1, 0, 1, 1, 1, 1, 1, 0, 1, 1, 0, 0, 0, 1, 0, 1, 1, 1, 1, 1, 1, 0, 0, 1, 1, 1, 1, 0, 1, 1, 0, 0, 1, 1, 1, 1, 0, 1, 0, 0, 1, 0, 0, 1, 1, 1, 1, 0, 1, 1, 1, 0]","[0, 0, 1, 1, 0, 0, 1, 1, 1, 1, 1, 1, 1, 1, 1, 1, 1, 0, 1, 1, 1, 1, 1, 0, 1, 1, 1, 1, 0, 1, 1, 1, 1, 0, 1, 1, 1, 1, 0, 1, 1, 1, 0, 1, 1, 1, 0, 1, 1, 1, 1, 0, 1, 0, 0, 1, 0, 1, 1, 1, 0, 1, 1, 1, 1, 1, 1, 0, 1, 1, 0, 0, 0, 1, 0, 1, 1, 1, 1, 1, 1, 1, 1, 1, 0, 0, 0, 0, 1, 0, 1, 0, 1, 1, 1, 1, 1, 1, 0, 1, 0, 0, 1, 1, 1, 1, 1, 1, 0, 1, 0, 1, 1, 0, 1, 0, 1, 1, 1, 1, 0, 1, 1, 0, 1, 1, 0, 1, 0, 0, 1, 1, 1, 1, 1, 1, 1, 1, 1, 1, 0, 0, 1, 1, 1, 1, 1, 1, 1, 1, 0, 1, 1, 1, 1, 1, 1, 1, 0, 1, 1, 0, 1, 0, 0, 1, 0, 0, 1, 1, 1, 1, 0, 0, 1, 0, 1, 1, 1, 0, 1, 1, 1, 0, 1, 1, 0, 1, 1, 1, 1, 0, 1, 0, 1, 1, 1, 1, 0, 0, 1, 1, 1, 1, 1, 1, 1, 1, 1]","[0.15, 0.39, 0.69, 0.74, 0.47, 0.05, 0.97, 0.58, 0.87, 0.86, 0.89, 0.62, 0.86, 0.78, 0.61, 0.66, 0.92, 0.08, 0.88, 0.7, 0.83, 0.89, 0.82, 0.38, 0.79, 0.64, 0.64, 0.74, 0.42, 0.88, 0.85, 0.69, 0.6094112364329625, 0.48, 0.81, 0.95, 0.77, 0.58, 0.25, 0.53560518761429, 0.8, 0.79, 0.5, 0.66, 0.95, 0.63, 0.38, 0.71, 0.6255251141552511, 0.63, 0.63, 0.47, 0.6, 0.41, 0.39, 0.85, 0.06, 0.92, 0.74, 0.98, 0.49, 0.71, 0.8934907597535934, 0.67, 0.82, 0.65, 0.76, 0.43, 0.68, 0.6, 0.4, 0.29, 0.3, 0.96, 0.49, 0.7104378536179408, 0.73, 0.64, 0.87, 0.59, 0.9, 0.79, 0.563029341270591, 0.86, 0.17, 0.29, 0.33, 0.36, 0.61, 0.25, 0.98, 0.35, 0.77, 0.56, 0.66, 0.73, 0.58, 0.64, 0.45, 0.54, 0.5, 0.39, 0.81, 0.7, 0.7, 0.75, 0.52, 0.86, 0.29, 0.95, 0.49, 0.61, 0.85, 0.41, 0.92, 0.38, 0.96, 0.9, 0.66, 0.63, 0.492256819659952, 0.5282812960590036, 0.71, 0.23, 0.7551750380517503, 0.8, 0.38, 0.71, 0.26, 0.48564731731253064, 0.81, 0.59, 0.65, 0.7, 0.94, 0.5715165031222122, 0.8277617451732272, 0.93, 0.55, 0.82, 0.22, 0.17, 0.94, 0.68, 0.78, 0.82, 0.67, 0.77, 0.77, 0.8, 0.4, 0.91, 0.93, 0.68, 0.9, 0.7531483877054939, 0.63, 0.72, 0.5, 0.75, 0.74, 0.49, 0.62, 0.38, 0.4, 0.94, 0.46, 0.13, 0.87, 0.83, 0.58, 0.7886657978053438, 0.44, 0.47, 0.9, 0.38, 0.71, 0.92, 0.59, 0.39, 0.7, 0.55, 0.56, 0.37, 0.89, 0.63, 0.37, 0.766166868198307, 0.53, 0.57, 0.67, 0.49, 0.58, 0.46, 0.73, 0.79, 0.77, 0.89, 0.29, 0.5, 0.54, 0.88, 0.9, 0.82, 0.83, 0.86, 0.86, 0.6, 0.53]"
2024-06,2024-02,"[1, 1, 0, 0, 0, 1, 1, 1, 1, 1, 0, 1, 1, 0, 1, 1, 0, 0, 1, 1, 1, 1, 0, 1, 0, 0, 0, 0, 1, 0, 1, 1, 0, 1, 1, 1, 1, 0, 0, 0, 1, 1, 1, 1, 0, 1, 1, 1, 1, 0, 1, 0, 1, 1, 1, 0, 1, 0, 1, 1, 1, 1, 1, 0, 1, 0, 1, 1, 1, 1, 1, 1, 0, 1, 1, 1, 1, 1, 0, 0, 1, 1, 1, 1, 1, 1, 0, 1, 1, 1, 0, 1, 0, 1, 1, 0, 0, 1, 1, 1, 1, 1, 0, 0, 1, 1, 0, 1, 1, 0, 1, 1, 1, 1, 1, 1, 1, 1, 0, 1, 1, 1, 1, 1, 1, 1, 1, 1, 1, 0, 1, 1, 0, 0, 0, 0, 1, 0, 1, 0, 1, 1, 1, 1, 1, 1, 1, 1, 1, 1, 1, 1, 1, 1, 1, 0, 1, 1, 1, 1, 1, 1, 0, 0, 0, 1, 1, 1, 1, 1, 0, 0, 1, 1, 1, 1, 1, 1, 0, 1, 1, 1, 1, 0, 0, 0, 1, 0, 0, 1, 1, 0, 0, 1, 0, 1, 1, 1, 0, 0, 1, 1, 0, 1, 1, 1, 1, 0, 1, 0, 1, 1, 0, 1]","[1, 1, 0, 0, 0, 1, 1, 1, 1, 1, 0, 1, 1, 0, 1, 0, 0, 0, 1, 1, 1, 1, 0, 1, 1, 0, 0, 0, 1, 1, 1, 1, 0, 1, 1, 1, 1, 1, 0, 0, 1, 1, 1, 1, 0, 0, 1, 1, 1, 0, 1, 1, 1, 1, 1, 1, 1, 0, 1, 1, 0, 1, 1, 1, 0, 0, 1, 1, 1, 1, 1, 1, 1, 1, 1, 1, 1, 1, 0, 1, 0, 1, 1, 1, 1, 1, 1, 1, 1, 1, 1, 1, 1, 1, 1, 0, 1, 1, 1, 1, 1, 0, 1, 1, 1, 1, 1, 1, 1, 1, 1, 1, 0, 1, 0, 1, 1, 1, 0, 1, 1, 1, 1, 1, 1, 1, 1, 1, 1, 0, 0, 1, 0, 0, 0, 1, 1, 0, 1, 0, 1, 1, 1, 1, 1, 1, 1, 0, 1, 1, 1, 1, 1, 1, 1, 1, 1, 1, 1, 1, 1, 1, 0, 0, 0, 1, 1, 1, 1, 1, 1, 0, 1, 1, 1, 1, 1, 1, 0, 1, 0, 1, 1, 0, 0, 1, 1, 1, 0, 1, 1, 0, 1, 1, 0, 0, 1, 1, 0, 1, 1, 1, 0, 0, 1, 1, 1, 0, 1, 0, 0, 1, 0, 0]","[0.94, 0.8196576279519006, 0.01, 0.15, 0.23, 0.53560518761429, 0.7961668681983072, 0.77, 0.82, 0.6, 0.27, 0.9, 0.73, 0.23, 0.66, 0.42, 0.3, 0.02, 0.81, 0.5815165031222123, 0.64, 0.93, 0.35, 0.89, 0.68, 0.25, 0.22, 0.37, 0.86, 0.62, 0.58, 0.87, 0.06, 0.8, 0.84, 0.68, 0.88, 0.6, 0.34, 0.1, 0.85, 0.66, 0.66, 0.85, 0.17, 0.49, 0.61, 0.94, 0.8, 0.01, 0.89, 0.68, 0.75, 0.56, 0.87, 0.7, 0.766166868198307, 0.24, 0.99, 0.53, 0.5, 0.87, 0.59, 0.57, 0.5, 0.18, 0.89, 0.92, 0.78, 0.91, 0.65, 0.82, 0.53, 0.91, 0.97, 0.85, 0.91, 0.96, 0.22, 0.72, 0.42, 0.75, 0.84, 0.69, 0.86, 0.88, 0.72, 0.97, 0.7, 0.81, 0.58, 0.83, 0.69, 0.81, 0.92, 0.18, 0.8586657978053438, 0.89, 0.67, 0.89, 0.95, 0.28, 0.86, 0.76, 0.67, 0.99, 0.89, 0.71, 0.92, 0.99, 0.69, 0.97, 0.41, 0.78, 0.45, 0.79, 0.7, 0.85, 0.33, 0.87, 0.85, 0.83, 0.92, 0.69, 0.91, 0.87, 0.98, 0.83, 0.69, 0.43, 0.42, 0.73, 0.07, 0.48410579220921135, 0.04, 0.95, 0.59, 0.34, 0.98, 0.25, 0.531202218474321, 0.54, 0.64, 0.83, 0.82, 0.99, 0.97, 0.49, 0.91, 0.85, 0.78, 0.94, 0.8, 0.62, 0.65, 0.59, 0.92, 0.88, 0.65, 0.85, 0.69, 0.66, 0.01, 0.19, 0.13, 0.5440410842551362, 0.59, 0.7, 0.86, 0.889138077066124, 0.87, 0.16, 0.78, 0.8, 0.93, 0.97, 0.78, 0.99, 0.08, 0.73, 0.17, 0.67, 0.55, 0.47, 0.4, 0.79, 0.92, 0.53, 0.49, 0.68, 0.79, 0.49, 0.7, 0.97, 0.27, 0.33, 0.72, 0.89, 0.38, 0.57, 0.95, 0.92, 0.27, 0.3651750380517504, 0.93, 0.94, 0.82, 0.22, 0.92, 0.31, 0.39, 0.66, 0.29, 0.29]"
2024-06,2024-11,"[1, 1, 1, 0, 0, 1, 1, 1, 1, 1, 1, 1, 1, 1, 1, 1, 1, 1, 1, 1, 1, 1, 1, 1, 1, 1, 0, 1, 1, 1, 1, 1, 1, 1, 1, 1, 1, 1, 1, 1, 1, 0, 1, 1, 1, 1, 1, 1, 1, 1, 1, 0, 0, 1, 1, 1, 1, 1, 1, 1, 1, 1, 1, 1, 1, 1, 1, 0, 1, 1, 1, 1, 0, 1, 0, 1, 1, 0, 1, 1, 1, 1, 1, 0, 1, 1, 1, 1, 1, 1, 1, 1, 1, 0, 0, 1, 1, 1, 1, 1, 0, 1, 1, 1, 1, 0, 1, 1, 1, 1, 1, 1, 1, 1, 0, 1, 1, 1, 1, 0, 1, 1, 1, 1, 1, 1, 1, 1, 1, 1, 1, 1, 1, 1, 1, 1, 1, 1, 0, 1, 1, 1, 1, 1, 1, 1, 1, 1, 1, 1, 1, 0, 1, 1, 1, 1, 0, 1, 1, 1, 1, 1, 1, 1, 1, 0, 1, 0, 1, 1, 1, 0, 0, 1, 1, 1, 1, 1, 1, 1, 1, 0, 1, 0, 0, 1, 1, 1, 1, 1, 0, 1, 1, 1, 1, 1, 0, 1, 1, 1, 1, 0, 1, 1, 0, 1, 1, 1, 1, 1, 0, 1, 1, 1, 0, 0, 1, 1]","[1, 1, 0, 0, 0, 1, 1, 1, 1, 1, 1, 0, 1, 0, 1, 1, 0, 1, 1, 1, 1, 1, 1, 0, 1, 1, 0, 1, 1, 1, 1, 1, 1, 1, 1, 1, 1, 1, 1, 1, 1, 0, 1, 1, 1, 1, 1, 1, 1, 0, 1, 0, 0, 1, 1, 1, 0, 1, 1, 1, 1, 1, 1, 1, 0, 1, 1, 0, 1, 1, 1, 1, 1, 1, 1, 1, 0, 1, 1, 1, 1, 1, 1, 1, 0, 0, 1, 1, 1, 1, 1, 0, 1, 1, 1, 1, 1, 1, 1, 1, 0, 1, 0, 1, 1, 1, 1, 1, 1, 1, 1, 1, 0, 1, 1, 1, 0, 1, 1, 0, 1, 1, 1, 1, 1, 1, 1, 1, 1, 1, 1, 1, 0, 1, 1, 0, 1, 1, 0, 1, 1, 0, 1, 1, 1, 1, 1, 0, 1, 1, 1, 0, 1, 1, 1, 1, 0, 1, 1, 1, 1, 1, 1, 1, 1, 0, 1, 1, 1, 1, 1, 0, 0, 0, 1, 1, 1, 1, 0, 1, 0, 1, 0, 1, 1, 0, 1, 1, 1, 1, 0, 1, 1, 1, 1, 1, 0, 1, 0, 0, 1, 1, 1, 1, 0, 0, 0, 1, 1, 0, 1, 1, 0, 0, 0, 0, 1, 1]","[0.95, 0.7351750380517504, 0.0, 0.35, 0.25, 0.53, 0.7713419062500576, 0.65, 0.71, 0.55, 0.6, 0.5, 0.9, 0.4434907597535934, 0.81, 0.61, 0.5, 0.71, 0.93, 0.79, 0.78, 0.7215165031222124, 0.93, 0.22, 0.8, 0.8, 0.2, 0.83, 0.67, 0.9, 0.97, 0.98, 0.74, 0.69, 0.81, 0.82, 0.77, 0.91, 0.76, 0.84, 0.84, 0.4, 0.9, 0.71, 0.83, 0.6, 0.57, 0.75, 0.63, 0.38, 0.93, 0.44, 0.29, 0.54, 0.92, 0.88, 0.22, 0.53, 0.88, 0.66, 0.7226336173508908, 0.99, 0.56, 0.75, 0.46, 0.61, 0.81, 0.24, 0.87, 0.94, 0.91, 0.74, 0.5221144278606965, 0.71, 0.51, 0.51, 0.43, 0.84, 0.74, 0.9, 0.72, 0.86, 0.64, 0.67, 0.28, 0.46, 0.95, 0.88, 0.75, 0.55, 0.82, 0.46, 0.84, 0.53, 0.69, 0.55, 0.94, 0.83, 0.51, 0.59, 0.19, 0.87, 0.49, 0.69, 0.71, 0.67, 0.52, 0.81, 0.8, 0.92, 0.68, 0.93, 0.45, 0.95, 0.7966391474590874, 0.62, 0.45, 0.69, 0.66, 0.33, 0.55, 0.51, 0.59, 0.6, 0.59, 0.86, 0.93, 0.86, 0.77, 0.88, 0.95, 0.79, 0.19, 0.68, 0.63, 0.35, 0.78, 0.8, 0.31, 0.82, 0.98, 0.04, 0.91, 0.71, 0.9, 0.72, 0.94, 0.26, 0.5738358358252118, 0.96, 0.81, 0.21, 0.95, 0.6, 0.9, 0.76, 0.39, 0.9, 0.77, 0.69, 0.78, 0.62, 0.97, 0.68, 0.91, 0.01, 0.67, 0.54, 0.86, 0.98, 0.7, 0.47, 0.11, 0.2, 0.76, 0.82, 0.86, 0.85, 0.08, 0.89, 0.47, 0.65, 0.39, 0.76, 0.59, 0.45, 0.86, 0.8, 0.85, 0.81, 0.32, 0.92, 0.71, 0.85, 0.8634907597535935, 0.97, 0.32, 0.51, 0.47, 0.25, 0.97, 0.54, 0.68, 0.86, 0.14, 0.3951750380517504, 0.24, 0.8, 0.88, 0.47345633411075405, 0.94, 0.89, 0.35, 0.26, 0.17, 0.35, 0.66, 0.55]"
2024-02,2024-02,"[1, 1, 0, 0, 0, 1, 1, 1, 1, 1, 0, 1, 1, 0, 1, 1, 0, 0, 1, 1, 1, 1, 0, 1, 0, 0, 0, 0, 1, 0, 1, 1, 0, 1, 1, 1, 1, 0, 0, 0, 1, 1, 1, 1, 0, 1, 1, 1, 1, 0, 1, 0, 1, 1, 1, 0, 1, 0, 1, 1, 1, 1, 1, 0, 1, 0, 1, 1, 1, 1, 1, 1, 0, 1, 1, 1, 1, 1, 0, 0, 1, 1, 1, 1, 1, 1, 0, 1, 1, 1, 0, 1, 0, 1, 1, 0, 0, 1, 1, 1, 1, 1, 0, 0, 1, 1, 0, 1, 1, 0, 1, 1, 1, 1, 1, 1, 1, 1, 0, 1, 1, 1, 1, 1, 1, 1, 1, 1, 1, 0, 1, 1, 0, 0, 0, 0, 1, 0, 1, 0, 1, 1, 1, 1, 1, 1, 1, 1, 1, 1, 1, 1, 1, 1, 1, 0, 1, 1, 1, 1, 1, 1, 0, 0, 0, 1, 1, 1, 1, 1, 0, 0, 1, 1, 1, 1, 1, 1, 0, 1, 1, 1, 1, 0, 0, 0, 1, 0, 0, 1, 1, 0, 0, 1, 0, 1, 1, 1, 0, 0, 1, 1, 0, 1, 1, 1, 1, 0, 1, 0, 1, 1, 0, 1]","[1, 1, 0, 0, 0, 1, 1, 1, 0, 1, 1, 1, 0, 1, 0, 1, 1, 0, 0, 1, 0, 1, 1, 1, 1, 0, 0, 1, 1, 1, 1, 1, 0, 1, 0, 1, 1, 1, 0, 0, 1, 1, 1, 1, 0, 1, 1, 1, 1, 0, 1, 1, 1, 1, 1, 1, 1, 1, 1, 1, 1, 1, 1, 1, 1, 0, 1, 1, 1, 1, 1, 1, 1, 1, 1, 1, 1, 1, 0, 1, 1, 1, 1, 1, 1, 1, 0, 1, 1, 1, 1, 1, 1, 1, 1, 0, 1, 1, 1, 1, 1, 1, 1, 1, 1, 1, 1, 1, 1, 1, 1, 1, 1, 1, 1, 1, 1, 0, 1, 1, 1, 1, 0, 1, 1, 1, 1, 1, 1, 1, 1, 1, 0, 1, 0, 1, 1, 1, 1, 0, 1, 1, 1, 1, 1, 1, 1, 1, 1, 1, 1, 1, 1, 1, 1, 0, 1, 1, 1, 1, 0, 1, 0, 1, 1, 0, 1, 1, 1, 1, 1, 1, 1, 1, 1, 1, 1, 1, 0, 1, 1, 1, 0, 1, 1, 1, 1, 1, 1, 1, 1, 1, 1, 1, 0, 0, 1, 1, 1, 1, 1, 0, 1, 1, 1, 1, 1, 1, 1, 1, 0, 0, 0, 0]","[0.87, 0.92, 0.05, 0.3, 0.27, 0.73, 0.87, 0.82, 0.39, 0.81, 0.88, 0.79, 0.31, 0.82, 0.31, 0.91, 0.9, 0.2, 0.37, 0.85, 0.35, 0.66, 0.89, 0.85, 0.77, 0.25, 0.3, 0.67, 0.68, 0.97, 0.88, 0.83, 0.02, 0.93, 0.5, 0.92, 0.99, 0.55, 0.25, 0.07, 0.92, 0.57, 0.74, 0.74, 0.27, 0.84, 0.64, 0.69, 0.84, 0.04, 0.88, 0.69, 0.86, 0.83, 0.81, 0.95, 0.81, 0.59, 0.94, 0.73, 0.9, 0.78, 0.9, 0.88, 0.98, 0.48, 0.67, 0.92, 0.91, 0.63, 0.61, 0.85, 0.89, 0.59, 0.95, 0.78, 0.52, 0.9, 0.17, 0.89, 0.8, 0.55, 0.56, 0.57, 0.62, 0.97, 0.5, 0.94, 0.75, 0.82, 0.57, 0.78, 0.93, 0.81, 0.72, 0.25, 0.63, 0.88, 0.59, 0.89, 0.74, 0.75, 0.85, 0.72, 0.79, 0.79, 0.82, 0.79, 0.95, 0.84, 0.61, 0.81, 0.84, 0.69, 0.87, 0.64, 0.71, 0.45, 0.97, 0.83, 0.92, 0.83, 0.44, 0.56, 0.63, 0.58, 0.86, 0.84, 0.53, 0.61, 0.81, 0.74, 0.1, 0.79, 0.37, 0.83, 0.84, 0.73, 0.94, 0.15, 0.62, 0.83, 0.75, 0.82, 0.91, 0.85, 0.82, 0.71, 0.75, 0.84, 0.82, 0.85, 0.94, 0.91, 0.95, 0.23, 0.94, 0.88, 0.82, 0.78, 0.49, 0.69, 0.05, 0.57, 0.55, 0.5, 0.81, 0.79, 0.88, 0.72, 0.67, 0.68, 0.83, 0.69, 0.71, 0.77, 0.63, 0.84, 0.26, 0.93, 0.66, 0.62, 0.2, 0.71, 0.75, 0.59, 0.89, 0.67, 0.76, 0.68, 0.8, 0.68, 0.71, 0.97, 0.31, 0.3, 0.69, 0.7, 0.69, 0.78, 0.89, 0.4, 0.97, 0.84, 0.87, 0.54, 0.9, 0.81, 0.65, 0.74, 0.22, 0.49, 0.08, 0.21]"
2024-02,2024-11,"[1, 1, 1, 0, 0, 1, 1, 1, 1, 1, 1, 1, 1, 1, 1, 1, 1, 1, 1, 1, 1, 1, 1, 1, 1, 1, 0, 1, 1, 1, 1, 1, 1, 1, 1, 1, 1, 1, 1, 1, 1, 0, 1, 1, 1, 1, 1, 1, 1, 1, 1, 0, 0, 1, 1, 1, 1, 1, 1, 1, 1, 1, 1, 1, 1, 1, 1, 0, 1, 1, 1, 1, 0, 1, 0, 1, 1, 0, 1, 1, 1, 1, 1, 0, 1, 1, 1, 1, 1, 1, 1, 1, 1, 0, 0, 1, 1, 1, 1, 1, 0, 1, 1, 1, 1, 0, 1, 1, 1, 1, 1, 1, 1, 1, 0, 1, 1, 1, 1, 0, 1, 1, 1, 1, 1, 1, 1, 1, 1, 1, 1, 1, 1, 1, 1, 1, 1, 1, 0, 1, 1, 1, 1, 1, 1, 1, 1, 1, 1, 1, 1, 0, 1, 1, 1, 1, 0, 1, 1, 1, 1, 1, 1, 1, 1, 0, 1, 0, 1, 1, 1, 0, 0, 1, 1, 1, 1, 1, 1, 1, 1, 0, 1, 0, 0, 1, 1, 1, 1, 1, 0, 1, 1, 1, 1, 1, 0, 1, 1, 1, 1, 0, 1, 1, 0, 1, 1, 1, 1, 1, 0, 1, 1, 1, 0, 0, 1, 1]","[1, 1, 0, 0, 0, 1, 1, 1, 1, 1, 1, 1, 1, 1, 1, 1, 1, 1, 1, 1, 0, 1, 1, 1, 1, 1, 0, 1, 1, 1, 1, 1, 1, 1, 1, 1, 1, 1, 1, 1, 1, 1, 1, 1, 1, 1, 1, 1, 1, 1, 1, 0, 0, 1, 1, 1, 0, 1, 1, 1, 1, 1, 1, 1, 1, 1, 1, 0, 1, 1, 1, 1, 1, 0, 1, 0, 1, 1, 1, 1, 1, 1, 1, 1, 1, 0, 1, 1, 1, 1, 1, 1, 1, 1, 1, 1, 0, 1, 0, 1, 0, 1, 0, 1, 1, 1, 1, 1, 1, 1, 1, 1, 1, 1, 1, 1, 1, 1, 1, 1, 1, 1, 1, 0, 1, 1, 1, 1, 1, 1, 1, 1, 0, 1, 0, 1, 1, 1, 0, 1, 1, 0, 1, 1, 1, 1, 1, 0, 1, 1, 1, 0, 1, 1, 1, 1, 1, 1, 1, 1, 1, 1, 1, 1, 1, 0, 1, 1, 1, 1, 1, 0, 0, 1, 1, 1, 1, 1, 0, 1, 1, 1, 1, 1, 0, 1, 1, 1, 1, 1, 1, 1, 1, 1, 1, 1, 0, 0, 1, 1, 1, 0, 1, 1, 0, 1, 0, 1, 1, 1, 1, 1, 0, 0, 0, 1, 1, 1]","[0.87, 0.78, 0.05, 0.26, 0.35, 0.72, 0.86, 0.83, 0.83, 0.82, 0.83, 0.74, 0.72, 0.84, 0.91, 0.51, 0.86, 0.58, 0.86, 0.89, 0.44, 0.87, 0.69, 0.85, 0.82, 0.83, 0.28, 0.73, 0.89, 0.97, 0.9, 0.86, 0.83, 0.53, 0.9, 0.8, 0.83, 0.8, 0.9, 0.71, 0.75, 0.65, 0.7, 0.81, 0.73, 0.88, 0.75, 0.81, 0.63, 0.56, 0.57, 0.1, 0.07, 0.76, 0.88, 0.78, 0.41, 0.94, 0.82, 0.95, 0.83, 0.94, 0.7, 0.9, 0.78, 0.84, 0.93, 0.47, 0.67, 0.92, 0.74, 0.61, 0.55, 0.43, 0.55, 0.5, 0.57, 0.94, 0.81, 0.95, 0.85, 0.79, 0.76, 0.87, 0.81, 0.41, 0.93, 0.94, 0.93, 0.83, 0.71, 0.97, 0.93, 0.53, 0.78, 0.87, 0.31, 0.76, 0.44, 0.95, 0.31, 0.75, 0.38, 0.9, 0.75, 0.69, 0.88, 0.92, 0.9, 0.89, 0.89, 0.95, 0.7, 0.95, 0.54, 0.55, 0.72, 0.77, 0.9, 0.68, 0.81, 0.8, 0.68, 0.5, 0.91, 0.77, 0.8, 0.68, 0.54, 0.92, 0.85, 0.79, 0.22, 0.56, 0.36, 0.86, 0.95, 0.91, 0.26, 0.92, 0.92, 0.38, 0.8, 0.76, 0.84, 0.92, 0.93, 0.14, 0.63, 0.78, 0.82, 0.15, 0.74, 0.81, 0.94, 0.8, 0.72, 0.92, 0.91, 0.94, 0.8, 0.78, 0.94, 0.72, 0.81, 0.05, 0.87, 0.67, 0.89, 0.82, 0.85, 0.26, 0.23, 0.68, 0.74, 0.61, 0.86, 0.69, 0.26, 0.88, 0.83, 0.78, 0.88, 0.87, 0.39, 0.72, 0.97, 0.68, 0.91, 0.59, 0.65, 0.89, 0.81, 0.81, 0.99, 0.97, 0.35, 0.4, 0.78, 0.59, 0.78, 0.33, 0.73, 0.55, 0.09, 0.79, 0.29, 0.9, 0.54, 0.61, 0.74, 0.85, 0.36, 0.22, 0.2, 0.61, 0.59, 0.69]"
2024-11,2024-11,"[1, 1, 1, 0, 0, 1, 1, 1, 1, 1, 1, 1, 1, 1, 1, 1, 1, 1, 1, 1, 1, 1, 1, 1, 1, 1, 0, 1, 1, 1, 1, 1, 1, 1, 1, 1, 1, 1, 1, 1, 1, 0, 1, 1, 1, 1, 1, 1, 1, 1, 1, 0, 0, 1, 1, 1, 1, 1, 1, 1, 1, 1, 1, 1, 1, 1, 1, 0, 1, 1, 1, 1, 0, 1, 0, 1, 1, 0, 1, 1, 1, 1, 1, 0, 1, 1, 1, 1, 1, 1, 1, 1, 1, 0, 0, 1, 1, 1, 1, 1, 0, 1, 1, 1, 1, 0, 1, 1, 1, 1, 1, 1, 1, 1, 0, 1, 1, 1, 1, 0, 1, 1, 1, 1, 1, 1, 1, 1, 1, 1, 1, 1, 1, 1, 1, 1, 1, 1, 0, 1, 1, 1, 1, 1, 1, 1, 1, 1, 1, 1, 1, 0, 1, 1, 1, 1, 0, 1, 1, 1, 1, 1, 1, 1, 1, 0, 1, 0, 1, 1, 1, 0, 0, 1, 1, 1, 1, 1, 1, 1, 1, 0, 1, 0, 0, 1, 1, 1, 1, 1, 0, 1, 1, 1, 1, 1, 0, 1, 1, 1, 1, 0, 1, 1, 0, 1, 1, 1, 1, 1, 0, 1, 1, 1, 0, 0, 1, 1]","[1, 1, 0, 1, 0, 1, 1, 1, 1, 1, 1, 1, 1, 1, 1, 0, 1, 1, 1, 1, 1, 1, 1, 1, 1, 1, 0, 1, 1, 1, 1, 1, 1, 1, 1, 1, 1, 1, 1, 1, 1, 1, 1, 1, 1, 1, 1, 1, 0, 0, 1, 1, 1, 0, 1, 1, 1, 1, 1, 1, 1, 1, 1, 1, 1, 1, 1, 0, 1, 1, 1, 1, 1, 1, 1, 0, 1, 1, 1, 1, 1, 1, 1, 1, 1, 1, 1, 1, 1, 1, 1, 1, 1, 1, 1, 1, 1, 1, 1, 1, 0, 1, 1, 1, 1, 1, 1, 1, 1, 1, 1, 1, 1, 1, 1, 1, 1, 1, 1, 1, 1, 1, 1, 1, 1, 1, 1, 1, 1, 1, 1, 1, 1, 1, 1, 1, 1, 1, 1, 1, 1, 1, 1, 1, 1, 1, 1, 0, 1, 1, 1, 0, 1, 1, 1, 1, 1, 1, 1, 1, 1, 1, 1, 1, 1, 0, 1, 1, 1, 1, 1, 1, 1, 1, 1, 1, 1, 1, 1, 1, 1, 1, 1, 1, 1, 1, 1, 1, 1, 1, 1, 1, 1, 1, 1, 1, 1, 0, 1, 1, 1, 0, 1, 1, 0, 1, 0, 1, 1, 1, 1, 1, 0, 0, 0, 1, 0, 0]","[0.89, 0.9432806324110672, 0.48, 0.93, 0.45, 0.8700206705785386, 0.9416403162055336, 0.97, 0.92, 0.93, 0.94, 0.98, 0.94, 0.97, 0.88, 0.29, 0.86, 0.83, 0.9, 0.9, 0.95, 0.8825337500053183, 0.86, 0.95, 0.85, 0.96, 0.35, 0.73, 0.81, 0.87, 0.99, 0.96, 0.92, 0.95, 0.9, 0.91, 0.96, 1.0, 0.89, 0.63, 0.84, 0.78, 0.98, 0.85, 0.89, 0.88, 0.59, 0.9, 0.31, 0.36, 0.97, 0.65, 0.86, 0.49, 0.8108934337997847, 0.95, 0.97, 0.97, 0.92, 0.86, 0.95, 0.99, 0.76, 0.91, 0.9, 0.86, 0.89, 0.35, 0.92, 0.76, 1.0, 0.97, 0.85, 0.83, 0.92, 0.47, 0.94, 0.9, 0.76, 0.76, 0.83, 0.94, 0.9, 0.87, 0.87, 0.54, 1.0, 0.9, 0.7408934337997848, 0.96, 0.91, 0.93, 0.93, 0.93, 0.68, 0.97, 0.77, 1.0, 0.86, 0.95, 0.41, 0.85, 0.99, 0.9, 0.87, 0.87, 0.9, 0.94, 0.98, 0.92, 0.96, 0.6908934337997847, 0.97, 0.83, 0.6445839782301903, 0.96, 0.86, 0.94, 1.0, 0.99, 0.96, 0.97, 1.0, 0.96, 0.99, 0.97, 1.0, 0.89, 0.69, 0.95, 0.89, 0.92, 0.5408934337997847, 0.6508934337997847, 0.82, 0.99, 0.89, 0.88, 0.83, 0.86, 0.92, 0.75, 0.94, 0.92, 0.93, 0.84, 1.0, 0.36, 0.8763827480755014, 0.9, 0.97, 0.43, 0.97, 0.98, 0.9008934337997847, 0.85, 0.81, 0.78, 0.98, 0.81, 0.82, 0.99, 0.94, 0.76, 0.77, 0.46, 0.9, 0.97, 0.99, 1.0, 0.85, 0.93, 0.92, 0.81, 0.91, 0.92, 0.9508934337997847, 0.91, 0.88, 0.67, 0.93, 0.89, 0.99, 0.88, 0.91, 0.82, 0.99, 0.8737053571428572, 0.97, 0.9232806324110672, 0.86, 1.0, 0.96, 0.96, 0.98, 0.98, 0.58, 0.44, 0.83, 0.62, 0.93, 0.41, 0.55, 0.97, 0.3, 0.96, 0.45, 0.93, 0.99, 0.95, 0.92, 0.97, 0.43, 0.42, 0.42, 0.73, 0.42, 0.36]"
