source,target,YearMonth,year,month,distance,total_departure_delay_minutes,avg_departure_delay_minutes,count_delayed_departure_services,total_delay_minutes,avg_delay_minutes,count_delayed_services,total_services,ratio_departure_delayed,ratio_arrival_delayed,count_platform_changes,total_services_lag1,months_since_last_service,decayed_edge_weight,is_new_or_stale_route,src_degree,src_w_deg_inbound,src_w_deg_outbound,src_w_deg_total,src_avg_distance_total,src_avg_distance_in,src_avg_distance_out,tgt_degree,tgt_avg_distance_total,tgt_avg_distance_in,tgt_avg_distance_out,tgt_w_deg_inbound,tgt_w_deg_outbound,tgt_w_deg_total,common_neighbors,jaccard_coefficient,preferential_attachment,adamic_adar_index,resource_allocation_index,src_avg_temperature_2m,src_avg_rain,src_avg_snowfall,src_avg_snow_depth,src_avg_wind_speed_10m,src_avg_wind_gusts_10m,src_avg_soil_temperature,tgt_avg_temperature_2m,tgt_avg_rain,tgt_avg_snowfall,tgt_avg_snow_depth,tgt_avg_wind_speed_10m,tgt_avg_wind_gusts_10m,tgt_avg_soil_temperature,total_holidays,holiday_density_ratio,weekend_days,working_days,global_median,target_binary,raw_intercity,raw_intercity_direct,raw_international,raw_exceptions,ratio_intercity,ratio_intercity_direct,ratio_international,ratio_operational_exceptions,ratio_sprinter,season_ordinal,month_sin,month_cos,simultaneous_pred,simultaneous_null
RSN,WDN,2024-01-01,2024,1,8,1132.0,1.17,374,2622.0,2.7,410,971,0.3852,0.4222,0,907,1,907.0,0,5,1832.0,1865.0,3697.0,21.166666666666664,7.5,13.666666666666666,4,13.0,6.5,6.5,1832.0,1078.0,2910.0,0.0,0.0,20.0,0.0,0.0,3.1918789295064065,0.10026881828783982,0.004704300995155048,0.0017473117889015264,18.48914554362656,34.38919261706773,3.2162068975333287,3.124231242359446,0.10241935555372507,0.0013172043166974538,0.0017204300690722722,18.123256162770332,33.35564434047668,3.1681828146039317,1,0.0323,8.0,22.0,0.263,1,0.0030895984,0.0,0.0,0.0,0.003,0.0,0.0,0.0,0.997,1,0.49999999999999994,0.8660254037844387,0.0,1.0
HLM,HWZB,2024-01-01,2024,1,8,2.0,0.33,2,0.0,0.0,0,6,0.3333,0.0,1,36,1,36.0,0,19,7977.34,9322.34,17299.68,29.42222222222222,13.222222222222221,16.2,5,14.333333333333332,7.333333333333333,7.0,4569.0,4568.0,9137.0,2.0,0.15384615384615385,95.0,1.897814654202382,0.6111111111111112,4.467134521548106,0.09260752761075573,0.007620967644196685,0.0,22.694373001975396,40.57645042352779,4.065521599739911,4.5191343622883,0.09260752761075573,0.007620967644196685,0.0,22.694373001975396,40.57645042352779,4.117521434536664,1,0.0323,8.0,22.0,0.263,0,0.0,0.0,0.0,0.0,0.0,0.0,0.0,0.0,1.0,1,0.49999999999999994,0.8660254037844387,0.0,1.0
SPTZ,BLL,2024-01-01,2024,1,2,702.0,0.59,294,3293.0,2.76,354,1192,0.2466,0.297,1,1167,1,1167.0,0,4,2314.0,2314.0,4628.0,4.0,2.0,2.0,4,5.0,2.5,2.5,2314.0,2314.0,4628.0,0.0,0.0,16.0,0.0,0.0,4.486634390303484,0.09260752761075573,0.007620967644196685,0.0,22.694373001975396,40.57645042352779,4.085021486821314,4.49963448930692,0.09260752761075573,0.007620967644196685,0.0,22.694373001975396,40.57645042352779,4.098021542943854,1,0.0323,8.0,22.0,0.263,1,0.0,0.0,0.0,0.0,0.0,0.0,0.0,0.0,1.0,1,0.49999999999999994,0.8660254037844387,1.0,0.0
RLB,BRD,2024-01-01,2024,1,4,2212.0,1.15,839,4780.0,2.48,889,1925,0.4358,0.4618,35,1933,1,1933.0,0,6,3530.0,3680.0,7210.0,6.0,3.0,3.0,4,11.0,5.5,5.5,3820.0,3672.0,7492.0,0.0,0.0,24.0,0.0,0.0,3.854282238470611,0.07634408605755658,0.0013172043066832326,0.0,19.118761129276727,33.81290235314318,3.816715008909664,3.8087823322363277,0.07634408605755658,0.0013172043066832326,0.0,19.118761129276727,33.81290235314318,3.7712150900824977,1,0.0323,8.0,22.0,0.263,1,0.0,0.0,0.0,0.003116883,0.0,0.0,0.0,0.003,0.997,1,0.49999999999999994,0.8660254037844387,0.0,0.0
HLM,HLMS,2024-01-01,2024,1,1,1277.0,0.55,534,5580.0,2.41,503,2315,0.2307,0.2173,227,2258,1,2258.0,0,19,7977.34,9322.34,17299.68,29.42222222222222,13.222222222222221,16.2,4,8.0,4.0,4.0,4532.0,4461.0,8993.0,1.0,0.07692307692307693,76.0,0.9102392266268373,0.3333333333333333,4.467134521548106,0.09260752761075573,0.007620967644196685,0.0,22.694373001975396,40.57645042352779,4.065521599739911,4.5191343622883,0.09260752761075573,0.007620967644196685,0.0,22.694373001975396,40.57645042352779,4.117521434536664,1,0.0323,8.0,22.0,0.263,0,0.0,0.0,0.0,0.0,0.0,0.0,0.0,0.0,1.0,1,0.49999999999999994,0.8660254037844387,0.0,1.0
DVNK,LEDN,2024-01-01,2024,1,3,684.0,0.41,281,4705.0,2.79,386,1688,0.1665,0.2287,30,1719,1,1719.0,0,4,3501.0,3499.0,7000.0,5.0,2.5,2.5,21,38.009090909090915,19.90909090909091,18.1,11970.0,12359.67,24329.67,0.0,0.0,84.0,0.0,0.0,4.17476890564105,0.08938172069047728,0.004516129111570697,0.0,19.837839674885554,35.115966882756965,3.9935860649572423,4.403252713507422,0.09448924850952882,0.004327956997659257,0.0,21.347878975893863,37.95628927728181,4.107284997124225,1,0.0323,8.0,22.0,0.263,0,0.0,0.0,0.0,0.0,0.0,0.0,0.0,0.0,1.0,1,0.49999999999999994,0.8660254037844387,0.0,0.0
HRN,ASN,2024-01-01,2024,1,22,937.0,0.82,433,4918.0,4.33,516,1137,0.3808,0.4538,2,1087,1,1087.0,0,4,2429.0,2292.0,4721.0,26.0,13.0,13.0,8,77.46666666666667,38.8,38.666666666666664,4340.0,3356.0,7696.0,0.0,0.0,32.0,0.0,0.0,3.3561425147157524,0.09462365608221741,0.005645161324370933,0.0037096773364370867,20.363238953774975,37.12306345278217,3.2072850054690756,3.142405908479686,0.09973118335048678,0.004139785023946916,0.0030645160605349848,19.35425455960375,35.12177325128227,2.934341391022768,1,0.0323,8.0,22.0,0.263,1,0.06244503,0.0,0.0,0.0,0.062,0.0,0.0,0.0,0.938,1,0.49999999999999994,0.8660254037844387,1.0,1.0
HR,SWK,2024-01-01,2024,1,24,609.0,0.56,240,6976.0,6.42,419,1087,0.2208,0.3855,9,1068,1,1068.0,0,7,4032.0,2948.0,6980.0,34.083333333333336,18.75,15.333333333333334,6,34.0,17.0,17.0,4039.0,3968.0,8007.0,1.0,0.16666666666666666,42.0,1.4426950408889634,0.5,3.54874200137302,0.09798387099578175,0.0032930107867365243,0.00224462360574273,21.10140804850286,36.40354743119209,3.27044900403338,3.4390161880642496,0.09690860252306667,0.0015994623924295108,0.002647849403181544,19.907589498066134,34.85999906575808,3.2671075399254037,1,0.0323,8.0,22.0,0.263,1,1.0,0.0,0.0,0.0,1.0,0.0,0.0,0.0,0.0,1,0.49999999999999994,0.8660254037844387,1.0,0.0
RLB,RTZ,2024-01-01,2024,1,3,1382.0,0.73,738,3996.0,2.11,793,1896,0.3892,0.4182,16,1718,1,1718.0,0,6,3530.0,3680.0,7210.0,6.0,3.0,3.0,6,4.666666666666667,2.3333333333333335,2.3333333333333335,3526.0,3526.0,7052.0,1.0,0.2,36.0,0.9102392266268373,0.3333333333333333,3.854282238470611,0.07634408605755658,0.0013172043066832326,0.0,19.118761129276727,33.81290235314318,3.816715008909664,3.980881718958738,0.08387096811045883,0.002822580657178356,0.0,18.714111432753583,34.11870878101677,3.8768494947342784,1,0.0323,8.0,22.0,0.263,1,0.0,0.0,0.0,0.0,0.0,0.0,0.0,0.0,1.0,1,0.49999999999999994,0.8660254037844387,1.0,0.0
TBU,TB,2024-01-01,2024,1,1,2854.0,1.34,1071,10013.0,4.72,1010,2122,0.5047,0.476,0,2018,1,2018.0,0,4,2207.0,3124.0,5331.0,5.0,2.5,2.5,9,30.8,17.8,13.0,8799.0,6550.0,15349.0,0.0,0.0,36.0,0.0,0.0,3.4679140745241557,0.07876344158324183,0.007809139688008575,0.0013978494311212212,18.121215117874964,34.0316119777259,3.5384113270268647,3.4484139942584098,0.07876344158324183,0.007809139688008575,0.0013978494311212212,18.121215117874964,34.0316119777259,3.5189113087691766,1,0.0323,8.0,22.0,0.263,1,0.016965127,0.0,0.0,0.0,0.017,0.0,0.0,0.0,0.983,1,0.49999999999999994,0.8660254037844387,1.0,0.0
HM,EHV,2024-01-01,2024,1,13,1983.0,1.91,462,12424.0,11.95,713,1040,0.4442,0.6856,0,997,1,997.0,0,8,4422.0,4253.0,8675.0,12.0,6.0,6.0,13,33.14285714285714,15.0,18.142857142857142,8328.0,10922.0,19250.0,0.0,0.0,104.0,0.0,0.0,3.212137076087416,0.07594086116640478,0.004610215093419757,0.004153225713619782,17.00263116100142,32.022095927628136,3.2838440539755966,3.309844106450797,0.0779569896578949,0.0052688172267329305,0.005161290207216816,16.5179996062671,32.13725709915161,3.4345752604465973,1,0.0323,8.0,22.0,0.263,1,1.0,0.0,0.0,0.0,1.0,0.0,0.0,0.0,0.0,1,0.49999999999999994,0.8660254037844387,0.0,0.0
BGN,GS,2024-02-01,2024,2,37,781.0,2.28,232,2951.0,8.63,281,342,0.6784,0.8216,3,295,1,295.0,0,7,2920.88,2645.0,5565.88,45.0,23.0,22.0,9,36.4,19.0,17.4,2919.0,2919.33,5838.33,1.0,0.125,63.0,0.7213475204444817,0.25,8.032933720497244,0.20344827726654624,0.0011063218652003113,0.0,18.31537908521192,34.31482670841546,7.647660713771294,8.207620680332184,0.1714080465614967,0.0002011494261437449,0.0,22.437986214955647,39.28861959912311,7.911931003647289,0,0.0,8.0,21.0,0.263,1,1.0,0.0,0.0,0.0,1.0,0.0,0.0,0.0,0.0,1,0.8660254037844386,0.5000000000000001,1.0,0.0
GVM,VST,2024-02-01,2024,2,6,1194.0,0.71,620,3367.0,2.0,667,1685,0.368,0.3958,12,1688,1,1688.0,0,4,3445.0,3578.0,7023.0,9.0,4.5,4.5,4,8.0,4.0,4.0,3445.0,3445.0,6890.0,0.0,0.0,16.0,0.0,0.0,7.996551722502229,0.19123563177926445,0.002614942518458969,0.0,21.263657430122638,38.63741283101597,7.7737787246018994,7.915233029839422,0.18764367936200452,0.0005028735546545051,0.0,20.01459210939791,35.99534391740273,7.624572067425169,0,0.0,8.0,21.0,0.263,1,0.0,0.0,0.0,0.0,0.0,0.0,0.0,0.0,1.0,1,0.8660254037844386,0.5000000000000001,1.0,0.0
BGN,RSD,2024-02-01,2024,2,13,1673.0,1.43,514,10045.0,8.6,718,1168,0.4401,0.6147,3,1198,1,1198.0,0,7,2920.88,2645.0,5565.88,45.0,23.0,22.0,8,43.46666666666667,24.666666666666668,18.8,2324.0,4805.0,7129.0,0.0,0.0,56.0,0.0,0.0,8.032933720497244,0.20344827726654624,0.0011063218652003113,0.0,18.31537908521192,34.31482670841546,7.647660713771294,8.056643739570168,0.1941091961323701,0.0007040230129128215,0.0,18.786238562015967,35.18275776265681,7.681859221266604,0,0.0,8.0,21.0,0.263,1,1.0,0.0,0.0,0.0,1.0,0.0,0.0,0.0,0.0,1,0.8660254037844386,0.5000000000000001,1.0,1.0
HK,BV,2024-02-01,2024,2,3,579.0,0.57,273,2904.0,2.86,321,1016,0.2687,0.3159,3,1192,1,1192.0,0,4,2346.0,2346.0,4692.0,6.0,3.0,3.0,4,8.0,4.0,4.0,2346.0,2346.0,4692.0,0.0,0.0,16.0,0.0,0.0,7.69629889409775,0.20014367976236616,0.0005028735653593622,0.0,22.140228504207972,38.44344732268103,7.391413785774132,7.689798846583942,0.20014367976236616,0.0005028735653593622,0.0,22.140228504207972,38.44344732268103,7.384913795124525,0,0.0,8.0,21.0,0.263,1,0.0,0.0,0.0,0.0,0.0,0.0,0.0,0.0,1.0,1,0.8660254037844386,0.5000000000000001,1.0,1.0
UTVR,UT,2024-02-01,2024,2,1,3234.0,1.0,1198,8465.0,2.62,1314,3236,0.3702,0.4061,1,3511,1,3511.0,0,6,9450.0,9347.0,18797.0,7.333333333333333,3.6666666666666665,3.6666666666666665,31,43.03846153846154,21.53846153846154,21.5,22408.09,33103.8,55511.89,1.0,0.047619047619047616,186.0,0.9102392266268373,0.3333333333333333,7.801976939470603,0.1790229899102244,0.001910919526955862,0.0,18.63424655966375,34.2796542658203,7.453988500367636,7.762977176527867,0.1790229899102244,0.001910919526955862,0.0,18.63424655966375,34.2796542658203,7.414988690751723,0,0.0,8.0,21.0,0.263,1,0.0,0.0,0.0,0.0,0.0,0.0,0.0,0.0,1.0,1,0.8660254037844386,0.5000000000000001,1.0,1.0
GV,LAA,2024-02-01,2024,2,2,2912.0,1.26,635,17708.0,7.64,1184,2319,0.2738,0.5106,47,2330,1,2330.0,0,11,9990.0,7695.0,17685.0,19.53333333333333,8.333333333333334,11.2,7,11.333333333333332,5.0,6.333333333333333,8545.0,6644.0,15189.0,2.0,0.2222222222222222,77.0,1.0556294164628637,0.30000000000000004,7.957551967534611,0.19123563177926445,0.002614942518458969,0.0,21.263657430122638,38.63741283101597,7.734778938964865,7.9770519219462,0.19123563177926445,0.002614942518458969,0.0,21.263657430122638,38.63741283101597,7.754278936605344,0,0.0,8.0,21.0,0.263,1,1.0,0.0,0.0,0.0,1.0,0.0,0.0,0.0,0.0,1,0.8660254037844386,0.5000000000000001,0.0,0.0
GVM,LAA,2024-02-01,2024,2,3,1266.0,0.71,378,3510.0,1.98,431,1774,0.2131,0.243,12,1890,1,1890.0,0,4,3445.0,3578.0,7023.0,9.0,4.5,4.5,7,11.333333333333332,5.0,6.333333333333333,8545.0,6644.0,15189.0,0.0,0.0,28.0,0.0,0.0,7.996551722502229,0.19123563177926445,0.002614942518458969,0.0,21.263657430122638,38.63741283101597,7.7737787246018994,7.9770519219462,0.19123563177926445,0.002614942518458969,0.0,21.263657430122638,38.63741283101597,7.754278936605344,0,0.0,8.0,21.0,0.263,0,0.0,0.0,0.0,0.0,0.0,0.0,0.0,0.0,1.0,1,0.8660254037844386,0.5000000000000001,1.0,0.0
LEDN,HAD,2024-02-01,2024,2,25,1962.0,0.96,561,11712.0,5.72,759,2049,0.2738,0.3704,141,2056,1,2056.0,0,18,12235.0,12890.0,25125.0,35.33333333333333,18.444444444444443,16.88888888888889,6,24.0,12.0,12.0,6386.0,5078.0,11464.0,0.0,0.0,108.0,0.0,0.0,7.9042815178547094,0.19870689765004249,0.0007040229915031072,0.0,20.98250385228245,37.80413692915577,7.54472698391169,7.819255991292925,0.18505747194519673,0.000905172417646852,0.0,20.817422294753722,37.41620586041746,7.515807701595898,0,0.0,8.0,21.0,0.263,1,1.0,0.0,0.0,0.0,1.0,0.0,0.0,0.0,0.0,1,0.8660254037844386,0.5000000000000001,0.0,0.0
HM,HMBH,2024-01-01,2024,1,1,1646.0,1.77,470,4809.0,5.17,534,931,0.5048,0.5736,12,892,1,892.0,0,8,4422.0,4253.0,8675.0,12.0,6.0,6.0,4,9.0,4.5,4.5,1781.0,889.24,2670.24,1.0,0.2,32.0,0.9102392266268373,0.3333333333333333,3.212137076087416,0.07594086116640478,0.004610215093419757,0.004153225713619782,17.00263116100142,32.022095927628136,3.2838440539755966,3.1991369804262275,0.07594086116640478,0.004610215093419757,0.004153225713619782,17.00263116100142,32.022095927628136,3.270843991992234,1,0.0323,8.0,22.0,0.263,1,0.018259935,0.0,0.0,0.0,0.018,0.0,0.0,0.0,0.982,1,0.49999999999999994,0.8660254037844387,0.0,0.0
HLM,CAS,2024-01-01,2024,1,23,18.0,2.57,5,210.0,30.0,7,7,0.7143,1.0,1,6,6,1.0,0,19,7977.34,9322.34,17299.68,29.42222222222222,13.222222222222221,16.2,10,22.6,12.6,10.0,5530.0,5173.17,10703.17,1.0,0.058823529411764705,190.0,0.5581106265512472,0.16666666666666666,4.467134521548106,0.09260752761075573,0.007620967644196685,0.0,22.694373001975396,40.57645042352779,4.065521599739911,4.572043021239581,0.09556451626121998,0.006491935561581325,0.0,23.706434238021092,40.421127988446145,4.160080645949409,1,0.0323,8.0,22.0,0.263,1,1.0,0.0,0.0,0.0,1.0,0.0,0.0,0.0,0.0,1,0.49999999999999994,0.8660254037844387,0.0,1.0
HLM,OVN,2024-01-01,2024,1,2,1126.0,1.0,393,2833.0,2.52,351,1123,0.35,0.3126,122,1125,1,1125.0,0,19,7977.34,9322.34,17299.68,29.42222222222222,13.222222222222221,16.2,3,6.0,4.0,2.0,2258.0,1108.0,3366.0,0.0,0.0,57.0,0.0,0.0,4.467134521548106,0.09260752761075573,0.007620967644196685,0.0,22.694373001975396,40.57645042352779,4.065521599739911,4.460634372262184,0.09260752761075573,0.007620967644196685,0.0,22.694373001975396,40.57645042352779,4.059021471954521,1,0.0323,8.0,22.0,0.263,1,0.0,0.0,0.0,0.0,0.0,0.0,0.0,0.0,1.0,1,0.49999999999999994,0.8660254037844387,0.0,1.0
WD,UT,2024-02-01,2024,2,16,584.0,0.59,212,3110.0,3.14,262,991,0.2139,0.2644,13,1077,1,1077.0,0,12,9624.0,9583.0,19207.0,28.0,14.0,14.0,31,43.03846153846154,21.53846153846154,21.5,22408.09,33103.8,55511.89,2.0,0.08695652173913043,372.0,1.391137573589825,0.4583333333333333,7.876948507524085,0.16824712770209574,0.000905172417646852,0.0,19.3549097337942,34.25637831153541,7.4895203182067,7.762977176527867,0.1790229899102244,0.001910919526955862,0.0,18.63424655966375,34.2796542658203,7.414988690751723,0,0.0,8.0,21.0,0.263,1,0.0,0.0,0.0,0.0,0.0,0.0,0.0,0.0,1.0,1,0.8660254037844386,0.5000000000000001,1.0,0.0
UTVR,BNK,2024-02-01,2024,2,7,659.0,0.5,245,3135.0,2.38,299,1320,0.1856,0.2265,0,1321,1,1321.0,0,6,9450.0,9347.0,18797.0,7.333333333333333,3.6666666666666665,3.6666666666666665,5,11.833333333333332,5.5,6.333333333333333,2667.0,2479.09,5146.09,1.0,0.2,30.0,0.3396232718951086,0.05263157894736842,7.801976939470603,0.1790229899102244,0.001910919526955862,0.0,18.63424655966375,34.2796542658203,7.453988500367636,7.801976939470603,0.1790229899102244,0.001910919526955862,0.0,18.63424655966375,34.2796542658203,7.453988500367636,0,0.0,8.0,21.0,0.263,0,0.0,0.0,0.0,0.0,0.0,0.0,0.0,0.0,1.0,1,0.8660254037844386,0.5000000000000001,1.0,0.0
GVC,LAA,2024-02-01,2024,2,1,747.0,0.44,311,2220.0,1.32,61,1685,0.1846,0.0362,174,1688,1,1688.0,0,5,0.0,9104.0,9104.0,9.6,0.0,9.6,7,11.333333333333332,5.0,6.333333333333333,8545.0,6644.0,15189.0,2.0,0.2857142857142857,35.0,0.9481928242730024,0.24285714285714285,7.951051902223978,0.19123563177926445,0.002614942518458969,0.0,21.263657430122638,38.63741283101597,7.72827891371716,7.9770519219462,0.19123563177926445,0.002614942518458969,0.0,21.263657430122638,38.63741283101597,7.754278936605344,0,0.0,8.0,21.0,0.263,0,0.0,0.0,0.0,0.0,0.0,0.0,0.0,0.0,1.0,1,0.8660254037844386,0.5000000000000001,0.0,1.0
PMR,PMW,2024-02-01,2024,2,1,470.0,0.51,261,2466.0,2.65,301,929,0.2809,0.324,2,1027,1,1027.0,0,8,2102.0,2102.0,4204.0,20.5,10.25,10.25,4,11.0,5.5,5.5,2042.0,2042.0,4084.0,0.0,0.0,32.0,0.0,0.0,7.690919458919644,0.18160919625654645,0.00442528728952353,2.8735631541616615e-05,21.740005351431755,36.89275757882787,7.39386490689612,7.716919481561615,0.18160919625654645,0.00442528728952353,0.0,21.740005351431755,36.89275757882787,7.419864929784303,0,0.0,8.0,21.0,0.263,1,0.030139936,0.0,0.0,0.0,0.03,0.0,0.0,0.0,0.97,1,0.8660254037844386,0.5000000000000001,0.0,1.0
NDB,BSMZ,2024-02-01,2024,2,1,2246.0,1.52,902,4594.0,3.12,944,1474,0.6119,0.6404,0,1779,1,1779.0,0,8,5761.0,5761.0,11522.0,19.0,9.5,9.5,4,5.0,2.5,2.5,3551.0,3553.0,7104.0,0.0,0.0,32.0,0.0,0.0,7.7657641796074035,0.1834770123013991,0.0010057471307187245,0.0,18.51564454184524,34.97172324513567,7.428838874759345,7.739764300742369,0.1834770123013991,0.0010057471307187245,0.0,18.51564454184524,34.97172324513567,7.402839062542751,0,0.0,8.0,21.0,0.263,1,0.0,0.0,0.0,0.00067842606,0.0,0.0,0.0,0.001,0.999,1,0.8660254037844386,0.5000000000000001,1.0,0.0
GV,GVMW,2024-02-01,2024,2,1,1608.0,0.88,1002,4775.0,2.6,1057,1837,0.5455,0.5754,21,1913,1,1913.0,0,11,9990.0,7695.0,17685.0,19.53333333333333,8.333333333333334,11.2,4,3.0,1.5,1.5,3805.0,3805.0,7610.0,0.0,0.0,44.0,0.0,0.0,7.957551967534611,0.19123563177926445,0.002614942518458969,0.0,21.263657430122638,38.63741283101597,7.734778938964865,7.996551722502229,0.19123563177926445,0.002614942518458969,0.0,21.263657430122638,38.63741283101597,7.7737787246018994,0,0.0,8.0,21.0,0.263,1,0.0,0.0,0.0,0.0,0.0,0.0,0.0,0.0,1.0,1,0.8660254037844386,0.5000000000000001,0.0,1.0
GVC,GD,2024-02-01,2024,2,28,402.0,0.24,152,4470.0,2.62,119,1706,0.0891,0.0698,69,1871,1,1871.0,0,5,0.0,9104.0,9104.0,9.6,0.0,9.6,14,32.5,18.0,14.5,14031.0,10490.0,24521.0,1.0,0.08333333333333333,70.0,0.5138983423697507,0.14285714285714285,7.951051902223978,0.19123563177926445,0.002614942518458969,0.0,21.263657430122638,38.63741283101597,7.72827891371716,8.001655445701774,0.17241379418463884,0.0025143677625676683,0.0,20.040493045045043,36.05689569519854,7.717244484301271,0,0.0,8.0,21.0,0.263,0,1.0,0.0,0.0,0.0,1.0,0.0,0.0,0.0,0.0,1,0.8660254037844386,0.5000000000000001,0.0,0.0
LEDN,GV,2024-02-01,2024,2,16,140.0,1.12,41,620.0,4.96,50,125,0.328,0.4,29,136,1,136.0,0,18,12235.0,12890.0,25125.0,35.33333333333333,18.444444444444443,16.88888888888889,11,19.53333333333333,8.333333333333334,11.2,9990.0,7695.0,17685.0,2.0,0.13333333333333333,198.0,1.3426824550040934,0.45,7.9042815178547094,0.19870689765004249,0.0007040229915031072,0.0,20.98250385228245,37.80413692915577,7.54472698391169,7.957551967534611,0.19123563177926445,0.002614942518458969,0.0,21.263657430122638,38.63741283101597,7.734778938964865,0,0.0,8.0,21.0,0.263,1,1.0,0.0,0.0,0.0,1.0,0.0,0.0,0.0,0.0,1,0.8660254037844386,0.5000000000000001,0.0,0.0
LEDN,LAA,2024-02-01,2024,2,14,2894.0,1.09,717,17652.0,6.67,1139,2647,0.2709,0.4303,134,2637,1,2637.0,0,18,12235.0,12890.0,25125.0,35.33333333333333,18.444444444444443,16.88888888888889,7,11.333333333333332,5.0,6.333333333333333,8545.0,6644.0,15189.0,2.0,0.16666666666666666,126.0,1.1352332769293625,0.34285714285714286,7.9042815178547094,0.19870689765004249,0.0007040229915031072,0.0,20.98250385228245,37.80413692915577,7.54472698391169,7.9770519219462,0.19123563177926445,0.002614942518458969,0.0,21.263657430122638,38.63741283101597,7.754278936605344,0,0.0,8.0,21.0,0.263,1,1.0,0.0,0.0,0.0,1.0,0.0,0.0,0.0,0.0,1,0.8660254037844386,0.5000000000000001,0.0,1.0
BGN,GS,2024-01-01,2024,1,37,871.0,2.95,196,3162.0,10.72,240,295,0.6644,0.8136,2,262,1,262.0,0,6,3978.0,3136.0,7114.0,44.0,22.0,22.0,8,38.0,19.0,19.0,3964.0,3982.0,7946.0,0.0,0.0,48.0,0.0,0.0,3.7062606356126726,0.08454301179216434,0.0033870968186566906,0.0013978494311212212,17.946368384585586,33.45145078564203,3.70330367397557,4.318959659666464,0.08615591498191959,0.001693548414335456,0.0,21.93343339684189,38.412579557588025,4.212776859861709,1,0.0323,8.0,22.0,0.263,1,1.0,0.0,0.0,0.0,1.0,0.0,0.0,0.0,0.0,1,0.49999999999999994,0.8660254037844387,1.0,0.0
GVM,VST,2024-01-01,2024,1,6,1214.0,0.72,636,5221.0,3.09,731,1688,0.3768,0.4331,19,1721,1,1721.0,0,4,3501.0,3502.0,7003.0,9.0,4.5,4.5,4,8.0,4.0,4.0,3501.0,3501.0,7002.0,0.0,0.0,16.0,0.0,0.0,4.449260754716052,0.11465053795085799,0.005080645253020589,0.0,21.24727413186463,38.3066119320931,4.326612896466207,4.17476890564105,0.08938172069047728,0.004516129111570697,0.0,19.837839674885554,35.115966882756965,3.9935860649572423,1,0.0323,8.0,22.0,0.263,1,0.0,0.0,0.0,0.0,0.0,0.0,0.0,0.0,1.0,1,0.49999999999999994,0.8660254037844387,1.0,0.0
BGN,RSD,2024-01-01,2024,1,13,2317.0,1.93,565,10142.0,8.47,743,1198,0.4716,0.6202,2,1162,1,1162.0,0,6,3978.0,3136.0,7114.0,44.0,22.0,22.0,8,43.46666666666667,24.666666666666668,18.8,2274.0,5215.0,7489.0,0.0,0.0,48.0,0.0,0.0,3.7062606356126726,0.08454301179216434,0.0033870968186566906,0.0013978494311212212,17.946368384585586,33.45145078564203,3.70330367397557,3.772360194033833,0.08588709715273112,0.005739247286191551,0.0013306451315480855,18.323154083182736,34.0437087708263,3.777064482063075,1,0.0323,8.0,22.0,0.263,1,1.0,0.0,0.0,0.0,1.0,0.0,0.0,0.0,0.0,1,0.49999999999999994,0.8660254037844387,1.0,0.0
HK,BV,2024-01-01,2024,1,3,735.0,0.62,295,3314.0,2.78,346,1192,0.2475,0.2903,0,1167,1,1167.0,0,4,2314.0,2104.0,4418.0,6.0,3.0,3.0,8,24.25,10.75,13.5,2315.84,2315.84,4631.68,0.0,0.0,32.0,0.0,0.0,4.517521447754936,0.09946236614218001,0.0034811828205341933,0.0,23.045490062124628,39.68370856200495,4.174712282029652,4.511021501049199,0.09946236614218001,0.0034811828205341933,0.0,23.045490062124628,39.68370856200495,4.168212362720321,1,0.0323,8.0,22.0,0.263,1,0.0,0.0,0.0,0.0,0.0,0.0,0.0,0.0,1.0,1,0.49999999999999994,0.8660254037844387,1.0,0.0
UTVR,UT,2024-01-01,2024,1,1,4023.0,1.15,1361,11650.0,3.32,1525,3511,0.3876,0.4343,5,3404,1,3404.0,0,6,8896.0,8778.0,17674.0,7.333333333333333,3.6666666666666665,3.6666666666666665,32,49.96031746031746,26.071428571428573,23.88888888888889,20729.67,30427.440000000002,51157.11,0.0,0.0,192.0,0.0,0.0,3.5809328284900714,0.08750000020228726,0.007338709728692168,0.0017338709289868993,18.468390858301554,33.6870959292176,3.6324113558712465,3.541932883702459,0.08750000020228726,0.007338709728692168,0.0017338709289868993,18.468390858301554,33.6870959292176,3.593411382152549,1,0.0323,8.0,22.0,0.263,1,0.0,0.0,0.0,0.0,0.0,0.0,0.0,0.0,1.0,1,0.49999999999999994,0.8660254037844387,0.0,0.0
GV,LAA,2024-01-01,2024,1,2,2940.0,1.26,623,18998.0,8.15,1181,2330,0.2674,0.5069,55,2301,1,2301.0,0,11,10369.0,7761.0,18130.0,19.53333333333333,8.333333333333334,11.2,7,11.333333333333332,5.0,6.333333333333333,8391.0,6459.0,14850.0,2.0,0.2222222222222222,77.0,1.0237645389414565,0.2833333333333333,4.4102608268299415,0.11465053795085799,0.005080645253020589,0.0,21.24727413186463,38.3066119320931,4.287612929389441,4.429760888737116,0.11465053795085799,0.005080645253020589,0.0,21.24727413186463,38.3066119320931,4.307113011432712,1,0.0323,8.0,22.0,0.263,1,0.9995708,0.0,0.0,0.0,1.0,0.0,0.0,0.0,0.0,1,0.49999999999999994,0.8660254037844387,1.0,1.0
GVM,LAA,2024-01-01,2024,1,3,1504.0,0.8,465,6287.0,3.33,570,1890,0.246,0.3016,25,1781,1,1781.0,0,4,3501.0,3502.0,7003.0,9.0,4.5,4.5,7,11.333333333333332,5.0,6.333333333333333,8391.0,6459.0,14850.0,0.0,0.0,28.0,0.0,0.0,4.449260754716052,0.11465053795085799,0.005080645253020589,0.0,21.24727413186463,38.3066119320931,4.326612896466207,4.429760888737116,0.11465053795085799,0.005080645253020589,0.0,21.24727413186463,38.3066119320931,4.307113011432712,1,0.0323,8.0,22.0,0.263,1,0.07037037,0.0,0.0,0.00052910054,0.07,0.0,0.0,0.001,0.929,1,0.49999999999999994,0.8660254037844387,0.0,0.0
LEDN,HAD,2024-01-01,2024,1,25,2056.0,1.0,564,12647.0,6.15,763,2056,0.2743,0.3711,199,1740,1,1740.0,0,21,11970.0,12359.67,24329.67,38.009090909090915,19.90909090909091,18.1,6,24.0,12.0,12.0,5763.0,4609.0,10372.0,1.0,0.07142857142857142,126.0,0.40242960438184466,0.08333333333333333,4.403252713507422,0.09448924850952882,0.004327956997659257,0.0,21.347878975893863,37.95628927728181,4.107284997124225,4.4167715796589935,0.09233871038242053,0.006962365601011502,0.0,21.464343511289165,38.31580543902613,3.9070269215741864,1,0.0323,8.0,22.0,0.263,1,1.0,0.0,0.0,0.0,1.0,0.0,0.0,0.0,0.0,1,0.49999999999999994,0.8660254037844387,0.0,1.0
RSN,WDN,2024-02-01,2024,2,8,779.0,0.82,243,1529.0,1.61,264,950,0.2558,0.2779,2,971,1,971.0,0,4,1957.0,1956.0,3913.0,15.0,7.5,7.5,4,13.0,6.5,6.5,1957.0,1169.0,3126.0,0.0,0.0,16.0,0.0,0.0,7.445146374340201,0.1712643682164536,0.000905172417646852,2.8735631541616615e-05,18.098008255420744,33.97706813339529,7.049528544319087,7.389514602892016,0.1665229887926373,0.0008045976938701224,8.620689462484985e-05,17.75485605720816,32.99327502168458,6.962574887378462,0,0.0,8.0,21.0,0.263,1,0.09578948,0.0,0.0,0.0,0.096,0.0,0.0,0.0,0.904,1,0.8660254037844386,0.5000000000000001,0.0,1.0
SPTZ,BLL,2024-02-01,2024,2,2,711.0,0.67,278,3157.0,2.99,332,1056,0.2633,0.3144,24,1192,1,1192.0,0,4,2346.0,2346.0,4692.0,4.0,2.0,2.0,4,5.0,2.5,2.5,2346.0,2346.0,4692.0,0.0,0.0,16.0,0.0,0.0,7.736140792611344,0.18936781722238694,0.0009051724283517092,0.0,21.793527588205432,39.285516127772716,7.50999136457498,7.749141063626813,0.18936781722238694,0.0009051724283517092,0.0,21.793527588205432,39.285516127772716,7.522991599365213,0,0.0,8.0,21.0,0.263,1,0.0,0.0,0.0,0.0,0.0,0.0,0.0,0.0,1.0,1,0.8660254037844386,0.5000000000000001,1.0,1.0
RLB,BRD,2024-02-01,2024,2,4,1897.0,1.02,765,5347.0,2.87,823,1864,0.4104,0.4415,34,1925,1,1925.0,0,6,3843.0,3843.0,7686.0,6.0,3.0,3.0,4,11.0,5.5,5.5,3843.0,3843.0,7686.0,0.0,0.0,24.0,0.0,0.0,8.029488582891979,0.17198275992025933,0.00010057471307187245,0.0,19.675502311909337,35.071033541155956,7.664043114788231,7.9839887539374415,0.17198275992025933,0.00010057471307187245,0.0,19.675502311909337,35.071033541155956,7.618543299107716,0,0.0,8.0,21.0,0.263,1,0.0005364807,0.0,0.0,0.0075107296,0.001,0.0,0.0,0.008,0.991,1,0.8660254037844386,0.5000000000000001,0.0,1.0
HLM,HLMS,2024-02-01,2024,2,1,1066.0,0.52,452,3724.0,1.82,392,2050,0.2205,0.1912,113,2315,1,2315.0,0,13,8655.83,9962.88,18618.71,19.142857142857142,8.0,11.142857142857142,4,8.0,4.0,4.0,4608.0,4527.0,9135.0,0.0,0.0,52.0,0.0,0.0,7.716640995365792,0.18936781722238694,0.0009051724283517092,0.0,21.793527588205432,39.285516127772716,7.490491575550759,7.768640864640474,0.18936781722238694,0.0009051724283517092,0.0,21.793527588205432,39.285516127772716,7.542491394212877,0,0.0,8.0,21.0,0.263,0,0.0,0.0,0.0,0.0,0.0,0.0,0.0,0.0,1.0,1,0.8660254037844386,0.5000000000000001,0.0,1.0
DVNK,LEDN,2024-02-01,2024,2,3,825.0,0.49,343,3008.0,1.79,397,1685,0.2036,0.2356,21,1688,1,1688.0,0,4,3445.0,3445.0,6890.0,5.0,2.5,2.5,18,35.33333333333333,18.444444444444443,16.88888888888889,12235.0,12890.0,25125.0,0.0,0.0,72.0,0.0,0.0,7.915233029839422,0.18764367936200452,0.0005028735546545051,0.0,20.01459210939791,35.99534391740273,7.624572067425169,7.9042815178547094,0.19870689765004249,0.0007040229915031072,0.0,20.98250385228245,37.80413692915577,7.54472698391169,0,0.0,8.0,21.0,0.263,0,0.0,0.0,0.0,0.0,0.0,0.0,0.0,0.0,1.0,1,0.8660254037844386,0.5000000000000001,0.0,1.0
HRN,ASN,2024-02-01,2024,2,22,675.0,0.64,366,2101.0,2.0,394,1053,0.3476,0.3742,1,1137,1,1137.0,0,4,2683.0,2465.0,5148.0,26.0,13.0,13.0,9,76.0,37.333333333333336,38.666666666666664,4536.0,3583.0,8119.0,0.0,0.0,36.0,0.0,0.0,7.169008574801786,0.17887931234663587,0.0037212643836592807,0.0002155172365621246,19.114416601842848,35.208102523595436,6.792643685450499,7.115804608996915,0.18060344839789744,0.005129310377370352,0.0002155172365621246,18.61681886137217,34.15448182273185,6.63548850910417,0,0.0,8.0,21.0,0.263,1,0.054131053,0.0,0.0,0.0,0.054,0.0,0.0,0.0,0.946,1,0.8660254037844386,0.5000000000000001,1.0,0.0
HR,SWK,2024-02-01,2024,2,24,477.0,0.48,215,4103.0,4.15,312,989,0.2174,0.3155,10,1087,1,1087.0,0,7,4179.0,3042.0,7221.0,34.083333333333336,18.75,15.333333333333334,6,34.0,17.0,17.0,4180.0,4181.0,8361.0,1.0,0.16666666666666666,42.0,1.4426950408889634,0.5,7.286028693076865,0.1885057475910276,0.0056321837821568565,0.0002011494207913163,20.16087631076232,35.23344726946162,6.908298871640501,7.361928390745802,0.16781609287035876,0.0028160920623561433,0.00010057471039565815,19.29913490419758,34.17206803717833,6.924140991835759,0,0.0,8.0,21.0,0.263,1,1.0,0.0,0.0,0.0,1.0,0.0,0.0,0.0,0.0,1,0.8660254037844386,0.5000000000000001,0.0,0.0
RLB,RTZ,2024-02-01,2024,2,3,1575.0,0.87,709,4829.0,2.66,792,1815,0.3906,0.4364,14,1896,1,1896.0,0,6,3843.0,3843.0,7686.0,6.0,3.0,3.0,6,4.666666666666667,2.3333333333333335,2.3333333333333335,3837.0,3837.0,7674.0,1.0,0.2,36.0,0.9102392266268373,0.3333333333333333,8.029488582891979,0.17198275992025933,0.00010057471307187245,0.0,19.675502311909337,35.071033541155956,7.664043114788231,7.983741279563,0.1737068971704649,0.0024137930280860812,0.0,19.48743032107408,35.72896461925287,7.653281549612681,0,0.0,8.0,21.0,0.263,1,0.0,0.0,0.0,0.0,0.0,0.0,0.0,0.0,1.0,1,0.8660254037844386,0.5000000000000001,0.0,1.0
TBU,TB,2024-02-01,2024,2,1,2667.0,1.32,1063,8751.0,4.33,953,2023,0.5255,0.4711,0,2122,1,2122.0,0,4,2366.0,3315.0,5681.0,5.0,2.5,2.5,9,30.8,17.8,13.0,9337.0,6703.0,16040.0,0.0,0.0,36.0,0.0,0.0,7.937503132375022,0.19885057607001957,0.0005028735653593622,0.0,18.36264716688244,34.79275769269329,7.564730115320491,7.918002760150181,0.19885057607001957,0.0005028735653593622,0.0,18.36264716688244,34.79275769269329,7.545229848088889,0,0.0,8.0,21.0,0.263,1,0.0019772614,0.0,0.0,0.00049431535,0.002,0.0,0.0,0.0,0.998,1,0.8660254037844386,0.5000000000000001,1.0,0.0
HM,EHV,2024-02-01,2024,2,13,1372.0,1.48,365,6693.0,7.24,497,925,0.3946,0.5373,0,1040,1,1040.0,0,8,4702.0,4526.0,9228.0,12.0,6.0,6.0,13,33.14285714285714,15.0,18.142857142857142,9126.0,11731.0,20857.0,0.0,0.0,104.0,0.0,0.0,7.797083423612104,0.1745689662879911,0.0,0.0,17.15544297332051,32.564481927060534,7.409798884700084,7.931632294276751,0.17887931181139302,0.0,0.0,16.72177018139554,32.92603351741001,7.561086280250001,0,0.0,8.0,21.0,0.263,1,1.0,0.0,0.0,0.0,1.0,0.0,0.0,0.0,0.0,1,0.8660254037844386,0.5000000000000001,1.0,1.0
WD,UT,2024-01-01,2024,1,16,658.0,0.61,230,3646.0,3.39,272,1077,0.2136,0.2526,22,1077,1,1077.0,0,14,9195.25,9202.84,18398.09,34.285714285714285,17.142857142857142,17.142857142857142,32,49.96031746031746,26.071428571428573,23.88888888888889,20729.67,30427.440000000002,51157.11,2.0,0.08333333333333333,448.0,0.9360179602764065,0.2361111111111111,3.667518868917219,0.08669354911813493,0.006868279639190884,0.0016666666294137638,19.06403665645148,33.3624184868669,3.6609328216572683,3.541932883702459,0.08750000020228726,0.007338709728692168,0.0017338709289868993,18.468390858301554,33.6870959292176,3.593411382152549,1,0.0323,8.0,22.0,0.263,0,0.0,0.0,0.0,0.0,0.0,0.0,0.0,0.0,1.0,1,0.49999999999999994,0.8660254037844387,0.0,0.0
UTVR,BNK,2024-01-01,2024,1,7,607.0,0.46,206,3913.0,2.96,287,1321,0.1559,0.2173,0,1258,1,1258.0,0,6,8896.0,8778.0,17674.0,7.333333333333333,3.6666666666666665,3.6666666666666665,4,11.0,5.5,5.5,2535.0,2371.0,4906.0,0.0,0.0,24.0,0.0,0.0,3.5809328284900714,0.08750000020228726,0.007338709728692168,0.0017338709289868993,18.468390858301554,33.6870959292176,3.6324113558712465,3.5809328284900714,0.08750000020228726,0.007338709728692168,0.0017607526488161536,18.468390858301554,33.6870959292176,3.6324113558712465,1,0.0323,8.0,22.0,0.263,0,0.0,0.0,0.0,0.0007570023,0.0,0.0,0.0,0.001,0.999,1,0.49999999999999994,0.8660254037844387,0.0,0.0
GVC,LAA,2024-01-01,2024,1,1,694.0,0.41,296,4110.0,2.43,118,1688,0.1754,0.0699,207,1721,1,1721.0,0,5,0.0,8983.0,8983.0,9.6,0.0,9.6,7,11.333333333333332,5.0,6.333333333333333,8391.0,6459.0,14850.0,2.0,0.2857142857142857,35.0,0.9163279467515955,0.22619047619047616,4.403760868980879,0.11465053795085799,0.005080645253020589,0.0,21.24727413186463,38.3066119320931,4.281112996500827,4.429760888737116,0.11465053795085799,0.005080645253020589,0.0,21.24727413186463,38.3066119320931,4.307113011432712,1,0.0323,8.0,22.0,0.263,0,0.0,0.0,0.0,0.0,0.0,0.0,0.0,0.0,1.0,1,0.49999999999999994,0.8660254037844387,0.0,1.0
PMR,PMW,2024-01-01,2024,1,1,585.0,0.57,290,1988.0,1.94,321,1027,0.2824,0.3126,0,933,1,933.0,0,8,1903.0,1903.0,3806.0,20.5,10.25,10.25,4,11.0,5.5,5.5,1858.0,1859.0,3717.0,0.0,0.0,32.0,0.0,0.0,4.009838740907169,0.08669354837708255,0.0021639785038367393,0.0,22.07626597927783,37.07564414893427,3.0277151000555804,4.035838760400531,0.08669354837708255,0.0021639785038367393,0.0,22.07626597927783,37.07564414893427,3.0537151129595856,1,0.0323,8.0,22.0,0.263,1,0.032132424,0.0,0.0,0.0,0.032,0.0,0.0,0.0,0.968,1,0.49999999999999994,0.8660254037844387,0.0,1.0
NDB,BSMZ,2024-01-01,2024,1,1,2562.0,1.44,965,7109.0,4.0,1045,1779,0.5424,0.5874,1,1722,1,1722.0,0,8,5471.0,5470.0,10941.0,19.0,9.5,9.5,4,5.0,2.5,2.5,3389.0,3389.0,6778.0,0.0,0.0,32.0,0.0,0.0,3.6086127909616397,0.09663978551504432,0.006397849419504725,0.001693548349243018,18.345179287897004,34.04322479168574,2.9590160415948477,3.582612937801988,0.09663978551504432,0.006397849419504725,0.001693548349243018,18.345179287897004,34.04322479168574,2.9330161967294752,1,0.0323,8.0,22.0,0.263,1,0.0,0.0,0.0,0.0,0.0,0.0,0.0,0.0,1.0,1,0.49999999999999994,0.8660254037844387,1.0,1.0
GV,GVMW,2024-01-01,2024,1,1,1756.0,0.92,1079,4003.0,2.09,1126,1913,0.564,0.5886,36,1804,1,1804.0,0,11,10369.0,7761.0,18130.0,19.53333333333333,8.333333333333334,11.2,4,3.0,1.5,1.5,3616.0,3616.0,7232.0,0.0,0.0,44.0,0.0,0.0,4.4102608268299415,0.11465053795085799,0.005080645253020589,0.0,21.24727413186463,38.3066119320931,4.287612929389441,4.449260754716052,0.11465053795085799,0.005080645253020589,0.0,21.24727413186463,38.3066119320931,4.326612896466207,1,0.0323,8.0,22.0,0.263,1,0.0,0.0,0.0,0.0,0.0,0.0,0.0,0.0,1.0,1,0.49999999999999994,0.8660254037844387,1.0,1.0
GVC,GD,2024-01-01,2024,1,28,484.0,0.26,214,4650.0,2.49,137,1871,0.1144,0.0732,61,1585,1,1585.0,0,5,0.0,8983.0,8983.0,9.6,0.0,9.6,14,32.5,18.0,14.5,12615.25,9547.25,22162.5,1.0,0.08333333333333333,70.0,0.5138983423697507,0.14285714285714285,4.403760868980879,0.11465053795085799,0.005080645253020589,0.0,21.24727413186463,38.3066119320931,4.281112996500827,3.9639490160249893,0.08131720495199965,0.004233871005795976,0.0,19.442827911146225,34.72016040740475,3.866166710628257,1,0.0323,8.0,22.0,0.263,0,1.0,0.0,0.0,0.0,1.0,0.0,0.0,0.0,0.0,1,0.49999999999999994,0.8660254037844387,0.0,0.0
LEDN,GV,2024-01-01,2024,1,16,263.0,1.93,44,1170.0,8.6,73,136,0.3235,0.5368,7,136,1,136.0,0,21,11970.0,12359.67,24329.67,38.009090909090915,19.90909090909091,18.1,11,19.53333333333333,8.333333333333334,11.2,10369.0,7761.0,18130.0,2.0,0.11764705882352941,231.0,1.3426824550040934,0.45,4.403252713507422,0.09448924850952882,0.004327956997659257,0.0,21.347878975893863,37.95628927728181,4.107284997124225,4.4102608268299415,0.11465053795085799,0.005080645253020589,0.0,21.24727413186463,38.3066119320931,4.287612929389441,1,0.0323,8.0,22.0,0.263,1,1.0,0.0,0.0,0.0,1.0,0.0,0.0,0.0,0.0,1,0.49999999999999994,0.8660254037844387,0.0,1.0
LEDN,HLM,2024-01-01,2024,1,29,2.0,0.29,1,0.0,0.0,0,7,0.1429,0.0,0,8,3,2.67,0,21,11970.0,12359.67,24329.67,38.009090909090915,19.90909090909091,18.1,19,29.42222222222222,13.222222222222221,16.2,7977.34,9322.34,17299.68,2.0,0.09090909090909091,399.0,1.2891624083167885,0.40476190476190477,4.403252713507422,0.09448924850952882,0.004327956997659257,0.0,21.347878975893863,37.95628927728181,4.107284997124225,4.467134521548106,0.09260752761075573,0.007620967644196685,0.0,22.694373001975396,40.57645042352779,4.065521599739911,1,0.0323,8.0,22.0,0.263,0,1.0,0.0,0.0,0.0,1.0,0.0,0.0,0.0,0.0,1,0.49999999999999994,0.8660254037844387,0.0,0.0
LEDN,LAA,2024-01-01,2024,1,14,3694.0,1.4,788,21938.0,8.32,1337,2637,0.2988,0.507,162,2588,1,2588.0,0,21,11970.0,12359.67,24329.67,38.009090909090915,19.90909090909091,18.1,7,11.333333333333332,5.0,6.333333333333333,8391.0,6459.0,14850.0,2.0,0.14285714285714285,147.0,1.1352332769293625,0.34285714285714286,4.403252713507422,0.09448924850952882,0.004327956997659257,0.0,21.347878975893863,37.95628927728181,4.107284997124225,4.429760888737116,0.11465053795085799,0.005080645253020589,0.0,21.24727413186463,38.3066119320931,4.307113011432712,1,0.0323,8.0,22.0,0.263,1,1.0,0.0,0.0,0.0,1.0,0.0,0.0,0.0,0.0,1,0.49999999999999994,0.8660254037844387,0.0,1.0
HLM,CAS,2024-02-01,2024,2,23,2.0,0.06,2,27.0,0.75,16,36,0.0556,0.4444,1,7,1,7.0,0,13,8655.83,9962.88,18618.71,19.142857142857142,8.0,11.142857142857142,10,25.2,12.6,12.6,5820.0,5396.83,11216.83,0.0,0.0,130.0,0.0,0.0,7.716640995365792,0.18936781722238694,0.0009051724283517092,0.0,21.793527588205432,39.285516127772716,7.490491575550759,7.658261490134715,0.1981321859077133,0.001106321843790597,0.0,22.700928221317543,39.04137821375639,7.3362068867888945,0,0.0,8.0,21.0,0.263,1,1.0,0.0,0.0,0.0,1.0,0.0,0.0,0.0,0.0,1,0.8660254037844386,0.5000000000000001,1.0,0.0
HM,HMBH,2024-02-01,2024,2,1,1164.0,1.28,408,2531.0,2.79,439,908,0.4493,0.4835,8,931,1,931.0,0,8,4702.0,4526.0,9228.0,12.0,6.0,6.0,3,5.5,4.5,1.0,1861.0,930.0,2791.0,1.0,0.2,24.0,0.9102392266268373,0.3333333333333333,7.797083423612104,0.1745689662879911,0.0,0.0,17.15544297332051,32.564481927060534,7.409798884700084,7.784083143387782,0.1745689662879911,0.0,0.0,17.15544297332051,32.564481927060534,7.396798654020517,0,0.0,8.0,21.0,0.263,1,0.0,0.0,0.0,0.0,0.0,0.0,0.0,0.0,1.0,1,0.8660254037844386,0.5000000000000001,0.0,1.0
HLM,OVN,2024-02-01,2024,2,2,803.0,0.76,293,1066.0,1.0,226,1061,0.2762,0.213,94,1123,1,1123.0,0,13,8655.83,9962.88,18618.71,19.142857142857142,8.0,11.142857142857142,3,6.0,4.0,2.0,2270.0,1117.0,3387.0,0.0,0.0,39.0,0.0,0.0,7.716640995365792,0.18936781722238694,0.0009051724283517092,0.0,21.793527588205432,39.285516127772716,7.490491575550759,7.710140770172765,0.18936781722238694,0.0009051724283517092,0.0,21.793527588205432,39.285516127772716,7.483991341686797,0,0.0,8.0,21.0,0.263,0,0.0,0.0,0.0,0.0,0.0,0.0,0.0,0.0,1.0,1,0.8660254037844386,0.5000000000000001,0.0,1.0
KMA,WM,2024-01-01,2024,1,2,1413.0,0.95,457,6575.0,4.42,590,1487,0.3073,0.3968,2,1455,1,1455.0,0,4,2945.0,1719.0,4664.0,7.0,3.5,3.5,4,5.0,2.5,2.5,2945.0,2945.0,5890.0,0.0,0.0,16.0,0.0,0.0,4.524021425099182,0.09946236614218001,0.0034811828205341933,0.0,23.045490062124628,39.68370856200495,4.181212333041013,3.955395203842331,0.08669354894789316,0.005080645253020589,0.0,19.396668416518036,33.946934637843924,2.846255438036776,1,0.0323,8.0,22.0,0.263,1,0.0,0.0,0.0,0.0,0.0,0.0,0.0,0.0,1.0,1,0.49999999999999994,0.8660254037844387,1.0,0.0
HD,NS,2024-01-01,2024,1,12,1664.0,1.51,552,3191.0,2.89,580,1104,0.5,0.5254,1,1093,1,1093.0,0,6,2232.0,2230.0,4462.0,29.0,10.666666666666666,18.333333333333332,4,21.0,10.5,10.5,2201.0,2203.0,4404.0,0.0,0.0,24.0,0.0,0.0,3.4465859923161246,0.09543010837809053,0.0037634408962662503,0.0017473117889015264,18.63419742389552,33.857418493558,3.404045689415427,3.420274151859665,0.08924731225656565,0.0019758064800532915,0.0017204300690722722,19.4930760589258,35.44645065646018,3.431833286619475,1,0.0323,8.0,22.0,0.263,1,0.0,0.0,0.0,0.0009057971,0.0,0.0,0.0,0.001,0.999,1,0.49999999999999994,0.8660254037844387,1.0,0.0
ARN,GS,2024-01-01,2024,1,15,1327.0,1.13,535,7312.0,6.24,676,1172,0.4565,0.5768,0,1737,1,1737.0,0,4,3457.0,3458.0,6915.0,19.0,9.5,9.5,8,38.0,19.0,19.0,3964.0,3982.0,7946.0,1.0,0.2,32.0,0.7213475204444817,0.25,4.3014113084533285,0.08750000081315476,0.0011290322828997848,0.0,19.80379093975149,35.206934450775066,4.139852146878438,4.318959659666464,0.08615591498191959,0.001693548414335456,0.0,21.93343339684189,38.412579557588025,4.212776859861709,1,0.0323,8.0,22.0,0.263,1,0.76877135,0.0,0.0,0.0,0.769,0.0,0.0,0.0,0.231,1,0.49999999999999994,0.8660254037844387,1.0,0.0
ARN,MDB,2024-01-01,2024,1,4,5937.0,5.15,1045,11489.0,9.97,1139,1152,0.9071,0.9887,13,1721,1,1721.0,0,4,3457.0,3458.0,6915.0,19.0,9.5,9.5,7,17.833333333333336,8.5,9.333333333333334,3974.0,3718.0,7692.0,1.0,0.2,28.0,0.7213475204444817,0.25,4.3014113084533285,0.08750000081315476,0.0011290322828997848,0.0,19.80379093975149,35.206934450775066,4.139852146878438,4.643798396714853,0.0993279576581973,0.002822580667192577,0.0,22.51351043229462,41.13774080430308,4.613825235272988,1,0.0323,8.0,22.0,0.263,1,0.7491319,0.0,0.0,0.0,0.749,0.0,0.0,0.0,0.251,1,0.49999999999999994,0.8660254037844387,1.0,0.0
ASS,ASDL,2024-02-01,2024,2,3,2033.0,1.08,741,6027.0,3.2,780,1882,0.3937,0.4145,11,1741,1,1741.0,0,17,22050.0,17103.0,39153.0,34.84722222222222,21.22222222222222,13.625,4,15.0,7.5,7.5,3438.0,3437.0,6875.0,1.0,0.1,68.0,0.45511961331341866,0.1111111111111111,7.710684075309285,0.2002873577969684,0.001609195398445102,0.0,18.6796912191243,33.6486197381184,7.3061582103542895,7.790563387592891,0.18448275994595098,0.0008045976938701224,0.0,19.06484791328167,35.49982660460746,7.483954205252658,0,0.0,8.0,21.0,0.263,1,0.0,0.0,0.0,0.0,0.0,0.0,0.0,0.0,1.0,1,0.8660254037844386,0.5000000000000001,1.0,1.0
APD,APDO,2024-02-01,2024,2,3,585.0,0.72,177,717.0,0.88,21,813,0.2177,0.0258,0,922,1,922.0,0,5,2697.0,3422.0,6119.0,49.33333333333333,29.0,20.333333333333332,3,12.0,5.0,7.0,1837.0,922.0,2759.0,0.0,0.0,15.0,0.0,0.0,7.530361924566671,0.18390804660859808,0.0007040229915031072,0.0,18.883574446213657,33.768619753505995,7.100620591263661,7.582361944544332,0.18390804660859808,0.0007040229915031072,0.0,18.883574446213657,33.768619753505995,7.152620613061148,0,0.0,8.0,21.0,0.263,0,0.0012300123,0.0,0.0,0.0,0.001,0.0,0.0,0.0,0.999,1,0.8660254037844386,0.5000000000000001,0.0,1.0
HD,ZL,2024-01-01,2024,1,39,62.0,2.38,8,70.0,2.69,11,26,0.3077,0.4231,0,24,1,24.0,0,6,2232.0,2230.0,4462.0,29.0,10.666666666666666,18.333333333333332,14,85.42857142857143,47.285714285714285,38.142857142857146,5773.5,9869.0,15642.5,0.0,0.0,84.0,0.0,0.0,3.4465859923161246,0.09543010837809053,0.0037634408962662503,0.0017473117889015264,18.63419742389552,33.857418493558,3.404045689415427,3.425806447963721,0.10080645219372805,0.005174731224855428,0.0017204300690722722,19.757889633697847,34.96499910918615,3.4853494669541076,1,0.0323,8.0,22.0,0.263,1,1.0,0.0,0.0,0.0,1.0,0.0,0.0,0.0,0.0,1,0.49999999999999994,0.8660254037844387,1.0,0.0
HVS,DVD,2024-01-01,2024,1,24,516.0,0.88,168,1720.0,2.94,268,585,0.2872,0.4581,43,818,1,818.0,0,15,8972.25,7787.0,16759.25,25.857142857142858,14.0,11.857142857142858,16,20.07936507936508,11.222222222222221,8.857142857142858,8195.33,8181.0,16376.33,2.0,0.13333333333333333,240.0,0.9370338082411984,0.23809523809523808,3.48861296637164,0.08440860238687325,0.007150537664851834,0.0017473117889015264,18.077912151092484,33.39483781206992,2.91415057068951,3.7299300739741934,0.09247311911675879,0.004139784993904252,0.0,19.63019658833422,34.01661194011729,2.890682762083147,1,0.0323,8.0,22.0,0.263,1,1.0,0.0,0.0,0.0,1.0,0.0,0.0,0.0,0.0,1,0.49999999999999994,0.8660254037844387,0.0,1.0
RTD,RTA,2024-01-01,2024,1,10,1261.0,0.63,456,10140.0,5.07,299,2000,0.228,0.1495,103,1786,1,1786.0,0,15,10630.0,14622.0,25252.0,47.44444444444444,26.0,21.444444444444443,7,14.166666666666668,7.5,6.666666666666667,5759.0,4216.0,9975.0,1.0,0.08333333333333333,105.0,1.4426950408889634,0.5,4.006881736759698,0.08387096811045883,0.002822580657178356,0.0,18.714111432753583,34.11870878101677,3.9028495071075295,3.9704489682811084,0.08131720495199965,0.004233871005795976,0.0,19.442827911146225,34.72016040740475,3.8726667194021367,1,0.0323,8.0,22.0,0.263,0,1.0,0.0,0.0,0.0,1.0,0.0,0.0,0.0,0.0,1,0.49999999999999994,0.8660254037844387,0.0,1.0
RTD,RTB,2024-01-01,2024,1,1,3951.0,0.87,982,25689.0,5.67,1854,4533,0.2166,0.409,486,4023,1,4023.0,0,15,10630.0,14622.0,25252.0,47.44444444444444,26.0,21.444444444444443,8,13.5,6.75,6.75,7797.0,6383.0,14180.0,1.0,0.08333333333333333,120.0,0.5138983423697507,0.14285714285714285,4.006881736759698,0.08387096811045883,0.002822580657178356,0.0,18.714111432753583,34.11870878101677,3.9028495071075295,3.9743817768069687,0.08387096811045883,0.002822580657178356,0.0,18.714111432753583,34.11870878101677,3.870349486869189,1,0.0323,8.0,22.0,0.263,1,0.5742334,0.00022060446,0.0,0.0022060445,0.574,0.0,0.0,0.002,0.424,1,0.49999999999999994,0.8660254037844387,0.0,1.0
SDM,DT,2024-02-01,2024,2,10,4637.0,2.01,1525,18704.0,8.11,1794,2306,0.6613,0.778,13,2329,1,2329.0,0,6,8894.0,8636.0,17530.0,15.333333333333334,7.666666666666667,7.666666666666667,10,15.2,7.6,7.6,10003.0,9862.0,19865.0,2.0,0.3333333333333333,60.0,1.876989522792215,0.6,7.983741279563,0.1737068971704649,0.0024137930280860812,0.0,19.48743032107408,35.72896461925287,7.653281549612681,8.002192473488636,0.18074712726747852,0.0026149424649346835,0.0,19.357214413840197,35.20396464309473,7.656718372270979,0,0.0,8.0,21.0,0.263,1,1.0,0.0,0.0,0.0,1.0,0.0,0.0,0.0,0.0,1,0.8660254037844386,0.5000000000000001,1.0,0.0
ASS,PMR,2024-02-01,2024,2,20,10.0,0.5,10,70.0,3.5,11,20,0.5,0.55,0,30,1,30.0,0,17,22050.0,17103.0,39153.0,34.84722222222222,21.22222222222222,13.625,8,20.5,10.25,10.25,2102.0,2102.0,4204.0,1.0,0.08333333333333333,136.0,0.5581106265512472,0.16666666666666666,7.710684075309285,0.2002873577969684,0.001609195398445102,0.0,18.6796912191243,33.6486197381184,7.3061582103542895,7.690919458919644,0.18160919625654645,0.00442528728952353,2.8735631541616615e-05,21.740005351431755,36.89275757882787,7.39386490689612,0,0.0,8.0,21.0,0.263,1,1.0,0.0,0.0,0.0,1.0,0.0,0.0,0.0,0.0,1,0.8660254037844386,0.5000000000000001,1.0,1.0
DVD,ASDZ,2024-02-01,2024,2,4,817.0,1.23,230,4037.0,6.06,318,666,0.3453,0.4775,0,576,1,576.0,0,15,7929.0,7864.0,15793.0,20.482142857142858,11.625,8.857142857142858,12,26.333333333333332,13.166666666666666,13.166666666666666,9561.0,9756.0,19317.0,4.0,0.4,180.0,2.0069688756752315,0.5409090909090909,7.7242987892247905,0.185775863006711,0.0012068965782721837,0.0,19.652092345144556,34.550688718242206,7.351884994013556,7.784063169347315,0.18448275994595098,0.0008045976938701224,0.0,19.06484791328167,35.49982660460746,7.477453973101474,0,0.0,8.0,21.0,0.263,1,1.0,0.0,0.0,0.0,1.0,0.0,0.0,0.0,0.0,1,0.8660254037844386,0.5000000000000001,1.0,0.0
ASS,ASD,2024-02-01,2024,2,4,4197.0,1.1,1486,21003.0,5.51,1969,3815,0.3895,0.5161,22,5459,1,5459.0,0,17,22050.0,17103.0,39153.0,34.84722222222222,21.22222222222222,13.625,17,37.77142857142857,18.571428571428573,19.2,11149.0,20098.0,31247.0,1.0,0.05263157894736842,289.0,0.45511961331341866,0.1111111111111111,7.710684075309285,0.2002873577969684,0.001609195398445102,0.0,18.6796912191243,33.6486197381184,7.3061582103542895,7.7041838592582055,0.2002873577969684,0.001609195398445102,0.0,18.6796912191243,33.6486197381184,7.299657985054213,0,0.0,8.0,21.0,0.263,1,0.5507208,0.0,0.0,0.0,0.551,0.0,0.0,0.0,0.449,1,0.8660254037844386,0.5000000000000001,1.0,1.0
ASS,ASDL,2024-01-01,2024,1,3,1860.0,1.07,730,6458.0,3.71,812,1741,0.4193,0.4664,6,2173,1,2173.0,0,17,21638.0,16571.67,38209.67,28.51388888888889,13.625,14.88888888888889,4,15.0,7.5,7.5,4303.0,4232.0,8535.0,1.0,0.1,68.0,0.45511961331341866,0.1111111111111111,3.833674811407603,0.08938172116114568,0.006962365540926174,0.0,18.942104511804157,33.40887008046591,2.7563898463993866,4.018814611258686,0.09099462491169732,0.00611559144391488,0.0,19.258847246527353,35.33419259517424,3.6833307303798697,1,0.0323,8.0,22.0,0.263,1,0.0,0.0,0.0,0.0,0.0,0.0,0.0,0.0,1.0,1,0.49999999999999994,0.8660254037844387,0.0,1.0
KMA,WM,2024-02-01,2024,2,2,1335.0,0.9,528,8753.0,5.93,706,1476,0.3577,0.4783,0,1487,1,1487.0,0,4,2979.0,1536.0,4515.0,7.0,3.5,3.5,6,7.333333333333333,3.6666666666666665,3.6666666666666665,2984.0299999999997,2984.09,5968.12,0.0,0.0,24.0,0.0,0.0,7.702798596294276,0.20014367976236616,0.0005028735653593622,0.0,22.140228504207972,38.44344732268103,7.397913594184251,7.745008565461392,0.2034482769989248,0.0015086206853732295,0.0,19.086218018983974,34.110516342623484,7.358514369733032,0,0.0,8.0,21.0,0.263,1,0.0027100272,0.0,0.0,0.0,0.003,0.0,0.0,0.0,0.997,1,0.8660254037844386,0.5000000000000001,1.0,0.0
HD,NS,2024-02-01,2024,2,12,1181.0,1.23,464,1544.0,1.61,474,958,0.4843,0.4948,0,1104,1,1104.0,0,6,2246.0,2253.0,4499.0,29.0,10.666666666666666,18.333333333333332,5,30.5,10.5,20.0,2218.0,2223.8,4441.8,0.0,0.0,30.0,0.0,0.0,7.663275649492768,0.18376436967659612,0.005431034345308255,0.0,18.169869412036462,33.52551630447651,7.179798691779718,7.587221193330726,0.18879310390644374,0.004224137970428357,0.00015804597347889138,18.981467214466512,34.956206016841975,7.203384954353859,0,0.0,8.0,21.0,0.263,1,0.0,0.0,0.0,0.0,0.0,0.0,0.0,0.0,1.0,1,0.8660254037844386,0.5000000000000001,0.0,1.0
ARN,GS,2024-02-01,2024,2,15,737.0,0.64,404,7199.0,6.29,562,1144,0.3531,0.4913,1,1172,1,1172.0,0,4,2324.0,2324.0,4648.0,19.0,9.5,9.5,9,36.4,19.0,17.4,2919.0,2919.33,5838.33,1.0,0.16666666666666666,36.0,0.7213475204444817,0.25,8.26400862933918,0.16724138029305072,0.0012068965247478977,0.0,20.487850722910345,36.769136882376394,7.892169552287836,8.207620680332184,0.1714080465614967,0.0002011494261437449,0.0,22.437986214955647,39.28861959912311,7.911931003647289,0,0.0,8.0,21.0,0.263,1,0.7237762,0.0,0.0,0.00087412586,0.724,0.0,0.0,0.001,0.275,1,0.8660254037844386,0.5000000000000001,1.0,0.0
APD,APDO,2024-01-01,2024,1,3,673.0,0.73,197,1470.0,1.59,44,922,0.2137,0.0477,4,871,1,871.0,0,5,2711.0,3371.0,6082.0,49.33333333333333,29.0,20.333333333333332,3,12.0,5.0,7.0,1734.0,871.0,2605.0,0.0,0.0,15.0,0.0,0.0,3.25833065247023,0.10026881778712875,0.0031989246146172604,0.0027284945626693067,19.128281966973375,33.999192777500355,3.2422016300561447,3.3103306429480672,0.10026881778712875,0.0031989246146172604,0.0027284945626693067,19.128281966973375,33.999192777500355,3.294201634273494,1,0.0323,8.0,22.0,0.263,0,0.0010845987,0.0,0.0,0.0,0.001,0.0,0.0,0.0,0.999,1,0.49999999999999994,0.8660254037844387,0.0,0.0
SDM,DT,2024-01-01,2024,1,10,5005.0,2.15,1563,20213.0,8.68,1845,2329,0.6711,0.7922,25,2173,1,2173.0,0,6,7580.0,7633.0,15213.0,15.333333333333334,7.666666666666667,7.666666666666667,10,15.2,7.6,7.6,10368.0,10067.0,20435.0,2.0,0.3333333333333333,60.0,1.897814654202382,0.6111111111111112,3.980881718958738,0.08387096811045883,0.002822580657178356,0.0,18.714111432753583,34.11870878101677,3.8768494947342784,4.199548431677163,0.10080645218371384,0.0030107527210186886,0.0,18.7400451562097,33.697741098301385,3.9617124268790125,1,0.0323,8.0,22.0,0.263,1,1.0,0.0,0.0,0.0,1.0,0.0,0.0,0.0,0.0,1,0.49999999999999994,0.8660254037844387,1.0,0.0
ASS,PMR,2024-01-01,2024,1,20,64.0,2.13,24,184.0,6.13,26,30,0.8,0.8667,0,20,1,20.0,0,17,21638.0,16571.67,38209.67,28.51388888888889,13.625,14.88888888888889,8,20.5,10.25,10.25,1903.0,1903.0,3806.0,1.0,0.08333333333333333,136.0,0.5581106265512472,0.16666666666666666,3.833674811407603,0.08938172116114568,0.006962365540926174,0.0,18.942104511804157,33.40887008046591,2.7563898463993866,4.009838740907169,0.08669354837708255,0.0021639785038367393,0.0,22.07626597927783,37.07564414893427,3.0277151000555804,1,0.0323,8.0,22.0,0.263,1,1.0,0.0,0.0,0.0,1.0,0.0,0.0,0.0,0.0,1,0.49999999999999994,0.8660254037844387,0.0,1.0
DVD,ASDZ,2024-01-01,2024,1,4,1014.0,1.76,246,2348.0,4.08,271,576,0.4271,0.4705,0,924,1,924.0,0,16,8195.33,8181.0,16376.33,20.07936507936508,11.222222222222221,8.857142857142858,12,26.333333333333332,13.166666666666666,13.166666666666666,10250.0,9102.25,19352.25,4.0,0.36363636363636365,192.0,2.813007483068622,0.8361111111111111,3.7299300739741934,0.09247311911675879,0.004139784993904252,0.0,19.63019658833422,34.01661194011729,2.890682762083147,4.012314472407583,0.09099462491169732,0.00611559144391488,0.0,19.258847246527353,35.33419259517424,3.6768306135300106,1,0.0323,8.0,22.0,0.263,1,1.0,0.0,0.0,0.0,1.0,0.0,0.0,0.0,0.0,1,0.49999999999999994,0.8660254037844387,1.0,0.0
ASS,ASD,2024-01-01,2024,1,4,6662.0,1.22,2326,40745.0,7.46,3228,5459,0.4261,0.5913,45,5170,1,5170.0,0,17,21638.0,16571.67,38209.67,28.51388888888889,13.625,14.88888888888889,22,37.45,19.2,18.25,10612.78,19113.33,29726.11,3.0,0.15,374.0,1.4156598442465105,0.36111111111111105,3.833674811407603,0.08938172116114568,0.006962365540926174,0.0,18.942104511804157,33.40887008046591,2.7563898463993866,3.8271746891801075,0.08938172116114568,0.006962365540926174,0.0,18.942104511804157,33.40887008046591,2.7498897453920255,1,0.0323,8.0,22.0,0.263,1,0.565305,0.0,0.0,0.0,0.565,0.0,0.0,0.0,0.435,1,0.49999999999999994,0.8660254037844387,0.0,0.0
ARN,MDB,2024-02-01,2024,2,4,1854.0,1.65,454,7490.0,6.66,595,1125,0.4036,0.5289,3,1152,1,1152.0,0,4,2324.0,2324.0,4648.0,19.0,9.5,9.5,7,17.833333333333336,8.5,9.333333333333334,2919.0,2624.0,5543.0,1.0,0.2,28.0,0.6213349345596119,0.2,8.26400862933918,0.16724138029305072,0.0012068965247478977,0.0,20.487850722910345,36.769136882376394,7.892169552287836,8.296298929158299,0.18290229930660162,0.0010057471307187245,0.0,22.884678865301197,42.08844723920713,8.039546028635968,0,0.0,8.0,21.0,0.263,1,0.6986667,0.0,0.0,0.0017777778,0.699,0.0,0.0,0.002,0.299,1,0.8660254037844386,0.5000000000000001,1.0,0.0
HD,ZL,2024-02-01,2024,2,39,61.0,2.65,13,70.0,3.04,15,23,0.5652,0.6522,0,26,1,26.0,0,6,2246.0,2253.0,4499.0,29.0,10.666666666666666,18.333333333333332,16,96.0,52.0,44.0,6412.71,10156.14,16568.85,0.0,0.0,96.0,0.0,0.0,7.663275649492768,0.18376436967659612,0.005431034345308255,0.0,18.169869412036462,33.52551630447651,7.179798691779718,7.550574714917389,0.17499999947118006,0.0035201148183523923,0.00011494252616646646,19.255094976860217,34.37534390167258,7.149066085788025,0,0.0,8.0,21.0,0.263,1,1.0,0.0,0.0,0.0,1.0,0.0,0.0,0.0,0.0,1,0.8660254037844386,0.5000000000000001,1.0,1.0
HVS,DVD,2024-02-01,2024,2,24,758.0,1.0,225,4068.0,5.35,414,761,0.2957,0.544,83,585,1,585.0,0,18,9067.6,7842.8,16910.4,29.45,15.7,13.75,15,20.482142857142858,11.625,8.857142857142858,7929.0,7864.0,15793.0,3.0,0.2,270.0,1.6190814188908376,0.4692982456140351,7.73570715536995,0.1785919552818797,0.0015086207067829438,0.0,18.387631229970648,34.61275764922986,7.398925492133217,7.7242987892247905,0.185775863006711,0.0012068965782721837,0.0,19.652092345144556,34.550688718242206,7.351884994013556,0,0.0,8.0,21.0,0.263,1,1.0,0.0,0.0,0.0,1.0,0.0,0.0,0.0,0.0,1,0.8660254037844386,0.5000000000000001,1.0,1.0
RTD,RTA,2024-02-01,2024,2,10,1048.0,0.61,369,5820.0,3.38,159,1723,0.2142,0.0923,106,2000,1,2000.0,0,15,11829.0,16484.0,28313.0,54.7,27.2,27.5,7,14.166666666666668,7.5,6.666666666666667,6467.0,4421.0,10888.0,1.0,0.07692307692307693,105.0,1.4426950408889634,0.5,8.009741300353031,0.1737068971704649,0.0024137930280860812,0.0,19.48743032107408,35.72896461925287,7.679281567019978,8.008155118117386,0.17241379418463884,0.0025143677625676683,0.0,20.040493045045043,36.05689569519854,7.723744238587631,0,0.0,8.0,21.0,0.263,0,1.0,0.0,0.0,0.0,1.0,0.0,0.0,0.0,0.0,1,0.8660254037844386,0.5000000000000001,0.0,0.0
RTD,RTB,2024-02-01,2024,2,1,2927.0,0.7,824,20152.0,4.81,1573,4188,0.1968,0.3756,380,4533,1,4533.0,0,15,11829.0,16484.0,28313.0,54.7,27.2,27.5,7,14.416666666666668,6.75,7.666666666666667,8703.0,7082.0,15785.0,1.0,0.07692307692307693,105.0,0.5138983423697507,0.14285714285714285,8.009741300353031,0.1737068971704649,0.0024137930280860812,0.0,19.48743032107408,35.72896461925287,7.679281567019978,7.977241608346331,0.1737068971704649,0.0024137930280860812,0.0,19.48743032107408,35.72896461925287,7.646781773402773,0,0.0,8.0,21.0,0.263,1,0.55157596,0.0,0.0,0.0069245463,0.552,0.0,0.0,0.007,0.441,1,0.8660254037844386,0.5000000000000001,1.0,0.0
ESK,HGL,2024-01-01,2024,1,4,91.0,0.43,41,659.0,3.14,55,210,0.1952,0.2619,0,177,1,177.0,0,3,342.0,177.0,519.0,8.0,4.0,4.0,7,15.416666666666668,7.75,7.666666666666667,2627.0,1479.0,4106.0,1.0,0.2,21.0,1.4426950408889634,0.5,3.0132285947886404,0.10416666697710752,0.005174731104684773,0.0017338709289868993,17.676085703956183,33.25886998573939,3.0417904191154745,3.071728443852075,0.10416666697710752,0.005174731104684773,0.001706989209157645,17.676085703956183,33.25886998573939,3.1002903169782092,1,0.0323,8.0,22.0,0.263,0,0.01904762,0.0,0.0,0.0,0.019,0.0,0.0,0.0,0.981,1,0.49999999999999994,0.8660254037844387,0.0,0.0
VS,MDB,2024-01-01,2024,1,6,281.0,0.93,104,2880.0,9.57,95,301,0.3455,0.3156,18,255,1,255.0,0,2,0.0,1991.0,1991.0,3.5,0.0,3.5,7,17.833333333333336,8.5,9.333333333333334,3974.0,3718.0,7692.0,1.0,0.2,14.0,1.4426950408889634,0.5,4.072809119418424,0.09408602184585986,0.001034946240965397,0.0012365591121456956,18.504180307349852,33.114676530002264,3.8023118523990997,4.643798396714853,0.0993279576581973,0.002822580667192577,0.0,22.51351043229462,41.13774080430308,4.613825235272988,1,0.0323,8.0,22.0,0.263,1,1.0,0.0,0.0,0.0,1.0,0.0,0.0,0.0,0.0,1,0.49999999999999994,0.8660254037844387,1.0,1.0
ZP,DV,2024-01-01,2024,1,16,1520.0,1.26,451,7184.0,5.95,429,1208,0.3733,0.3551,8,1182,1,1182.0,0,6,2331.0,3304.0,5635.0,24.0,12.0,12.0,13,31.26190476190476,16.428571428571427,14.833333333333334,6366.0,6644.0,13010.0,0.0,0.0,78.0,0.0,0.0,3.2973440817296904,0.08911290353224162,0.00122311830480573,0.002043010707023323,18.674126823743183,33.98467642068863,3.3525859977128687,3.302338739151075,0.09852150560266548,0.004516129061499591,0.0017876343686454078,18.331987683170585,33.868063609446246,3.3866801085951987,1,0.0323,8.0,22.0,0.263,1,0.9991722,0.0,0.0,0.00082781457,0.999,0.0,0.0,0.001,0.0,1,0.49999999999999994,0.8660254037844387,1.0,0.0
AVAT,AMFS,2024-01-01,2024,1,3,1688.0,0.87,512,4913.0,2.54,499,1934,0.2647,0.258,1,2026,1,2026.0,0,4,2213.0,3123.0,5336.0,8.0,4.0,4.0,4,6.0,3.0,3.0,4048.0,4194.0,8242.0,0.0,0.0,16.0,0.0,0.0,3.4523521443748826,0.09126344111858196,0.006303763387584558,0.0018279569483892891,18.27908812703625,32.59064429870216,3.362500001731459,3.439352208948744,0.09126344111858196,0.006303763387584558,0.0018279569483892891,18.27908812703625,32.59064429870216,3.3495000341646772,1,0.0323,8.0,22.0,0.263,0,0.0,0.0,0.0,0.0,0.0,0.0,0.0,0.0,1.0,1,0.49999999999999994,0.8660254037844387,1.0,1.0
TBR,GZ,2024-01-01,2024,1,6,1646.0,1.4,370,7685.0,6.55,504,1174,0.3152,0.4293,0,1106,1,1106.0,0,4,2207.0,2207.0,4414.0,10.0,5.0,5.0,4,16.0,8.0,8.0,2207.0,2206.0,4413.0,0.0,0.0,16.0,0.0,0.0,3.5069140094752993,0.07876344158324183,0.007809139688008575,0.0013844085712065941,18.121215117874964,34.0316119777259,3.577411296917626,3.497513447367456,0.07943548377282837,0.006586021383202845,0.0013575268513773397,17.89680295605813,32.85580559571584,3.6256048382430146,1,0.0323,8.0,22.0,0.263,1,0.04003407,0.0,0.0,0.0,0.04,0.0,0.0,0.0,0.96,1,0.49999999999999994,0.8660254037844387,1.0,0.0
GS,ARN,2024-01-01,2024,1,15,5425.0,4.71,1052,10982.0,9.53,1146,1152,0.9132,0.9948,16,1721,1,1721.0,0,8,3964.0,3982.0,7946.0,38.0,19.0,19.0,4,19.0,9.5,9.5,3457.0,3458.0,6915.0,1.0,0.2,32.0,0.7213475204444817,0.25,4.318959659666464,0.08615591498191959,0.001693548414335456,0.0,21.93343339684189,38.412579557588025,4.212776859861709,4.3014113084533285,0.08750000081315476,0.0011290322828997848,0.0,19.80379093975149,35.206934450775066,4.139852146878438,1,0.0323,8.0,22.0,0.263,1,0.7491319,0.0,0.0,0.0,0.749,0.0,0.0,0.0,0.251,1,0.49999999999999994,0.8660254037844387,1.0,0.0
KLP,ED,2024-02-01,2024,2,7,533.0,0.52,138,3390.0,3.29,212,1030,0.134,0.2058,1,1297,1,1297.0,0,6,2511.0,2487.0,4998.0,42.0,21.0,21.0,10,41.2,20.6,20.6,4492.6,4893.0,9385.6,2.0,0.3333333333333333,60.0,0.9609582064547204,0.25263157894736843,7.664500045263605,0.1820402305423357,0.0014080459937110715,0.0,17.743596754368696,33.28655083768669,7.248408098330443,7.579999914050274,0.1820402305423357,0.0014080459937110715,0.0,17.743596754368696,33.28655083768669,7.163908029767288,0,0.0,8.0,21.0,0.263,0,1.0,0.0,0.0,0.0,1.0,0.0,0.0,0.0,0.0,1,0.8660254037844386,0.5000000000000001,0.0,1.0
ZBM,GDM,2024-02-01,2024,2,9,1779.0,1.64,583,3364.0,3.09,613,1088,0.5358,0.5634,1,1151,1,1151.0,0,3,3467.0,1151.0,4618.0,20.0,11.0,9.0,6,18.0,9.0,9.0,6787.0,6787.0,13574.0,0.0,0.0,18.0,0.0,0.0,7.938614867285065,0.18448276055612783,0.0002011494261437449,0.0,18.287293902073785,32.70206809043884,7.517206872331685,7.8594884873721105,0.19181034534141936,0.004626436876240133,0.0,18.42451348892231,34.46482669904657,7.485278714662311,0,0.0,8.0,21.0,0.263,1,0.0,0.0,0.0,0.0045955884,0.0,0.0,0.0,0.005,0.995,1,0.8660254037844386,0.5000000000000001,1.0,0.0
ZWD,BRD,2024-02-01,2024,2,7,1442.0,0.78,709,4820.0,2.61,814,1850,0.3832,0.44,43,1918,1,1918.0,0,4,3843.0,1978.0,5821.0,9.0,4.5,4.5,4,11.0,5.5,5.5,3843.0,3843.0,7686.0,0.0,0.0,16.0,0.0,0.0,8.02298851002907,0.17198275992025933,0.00010057471307187245,0.0,19.675502311909337,35.071033541155956,7.657543102557632,7.9839887539374415,0.17198275992025933,0.00010057471307187245,0.0,19.675502311909337,35.071033541155956,7.618543299107716,0,0.0,8.0,21.0,0.263,1,0.0,0.0,0.0,0.0,0.0,0.0,0.0,0.0,1.0,1,0.8660254037844386,0.5000000000000001,0.0,1.0
ALMO,ALMB,2024-02-01,2024,2,2,348.0,0.24,139,2552.0,1.76,167,1454,0.0956,0.1149,58,1588,1,1588.0,0,3,2449.0,1588.0,4037.0,11.0,9.0,2.0,7,11.5,7.5,4.0,3248.0,2844.0,6092.0,1.0,0.2,21.0,0.5581106265512472,0.16666666666666666,7.6449367195025255,0.17916666753804203,0.002715517359989128,0.00011494252616646646,20.93031816895323,37.72344718274029,7.329060335782753,7.631936967073158,0.17916666753804203,0.002715517359989128,0.00011494252616646646,20.93031816895323,37.72344718274029,7.316060540833693,0,0.0,8.0,21.0,0.263,0,0.0,0.0,0.0,0.0,0.0,0.0,0.0,0.0,1.0,1,0.8660254037844386,0.5000000000000001,1.0,0.0
UTG,KMA,2024-01-01,2024,1,5,1413.0,0.95,415,5450.0,3.67,188,1487,0.2791,0.1264,137,1455,1,1455.0,0,6,2418.0,3826.0,6244.0,8.0,4.0,4.0,4,7.0,3.5,3.5,2945.0,1719.0,4664.0,0.0,0.0,24.0,0.0,0.0,4.572043021239581,0.09556451626121998,0.006491935561581325,0.0,23.706434238021092,40.421127988446145,4.160080645949409,4.524021425099182,0.09946236614218001,0.0034811828205341933,0.0,23.045490062124628,39.68370856200495,4.181212333041013,1,0.0323,8.0,22.0,0.263,0,0.0,0.0,0.0,0.0,0.0,0.0,0.0,0.0,1.0,1,0.49999999999999994,0.8660254037844387,0.0,0.0
ZP,DR,2024-01-01,2024,1,13,1180.0,1.0,318,7222.0,6.11,496,1182,0.269,0.4196,2,1169,1,1169.0,0,6,2331.0,3304.0,5635.0,24.0,12.0,12.0,8,20.5,10.25,10.25,4206.0,4166.0,8372.0,1.0,0.16666666666666666,48.0,1.4426950408889634,0.5,3.2973440817296904,0.08911290353224162,0.00122311830480573,0.002043010707023323,18.674126823743183,33.98467642068863,3.3525859977128687,3.185696124537317,0.08978494708376225,0.0011290322728855636,0.002123655866511086,18.400306002747627,32.86209588537934,3.4078063546800084,1,0.0323,8.0,22.0,0.263,1,1.0,0.0,0.0,0.0,1.0,0.0,0.0,0.0,0.0,1,0.49999999999999994,0.8660254037844387,1.0,1.0
GS,BGN,2024-01-01,2024,1,37,366.0,1.22,115,3069.0,10.23,171,300,0.3833,0.57,0,254,1,254.0,0,8,3964.0,3982.0,7946.0,38.0,19.0,19.0,6,44.0,22.0,22.0,3978.0,3136.0,7114.0,0.0,0.0,48.0,0.0,0.0,4.318959659666464,0.08615591498191959,0.001693548414335456,0.0,21.93343339684189,38.412579557588025,4.212776859861709,3.7062606356126726,0.08454301179216434,0.0033870968186566906,0.0013978494311212212,17.946368384585586,33.45145078564203,3.70330367397557,1,0.0323,8.0,22.0,0.263,1,1.0,0.0,0.0,0.0,1.0,0.0,0.0,0.0,0.0,1,0.49999999999999994,0.8660254037844387,1.0,0.0
TB,TBU,2024-01-01,2024,1,1,1622.0,1.36,373,7386.0,6.2,419,1192,0.3129,0.3515,48,1106,1,1106.0,0,9,8799.0,6550.0,15349.0,30.8,17.8,13.0,4,5.0,2.5,2.5,2207.0,3124.0,5331.0,0.0,0.0,36.0,0.0,0.0,3.4484139942584098,0.07876344158324183,0.007809139688008575,0.0013978494311212212,18.121215117874964,34.0316119777259,3.5189113087691766,3.4679140745241557,0.07876344158324183,0.007809139688008575,0.0013978494311212212,18.121215117874964,34.0316119777259,3.5384113270268647,1,0.0323,8.0,22.0,0.263,1,0.041107383,0.0,0.0,0.0,0.041,0.0,0.0,0.0,0.959,1,0.49999999999999994,0.8660254037844387,1.0,1.0
GS,BZL,2024-01-01,2024,1,5,1316.0,1.12,422,7102.0,6.06,491,1172,0.3601,0.4189,0,1745,1,1745.0,0,8,3964.0,3982.0,7946.0,38.0,19.0,19.0,4,11.0,5.5,5.5,3457.0,3456.0,6913.0,0.0,0.0,32.0,0.0,0.0,4.318959659666464,0.08615591498191959,0.001693548414335456,0.0,21.93343339684189,38.412579557588025,4.212776859861709,4.325459793385279,0.08615591498191959,0.001693548414335456,0.0012365591121456956,21.93343339684189,38.412579557588025,4.219276982504795,1,0.0323,8.0,22.0,0.263,1,0.76877135,0.0,0.0,0.0,0.769,0.0,0.0,0.0,0.231,1,0.49999999999999994,0.8660254037844387,0.0,1.0
BTL,BET,2024-02-01,2024,2,10,2426.0,1.3,838,5926.0,3.18,973,1865,0.4493,0.5217,11,1881,1,1881.0,0,6,3778.0,3778.0,7556.0,18.0,9.0,9.0,4,19.0,9.5,9.5,3778.0,3778.0,7556.0,0.0,0.0,24.0,0.0,0.0,7.9244971108440865,0.19037356453508825,0.0,0.0,17.928046291244442,33.97241290821426,7.523419544614595,7.892060426481325,0.18318965588963923,0.00010057471307187245,0.0,17.664416737297827,33.522412809147234,7.50154312862747,0,0.0,8.0,21.0,0.263,1,0.0,0.0,0.0,0.0,0.0,0.0,0.0,0.0,1.0,1,0.8660254037844386,0.5000000000000001,1.0,0.0
KLP,DB,2024-02-01,2024,2,22,164.0,0.8,55,399.0,1.95,59,205,0.2683,0.2878,0,263,1,263.0,0,6,2511.0,2487.0,4998.0,42.0,21.0,21.0,10,30.0,15.0,15.0,4727.0,4890.0,9617.0,2.0,0.3333333333333333,60.0,0.9609582064547204,0.25263157894736843,7.664500045263605,0.1820402305423357,0.0014080459937110715,0.0,17.743596754368696,33.28655083768669,7.248408098330443,7.763640571663949,0.18074712731029796,0.0016091954519693878,0.0,18.6350294649601,35.09120587781928,7.469172229712036,0,0.0,8.0,21.0,0.263,1,1.0,0.0,0.0,0.0,1.0,0.0,0.0,0.0,0.0,1,0.8660254037844386,0.5000000000000001,0.0,1.0
WDN,RSN,2024-02-01,2024,2,8,461.0,0.49,219,1053.0,1.11,233,947,0.2313,0.246,1,986,1,986.0,0,4,1957.0,1169.0,3126.0,13.0,6.5,6.5,4,15.0,7.5,7.5,1957.0,1956.0,3913.0,0.0,0.0,16.0,0.0,0.0,7.389514602892016,0.1665229887926373,0.0008045976938701224,8.620689462484985e-05,17.75485605720816,32.99327502168458,6.962574887378462,7.445146374340201,0.1712643682164536,0.000905172417646852,2.8735631541616615e-05,18.098008255420744,33.97706813339529,7.049528544319087,0,0.0,8.0,21.0,0.263,0,0.07286167,0.0,0.0,0.0,0.073,0.0,0.0,0.0,0.927,1,0.8660254037844386,0.5000000000000001,0.0,1.0
OBD,HN,2024-02-01,2024,2,11,12.0,0.33,9,213.0,5.92,9,36,0.25,0.25,0,141,4,35.25,0,4,2020.0,1041.25,3061.25,17.0,8.5,8.5,12,40.333333333333336,20.166666666666668,20.166666666666668,4111.25,4792.0,8903.25,0.0,0.0,48.0,0.0,0.0,7.640126632250867,0.18548850695891628,0.00241379307090551,2.8735631541616615e-05,19.299286642636375,34.390861211151915,7.283014565877531,7.669545965536829,0.18074712761003395,0.0007040230022079643,2.8735631541616615e-05,19.979274317536547,35.323964620116115,7.334344804629512,0,0.0,8.0,21.0,0.263,0,0.0,0.0,0.0,0.0,0.0,0.0,0.0,0.0,1.0,1,0.8660254037844386,0.5000000000000001,0.0,0.0
ZDK,PMW,2024-02-01,2024,2,10,897.0,0.99,279,2446.0,2.69,313,910,0.3066,0.344,3,1015,1,1015.0,0,4,2039.0,2041.0,4080.0,13.0,6.5,6.5,4,11.0,5.5,5.5,2042.0,2042.0,4084.0,0.0,0.0,16.0,0.0,0.0,7.738508882787849,0.2034482769989248,0.0015086206853732295,0.0,19.086218018983974,34.110516342623484,7.352014577080464,7.716919481561615,0.18160919625654645,0.00442528728952353,0.0,21.740005351431755,36.89275757882787,7.419864929784303,0,0.0,8.0,21.0,0.263,1,0.03956044,0.0,0.0,0.0,0.04,0.0,0.0,0.0,0.96,1,0.8660254037844386,0.5000000000000001,0.0,1.0
DTCP,SDM,2024-02-01,2024,2,9,2063.0,1.12,1033,5160.0,2.81,1104,1839,0.5617,0.6003,2,1913,1,1913.0,0,4,3805.0,3805.0,7610.0,10.0,5.0,5.0,6,15.333333333333334,7.666666666666667,7.666666666666667,8894.0,8636.0,17530.0,1.0,0.25,24.0,0.6213349345596119,0.2,7.995692809358582,0.18074712726747852,0.0026149424649346835,0.0,19.357214413840197,35.20396464309473,7.650218601884513,7.983741279563,0.1737068971704649,0.0024137930280860812,0.0,19.48743032107408,35.72896461925287,7.653281549612681,0,0.0,8.0,21.0,0.263,1,0.0,0.0,0.0,0.0010875476,0.0,0.0,0.0,0.001,0.999,1,0.8660254037844386,0.5000000000000001,1.0,0.0
BLL,HLM,2024-02-01,2024,2,3,616.0,0.58,214,3014.0,2.86,271,1055,0.2028,0.2569,24,1192,1,1192.0,0,4,2346.0,2346.0,4692.0,5.0,2.5,2.5,13,19.142857142857142,8.0,11.142857142857142,8655.83,9962.88,18618.71,0.0,0.0,52.0,0.0,0.0,7.749141063626813,0.18936781722238694,0.0009051724283517092,0.0,21.793527588205432,39.285516127772716,7.522991599365213,7.716640995365792,0.18936781722238694,0.0009051724283517092,0.0,21.793527588205432,39.285516127772716,7.490491575550759,0,0.0,8.0,21.0,0.263,0,0.0,0.0,0.0,0.0,0.0,0.0,0.0,0.0,1.0,1,0.8660254037844386,0.5000000000000001,1.0,1.0
SGN,ANA,2024-02-01,2024,2,9,1711.0,1.51,385,5552.0,4.91,478,1130,0.3407,0.423,18,1195,1,1195.0,0,4,2448.0,2444.0,4892.0,23.0,11.5,11.5,4,20.0,10.0,10.0,2448.0,2448.0,4896.0,0.0,0.0,16.0,0.0,0.0,7.623244441178596,0.1768678167470913,0.0018103448567034185,0.0,18.849927224475763,33.7991370325801,7.196735828087248,7.669649380548247,0.18520115018319125,0.0030172414563853166,0.0,23.435662244371642,42.770171074346564,7.421804602118744,0,0.0,8.0,21.0,0.263,1,0.99292034,0.0,0.0,0.0,0.993,0.0,0.0,0.0,0.007,1,0.8660254037844386,0.5000000000000001,1.0,0.0
BTL,VG,2024-02-01,2024,2,8,831.0,0.88,251,2699.0,2.85,294,948,0.2648,0.3101,14,944,1,944.0,0,6,3778.0,3778.0,7556.0,18.0,9.0,9.0,4,12.0,6.0,6.0,1874.0,962.0,2836.0,0.0,0.0,24.0,0.0,0.0,7.9244971108440865,0.19037356453508825,0.0,0.0,17.928046291244442,33.97241290821426,7.523419544614595,7.940267166251252,0.1811781620992155,0.0,0.0,18.398539633586488,33.85499902223719,7.523816063143741,0,0.0,8.0,21.0,0.263,1,0.0,0.0,0.0,0.0,0.0,0.0,0.0,0.0,1.0,1,0.8660254037844386,0.5000000000000001,0.0,0.0
MP,SWK,2024-02-01,2024,2,14,2203.0,1.17,621,7873.0,4.17,716,1887,0.3291,0.3794,31,2074,1,2074.0,0,7,6465.0,5350.0,11815.0,48.66666666666667,20.666666666666668,28.0,6,34.0,17.0,17.0,4180.0,4181.0,8361.0,0.0,0.0,42.0,0.0,0.0,7.407471268394984,0.19841954163436232,0.006336206891413392,0.0,18.81899313748568,34.64172324915042,7.058764358875395,7.361928390745802,0.16781609287035876,0.0028160920623561433,0.00010057471039565815,19.29913490419758,34.17206803717833,6.924140991835759,0,0.0,8.0,21.0,0.263,1,0.56809753,0.0,0.0,0.0,0.568,0.0,0.0,0.0,0.432,1,0.8660254037844386,0.5000000000000001,0.0,0.0
CAS,AMR,2024-02-01,2024,2,12,92.0,2.42,29,92.0,2.42,29,38,0.7632,0.7632,0,42,1,42.0,0,10,5820.0,5396.83,11216.83,25.2,12.6,12.6,6,12.0,6.0,6.0,4399.0,5158.0,9557.0,1.0,0.14285714285714285,60.0,1.4426950408889634,0.5,7.658261490134715,0.1981321859077133,0.001106321843790597,0.0,22.700928221317543,39.04137821375639,7.3362068867888945,7.61221575830667,0.19137931182637982,0.0012068965461576122,0.0,23.192754746511064,39.81465411802818,7.309342159793295,0,0.0,8.0,21.0,0.263,1,1.0,0.0,0.0,0.0,1.0,0.0,0.0,0.0,0.0,1,0.8660254037844386,0.5000000000000001,1.0,0.0
ASB,RAI,2024-02-01,2024,2,5,311.0,0.7,139,1534.0,3.45,188,445,0.3124,0.4225,5,10,4,2.5,0,21,8163.6,7446.7,15610.3,23.072727272727274,11.272727272727273,11.8,8,18.0,9.0,9.0,3571.3,3148.8,6720.1,2.0,0.15384615384615385,168.0,1.039008973514235,0.29166666666666663,7.711299040285207,0.185775863006711,0.0012068965782721837,0.0,19.652092345144556,34.550688718242206,7.33888520249005,7.777563111952923,0.18448275994595098,0.0008045976938701224,0.0,19.06484791328167,35.49982660460746,7.470953970119871,0,0.0,8.0,21.0,0.263,1,1.0,0.0,0.0,0.0,1.0,0.0,0.0,0.0,0.0,1,0.8660254037844386,0.5000000000000001,1.0,0.0
ASB,DVD,2024-02-01,2024,2,2,924.0,0.62,225,8084.0,5.46,453,1481,0.1519,0.3059,47,1553,1,1553.0,0,21,8163.6,7446.7,15610.3,23.072727272727274,11.272727272727273,11.8,15,20.482142857142858,11.625,8.857142857142858,7929.0,7864.0,15793.0,4.0,0.26666666666666666,315.0,2.240416353450449,0.6692982456140351,7.711299040285207,0.185775863006711,0.0012068965782721837,0.0,19.652092345144556,34.550688718242206,7.33888520249005,7.7242987892247905,0.185775863006711,0.0012068965782721837,0.0,19.652092345144556,34.550688718242206,7.351884994013556,0,0.0,8.0,21.0,0.263,1,0.0013504389,0.0,0.0,0.0,0.001,0.0,0.0,0.0,0.999,1,0.8660254037844386,0.5000000000000001,1.0,1.0
SPTN,DRH,2024-01-01,2024,1,1,1309.0,1.13,467,3550.0,3.08,518,1154,0.4047,0.4489,5,1147,1,1147.0,0,4,2314.0,2314.0,4628.0,3.0,1.5,1.5,4,6.0,3.0,3.0,2314.0,2314.0,4628.0,0.0,0.0,16.0,0.0,0.0,4.480134442663922,0.09260752761075573,0.007620967644196685,0.0,22.694373001975396,40.57645042352779,4.078521560582142,4.486634390303484,0.09260752761075573,0.007620967644196685,0.0,22.694373001975396,40.57645042352779,4.085021486821314,1,0.0323,8.0,22.0,0.263,1,0.0,0.0,0.0,0.0,0.0,0.0,0.0,0.0,1.0,1,0.49999999999999994,0.8660254037844387,1.0,0.0
EKZ,BKF,2024-01-01,2024,1,3,211.0,0.15,72,15750.0,10.91,504,1444,0.0499,0.349,24,1297,1,1297.0,0,1,0.0,1297.0,1297.0,3.0,0.0,3.0,3,3.0,2.0,1.0,2537.0,1297.0,3834.0,0.0,0.0,3.0,0.0,0.0,4.258793117606171,0.08696236592587284,0.0016935483842927923,0.00033602149786567814,23.943614844993878,41.429998950932614,3.9155807433029017,4.271793058873104,0.08696236592587284,0.0016935483842927923,0.00033602149786567814,23.943614844993878,41.429998950932614,3.928580717153607,1,0.0323,8.0,22.0,0.263,1,0.9847645,0.0,0.0,0.0,0.985,0.0,0.0,0.0,0.015,1,0.49999999999999994,0.8660254037844387,0.0,1.0
HDRZ,ANA,2024-01-01,2024,1,11,667.0,0.53,262,7618.0,6.08,440,1253,0.2091,0.3512,7,1179,1,1179.0,0,3,2346.0,1179.0,3525.0,17.0,6.0,11.0,4,20.0,10.0,10.0,2346.0,2022.0,4368.0,0.0,0.0,12.0,0.0,0.0,5.088631879050104,0.1126344096095812,0.0043279570176877,0.0,25.907219588596334,46.83048259571034,4.723443680240082,5.101631803505663,0.1126344096095812,0.0043279570176877,0.0,25.907219588596334,46.83048259571034,4.736443642611986,1,0.0323,8.0,22.0,0.263,1,0.97525936,0.0,0.0,0.0,0.975,0.0,0.0,0.0,0.025,1,0.49999999999999994,0.8660254037844387,0.0,1.0
OTB,WF,2024-01-01,2024,1,4,623.0,0.69,282,1872.0,2.06,302,908,0.3106,0.3326,5,863,1,863.0,0,4,1701.0,868.0,2569.0,8.0,4.0,4.0,3,10.5,6.5,4.0,1702.0,838.0,2540.0,0.0,0.0,12.0,0.0,0.0,3.0840269322557154,0.09610215171931251,0.005551075212336997,0.0029435483213033405,17.95576629074671,33.95709591270775,3.270854877988978,3.123026889598658,0.09610215171931251,0.005551075212336997,0.0029435483213033405,17.95576629074671,33.95709591270775,3.3098548600019546,1,0.0323,8.0,22.0,0.263,1,0.0011013215,0.0,0.0,0.0,0.001,0.0,0.0,0.0,0.999,1,0.49999999999999994,0.8660254037844387,0.0,0.0
RTN,RTA,2024-02-01,2024,2,5,924.0,0.79,427,5828.0,4.96,550,1176,0.3631,0.4677,0,1211,1,1211.0,0,3,2421.0,1211.0,3632.0,10.0,5.0,5.0,7,14.166666666666668,7.5,6.666666666666667,6467.0,4421.0,10888.0,1.0,0.2,21.0,0.43429448190325176,0.1,8.009741300353031,0.1737068971704649,0.0024137930280860812,0.0,19.48743032107408,35.72896461925287,7.679281567019978,8.008155118117386,0.17241379418463884,0.0025143677625676683,0.0,20.040493045045043,36.05689569519854,7.723744238587631,0,0.0,8.0,21.0,0.263,1,0.0,0.0,0.0,0.0,0.0,0.0,0.0,0.0,1.0,1,0.8660254037844386,0.5000000000000001,0.0,1.0
WF,OTB,2024-02-01,2024,2,4,282.0,0.32,90,534.0,0.61,66,875,0.1029,0.0754,79,890,1,890.0,0,4,1798.0,894.6,2692.6,13.0,6.5,6.5,4,8.0,4.0,4.0,1798.0,912.0,2710.0,0.0,0.0,16.0,0.0,0.0,7.495887802892375,0.189224138566903,0.002614942625507541,0.0,17.70775881572359,33.651723258111666,7.186117758867384,7.456888023913763,0.189224138566903,0.002614942625507541,0.0,17.70775881572359,33.651723258111666,7.147117930410922,0,0.0,8.0,21.0,0.263,0,0.0045714285,0.0,0.0,0.0,0.005,0.0,0.0,0.0,0.995,1,0.8660254037844386,0.5000000000000001,0.0,1.0
ED,DB,2024-02-01,2024,2,29,713.0,0.91,330,3657.0,4.69,401,780,0.4231,0.5141,5,928,1,928.0,0,10,4492.6,4893.0,9385.6,41.2,20.6,20.6,10,30.0,15.0,15.0,4727.0,4890.0,9617.0,2.0,0.25,100.0,1.249862498521946,0.38596491228070173,7.579999914050274,0.1820402305423357,0.0014080459937110715,0.0,17.743596754368696,33.28655083768669,7.163908029767288,7.763640571663949,0.18074712731029796,0.0016091954519693878,0.0,18.6350294649601,35.09120587781928,7.469172229712036,0,0.0,8.0,21.0,0.263,1,1.0,0.0,0.0,0.0,1.0,0.0,0.0,0.0,0.0,1,0.8660254037844386,0.5000000000000001,0.0,1.0
ASN,HRN,2024-01-01,2024,1,22,1626.0,1.22,388,6023.0,4.54,459,1328,0.2922,0.3456,18,1206,1,1206.0,0,8,4340.0,3356.0,7696.0,77.46666666666667,38.8,38.666666666666664,4,26.0,13.0,13.0,2429.0,2292.0,4721.0,0.0,0.0,32.0,0.0,0.0,3.142405908479686,0.09973118335048678,0.004139785023946916,0.0030645160605349848,19.35425455960375,35.12177325128227,2.934341391022768,3.3561425147157524,0.09462365608221741,0.005645161324370933,0.0037096773364370867,20.363238953774975,37.12306345278217,3.2072850054690756,1,0.0323,8.0,22.0,0.263,1,0.07680723,0.0,0.0,0.0,0.077,0.0,0.0,0.0,0.923,1,0.49999999999999994,0.8660254037844387,0.0,0.0
OTB,AH,2024-01-01,2024,1,4,17.0,4.25,3,47.0,11.75,4,4,0.75,1.0,0,5,1,5.0,0,4,1701.0,868.0,2569.0,8.0,4.0,4.0,14,21.714285714285715,10.857142857142858,10.857142857142858,7311.0,7682.0,14993.0,0.0,0.0,56.0,0.0,0.0,3.0840269322557154,0.09610215171931251,0.005551075212336997,0.0029435483213033405,17.95576629074671,33.95709591270775,3.270854877988978,3.112411327489842,0.09610215142890009,0.0030107527210186886,0.0028225805820716967,18.21268786922578,34.02338611502801,3.3431908805323864,1,0.0323,8.0,22.0,0.263,1,1.0,0.0,0.0,0.0,1.0,0.0,0.0,0.0,0.0,1,0.49999999999999994,0.8660254037844387,0.0,1.0
ASN,ZL,2024-01-01,2024,1,78,747.0,0.67,355,7159.0,6.43,522,1114,0.3187,0.4686,16,1067,1,1067.0,0,8,4340.0,3356.0,7696.0,77.46666666666667,38.8,38.666666666666664,14,85.42857142857143,47.285714285714285,38.142857142857146,5773.5,9869.0,15642.5,1.0,0.07692307692307693,112.0,0.7213475204444817,0.25,3.142405908479686,0.09973118335048678,0.004139785023946916,0.0030645160605349848,19.35425455960375,35.12177325128227,2.934341391022768,3.425806447963721,0.10080645219372805,0.005174731224855428,0.0017204300690722722,19.757889633697847,34.96499910918615,3.4853494669541076,1,0.0323,8.0,22.0,0.263,1,1.0,0.0,0.0,0.0,1.0,0.0,0.0,0.0,0.0,1,0.49999999999999994,0.8660254037844387,1.0,0.0
ASA,ASDM,2024-01-01,2024,1,2,1514.0,1.02,543,6394.0,4.31,653,1484,0.3659,0.44,0,1516,1,1516.0,0,11,8523.0,8352.67,16875.67,21.4,9.4,12.0,6,4.666666666666667,2.3333333333333335,2.3333333333333335,6479.0,5757.0,12236.0,1.0,0.125,66.0,0.3789231816899512,0.07142857142857142,3.7689301700291216,0.09247311911675879,0.004139784993904252,0.0,19.63019658833422,34.01661194011729,2.929682820669866,3.7689301700291216,0.09247311911675879,0.004139784993904252,0.0,19.63019658833422,34.01661194011729,2.929682820669866,1,0.0323,8.0,22.0,0.263,1,0.0,0.0,0.0,0.0,0.0,0.0,0.0,0.0,1.0,1,0.49999999999999994,0.8660254037844387,1.0,1.0
ASA,UT,2024-01-01,2024,1,33,2531.0,0.84,874,28739.0,9.56,1582,3007,0.2907,0.5261,0,2567,1,2567.0,0,11,8523.0,8352.67,16875.67,21.4,9.4,12.0,32,49.96031746031746,26.071428571428573,23.88888888888889,20729.67,30427.440000000002,51157.11,4.0,0.19047619047619047,352.0,1.6915920126986332,0.376984126984127,3.7689301700291216,0.09247311911675879,0.004139784993904252,0.0,19.63019658833422,34.01661194011729,2.929682820669866,3.541932883702459,0.08750000020228726,0.007338709728692168,0.0017338709289868993,18.468390858301554,33.6870959292176,3.593411382152549,1,0.0323,8.0,22.0,0.263,1,1.0,0.0,0.0,0.0,1.0,0.0,0.0,0.0,0.0,1,0.49999999999999994,0.8660254037844387,1.0,1.0
WF,ED,2024-02-01,2024,2,9,20.0,5.0,4,21.0,5.25,4,4,1.0,1.0,0,23,5,4.6,0,4,1798.0,894.6,2692.6,13.0,6.5,6.5,10,41.2,20.6,20.6,4492.6,4893.0,9385.6,0.0,0.0,40.0,0.0,0.0,7.495887802892375,0.189224138566903,0.002614942625507541,0.0,17.70775881572359,33.651723258111666,7.186117758867384,7.579999914050274,0.1820402305423357,0.0014080459937110715,0.0,17.743596754368696,33.28655083768669,7.163908029767288,0,0.0,8.0,21.0,0.263,1,1.0,0.0,0.0,0.0,1.0,0.0,0.0,0.0,0.0,1,0.8660254037844386,0.5000000000000001,0.0,1.0
RSD,DDR,2024-02-01,2024,2,38,891.0,0.76,287,9494.0,8.09,548,1174,0.2445,0.4668,87,1216,1,1216.0,0,8,2324.0,4805.0,7129.0,43.46666666666667,24.666666666666668,18.8,13,35.35714285714286,17.857142857142858,17.5,2610.0,7363.0,9973.0,1.0,0.09090909090909091,104.0,0.5581106265512472,0.16666666666666666,8.056643739570168,0.1941091961323701,0.0007040230129128215,0.0,18.786238562015967,35.18275776265681,7.681859221266604,8.03671291367761,0.17787356423107029,0.00010057471307187245,0.0,19.651632561423312,35.57172318573656,7.648638158694081,0,0.0,8.0,21.0,0.263,1,1.0,0.0,0.0,0.0,1.0,0.0,0.0,0.0,0.0,1,0.8660254037844386,0.5000000000000001,1.0,1.0
DRH,BV,2024-02-01,2024,2,5,813.0,0.83,274,3049.0,3.1,331,984,0.2785,0.3364,0,1154,1,1154.0,0,4,2346.0,2346.0,4692.0,6.0,3.0,3.0,4,8.0,4.0,4.0,2346.0,2346.0,4692.0,0.0,0.0,16.0,0.0,0.0,7.736140792611344,0.18936781722238694,0.0009051724283517092,0.0,21.793527588205432,39.285516127772716,7.50999136457498,7.689798846583942,0.20014367976236616,0.0005028735653593622,0.0,22.140228504207972,38.44344732268103,7.384913795124525,0,0.0,8.0,21.0,0.263,1,0.0,0.0,0.0,0.0,0.0,0.0,0.0,0.0,1.0,1,0.8660254037844386,0.5000000000000001,1.0,1.0
DB,ED,2024-02-01,2024,2,29,955.0,1.15,307,3676.0,4.42,366,831,0.3694,0.4404,2,983,1,983.0,0,10,4727.0,4890.0,9617.0,30.0,15.0,15.0,10,41.2,20.6,20.6,4492.6,4893.0,9385.6,2.0,0.25,100.0,1.249862498521946,0.38596491228070173,7.763640571663949,0.18074712731029796,0.0016091954519693878,0.0,18.6350294649601,35.09120587781928,7.469172229712036,7.579999914050274,0.1820402305423357,0.0014080459937110715,0.0,17.743596754368696,33.28655083768669,7.163908029767288,0,0.0,8.0,21.0,0.263,1,1.0,0.0,0.0,0.0,1.0,0.0,0.0,0.0,0.0,1,0.8660254037844386,0.5000000000000001,1.0,0.0
ED,KLP,2024-02-01,2024,2,7,1111.0,1.12,462,3607.0,3.63,519,994,0.4648,0.5221,21,1214,1,1214.0,0,10,4492.6,4893.0,9385.6,41.2,20.6,20.6,6,42.0,21.0,21.0,2511.0,2487.0,4998.0,2.0,0.3333333333333333,60.0,0.9609582064547204,0.25263157894736843,7.579999914050274,0.1820402305423357,0.0014080459937110715,0.0,17.743596754368696,33.28655083768669,7.163908029767288,7.664500045263605,0.1820402305423357,0.0014080459937110715,0.0,17.743596754368696,33.28655083768669,7.248408098330443,0,0.0,8.0,21.0,0.263,1,1.0,0.0,0.0,0.0,1.0,0.0,0.0,0.0,0.0,1,0.8660254037844386,0.5000000000000001,1.0,0.0
RSD,ZLW,2024-02-01,2024,2,23,19.0,0.9,6,197.0,9.38,12,21,0.2857,0.5714,2,41,1,41.0,0,8,2324.0,4805.0,7129.0,43.46666666666667,24.666666666666668,18.8,11,30.0,16.0,14.0,4158.53,4172.0,8330.529999999999,2.0,0.2222222222222222,88.0,1.424137568996588,0.47619047619047616,8.056643739570168,0.1941091961323701,0.0007040230129128215,0.0,18.786238562015967,35.18275776265681,7.681859221266604,8.035457089885899,0.18448275937859354,0.0002011494261437449,0.0,19.38358372723919,34.861550732590686,7.590557687584011,0,0.0,8.0,21.0,0.263,1,1.0,0.0,0.0,0.0,1.0,0.0,0.0,0.0,0.0,1,0.8660254037844386,0.5000000000000001,0.0,1.0
WH,OST,2024-01-01,2024,1,7,506.0,0.42,114,6710.0,5.57,299,1204,0.0947,0.2483,0,1179,1,1179.0,0,3,2361.0,1179.0,3540.0,17.5,10.5,7.0,4,17.0,8.5,8.5,2361.0,2361.0,4722.0,0.0,0.0,12.0,0.0,0.0,3.266532256232915,0.10362903295104862,0.003669354864346084,0.0017607526488161536,18.399452548834585,32.99951528477413,3.2655913983722047,3.2797608573505435,0.09677419386884217,0.004045698891884537,0.001801075228560035,18.175787764851766,33.12483781255702,3.2808361163422948,1,0.0323,8.0,22.0,0.263,0,1.0,0.0,0.0,0.0,1.0,0.0,0.0,0.0,0.0,1,0.49999999999999994,0.8660254037844387,1.0,0.0
SWK,MP,2024-01-01,2024,1,14,2372.0,1.13,916,12636.0,6.0,1176,2107,0.4347,0.5581,17,1962,1,1962.0,0,6,4039.0,3968.0,8007.0,34.0,17.0,17.0,7,48.66666666666667,20.666666666666668,28.0,6085.0,4943.0,11028.0,0.0,0.0,42.0,0.0,0.0,3.4390161880642496,0.09690860252306667,0.0015994623924295108,0.002647849403181544,19.907589498066134,34.85999906575808,3.2671075399254037,3.33071236728981,0.10672043094671863,0.0030107527310329098,0.0035618278773761887,19.336175351613953,35.2519345706509,3.1930107548382254,1,0.0323,8.0,22.0,0.263,1,0.5609872,0.0,0.0,0.0009492169,0.561,0.0,0.0,0.001,0.438,1,0.49999999999999994,0.8660254037844387,1.0,0.0
LAA,GV,2024-01-01,2024,1,2,4488.0,1.63,1143,22455.0,8.14,1521,2758,0.4144,0.5515,5,2438,1,2438.0,0,7,8391.0,6459.0,14850.0,11.333333333333332,5.0,6.333333333333333,11,19.53333333333333,8.333333333333334,11.2,10369.0,7761.0,18130.0,2.0,0.2222222222222222,77.0,1.0237645389414565,0.2833333333333333,4.429760888737116,0.11465053795085799,0.005080645253020589,0.0,21.24727413186463,38.3066119320931,4.307113011432712,4.4102608268299415,0.11465053795085799,0.005080645253020589,0.0,21.24727413186463,38.3066119320931,4.287612929389441,1,0.0323,8.0,22.0,0.263,1,1.0,0.0,0.0,0.0,1.0,0.0,0.0,0.0,0.0,1,0.49999999999999994,0.8660254037844387,1.0,0.0
BV,HK,2024-01-01,2024,1,3,1018.0,0.88,319,3267.0,2.83,376,1154,0.2764,0.3258,24,1147,1,1147.0,0,8,2315.84,2315.84,4631.68,24.25,10.75,13.5,4,6.0,3.0,3.0,2314.0,2104.0,4418.0,0.0,0.0,32.0,0.0,0.0,4.511021501049199,0.09946236614218001,0.0034811828205341933,0.0,23.045490062124628,39.68370856200495,4.168212362720321,4.517521447754936,0.09946236614218001,0.0034811828205341933,0.0,23.045490062124628,39.68370856200495,4.174712282029652,1,0.0323,8.0,22.0,0.263,1,0.0,0.0,0.0,0.0,0.0,0.0,0.0,0.0,1.0,1,0.49999999999999994,0.8660254037844387,1.0,1.0
BKL,WD,2024-01-01,2024,1,19,1777.0,1.53,419,6089.0,5.23,512,1165,0.3597,0.4395,13,1153,1,1153.0,0,6,3043.0,4137.0,7180.0,24.0,12.0,12.0,14,34.285714285714285,17.142857142857142,17.142857142857142,9195.25,9202.84,18398.09,0.0,0.0,84.0,0.0,0.0,3.6199677306007074,0.08467741983552132,0.005551075312479209,0.001061827933255543,19.077058515561525,32.74016046459957,2.793085999391292,3.667518868917219,0.08669354911813493,0.006868279639190884,0.0016666666294137638,19.06403665645148,33.3624184868669,3.6609328216572683,1,0.0323,8.0,22.0,0.263,1,0.0,0.0,0.0,0.0,0.0,0.0,0.0,0.0,1.0,1,0.49999999999999994,0.8660254037844387,0.0,0.0
BL,ASN,2024-01-01,2024,1,16,1918.0,1.68,528,5552.0,4.86,598,1143,0.4619,0.5232,8,1095,1,1095.0,0,4,2178.0,2178.0,4356.0,30.0,15.0,15.0,8,77.46666666666667,38.8,38.666666666666664,4340.0,3356.0,7696.0,0.0,0.0,32.0,0.0,0.0,3.137470474446653,0.1100806456399701,0.0023521505276201875,0.0030107526208764763,19.7825988236294,35.11064430398326,3.0509113063084423,3.142405908479686,0.09973118335048678,0.004139785023946916,0.0030645160605349848,19.35425455960375,35.12177325128227,2.934341391022768,1,0.0323,8.0,22.0,0.263,1,0.089238845,0.0,0.0,0.0017497813,0.089,0.0,0.0,0.002,0.909,1,0.49999999999999994,0.8660254037844387,1.0,1.0
TL,TPSW,2024-01-01,2024,1,2,1221.0,1.09,333,2160.0,1.93,72,1121,0.2971,0.0642,6,1113,1,1113.0,0,1,0.0,1113.0,1113.0,2.0,0.0,2.0,3,16.0,6.0,10.0,2976.0,1112.0,4088.0,0.0,0.0,3.0,0.0,0.0,3.4572285708961306,0.0836021512526498,0.005080645162892598,0.0020967741466818316,18.53681400065781,33.98467653797519,3.6284650910535565,3.4771693854652828,0.07889784998711079,0.004233871055867082,0.0020967741466818316,18.886605698575256,34.301128083018845,3.5762957545743395,1,0.0323,8.0,22.0,0.263,0,0.0,0.0,0.0,0.0,0.0,0.0,0.0,0.0,1.0,1,0.49999999999999994,0.8660254037844387,0.0,0.0
AC,BKL,2024-02-01,2024,2,12,1190.0,0.85,395,7980.0,5.67,580,1408,0.2805,0.4119,28,1525,1,1525.0,0,4,3009.0,3009.0,6018.0,16.0,8.0,8.0,8,26.5,13.25,13.25,3023.2,4127.6,7150.8,0.0,0.0,32.0,0.0,0.0,7.786497389640788,0.1859195409021501,0.000905172417646852,0.0,19.397305628691598,33.96051637400156,7.421554808644043,7.807908034187624,0.1692528746936513,0.0006034482891360918,0.0,19.61013099242901,34.11413699457015,7.452089055858809,0,0.0,8.0,21.0,0.263,1,0.0,0.0,0.0,0.0028409092,0.0,0.0,0.0,0.003,0.997,1,0.8660254037844386,0.5000000000000001,1.0,0.0
KZ,ZD,2024-02-01,2024,2,2,1060.0,0.74,351,8373.0,5.87,529,1426,0.2461,0.371,0,1487,1,1487.0,0,4,2979.0,2979.0,5958.0,3.0,1.5,1.5,12,22.333333333333332,11.166666666666666,11.166666666666666,8412.09,7973.03,16385.12,0.0,0.0,48.0,0.0,0.0,7.745008565461392,0.2034482769989248,0.0015086206853732295,0.0,19.086218018983974,34.110516342623484,7.358514369733032,7.769184184870843,0.2002873577969684,0.001609195398445102,0.0,18.6796912191243,33.6486197381184,7.364658257056927,0,0.0,8.0,21.0,0.263,1,0.0,0.0,0.0,0.0,0.0,0.0,0.0,0.0,1.0,1,0.8660254037844386,0.5000000000000001,1.0,0.0
GERP,HRN,2024-02-01,2024,2,4,466.0,0.36,208,1902.0,1.47,238,1294,0.1607,0.1839,1,1355,1,1355.0,0,3,2683.0,1355.0,4038.0,7.0,3.0,4.0,4,26.0,13.0,13.0,2683.0,2465.0,5148.0,0.0,0.0,12.0,0.0,0.0,7.188508828010025,0.17887931234663587,0.0037212643836592807,0.0002155172365621246,19.114416601842848,35.208102523595436,6.812143828677035,7.169008574801786,0.17887931234663587,0.0037212643836592807,0.0002155172365621246,19.114416601842848,35.208102523595436,6.792643685450499,0,0.0,8.0,21.0,0.263,0,0.04404946,0.0,0.0,0.0,0.044,0.0,0.0,0.0,0.956,1,0.8660254037844386,0.5000000000000001,0.0,0.0
ASDZ,HVS,2024-01-01,2024,1,28,106.0,1.54,31,243.0,3.52,34,69,0.4493,0.4928,3,45,4,11.25,0,12,10250.0,9102.25,19352.25,26.333333333333332,13.166666666666666,13.166666666666666,15,25.857142857142858,14.0,11.857142857142858,8972.25,7787.0,16759.25,1.0,0.07692307692307693,180.0,0.45511961331341866,0.1111111111111111,4.012314472407583,0.09099462491169732,0.00611559144391488,0.0,19.258847246527353,35.33419259517424,3.6768306135300106,3.48861296637164,0.08440860238687325,0.007150537664851834,0.0017473117889015264,18.077912151092484,33.39483781206992,2.91415057068951,1,0.0323,8.0,22.0,0.263,1,1.0,0.0,0.0,0.0,1.0,0.0,0.0,0.0,0.0,1,0.49999999999999994,0.8660254037844387,0.0,1.0
AML,HGL,2024-01-01,2024,1,14,1512.0,1.29,280,5113.0,4.36,305,1174,0.2385,0.2598,117,1155,1,1155.0,0,8,2628.0,3377.0,6005.0,30.0,15.0,15.0,7,15.416666666666668,7.75,7.666666666666667,2627.0,1479.0,4106.0,0.0,0.0,56.0,0.0,0.0,3.1372311885508717,0.10241935555372507,0.0013172043166974538,0.0017204300690722722,18.123256162770332,33.35564434047668,3.1811827914639106,3.071728443852075,0.10416666697710752,0.005174731104684773,0.001706989209157645,17.676085703956183,33.25886998573939,3.1002903169782092,1,0.0323,8.0,22.0,0.263,0,0.9974446,0.0,0.0,0.0025553664,0.997,0.0,0.0,0.003,0.0,1,0.49999999999999994,0.8660254037844387,0.0,0.0
LAA,LEDN,2024-01-01,2024,1,14,3230.0,1.47,735,18145.0,8.26,1099,2198,0.3344,0.5,4,2300,1,2300.0,0,7,8391.0,6459.0,14850.0,11.333333333333332,5.0,6.333333333333333,21,38.009090909090915,19.90909090909091,18.1,11970.0,12359.67,24329.67,2.0,0.14285714285714285,147.0,1.1352332769293625,0.34285714285714286,4.429760888737116,0.11465053795085799,0.005080645253020589,0.0,21.24727413186463,38.3066119320931,4.307113011432712,4.403252713507422,0.09448924850952882,0.004327956997659257,0.0,21.347878975893863,37.95628927728181,4.107284997124225,1,0.0323,8.0,22.0,0.263,1,1.0,0.0,0.0,0.0,1.0,0.0,0.0,0.0,0.0,1,0.49999999999999994,0.8660254037844387,1.0,0.0
BKL,MAS,2024-01-01,2024,1,5,941.0,0.64,323,4255.0,2.91,237,1464,0.2206,0.1619,9,1468,1,1468.0,0,6,3043.0,4137.0,7180.0,24.0,12.0,12.0,4,10.0,5.0,5.0,2922.0,1798.0,4720.0,0.0,0.0,24.0,0.0,0.0,3.6199677306007074,0.08467741983552132,0.005551075312479209,0.001061827933255543,19.077058515561525,32.74016046459957,2.793085999391292,3.644881826717787,0.08561828016473721,0.008844086059158849,0.001706989209157645,19.205412822705444,33.31064427283503,2.9954194523223867,1,0.0323,8.0,22.0,0.263,0,0.0006830601,0.0,0.0,0.0013661202,0.001,0.0,0.0,0.001,0.998,1,0.49999999999999994,0.8660254037844387,0.0,1.0
BL,HGV,2024-01-01,2024,1,14,1047.0,0.92,358,4985.0,4.38,443,1138,0.3146,0.3893,24,1083,1,1083.0,0,4,2178.0,2178.0,4356.0,30.0,15.0,15.0,5,44.33333333333333,17.0,27.333333333333332,2178.0,2178.5,4356.5,0.0,0.0,20.0,0.0,0.0,3.137470474446653,0.1100806456399701,0.0023521505276201875,0.0030107526208764763,19.7825988236294,35.11064430398326,3.0509113063084423,3.2101667320145473,0.10080645184323031,0.001693548414335456,0.0035080644377176802,18.831066230772645,33.81870875307309,3.0375860862669244,1,0.0323,8.0,22.0,0.263,1,0.06326889,0.0,0.0,0.0,0.063,0.0,0.0,0.0,0.937,1,0.49999999999999994,0.8660254037844387,1.0,0.0
NWK,GD,2024-01-01,2024,1,9,824.0,0.68,252,4820.0,3.98,342,1211,0.2081,0.2824,1,1235,1,1235.0,0,4,2431.0,2431.0,4862.0,13.0,6.5,6.5,14,32.5,18.0,14.5,12615.25,9547.25,22162.5,0.0,0.0,56.0,0.0,0.0,3.9769489322438516,0.08131720495199965,0.004233871005795976,0.0,19.442827911146225,34.72016040740475,3.879166666187987,3.9639490160249893,0.08131720495199965,0.004233871005795976,0.0,19.442827911146225,34.72016040740475,3.866166710628257,1,0.0323,8.0,22.0,0.263,1,0.0,0.0,0.0,0.0,0.0,0.0,0.0,0.0,1.0,1,0.49999999999999994,0.8660254037844387,1.0,0.0
BDPB,ZLW,2024-01-01,2024,1,10,1645.0,1.43,389,6854.0,5.94,503,1153,0.3374,0.4363,0,1125,1,1125.0,0,4,2212.0,2181.0,4393.0,15.0,7.5,7.5,10,28.0,14.0,14.0,4104.0,4103.0,8207.0,0.0,0.0,40.0,0.0,0.0,3.687384420404992,0.07997311864008186,0.003857526938200638,0.0013306451315480855,18.691475093204488,34.807740924178916,3.78388983890244,3.772502806272999,0.08172043068434602,0.004045698982012528,0.001290322551804204,18.885062604501684,33.66338620262761,3.669075362379312,1,0.0323,8.0,22.0,0.263,1,0.0,0.0,0.0,0.0,0.0,0.0,0.0,0.0,1.0,1,0.49999999999999994,0.8660254037844387,1.0,1.0
BRN,SD,2024-01-01,2024,1,4,116.0,0.13,46,1020.0,1.13,20,904,0.0509,0.0221,3,860,1,860.0,0,5,2407.0,2962.0,5369.0,14.666666666666668,8.0,6.666666666666667,3,3.5,2.5,1.0,1701.0,860.0,2561.0,0.0,0.0,15.0,0.0,0.0,3.3911720417109468,0.08454301132149594,0.007715053756230621,0.0017741935087307807,17.744572500307715,32.93225718057284,3.1482285269816477,3.4561721530082004,0.08454301132149594,0.007715053756230621,0.0017741935087307807,17.744572500307715,32.93225718057284,3.213228596134051,1,0.0323,8.0,22.0,0.263,0,0.0,0.0,0.0,0.0,0.0,0.0,0.0,0.0,1.0,1,0.49999999999999994,0.8660254037844387,1.0,0.0
SWK,WV,2024-01-01,2024,1,13,1341.0,1.44,270,4392.0,4.73,350,929,0.2906,0.3767,0,894,1,894.0,0,6,4039.0,3968.0,8007.0,34.0,17.0,17.0,4,24.0,12.0,12.0,1855.0,1853.0,3708.0,1.0,0.25,24.0,0.7213475204444817,0.25,3.4390161880642496,0.09690860252306667,0.0015994623924295108,0.002647849403181544,19.907589498066134,34.85999906575808,3.2671075399254037,3.515341465403977,0.09905914063014651,0.003293010826793409,0.0024731182242913913,20.508164924158844,35.467257142066956,3.218634487427671,1,0.0323,8.0,22.0,0.263,1,0.04951561,0.0,0.0,0.0,0.05,0.0,0.0,0.0,0.95,1,0.49999999999999994,0.8660254037844387,0.0,0.0
DDR,DDZD,2024-01-01,2024,1,1,732.0,0.36,183,7843.0,3.81,243,2060,0.0888,0.118,174,1991,1,1991.0,0,14,2836.0,7185.0,10021.0,35.714285714285715,17.857142857142858,17.857142857142858,4,15.0,7.5,7.5,3984.0,2186.0,6170.0,1.0,0.125,56.0,0.6213349345596119,0.2,3.829271595179033,0.08481182868001602,0.0033870967285286996,0.0005645161164143394,19.167625067054583,34.48499909459904,3.823357568362788,3.8357715327267643,0.08481182868001602,0.0033870967285286996,0.0005645161164143394,19.167625067054583,34.48499909459904,3.8298575708602547,1,0.0323,8.0,22.0,0.263,0,0.010679612,0.0,0.0,0.0,0.011,0.0,0.0,0.0,0.989,1,0.49999999999999994,0.8660254037844387,0.0,1.0
BV,HLO,2024-01-01,2024,1,17,26.0,3.71,5,210.0,30.0,7,7,0.7143,1.0,1,7,6,1.17,0,8,2315.84,2315.84,4631.68,24.25,10.75,13.5,5,15.666666666666666,9.666666666666666,6.0,4742.17,3886.0,8628.17,1.0,0.125,40.0,0.5581106265512472,0.16666666666666666,4.511021501049199,0.09946236614218001,0.0034811828205341933,0.0,23.045490062124628,39.68370856200495,4.168212362720321,4.610155892277998,0.10376344062387943,0.007244623746843108,0.0,24.391501140209936,41.486611809781806,4.167548372164889,1,0.0323,8.0,22.0,0.263,1,1.0,0.0,0.0,0.0,1.0,0.0,0.0,0.0,0.0,1,0.49999999999999994,0.8660254037844387,1.0,1.0
ASDZ,SHL,2024-01-01,2024,1,11,4571.0,1.23,1368,23476.0,6.31,1709,3718,0.3679,0.4597,15,3339,1,3339.0,0,12,10250.0,9102.25,19352.25,26.333333333333332,13.166666666666666,13.166666666666666,16,44.682539682539684,22.11111111111111,22.571428571428573,14532.0,12421.0,26953.0,1.0,0.07142857142857142,192.0,0.45511961331341866,0.1111111111111111,4.012314472407583,0.09099462491169732,0.00611559144391488,0.0,19.258847246527353,35.33419259517424,3.6768306135300106,4.025314567881005,0.09099462491169732,0.00611559144391488,0.0,19.258847246527353,35.33419259517424,3.689830669231953,1,0.0323,8.0,22.0,0.263,1,0.62076384,0.019365251,0.0,0.0,0.621,0.019,0.0,0.0,0.36,1,0.49999999999999994,0.8660254037844387,1.0,1.0
DDR,RTB,2024-01-01,2024,1,19,3454.0,1.54,916,17321.0,7.74,894,2237,0.4095,0.3996,120,1996,1,1996.0,0,14,2836.0,7185.0,10021.0,35.714285714285715,17.857142857142858,17.857142857142858,8,13.5,6.75,6.75,7797.0,6383.0,14180.0,1.0,0.1,112.0,0.45511961331341866,0.1111111111111111,3.829271595179033,0.08481182868001602,0.0033870967285286996,0.0005645161164143394,19.167625067054583,34.48499909459904,3.823357568362788,3.9743817768069687,0.08387096811045883,0.002822580657178356,0.0,18.714111432753583,34.11870878101677,3.870349486869189,1,0.0323,8.0,22.0,0.263,1,1.0,0.0,0.0,0.0,1.0,0.0,0.0,0.0,0.0,1,0.49999999999999994,0.8660254037844387,0.0,1.0
BV,DRH,2024-01-01,2024,1,5,557.0,0.47,200,3176.0,2.66,271,1192,0.1678,0.2273,16,1167,1,1167.0,0,8,2315.84,2315.84,4631.68,24.25,10.75,13.5,4,6.0,3.0,3.0,2314.0,2314.0,4628.0,0.0,0.0,32.0,0.0,0.0,4.511021501049199,0.09946236614218001,0.0034811828205341933,0.0,23.045490062124628,39.68370856200495,4.168212362720321,4.486634390303484,0.09260752761075573,0.007620967644196685,0.0,22.694373001975396,40.57645042352779,4.085021486821314,1,0.0323,8.0,22.0,0.263,0,0.0,0.0,0.0,0.0,0.0,0.0,0.0,0.0,1.0,1,0.49999999999999994,0.8660254037844387,1.0,1.0
DV,OST,2024-01-01,2024,1,10,2215.0,1.83,573,7528.0,6.23,538,1208,0.4743,0.4454,100,1182,1,1182.0,0,13,6366.0,6644.0,13010.0,31.26190476190476,16.428571428571427,14.833333333333334,4,17.0,8.5,8.5,2361.0,2361.0,4722.0,0.0,0.0,52.0,0.0,0.0,3.302338739151075,0.09852150560266548,0.004516129061499591,0.0017876343686454078,18.331987683170585,33.868063609446246,3.3866801085951987,3.2797608573505435,0.09677419386884217,0.004045698891884537,0.001801075228560035,18.175787764851766,33.12483781255702,3.2808361163422948,1,0.0323,8.0,22.0,0.263,1,0.9991722,0.0,0.0,0.00082781457,0.999,0.0,0.0,0.001,0.0,1,0.49999999999999994,0.8660254037844387,0.0,1.0
DDR,ZLW,2024-01-01,2024,1,15,38.0,3.45,6,22.0,2.0,4,11,0.5455,0.3636,0,60,1,60.0,0,14,2836.0,7185.0,10021.0,35.714285714285715,17.857142857142858,17.857142857142858,10,28.0,14.0,14.0,4104.0,4103.0,8207.0,2.0,0.2,140.0,2.0640299754485754,0.7,3.829271595179033,0.08481182868001602,0.0033870967285286996,0.0005645161164143394,19.167625067054583,34.48499909459904,3.823357568362788,3.772502806272999,0.08172043068434602,0.004045698982012528,0.001290322551804204,18.885062604501684,33.66338620262761,3.669075362379312,1,0.0323,8.0,22.0,0.263,1,1.0,0.0,0.0,0.0,1.0,0.0,0.0,0.0,0.0,1,0.49999999999999994,0.8660254037844387,1.0,1.0
AHPR,AHP,2024-02-01,2024,2,2,649.0,0.69,268,1550.0,1.65,285,940,0.2851,0.3032,0,993,1,993.0,0,4,1993.0,1993.0,3986.0,5.0,2.5,2.5,4,3.0,1.5,1.5,1993.0,1962.0,3955.0,0.0,0.0,16.0,0.0,0.0,7.606301529477511,0.19137931162298755,0.0004022988522874898,0.0,17.842594130970966,33.56327501384691,7.287479751240248,7.554301490739587,0.19137931162298755,0.0004022988522874898,0.0,17.842594130970966,33.56327501384691,7.235479709745824,0,0.0,8.0,21.0,0.263,1,0.05531915,0.0,0.0,0.0,0.055,0.0,0.0,0.0,0.945,1,0.8660254037844386,0.5000000000000001,0.0,1.0
WV,HR,2024-02-01,2024,2,11,926.0,1.09,303,2399.0,2.82,336,852,0.3556,0.3944,3,929,1,929.0,0,4,1959.0,1948.0,3907.0,24.0,12.0,12.0,7,34.083333333333336,18.75,15.333333333333334,4179.0,3042.0,7221.0,1.0,0.2,28.0,0.9102392266268373,0.3333333333333333,7.303413757626181,0.17528735681426252,0.004727011396624576,0.00015804597347889138,19.72416812387006,34.586378348284754,6.830137959499469,7.286028693076865,0.1885057475910276,0.0056321837821568565,0.0002011494207913163,20.16087631076232,35.23344726946162,6.908298871640501,0,0.0,8.0,21.0,0.263,1,0.044600938,0.0,0.0,0.0,0.045,0.0,0.0,0.0,0.955,1,0.8660254037844386,0.5000000000000001,0.0,0.0
RS,OW,2024-02-01,2024,2,11,796.0,0.74,180,5777.0,5.35,305,1079,0.1668,0.2827,0,1143,1,1143.0,0,4,2326.0,2326.0,4652.0,17.0,8.5,8.5,4,12.0,6.0,6.0,2326.0,2326.0,4652.0,0.0,0.0,16.0,0.0,0.0,7.899678092843307,0.18419540352348623,0.0,0.0,18.258417524397373,33.99206810641563,7.563614932284958,7.834445449191777,0.18333333454512316,0.0,0.0,18.586057848971464,33.99465421835581,7.479632203948909,0,0.0,8.0,21.0,0.263,1,0.0,0.0,0.0,0.00092678407,0.0,0.0,0.0,0.001,0.999,1,0.8660254037844386,0.5000000000000001,1.0,0.0
MDB,VSS,2024-02-01,2024,2,5,1793.0,1.59,416,7424.0,6.6,555,1125,0.3698,0.4933,1,1152,1,1152.0,0,7,2919.0,2624.0,5543.0,17.833333333333336,8.5,9.333333333333334,3,8.0,3.0,5.0,2324.0,1171.0,3495.0,1.0,0.2,21.0,1.4426950408889634,0.5,8.296298929158299,0.18290229930660162,0.0010057471307187245,0.0,22.884678865301197,42.08844723920713,8.039546028635968,8.283298781377146,0.18290229930660162,0.0010057471307187245,0.0,22.884678865301197,42.08844723920713,8.02654594868079,0,0.0,8.0,21.0,0.263,1,0.6986667,0.0,0.0,0.0017777778,0.699,0.0,0.0,0.002,0.299,1,0.8660254037844386,0.5000000000000001,1.0,0.0
KZ,ZZS,2024-02-01,2024,2,1,2076.0,1.37,774,9270.0,6.11,917,1518,0.5099,0.6041,4,1492,1,1492.0,0,4,2979.0,2979.0,5958.0,3.0,1.5,1.5,4,4.0,2.0,2.0,2979.0,2979.0,5958.0,0.0,0.0,16.0,0.0,0.0,7.745008565461392,0.2034482769989248,0.0015086206853732295,0.0,19.086218018983974,34.110516342623484,7.358514369733032,7.751508626995887,0.2034482769989248,0.0015086206853732295,0.0,19.086218018983974,34.110516342623484,7.365014370659302,0,0.0,8.0,21.0,0.263,1,0.0131752305,0.0,0.0,0.0,0.013,0.0,0.0,0.0,0.987,1,0.8660254037844386,0.5000000000000001,1.0,0.0
WT,RM,2024-02-01,2024,2,24,2865.0,1.73,612,10606.0,6.41,807,1655,0.3698,0.4876,9,2224,1,2224.0,0,5,4461.0,4959.0,9420.0,45.66666666666667,26.0,19.666666666666668,4,49.0,24.5,24.5,4454.0,4454.0,8908.0,0.0,0.0,20.0,0.0,0.0,7.816715416766104,0.15862069064858317,0.0002011494261437449,0.0,16.875221364457033,32.553102527541675,7.404790191814818,7.922410638895871,0.15330459867957338,0.0,0.0,16.944235039767864,32.03999922878441,7.507827384033423,0,0.0,8.0,21.0,0.263,1,0.9993958,0.0,0.0,0.00060422963,0.999,0.0,0.0,0.001,0.0,1,0.8660254037844386,0.5000000000000001,0.0,0.0
DR,BMN,2024-02-01,2024,2,6,268.0,0.28,104,1236.0,1.31,133,945,0.1101,0.1407,1,1000,1,1000.0,0,8,4323.0,4292.0,8615.0,20.5,10.25,10.25,4,13.0,6.5,6.5,1993.0,1020.0,3013.0,1.0,0.2,32.0,0.9102392266268373,0.3333333333333333,7.546654978287995,0.1775862075945084,0.00010057471307187245,0.0,18.05234090589929,32.44344738434101,7.222588888187518,7.585655276759945,0.1775862075945084,0.00010057471307187245,0.0,18.05234090589929,32.44344738434101,7.261589137644603,0,0.0,8.0,21.0,0.263,0,0.06031746,0.0,0.0,0.0,0.06,0.0,0.0,0.0,0.94,1,0.8660254037844386,0.5000000000000001,0.0,1.0
HLMS,HLM,2024-01-01,2024,1,1,3045.0,1.38,1246,7268.0,3.29,1355,2212,0.5633,0.6126,0,2203,1,2203.0,0,4,4532.0,4461.0,8993.0,8.0,4.0,4.0,19,29.42222222222222,13.222222222222221,16.2,7977.34,9322.34,17299.68,1.0,0.07692307692307693,76.0,0.9102392266268373,0.3333333333333333,4.5191343622883,0.09260752761075573,0.007620967644196685,0.0,22.694373001975396,40.57645042352779,4.117521434536664,4.467134521548106,0.09260752761075573,0.007620967644196685,0.0,22.694373001975396,40.57645042352779,4.065521599739911,1,0.0323,8.0,22.0,0.263,1,0.0,0.0,0.0,0.0,0.0,0.0,0.0,0.0,1.0,1,0.49999999999999994,0.8660254037844387,1.0,0.0
MAS,UTZL,2024-01-01,2024,1,5,802.0,0.55,232,4449.0,3.07,325,1451,0.1599,0.224,9,1456,1,1456.0,0,4,2922.0,1798.0,4720.0,10.0,5.0,5.0,4,7.0,3.5,3.5,2910.0,2662.0,5572.0,0.0,0.0,16.0,0.0,0.0,3.644881826717787,0.08561828016473721,0.008844086059158849,0.001706989209157645,19.205412822705444,33.31064427283503,2.9954194523223867,3.546314403855352,0.08508064558789614,0.00818548389580301,0.0017338709289868993,18.402671900327487,34.064515234962585,3.060561738057082,1,0.0323,8.0,22.0,0.263,0,0.00068917987,0.0,0.0,0.0013783597,0.001,0.0,0.0,0.001,0.998,1,0.49999999999999994,0.8660254037844387,1.0,0.0
EML,PT,2024-01-01,2024,1,5,1129.0,1.01,311,2551.0,2.27,343,1122,0.2772,0.3057,1,1113,1,1113.0,0,4,2206.0,2206.0,4412.0,9.0,4.5,4.5,4,12.0,6.0,6.0,2206.0,2209.0,4415.0,0.0,0.0,16.0,0.0,0.0,3.35328496157402,0.09744623677945265,0.0043279570076734785,0.0017473117889015264,18.72515906097107,34.78983771608722,3.309400557685563,3.411784945576582,0.09744623677945265,0.0043279570076734785,0.0017473117889015264,18.72515906097107,34.78983771608722,3.3679005156211073,1,0.0323,8.0,22.0,0.263,1,0.0,0.0,0.0,0.0,0.0,0.0,0.0,0.0,1.0,1,0.49999999999999994,0.8660254037844387,1.0,0.0
VST,DVNK,2024-01-01,2024,1,2,970.0,0.57,482,4985.0,2.95,578,1688,0.2855,0.3424,30,1721,1,1721.0,0,4,3501.0,3501.0,7002.0,8.0,4.0,4.0,4,5.0,2.5,2.5,3501.0,3499.0,7000.0,0.0,0.0,16.0,0.0,0.0,4.17476890564105,0.08938172069047728,0.004516129111570697,0.0,19.837839674885554,35.115966882756965,3.9935860649572423,4.17476890564105,0.08938172069047728,0.004516129111570697,0.0,19.837839674885554,35.115966882756965,3.9935860649572423,1,0.0323,8.0,22.0,0.263,1,0.0,0.0,0.0,0.0,0.0,0.0,0.0,0.0,1.0,1,0.49999999999999994,0.8660254037844387,1.0,0.0
DMN,WP,2024-01-01,2024,1,7,1514.0,0.98,535,4767.0,3.09,620,1543,0.3467,0.4018,0,1699,1,1699.0,0,4,3441.0,3433.0,6874.0,9.0,4.5,4.5,13,26.69047619047619,13.833333333333334,12.857142857142858,6848.4400000000005,6993.44,13841.880000000001,0.0,0.0,52.0,0.0,0.0,3.7949301867936085,0.09247311911675879,0.004139784993904252,0.00017473117889015266,19.63019658833422,34.01661194011729,2.9556828290724786,3.788430226070466,0.09247311911675879,0.004139784993904252,0.00017473117889015266,19.63019658833422,34.01661194011729,2.94918289181516,1,0.0323,8.0,22.0,0.263,1,0.0,0.0,0.0,0.0,0.0,0.0,0.0,0.0,1.0,1,0.49999999999999994,0.8660254037844387,0.0,0.0
HLMS,HWZB,2024-01-01,2024,1,7,1594.0,0.69,705,6200.0,2.68,817,2315,0.3045,0.3529,1,2258,1,2258.0,0,4,4532.0,4461.0,8993.0,8.0,4.0,4.0,5,14.333333333333332,7.333333333333333,7.0,4569.0,4568.0,9137.0,1.0,0.25,20.0,0.40242960438184466,0.08333333333333333,4.5191343622883,0.09260752761075573,0.007620967644196685,0.0,22.694373001975396,40.57645042352779,4.117521434536664,4.5191343622883,0.09260752761075573,0.007620967644196685,0.0,22.694373001975396,40.57645042352779,4.117521434536664,1,0.0323,8.0,22.0,0.263,1,0.0,0.0,0.0,0.0,0.0,0.0,0.0,0.0,1.0,1,0.49999999999999994,0.8660254037844387,0.0,0.0
RTB,RTZ,2024-01-01,2024,1,3,1542.0,0.8,453,4126.0,2.15,508,1919,0.2361,0.2647,22,1779,1,1779.0,0,8,7797.0,6383.0,14180.0,13.5,6.75,6.75,6,4.666666666666667,2.3333333333333335,2.3333333333333335,3526.0,3526.0,7052.0,1.0,0.16666666666666666,48.0,0.9102392266268373,0.3333333333333333,3.9743817768069687,0.08387096811045883,0.002822580657178356,0.0,18.714111432753583,34.11870878101677,3.870349486869189,3.980881718958738,0.08387096811045883,0.002822580657178356,0.0,18.714111432753583,34.11870878101677,3.8768494947342784,1,0.0323,8.0,22.0,0.263,1,0.0,0.0,0.0,0.0,0.0,0.0,0.0,0.0,1.0,1,0.49999999999999994,0.8660254037844387,1.0,1.0
HFD,SHL,2024-01-01,2024,1,5,2972.0,0.99,1090,9074.0,3.02,531,3000,0.3633,0.177,78,3363,1,3363.0,0,5,2946.0,4847.0,7793.0,16.333333333333336,5.0,11.333333333333334,16,44.682539682539684,22.11111111111111,22.571428571428573,14532.0,12421.0,26953.0,1.0,0.09090909090909091,80.0,0.40242960438184466,0.08333333333333333,4.294018816122765,0.09395161305143628,0.005739247346276878,0.0,19.86048964106588,35.91628940259257,4.086155917230112,4.025314567881005,0.09099462491169732,0.00611559144391488,0.0,19.258847246527353,35.33419259517424,3.689830669231953,1,0.0323,8.0,22.0,0.263,0,0.00033333333,0.0,0.0,0.0,0.0,0.0,0.0,0.0,1.0,1,0.49999999999999994,0.8660254037844387,0.0,0.0
LW,GW,2024-01-01,2024,1,13,734.0,0.74,163,3390.0,3.4,106,996,0.1637,0.1064,24,983,1,983.0,0,2,0.0,2028.0,2028.0,21.0,0.0,21.0,3,14.0,9.0,5.0,1902.0,982.0,2884.0,0.0,0.0,6.0,0.0,0.0,3.7769382875537882,0.09879032263071627,0.006868279649205105,0.0009005376142800175,20.399667015880027,36.35806345651227,3.161481284791784,3.7083413823788125,0.10712365671912188,0.0037634408962662503,0.0019489246876209334,20.73118885149879,35.855805506308876,3.072387080299117,1,0.0323,8.0,22.0,0.263,0,0.07329317,0.0,0.0,0.0,0.073,0.0,0.0,0.0,0.927,1,0.49999999999999994,0.8660254037844387,0.0,1.0
PMO,HN,2024-01-01,2024,1,18,375.0,0.57,121,1275.0,1.94,145,657,0.1842,0.2207,5,611,1,611.0,0,4,1859.0,1544.0,3403.0,19.0,9.5,9.5,11,42.16666666666667,22.0,20.166666666666668,3687.0,4096.0,7783.0,1.0,0.14285714285714285,44.0,0.7213475204444817,0.25,4.035838760400531,0.08669354837708255,0.0021639785038367393,0.0,22.07626597927783,37.07564414893427,3.0537151129595856,4.209887073004759,0.09771505422810073,0.003951612920049698,0.0,20.548092046091632,35.79919250037081,3.85518278273183,1,0.0323,8.0,22.0,0.263,0,0.039573822,0.0,0.0,0.0,0.04,0.0,0.0,0.0,0.96,1,0.49999999999999994,0.8660254037844387,1.0,1.0
DT,SDM,2024-02-01,2024,2,10,3585.0,1.37,1245,17924.0,6.83,1587,2625,0.4743,0.6046,7,2760,1,2760.0,0,10,10003.0,9862.0,19865.0,15.2,7.6,7.6,6,15.333333333333334,7.666666666666667,7.666666666666667,8894.0,8636.0,17530.0,2.0,0.3333333333333333,60.0,1.876989522792215,0.6,8.002192473488636,0.18074712726747852,0.0026149424649346835,0.0,19.357214413840197,35.20396464309473,7.656718372270979,7.983741279563,0.1737068971704649,0.0024137930280860812,0.0,19.48743032107408,35.72896461925287,7.653281549612681,0,0.0,8.0,21.0,0.263,1,1.0,0.0,0.0,0.0,1.0,0.0,0.0,0.0,0.0,1,0.8660254037844386,0.5000000000000001,1.0,0.0
HGV,BL,2024-02-01,2024,2,14,1117.0,1.05,334,2750.0,2.59,375,1060,0.3151,0.3538,4,1140,1,1140.0,0,6,2281.0,2278.0,4559.0,48.666666666666664,27.333333333333332,21.333333333333332,4,30.0,15.0,15.0,2281.0,2281.0,4562.0,1.0,0.2,24.0,0.5581106265512472,0.16666666666666666,7.279203990450258,0.17600574920317907,0.004123563214537056,4.3103447312424924e-05,18.250699320058715,33.13086114464135,6.803916673036827,7.177301929257382,0.16250000111544613,0.005531609069084984,0.0002011494207913163,19.03433694159505,34.176205994754,6.772129477526264,0,0.0,8.0,21.0,0.263,1,0.08301887,0.0,0.0,0.0,0.083,0.0,0.0,0.0,0.917,1,0.8660254037844386,0.5000000000000001,0.0,1.0
VP,RH,2024-02-01,2024,2,4,243.0,0.26,90,1207.0,1.28,115,945,0.0952,0.1217,0,1000,1,1000.0,0,4,1993.0,1993.0,3986.0,7.0,3.5,3.5,4,10.0,5.0,5.0,1993.0,1993.0,3986.0,0.0,0.0,16.0,0.0,0.0,7.586801570866942,0.19137931162298755,0.0004022988522874898,0.0,17.842594130970966,33.56327501384691,7.267979727394279,7.5557559750032155,0.18649425359721156,0.00030172413921561735,0.0,17.784117736693087,33.42206806972109,7.2222789070386995,0,0.0,8.0,21.0,0.263,0,0.06031746,0.0,0.0,0.0,0.06,0.0,0.0,0.0,0.94,1,0.8660254037844386,0.5000000000000001,0.0,1.0
HAD,HLM,2024-02-01,2024,2,4,1738.0,0.85,412,11169.0,5.45,648,2050,0.201,0.3161,0,2056,1,2056.0,0,6,6386.0,5078.0,11464.0,24.0,12.0,12.0,13,19.142857142857142,8.0,11.142857142857142,8655.83,9962.88,18618.71,0.0,0.0,78.0,0.0,0.0,7.819255991292925,0.18505747194519673,0.000905172417646852,0.0,20.817422294753722,37.41620586041746,7.515807701595898,7.716640995365792,0.18936781722238694,0.0009051724283517092,0.0,21.793527588205432,39.285516127772716,7.490491575550759,0,0.0,8.0,21.0,0.263,1,0.9995122,0.0,0.0,0.00048780488,1.0,0.0,0.0,0.0,0.0,1,0.8660254037844386,0.5000000000000001,1.0,0.0
RB,BGN,2024-02-01,2024,2,16,1640.0,1.43,618,8081.0,7.05,769,1147,0.5388,0.6704,3,1172,1,1172.0,0,4,2324.0,2324.0,4648.0,19.0,9.5,9.5,7,45.0,23.0,22.0,2920.88,2645.0,5565.88,0.0,0.0,28.0,0.0,0.0,8.15272989175443,0.20100574685667438,0.0005028735653593622,0.0,18.635787611035095,35.427412744226125,7.836566092296579,8.032933720497244,0.20344827726654624,0.0011063218652003113,0.0,18.31537908521192,34.31482670841546,7.647660713771294,0,0.0,8.0,21.0,0.263,1,0.72362685,0.0,0.0,0.0008718396,0.724,0.0,0.0,0.001,0.275,1,0.8660254037844386,0.5000000000000001,1.0,0.0
DRON,KPNZ,2024-02-01,2024,2,17,508.0,0.51,168,1888.0,1.91,203,988,0.17,0.2055,0,1042,1,1042.0,0,4,2097.0,1050.0,3147.0,42.0,21.0,21.0,5,40.66666666666667,16.0,24.666666666666668,2097.0,1901.0,3998.0,1.0,0.25,20.0,0.5581106265512472,0.16666666666666666,7.55471256547661,0.17528735708188395,0.0012068965782721837,0.00011494252616646646,18.958784430362712,35.0425853253096,7.162112047960019,7.520086131005109,0.1745689658597968,0.0025143678482065254,0.00011494252616646646,18.95531497947101,33.52344736902193,7.105502872974023,0,0.0,8.0,21.0,0.263,0,0.021255061,0.0,0.0,0.0,0.021,0.0,0.0,0.0,0.979,1,0.8660254037844386,0.5000000000000001,0.0,1.0
NS,AMF,2024-02-01,2024,2,39,0.0,0.0,0,0.0,0.0,0,4,0.0,0.0,0,68,10,6.8,0,5,2218.0,2223.8,4441.8,30.5,10.5,20.0,16,48.0,25.75,22.25,11060.8,10727.0,21787.8,0.0,0.0,80.0,0.0,0.0,7.587221193330726,0.18879310390644374,0.004224137970428357,0.00015804597347889138,18.981467214466512,34.956206016841975,7.203384954353859,7.71931898788731,0.18132184042284885,0.004827586088286734,0.0,18.541795207508677,34.77206808020328,7.339074735840161,0,0.0,8.0,21.0,0.263,0,1.0,0.0,0.0,0.0,1.0,0.0,0.0,0.0,0.0,1,0.8660254037844386,0.5000000000000001,0.0,1.0
HGV,ASN,2024-02-01,2024,2,30,4.0,1.0,2,122.0,30.5,4,4,0.5,1.0,1,6,2,3.0,0,6,2281.0,2278.0,4559.0,48.666666666666664,27.333333333333332,21.333333333333332,9,76.0,37.333333333333336,38.666666666666664,4536.0,3583.0,8119.0,3.0,0.42857142857142855,54.0,2.598337043236697,0.85,7.279203990450258,0.17600574920317907,0.004123563214537056,4.3103447312424924e-05,18.250699320058715,33.13086114464135,6.803916673036827,7.115804608996915,0.18060344839789744,0.005129310377370352,0.0002155172365621246,18.61681886137217,34.15448182273185,6.63548850910417,0,0.0,8.0,21.0,0.263,1,1.0,0.0,0.0,0.0,1.0,0.0,0.0,0.0,0.0,1,0.8660254037844386,0.5000000000000001,0.0,1.0
ZL,HGV,2024-02-01,2024,2,48,0.0,0.0,0,122.0,30.5,4,4,0.0,1.0,1,6,2,3.0,0,16,6412.71,10156.14,16568.85,96.0,52.0,44.0,6,48.666666666666664,27.333333333333332,21.333333333333332,2281.0,2278.0,4559.0,2.0,0.16666666666666666,96.0,1.279458146995729,0.41666666666666663,7.550574714917389,0.17499999947118006,0.0035201148183523923,0.00011494252616646646,19.255094976860217,34.37534390167258,7.149066085788025,7.279203990450258,0.17600574920317907,0.004123563214537056,4.3103447312424924e-05,18.250699320058715,33.13086114464135,6.803916673036827,0,0.0,8.0,21.0,0.263,1,1.0,0.0,0.0,0.0,1.0,0.0,0.0,0.0,0.0,1,0.8660254037844386,0.5000000000000001,0.0,1.0
HAD,HIL,2024-02-01,2024,2,7,767.0,0.75,344,1312.0,1.28,357,1026,0.3353,0.348,0,1110,1,1110.0,0,6,6386.0,5078.0,11464.0,24.0,12.0,12.0,4,17.0,8.5,8.5,2265.0,2265.0,4530.0,0.0,0.0,24.0,0.0,0.0,7.819255991292925,0.18505747194519673,0.000905172417646852,0.0,20.817422294753722,37.41620586041746,7.515807701595898,7.6542730214952055,0.1955459776238121,0.0021120690494433217,0.0,26.074302640111966,34.696550733741674,6.663252609899675,0,0.0,8.0,21.0,0.263,1,0.0,0.0,0.0,0.0,0.0,0.0,0.0,0.0,1.0,1,0.8660254037844386,0.5000000000000001,1.0,0.0
DRON,LLS,2024-02-01,2024,2,25,21.0,2.63,3,21.0,2.63,3,8,0.375,0.375,0,8,1,8.0,0,4,2097.0,1050.0,3147.0,42.0,21.0,21.0,9,65.0,37.0,28.0,2361.0,4751.0,7112.0,1.0,0.14285714285714285,36.0,0.9102392266268373,0.3333333333333333,7.55471256547661,0.17528735708188395,0.0012068965782721837,0.00011494252616646646,18.958784430362712,35.0425853253096,7.162112047960019,7.538770004122079,0.16839080534061823,0.0016091953770353876,8.620689462484985e-05,19.946568917782827,34.791206025186625,7.1243304163217545,0,0.0,8.0,21.0,0.263,1,1.0,0.0,0.0,0.0,1.0,0.0,0.0,0.0,0.0,1,0.8660254037844386,0.5000000000000001,0.0,1.0
HFD,NVP,2024-01-01,2024,1,5,2977.0,2.09,926,7216.0,5.07,1029,1423,0.6507,0.7231,33,1480,1,1480.0,0,5,2946.0,4847.0,7793.0,16.333333333333336,5.0,11.333333333333334,4,16.0,8.0,8.0,2942.0,2942.0,5884.0,0.0,0.0,20.0,0.0,0.0,4.294018816122765,0.09395161305143628,0.005739247346276878,0.0,19.86048964106588,35.91628940259257,4.086155917230112,4.300518774690347,0.09395161305143628,0.005739247346276878,0.0,19.86048964106588,35.91628940259257,4.092655849635541,1,0.0323,8.0,22.0,0.263,1,0.0007027407,0.0,0.0,0.0007027407,0.001,0.0,0.0,0.001,0.998,1,0.49999999999999994,0.8660254037844387,0.0,0.0
RTB,RTST,2024-01-01,2024,1,4,48.0,8.0,6,64.0,10.67,6,6,1.0,1.0,0,21,1,21.0,0,8,7797.0,6383.0,14180.0,13.5,6.75,6.75,6,4.666666666666667,2.3333333333333335,2.3333333333333335,71.0,85.0,156.0,1.0,0.16666666666666666,48.0,0.9102392266268373,0.3333333333333333,3.9743817768069687,0.08387096811045883,0.002822580657178356,0.0,18.714111432753583,34.11870878101677,3.870349486869189,4.0198818472018765,0.08387096811045883,0.002822580657178356,0.0,18.714111432753583,34.11870878101677,3.9158495713941632,1,0.0323,8.0,22.0,0.263,1,1.0,0.0,0.0,0.0,1.0,0.0,0.0,0.0,0.0,1,0.49999999999999994,0.8660254037844387,1.0,1.0
LLS,ZL,2024-01-01,2024,1,57,2573.0,2.27,515,8064.0,7.12,527,1132,0.4549,0.4655,44,1076,1,1076.0,0,8,2536.0,4682.0,7218.0,63.333333333333336,35.333333333333336,28.0,14,85.42857142857143,47.285714285714285,38.142857142857146,5773.5,9869.0,15642.5,0.0,0.0,112.0,0.0,0.0,3.67308602578217,0.10456989291975255,0.0015994623824152896,0.0016532257694991366,20.39001553369466,35.24032165542726,3.453865636781018,3.425806447963721,0.10080645219372805,0.005174731224855428,0.0017204300690722722,19.757889633697847,34.96499910918615,3.4853494669541076,1,0.0323,8.0,22.0,0.263,1,1.0,0.0,0.0,0.0,1.0,0.0,0.0,0.0,0.0,1,0.49999999999999994,0.8660254037844387,0.0,0.0
UT,UTZL,2024-01-01,2024,1,2,705.0,0.48,217,3964.0,2.72,289,1457,0.1489,0.1984,19,1454,1,1454.0,0,32,20729.67,30427.440000000002,51157.11,49.96031746031746,26.071428571428573,23.88888888888889,4,7.0,3.5,3.5,2910.0,2662.0,5572.0,0.0,0.0,128.0,0.0,0.0,3.541932883702459,0.08750000020228726,0.007338709728692168,0.0017338709289868993,18.468390858301554,33.6870959292176,3.593411382152549,3.546314403855352,0.08508064558789614,0.00818548389580301,0.0017338709289868993,18.402671900327487,34.064515234962585,3.060561738057082,1,0.0323,8.0,22.0,0.263,0,0.0,0.0,0.0,0.0,0.0,0.0,0.0,0.0,1.0,1,0.49999999999999994,0.8660254037844387,0.0,1.0
UT,ASB,2024-01-01,2024,1,29,1755.0,0.75,373,18956.0,8.1,922,2341,0.1593,0.3938,108,2210,1,2210.0,0,32,20729.67,30427.440000000002,51157.11,49.96031746031746,26.071428571428573,23.88888888888889,16,27.5,14.375,13.125,7750.59,7360.0,15110.59,4.0,0.16666666666666666,512.0,1.9060517639243677,0.49206349206349204,3.541932883702459,0.08750000020228726,0.007338709728692168,0.0017338709289868993,18.468390858301554,33.6870959292176,3.593411382152549,3.7169301406610558,0.09247311911675879,0.004139784993904252,0.0,19.63019658833422,34.01661194011729,2.877682793670164,1,0.0323,8.0,22.0,0.263,1,1.0,0.0,0.0,0.0,1.0,0.0,0.0,0.0,0.0,1,0.49999999999999994,0.8660254037844387,0.0,1.0
NS,HDE,2024-02-01,2024,2,9,752.0,0.81,238,1117.0,1.2,248,927,0.2567,0.2675,0,1104,1,1104.0,0,5,2218.0,2223.8,4441.8,30.5,10.5,20.0,4,18.0,9.0,9.0,2217.0,2218.0,4435.0,0.0,0.0,20.0,0.0,0.0,7.587221193330726,0.18879310390644374,0.004224137970428357,0.00015804597347889138,18.981467214466512,34.956206016841975,7.203384954353859,7.5471207110703675,0.1758620697769454,0.003318965488552362,0.00015804597347889138,18.96977649851777,33.67344746199147,7.078370718606587,0,0.0,8.0,21.0,0.263,1,0.0,0.0,0.0,0.0,0.0,0.0,0.0,0.0,1.0,1,0.8660254037844386,0.5000000000000001,0.0,1.0
AMPO,ALM,2024-02-01,2024,2,3,117.0,1.63,43,176.0,2.44,44,72,0.5972,0.6111,0,4,1,4.0,0,8,5385.67,5383.0,10768.67,20.0,10.0,10.0,18,43.075,21.7,21.375,5726.139999999999,6613.38,12339.52,2.0,0.16666666666666666,144.0,2.0008056674402104,0.6666666666666666,7.763068985557933,0.19123563265706273,0.0020114942507325918,0.0,19.824412606399633,35.79310250008243,7.385770133857069,7.79256603087502,0.1833333340098803,0.002614942614802684,1.4367815770808308e-05,20.71273012921728,36.31137834677751,7.492781589771139,0,0.0,8.0,21.0,0.263,1,0.9583333,0.0,0.0,0.0,0.958,0.0,0.0,0.0,0.042,1,0.8660254037844386,0.5000000000000001,0.0,1.0
DT,RTD,2024-02-01,2024,2,14,235.0,0.47,88,7063.0,14.18,297,498,0.1767,0.5964,0,416,1,416.0,0,10,10003.0,9862.0,19865.0,15.2,7.6,7.6,15,54.7,27.2,27.5,11829.0,16484.0,28313.0,2.0,0.15384615384615385,150.0,1.424137568996588,0.47619047619047616,8.002192473488636,0.18074712726747852,0.0026149424649346835,0.0,19.357214413840197,35.20396464309473,7.656718372270979,8.009741300353031,0.1737068971704649,0.0024137930280860812,0.0,19.48743032107408,35.72896461925287,7.679281567019978,0,0.0,8.0,21.0,0.263,1,0.9578313,0.042168673,0.0,0.0,0.958,0.042,0.0,0.0,0.0,1,0.8660254037844386,0.5000000000000001,1.0,0.0
ZL,MP,2024-02-01,2024,2,28,2747.0,0.96,777,9617.0,3.36,734,2861,0.2716,0.2566,84,3223,1,3223.0,0,16,6412.71,10156.14,16568.85,96.0,52.0,44.0,7,48.66666666666667,20.666666666666668,28.0,6465.0,5350.0,11815.0,2.0,0.16666666666666666,112.0,1.279458146995729,0.41666666666666663,7.550574714917389,0.17499999947118006,0.0035201148183523923,0.00011494252616646646,19.255094976860217,34.37534390167258,7.149066085788025,7.407471268394984,0.19841954163436232,0.006336206891413392,0.0,18.81899313748568,34.64172324915042,7.058764358875395,0,0.0,8.0,21.0,0.263,0,0.39321914,0.0,0.0,0.0,0.393,0.0,0.0,0.0,0.607,1,0.8660254037844386,0.5000000000000001,0.0,1.0
AH,ED,2024-02-01,2024,2,17,935.0,0.5,366,6887.0,3.71,579,1858,0.197,0.3116,125,2183,1,2183.0,0,14,7830.0,8120.0,15950.0,21.714285714285715,10.857142857142858,10.857142857142858,10,41.2,20.6,20.6,4492.6,4893.0,9385.6,0.0,0.0,140.0,0.0,0.0,7.476301933702981,0.19137931162298755,0.0004022988522874898,0.0,17.842594130970966,33.56327501384691,7.157480054888232,7.579999914050274,0.1820402305423357,0.0014080459937110715,0.0,17.743596754368696,33.28655083768669,7.163908029767288,0,0.0,8.0,21.0,0.263,1,1.0,0.0,0.0,0.0,1.0,0.0,0.0,0.0,0.0,1,0.8660254037844386,0.5000000000000001,1.0,1.0
AH,DR,2024-02-01,2024,2,16,538.0,0.51,149,4604.0,4.37,319,1054,0.1414,0.3027,27,1148,1,1148.0,0,14,7830.0,8120.0,15950.0,21.714285714285715,10.857142857142858,10.857142857142858,8,20.5,10.25,10.25,4323.0,4292.0,8615.0,0.0,0.0,112.0,0.0,0.0,7.476301933702981,0.19137931162298755,0.0004022988522874898,0.0,17.842594130970966,33.56327501384691,7.157480054888232,7.546654978287995,0.1775862075945084,0.00010057471307187245,0.0,18.05234090589929,32.44344738434101,7.222588888187518,0,0.0,8.0,21.0,0.263,1,1.0,0.0,0.0,0.0,1.0,0.0,0.0,0.0,0.0,1,0.8660254037844386,0.5000000000000001,1.0,1.0
NMD,WC,2024-01-01,2024,1,4,1366.0,1.19,656,7258.0,6.31,758,1151,0.5699,0.6586,0,1097,1,1097.0,0,4,3395.0,2788.0,6183.0,6.0,3.0,3.0,4,11.0,5.5,5.5,2181.0,2787.0,4968.0,0.0,0.0,16.0,0.0,0.0,3.3120000608495728,0.08467742033623239,0.006774193396972072,0.0029166666014740863,18.204988177585346,33.62999914602567,3.5789355302219508,3.3185000262969244,0.08467742033623239,0.006774193396972072,0.0024059139247182555,18.204988177585346,33.62999914602567,3.585435544393496,1,0.0323,8.0,22.0,0.263,1,0.0,0.0,0.0,0.0,0.0,0.0,0.0,0.0,1.0,1,0.49999999999999994,0.8660254037844387,1.0,0.0
HTN,HTNC,2024-01-01,2024,1,1,3106.0,0.69,1175,11941.0,2.64,1633,4515,0.2602,0.3617,14,4116,1,4116.0,0,4,6359.0,6359.0,12718.0,5.0,2.5,2.5,4,10.0,5.0,5.0,6359.0,6359.0,12718.0,0.0,0.0,16.0,0.0,0.0,3.5744328641492915,0.08750000020228726,0.007338709728692168,0.0017607526488161536,18.468390858301554,33.6870959292176,3.62591133487501,3.559973140187081,0.08736559171830455,0.005080645232992146,0.0017607526488161536,18.225825416785415,32.683547576268516,3.608360258406729,1,0.0323,8.0,22.0,0.263,1,0.0,0.0,0.0,0.0,0.0,0.0,0.0,0.0,1.0,1,0.49999999999999994,0.8660254037844387,0.0,1.0
HTNC,HTN,2024-01-01,2024,1,1,2718.0,1.2,722,7516.0,3.31,888,2272,0.3178,0.3908,0,2243,1,2243.0,0,4,6359.0,6359.0,12718.0,10.0,5.0,5.0,4,5.0,2.5,2.5,6359.0,6359.0,12718.0,0.0,0.0,16.0,0.0,0.0,3.559973140187081,0.08736559171830455,0.005080645232992146,0.0017607526488161536,18.225825416785415,32.683547576268516,3.608360258406729,3.5744328641492915,0.08750000020228726,0.007338709728692168,0.0017607526488161536,18.468390858301554,33.6870959292176,3.62591133487501,1,0.0323,8.0,22.0,0.263,1,0.0,0.0,0.0,0.0,0.0,0.0,0.0,0.0,1.0,1,0.49999999999999994,0.8660254037844387,1.0,1.0
VTN,UTT,2024-01-01,2024,1,2,683.0,0.5,145,4077.0,2.96,232,1376,0.1054,0.1686,6,1410,1,1410.0,0,4,3623.0,3538.0,7161.0,11.0,5.5,5.5,4,4.0,2.0,2.0,3623.0,3623.0,7246.0,0.0,0.0,16.0,0.0,0.0,3.618881808403599,0.08561828016473721,0.008844086059158849,0.001706989209157645,19.205412822705444,33.31064427283503,2.969419439944128,3.6383816975479326,0.08561828016473721,0.008844086059158849,0.001706989209157645,19.205412822705444,33.31064427283503,2.988919338521858,1,0.0323,8.0,22.0,0.263,0,0.0,0.0,0.0,0.0,0.0,0.0,0.0,0.0,1.0,1,0.49999999999999994,0.8660254037844387,0.0,1.0
ALMP,ALMB,2024-01-01,2024,1,4,1419.0,0.92,434,4528.0,2.94,511,1538,0.2822,0.3322,5,1729,1,1729.0,0,4,3448.0,3447.0,6895.0,6.0,3.0,3.0,7,11.5,7.5,4.0,3755.0,3009.0,6764.0,1.0,0.2,28.0,0.43429448190325176,0.1,3.9088709646315185,0.09959677472630496,0.0022580645057142423,0.0008333333147068819,21.510415494361872,38.545160226924445,3.690322581373195,3.8893710799885772,0.09959677472630496,0.0022580645057142423,0.0008333333147068819,21.510415494361872,38.545160226924445,3.670822680166732,1,0.0323,8.0,22.0,0.263,1,0.0,0.0,0.0,0.0,0.0,0.0,0.0,0.0,1.0,1,0.49999999999999994,0.8660254037844387,0.0,0.0
ALM,ZL,2024-02-01,2024,2,81,90.0,1.38,33,128.0,1.97,24,65,0.5077,0.3692,0,244,28,8.71,0,18,5726.139999999999,6613.38,12339.52,43.075,21.7,21.375,16,96.0,52.0,44.0,6412.71,10156.14,16568.85,1.0,0.05263157894736842,288.0,0.5581106265512472,0.16666666666666666,7.79256603087502,0.1833333340098803,0.002614942614802684,1.4367815770808308e-05,20.71273012921728,36.31137834677751,7.492781589771139,7.550574714917389,0.17499999947118006,0.0035201148183523923,0.00011494252616646646,19.255094976860217,34.37534390167258,7.149066085788025,0,0.0,8.0,21.0,0.263,1,1.0,0.0,0.0,0.0,1.0,0.0,0.0,0.0,0.0,1,0.8660254037844386,0.5000000000000001,1.0,1.0
DVC,HON,2024-02-01,2024,2,15,1053.0,1.13,390,1802.0,1.94,410,929,0.4198,0.4413,1,972,1,972.0,0,4,1956.0,1855.0,3811.0,19.0,9.5,9.5,4,22.0,11.0,11.0,1957.0,1956.0,3913.0,0.0,0.0,16.0,0.0,0.0,7.537911052285725,0.16982758706756707,0.0009051724069419948,0.0,17.909002355246365,33.56586113280949,7.166862239097727,7.399362282763267,0.16005747285725055,0.001005747162833296,2.8735631541616615e-05,17.501474485400763,33.158792226307696,6.989448429695491,0,0.0,8.0,21.0,0.263,1,0.07534984,0.0,0.0,0.0,0.075,0.0,0.0,0.0,0.925,1,0.8660254037844386,0.5000000000000001,0.0,1.0
KBD,KRG,2024-02-01,2024,2,7,1469.0,1.31,368,7139.0,6.35,508,1124,0.3274,0.452,0,1150,1,1150.0,0,4,2324.0,2322.0,4646.0,10.0,5.0,5.0,6,21.0,8.0,13.0,2322.33,2323.88,4646.21,0.0,0.0,24.0,0.0,0.0,8.179529012619764,0.18548850641296855,0.001609195398445102,0.0,19.90323837803698,34.2393094630077,7.7403766632765185,8.227120626931903,0.1714080465614967,0.0002011494261437449,0.0,22.437986214955647,39.28861959912311,7.931430994436659,0,0.0,8.0,21.0,0.263,1,0.69928825,0.0,0.0,0.0008896797,0.699,0.0,0.0,0.001,0.3,1,0.8660254037844386,0.5000000000000001,1.0,1.0
HTO,RS,2024-02-01,2024,2,6,864.0,0.8,192,5829.0,5.4,315,1079,0.1779,0.2919,0,1143,1,1143.0,0,4,2326.0,2251.0,4577.0,7.0,3.5,3.5,4,17.0,8.5,8.5,2326.0,2326.0,4652.0,0.0,0.0,16.0,0.0,0.0,7.9192585996726805,0.18275862130411397,0.0002011494261437449,0.0,18.33120644914693,33.59586120953505,7.556614919297997,7.899678092843307,0.18419540352348623,0.0,0.0,18.258417524397373,33.99206810641563,7.563614932284958,0,0.0,8.0,21.0,0.263,1,0.0,0.0,0.0,0.00092678407,0.0,0.0,0.0,0.001,0.999,1,0.8660254037844386,0.5000000000000001,1.0,1.0
MRN,VNDW,2024-02-01,2024,2,14,1812.0,1.65,1056,3089.0,2.81,1072,1100,0.96,0.9745,0,1136,1,1136.0,0,4,2296.0,2295.0,4591.0,22.0,11.0,11.0,4,15.0,7.5,7.5,2295.0,2295.0,4590.0,0.0,0.0,16.0,0.0,0.0,7.724640806756871,0.18074712731029796,0.0016091954519693878,0.0,18.6350294649601,35.09120587781928,7.430172422151456,7.71691673347491,0.1862068971105177,0.0017097701543364032,0.0,18.399029380459893,33.772240509589516,7.317060350515376,0,0.0,8.0,21.0,0.263,1,0.0,0.0,0.0,0.0,0.0,0.0,0.0,0.0,1.0,1,0.8660254037844386,0.5000000000000001,1.0,1.0
GP,HZE,2024-02-01,2024,2,5,904.0,0.99,309,2691.0,2.95,350,911,0.3392,0.3842,1,904,1,904.0,0,4,1820.0,1457.0,3277.0,11.0,5.5,5.5,4,15.0,7.5,7.5,1820.0,1820.0,3640.0,0.0,0.0,16.0,0.0,0.0,7.847132151732328,0.17887931181139302,0.0,0.0,16.72177018139554,32.92603351741001,7.476586192846298,7.886396728306153,0.1681034498173615,0.0,0.0,16.842923554195753,33.52603360976296,7.54379615410306,0,0.0,8.0,21.0,0.263,1,0.0,0.0,0.0,0.0,0.0,0.0,0.0,0.0,1.0,1,0.8660254037844386,0.5000000000000001,0.0,1.0
HON,RSN,2024-02-01,2024,2,7,744.0,0.8,239,1494.0,1.61,260,929,0.2573,0.2799,1,971,1,971.0,0,4,1957.0,1956.0,3913.0,22.0,11.0,11.0,4,15.0,7.5,7.5,1957.0,1956.0,3913.0,0.0,0.0,16.0,0.0,0.0,7.399362282763267,0.16005747285725055,0.001005747162833296,2.8735631541616615e-05,17.501474485400763,33.158792226307696,6.989448429695491,7.445146374340201,0.1712643682164536,0.000905172417646852,2.8735631541616615e-05,18.098008255420744,33.97706813339529,7.049528544319087,0,0.0,8.0,21.0,0.263,1,0.07534984,0.0,0.0,0.0,0.075,0.0,0.0,0.0,0.925,1,0.8660254037844386,0.5000000000000001,0.0,1.0
APN,BDG,2024-01-01,2024,1,8,396.0,0.3,110,5451.0,4.08,502,1335,0.0824,0.376,60,1346,1,1346.0,0,4,3773.0,3797.0,7570.0,22.0,11.0,11.0,4,19.0,9.5,9.5,3774.0,3774.0,7548.0,0.0,0.0,16.0,0.0,0.0,3.946005462969263,0.08669354915819182,0.005080645172906819,0.0,18.562307714935272,33.03435395802221,3.8323629385020626,3.820908581262194,0.08185483934858473,0.0053629032987099826,0.0,19.452662866923117,33.83419268554257,3.6294435302386443,1,0.0323,8.0,22.0,0.263,1,0.0,0.0,0.0,0.0,0.0,0.0,0.0,0.0,1.0,1,0.49999999999999994,0.8660254037844387,0.0,1.0
NMD,NMGO,2024-01-01,2024,1,2,3996.0,2.27,1292,9766.0,5.55,1388,1761,0.7337,0.7882,1,1691,1,1691.0,0,4,3395.0,2788.0,6183.0,6.0,3.0,3.0,4,5.0,2.5,2.5,3395.0,2668.0,6063.0,0.0,0.0,16.0,0.0,0.0,3.3120000608495728,0.08467742033623239,0.006774193396972072,0.0029166666014740863,18.204988177585346,33.62999914602567,3.5789355302219508,3.2795000798169083,0.08467742033623239,0.006774193396972072,0.0029166666014740863,18.204988177585346,33.62999914602567,3.546435573013119,1,0.0323,8.0,22.0,0.263,1,0.0,0.0,0.0,0.0,0.0,0.0,0.0,0.0,1.0,1,0.49999999999999994,0.8660254037844387,0.0,0.0
RM,STD,2024-01-01,2024,1,25,3458.0,1.55,733,24482.0,11.01,1291,2224,0.3296,0.5805,64,2025,1,2025.0,0,4,4039.0,4039.0,8078.0,49.0,24.5,24.5,4,46.66666666666667,21.666666666666668,25.0,4039.0,2014.0,6053.0,0.0,0.0,16.0,0.0,0.0,2.9719380979045664,0.0852150545125046,0.00837365592960068,0.01020161269022332,16.501267148842736,30.95177328009759,3.156817163776366,3.0720052864622844,0.0728494627501375,0.012231182697559557,0.015228494711380491,16.852230359389576,33.364353916337414,3.267301021819754,1,0.0323,8.0,22.0,0.263,1,1.0,0.0,0.0,0.0,1.0,0.0,0.0,0.0,0.0,1,0.49999999999999994,0.8660254037844387,0.0,0.0
RTST,RTZ,2024-01-01,2024,1,1,48.0,2.18,12,168.0,7.64,16,22,0.5455,0.7273,5,29,1,29.0,0,6,71.0,85.0,156.0,4.666666666666667,2.3333333333333335,2.3333333333333335,6,4.666666666666667,2.3333333333333335,2.3333333333333335,3526.0,3526.0,7052.0,2.0,0.5,36.0,1.631586747071319,0.5833333333333333,4.0198818472018765,0.08387096811045883,0.002822580657178356,0.0,18.714111432753583,34.11870878101677,3.9158495713941632,3.980881718958738,0.08387096811045883,0.002822580657178356,0.0,18.714111432753583,34.11870878101677,3.8768494947342784,1,0.0323,8.0,22.0,0.263,1,0.0,0.0,0.0,0.0,0.0,0.0,0.0,0.0,1.0,1,0.49999999999999994,0.8660254037844387,1.0,1.0
O,RVS,2024-01-01,2024,1,8,1596.0,1.4,458,6755.0,5.91,572,1143,0.4007,0.5004,18,1084,1,1084.0,0,8,4490.0,4514.0,9004.0,26.0,13.0,13.0,4,15.0,7.5,7.5,2180.0,2180.0,4360.0,0.0,0.0,32.0,0.0,0.0,3.3758253045229902,0.08077957016485994,0.005739247286191551,0.002110215006596459,18.719984260618045,33.91596685942783,3.575153275750958,3.401825163310634,0.08077957016485994,0.005739247286191551,0.002137096726425713,18.719984260618045,33.91596685942783,3.601153130397721,1,0.0323,8.0,22.0,0.263,1,0.0,0.0,0.0,0.0,0.0,0.0,0.0,0.0,1.0,1,0.49999999999999994,0.8660254037844387,0.0,0.0
HN,ASS,2024-01-01,2024,1,39,213.0,0.16,78,15616.0,11.81,571,1322,0.059,0.4319,40,1120,1,1120.0,0,11,3687.0,4096.0,7783.0,42.16666666666667,22.0,20.166666666666668,17,28.51388888888889,13.625,14.88888888888889,21638.0,16571.67,38209.67,2.0,0.15384615384615385,187.0,1.279458146995729,0.41666666666666663,4.209887073004759,0.09771505422810073,0.003951612920049698,0.0,20.548092046091632,35.79919250037081,3.85518278273183,3.833674811407603,0.08938172116114568,0.006962365540926174,0.0,18.942104511804157,33.40887008046591,2.7563898463993866,1,0.0323,8.0,22.0,0.263,1,1.0,0.0,0.0,0.0,1.0,0.0,0.0,0.0,0.0,1,0.49999999999999994,0.8660254037844387,0.0,0.0
O,HT,2024-01-01,2024,1,19,2909.0,2.48,622,8755.0,7.45,754,1175,0.5294,0.6417,39,1157,1,1157.0,0,8,4490.0,4514.0,9004.0,26.0,13.0,13.0,14,39.714285714285715,19.857142857142858,19.857142857142858,10068.33,12079.0,22147.33,0.0,0.0,112.0,0.0,0.0,3.3758253045229902,0.08077957016485994,0.005739247286191551,0.002110215006596459,18.719984260618045,33.91596685942783,3.575153275750958,3.464957064678592,0.08682795784245896,0.006680107515265224,0.0013709677112919668,18.203224191101647,33.09628944948155,3.7224167145648472,1,0.0323,8.0,22.0,0.263,1,1.0,0.0,0.0,0.0,1.0,0.0,0.0,0.0,0.0,1,0.49999999999999994,0.8660254037844387,0.0,0.0
HN,ZD,2024-01-01,2024,1,33,1.0,0.2,1,150.0,30.0,5,5,0.2,1.0,0,81,1,81.0,0,11,3687.0,4096.0,7783.0,42.16666666666667,22.0,20.166666666666668,11,25.866666666666667,12.2,13.666666666666666,8072.0,7932.0,16004.0,1.0,0.09090909090909091,121.0,0.45511961331341866,0.1111111111111111,4.209887073004759,0.09771505422810073,0.003951612920049698,0.0,20.548092046091632,35.79919250037081,3.85518278273183,3.892174805189052,0.08938172116114568,0.006962365540926174,0.0,18.942104511804157,33.40887008046591,2.8148898057669642,1,0.0323,8.0,22.0,0.263,1,1.0,0.0,0.0,0.0,1.0,0.0,0.0,0.0,0.0,1,0.49999999999999994,0.8660254037844387,1.0,0.0
HN,PMO,2024-01-01,2024,1,18,308.0,0.3,92,1540.0,1.5,74,1028,0.0895,0.072,30,933,1,933.0,0,11,3687.0,4096.0,7783.0,42.16666666666667,22.0,20.166666666666668,4,19.0,9.5,9.5,1859.0,1544.0,3403.0,1.0,0.14285714285714285,44.0,0.7213475204444817,0.25,4.209887073004759,0.09771505422810073,0.003951612920049698,0.0,20.548092046091632,35.79919250037081,3.85518278273183,4.035838760400531,0.08669354837708255,0.0021639785038367393,0.0,22.07626597927783,37.07564414893427,3.0537151129595856,1,0.0323,8.0,22.0,0.263,0,0.03307393,0.0,0.0,0.0,0.033,0.0,0.0,0.0,0.967,1,0.49999999999999994,0.8660254037844387,0.0,0.0
ASD,WP,2024-01-01,2024,1,14,6.0,0.4,5,0.0,0.0,0,15,0.3333,0.0,1,6,1,6.0,0,22,10612.78,19113.33,29726.11,37.45,19.2,18.25,13,26.69047619047619,13.833333333333334,12.857142857142858,6848.4400000000005,6993.44,13841.880000000001,3.0,0.15789473684210525,286.0,1.229037367111779,0.2637426900584795,3.8271746891801075,0.08938172116114568,0.006962365540926174,0.0,18.942104511804157,33.40887008046591,2.7498897453920255,3.788430226070466,0.09247311911675879,0.004139784993904252,0.00017473117889015266,19.63019658833422,34.01661194011729,2.94918289181516,1,0.0323,8.0,22.0,0.263,0,1.0,0.0,0.0,0.0,1.0,0.0,0.0,0.0,0.0,1,0.49999999999999994,0.8660254037844387,0.0,1.0
HN,HNK,2024-01-01,2024,1,1,983.0,0.7,196,17276.0,12.33,778,1401,0.1399,0.5553,27,1240,1,1240.0,0,11,3687.0,4096.0,7783.0,42.16666666666667,22.0,20.166666666666668,4,10.0,5.0,5.0,2537.0,3116.0,5653.0,0.0,0.0,44.0,0.0,0.0,4.209887073004759,0.09771505422810073,0.003951612920049698,0.0,20.548092046091632,35.79919250037081,3.85518278273183,4.209887073004759,0.09771505422810073,0.003951612920049698,0.0,20.548092046091632,35.79919250037081,3.85518278273183,1,0.0323,8.0,22.0,0.263,1,0.97787297,0.0,0.0,0.0,0.978,0.0,0.0,0.0,0.022,1,0.49999999999999994,0.8660254037844387,0.0,0.0
ASD,DVD,2024-01-01,2024,1,8,99.0,1.48,44,60.0,0.9,1,67,0.6567,0.0149,14,8,6,1.33,0,22,10612.78,19113.33,29726.11,37.45,19.2,18.25,16,20.07936507936508,11.222222222222221,8.857142857142858,8195.33,8181.0,16376.33,5.0,0.2777777777777778,352.0,2.268046340626014,0.5554093567251461,3.8271746891801075,0.08938172116114568,0.006962365540926174,0.0,18.942104511804157,33.40887008046591,2.7498897453920255,3.7299300739741934,0.09247311911675879,0.004139784993904252,0.0,19.63019658833422,34.01661194011729,2.890682762083147,1,0.0323,8.0,22.0,0.263,0,1.0,0.0,0.0,0.0,1.0,0.0,0.0,0.0,0.0,1,0.49999999999999994,0.8660254037844387,0.0,1.0
ASD,ASB,2024-01-01,2024,1,10,96.0,1.32,25,288.0,3.95,16,73,0.3425,0.2192,12,66,1,66.0,0,22,10612.78,19113.33,29726.11,37.45,19.2,18.25,16,27.5,14.375,13.125,7750.59,7360.0,15110.59,5.0,0.2777777777777778,352.0,2.242267606976445,0.5415204678362573,3.8271746891801075,0.08938172116114568,0.006962365540926174,0.0,18.942104511804157,33.40887008046591,2.7498897453920255,3.7169301406610558,0.09247311911675879,0.004139784993904252,0.0,19.63019658833422,34.01661194011729,2.877682793670164,1,0.0323,8.0,22.0,0.263,0,1.0,0.0,0.0,0.0,1.0,0.0,0.0,0.0,0.0,1,0.49999999999999994,0.8660254037844387,0.0,1.0
KBD,RB,2024-02-01,2024,2,3,1634.0,1.42,610,8088.0,7.05,763,1147,0.5318,0.6652,3,1172,1,1172.0,0,4,2324.0,2322.0,4646.0,10.0,5.0,5.0,4,19.0,9.5,9.5,2324.0,2324.0,4648.0,0.0,0.0,16.0,0.0,0.0,8.179529012619764,0.18548850641296855,0.001609195398445102,0.0,19.90323837803698,34.2393094630077,7.7403766632765185,8.15272989175443,0.20100574685667438,0.0005028735653593622,0.0,18.635787611035095,35.427412744226125,7.836566092296579,0,0.0,8.0,21.0,0.263,1,0.72362685,0.0,0.0,0.0008718396,0.724,0.0,0.0,0.001,0.275,1,0.8660254037844386,0.5000000000000001,1.0,1.0
HT,VG,2024-02-01,2024,2,4,514.0,0.56,158,1525.0,1.65,55,926,0.1706,0.0594,53,930,1,930.0,0,13,11021.0,13086.0,24107.0,40.85714285714286,21.0,19.857142857142858,4,12.0,6.0,6.0,1874.0,962.0,2836.0,0.0,0.0,52.0,0.0,0.0,7.932258889849844,0.18275862130411397,0.0002011494261437449,0.0,18.33120644914693,33.59586120953505,7.569615160939337,7.940267166251252,0.1811781620992155,0.0,0.0,18.398539633586488,33.85499902223719,7.523816063143741,0,0.0,8.0,21.0,0.263,0,0.0,0.0,0.0,0.0,0.0,0.0,0.0,0.0,1.0,1,0.8660254037844386,0.5000000000000001,0.0,1.0
ALM,DVD,2024-02-01,2024,2,25,15.0,0.16,6,611.0,6.5,26,94,0.0638,0.2766,0,58,1,58.0,0,18,5726.139999999999,6613.38,12339.52,43.075,21.7,21.375,15,20.482142857142858,11.625,8.857142857142858,7929.0,7864.0,15793.0,1.0,0.058823529411764705,270.0,0.5581106265512472,0.16666666666666666,7.79256603087502,0.1833333340098803,0.002614942614802684,1.4367815770808308e-05,20.71273012921728,36.31137834677751,7.492781589771139,7.7242987892247905,0.185775863006711,0.0012068965782721837,0.0,19.652092345144556,34.550688718242206,7.351884994013556,0,0.0,8.0,21.0,0.263,1,1.0,0.0,0.0,0.0,1.0,0.0,0.0,0.0,0.0,1,0.8660254037844386,0.5000000000000001,1.0,1.0
HT,O,2024-02-01,2024,2,19,830.0,0.77,305,4891.0,4.52,399,1083,0.2816,0.3684,56,1181,1,1181.0,0,13,11021.0,13086.0,24107.0,40.85714285714286,21.0,19.857142857142858,8,26.0,13.0,13.0,4650.0,4682.0,9332.0,0.0,0.0,104.0,0.0,0.0,7.932258889849844,0.18275862130411397,0.0002011494261437449,0.0,18.33120644914693,33.59586120953505,7.569615160939337,7.821445320615138,0.18333333454512316,0.0,0.0,18.586057848971464,33.99465421835581,7.466632191477151,0,0.0,8.0,21.0,0.263,1,1.0,0.0,0.0,0.0,1.0,0.0,0.0,0.0,0.0,1,0.8660254037844386,0.5000000000000001,1.0,0.0
RTA,RTN,2024-02-01,2024,2,5,1697.0,1.45,349,6713.0,5.73,487,1172,0.2978,0.4155,0,1210,1,1210.0,0,7,6467.0,4421.0,10888.0,14.166666666666668,7.5,6.666666666666667,3,10.0,5.0,5.0,2421.0,1211.0,3632.0,1.0,0.2,21.0,0.43429448190325176,0.1,8.008155118117386,0.17241379418463884,0.0025143677625676683,0.0,20.040493045045043,36.05689569519854,7.723744238587631,8.009741300353031,0.1737068971704649,0.0024137930280860812,0.0,19.48743032107408,35.72896461925287,7.679281567019978,0,0.0,8.0,21.0,0.263,1,0.0,0.0,0.0,0.0,0.0,0.0,0.0,0.0,1.0,1,0.8660254037844386,0.5000000000000001,1.0,0.0
ZLW,ZVB,2024-02-01,2024,2,8,615.0,0.69,238,3058.0,3.42,303,895,0.2659,0.3385,53,963,1,963.0,0,11,4158.53,4172.0,8330.529999999999,30.0,16.0,14.0,4,16.0,8.0,8.0,1869.0,1856.0,3725.0,0.0,0.0,44.0,0.0,0.0,8.035457089885899,0.18448275937859354,0.0002011494261437449,0.0,19.38358372723919,34.861550732590686,7.590557687584011,8.048603644337634,0.1869252888357331,0.0023132183471287803,0.0,19.30770479433838,35.56241279634936,7.68093124751387,0,0.0,8.0,21.0,0.263,1,0.017877094,0.0,0.0,0.0,0.018,0.0,0.0,0.0,0.982,1,0.8660254037844386,0.5000000000000001,1.0,0.0
HT,HTO,2024-02-01,2024,2,1,903.0,0.84,195,6272.0,5.81,493,1079,0.1807,0.4569,41,1143,1,1143.0,0,13,11021.0,13086.0,24107.0,40.85714285714286,21.0,19.857142857142858,4,7.0,3.5,3.5,2326.0,2251.0,4577.0,0.0,0.0,52.0,0.0,0.0,7.932258889849844,0.18275862130411397,0.0002011494261437449,0.0,18.33120644914693,33.59586120953505,7.569615160939337,7.9192585996726805,0.18275862130411397,0.0002011494261437449,0.0,18.33120644914693,33.59586120953505,7.556614919297997,0,0.0,8.0,21.0,0.263,1,0.0,0.0,0.0,0.00092678407,0.0,0.0,0.0,0.001,0.999,1,0.8660254037844386,0.5000000000000001,0.0,1.0
ZLW,DDR,2024-02-01,2024,2,15,49.0,2.33,16,206.0,9.81,18,21,0.7619,0.8571,0,13,1,13.0,0,11,4158.53,4172.0,8330.529999999999,30.0,16.0,14.0,13,35.35714285714286,17.857142857142858,17.5,2610.0,7363.0,9973.0,2.0,0.18181818181818182,143.0,2.0640299754485754,0.7,8.035457089885899,0.18448275937859354,0.0002011494261437449,0.0,19.38358372723919,34.861550732590686,7.590557687584011,8.03671291367761,0.17787356423107029,0.00010057471307187245,0.0,19.651632561423312,35.57172318573656,7.648638158694081,0,0.0,8.0,21.0,0.263,1,1.0,0.0,0.0,0.0,1.0,0.0,0.0,0.0,0.0,1,0.8660254037844386,0.5000000000000001,1.0,0.0
AC,BKL,2024-01-01,2024,1,12,2361.0,1.55,578,7467.0,4.9,690,1525,0.379,0.4525,15,1527,1,1527.0,0,4,3044.0,3043.0,6087.0,16.0,8.0,8.0,6,24.0,12.0,12.0,3043.0,4137.0,7180.0,0.0,0.0,24.0,0.0,0.0,3.6927796373724617,0.09180107608597765,0.0056451613043424905,0.00017473117889015266,19.08350794081406,32.91870880126953,2.8968118624461274,3.6199677306007074,0.08467741983552132,0.005551075312479209,0.001061827933255543,19.077058515561525,32.74016046459957,2.793085999391292,1,0.0323,8.0,22.0,0.263,1,0.0,0.0,0.0,0.0013114754,0.0,0.0,0.0,0.001,0.999,1,0.49999999999999994,0.8660254037844387,1.0,0.0
KZ,ZD,2024-01-01,2024,1,2,1521.0,1.02,419,6595.0,4.44,544,1487,0.2818,0.3658,0,1455,1,1455.0,0,4,2945.0,2945.0,5890.0,3.0,1.5,1.5,11,25.866666666666667,12.2,13.666666666666666,8072.0,7932.0,16004.0,0.0,0.0,44.0,0.0,0.0,3.955395203842331,0.08669354894789316,0.005080645253020589,0.0,19.396668416518036,33.946934637843924,2.846255438036776,3.892174805189052,0.08938172116114568,0.006962365540926174,0.0,18.942104511804157,33.40887008046591,2.8148898057669642,1,0.0323,8.0,22.0,0.263,1,0.0,0.0,0.0,0.0,0.0,0.0,0.0,0.0,1.0,1,0.49999999999999994,0.8660254037844387,1.0,0.0
GERP,HRN,2024-01-01,2024,1,4,647.0,0.48,231,5527.0,4.08,336,1355,0.1705,0.248,25,1223,1,1223.0,0,3,2428.0,1223.0,3651.0,7.0,3.0,4.0,4,26.0,13.0,13.0,2429.0,2292.0,4721.0,0.0,0.0,12.0,0.0,0.0,3.375642514046562,0.09462365608221741,0.005645161324370933,0.0037096773364370867,20.363238953774975,37.12306345278217,3.2267849512989084,3.3561425147157524,0.09462365608221741,0.005645161324370933,0.0037096773364370867,20.363238953774975,37.12306345278217,3.2072850054690756,1,0.0323,8.0,22.0,0.263,0,0.051660515,0.0,0.0,0.0,0.052,0.0,0.0,0.0,0.948,1,0.49999999999999994,0.8660254037844387,0.0,0.0
WH,OST,2024-02-01,2024,2,7,390.0,0.5,192,4395.0,5.61,309,784,0.2449,0.3941,0,1204,1,1204.0,0,3,2412.0,1204.0,3616.0,17.5,10.5,7.0,4,17.0,8.5,8.5,2412.0,2412.0,4824.0,0.0,0.0,12.0,0.0,0.0,7.469683910040292,0.17586206966989684,0.0012068965461576122,0.00015804597347889138,17.99866174692395,32.62293016225442,7.014080470320822,7.501333517244556,0.18060344909371315,0.00030172413921561735,0.0,17.75104136550906,32.77241292801396,7.052554800421342,0,0.0,8.0,21.0,0.263,1,1.0,0.0,0.0,0.0,1.0,0.0,0.0,0.0,0.0,1,0.8660254037844386,0.5000000000000001,1.0,0.0
SWK,MP,2024-02-01,2024,2,14,1496.0,0.81,695,6602.0,3.56,805,1852,0.3753,0.4347,7,2107,1,2107.0,0,6,4180.0,4181.0,8361.0,34.0,17.0,17.0,7,48.66666666666667,20.666666666666668,28.0,6465.0,5350.0,11815.0,0.0,0.0,42.0,0.0,0.0,7.361928390745802,0.16781609287035876,0.0028160920623561433,0.00010057471039565815,19.29913490419758,34.17206803717833,6.924140991835759,7.407471268394984,0.19841954163436232,0.006336206891413392,0.0,18.81899313748568,34.64172324915042,7.058764358875395,0,0.0,8.0,21.0,0.263,1,0.55291575,0.0,0.0,0.0,0.553,0.0,0.0,0.0,0.447,1,0.8660254037844386,0.5000000000000001,1.0,0.0
LAA,GV,2024-02-01,2024,2,2,3539.0,1.35,1055,17665.0,6.73,1350,2626,0.4018,0.5141,2,2758,1,2758.0,0,7,8545.0,6644.0,15189.0,11.333333333333332,5.0,6.333333333333333,11,19.53333333333333,8.333333333333334,11.2,9990.0,7695.0,17685.0,2.0,0.2222222222222222,77.0,1.0556294164628637,0.30000000000000004,7.9770519219462,0.19123563177926445,0.002614942518458969,0.0,21.263657430122638,38.63741283101597,7.754278936605344,7.957551967534611,0.19123563177926445,0.002614942518458969,0.0,21.263657430122638,38.63741283101597,7.734778938964865,0,0.0,8.0,21.0,0.263,1,0.9996192,0.0,0.0,0.0,1.0,0.0,0.0,0.0,0.0,1,0.8660254037844386,0.5000000000000001,1.0,0.0
BV,HK,2024-02-01,2024,2,3,768.0,0.7,259,2991.0,2.73,310,1096,0.2363,0.2828,26,1154,1,1154.0,0,4,2346.0,2346.0,4692.0,8.0,4.0,4.0,4,6.0,3.0,3.0,2346.0,2346.0,4692.0,0.0,0.0,16.0,0.0,0.0,7.689798846583942,0.20014367976236616,0.0005028735653593622,0.0,22.140228504207972,38.44344732268103,7.384913795124525,7.69629889409775,0.20014367976236616,0.0005028735653593622,0.0,22.140228504207972,38.44344732268103,7.391413785774132,0,0.0,8.0,21.0,0.263,1,0.0,0.0,0.0,0.0,0.0,0.0,0.0,0.0,1.0,1,0.8660254037844386,0.5000000000000001,1.0,1.0
BKL,WD,2024-02-01,2024,2,19,1109.0,1.08,301,6129.0,5.99,430,1024,0.2939,0.4199,26,1165,1,1165.0,0,8,3023.2,4127.6,7150.8,26.5,13.25,13.25,12,28.0,14.0,14.0,9624.0,9583.0,19207.0,0.0,0.0,96.0,0.0,0.0,7.807908034187624,0.1692528746936513,0.0006034482891360918,0.0,19.61013099242901,34.11413699457015,7.452089055858809,7.876948507524085,0.16824712770209574,0.000905172417646852,0.0,19.3549097337942,34.25637831153541,7.4895203182067,0,0.0,8.0,21.0,0.263,1,0.0,0.0,0.0,0.0009765625,0.0,0.0,0.0,0.001,0.999,1,0.8660254037844386,0.5000000000000001,1.0,0.0
BL,ASN,2024-02-01,2024,2,16,1365.0,1.29,448,3014.0,2.84,488,1061,0.4222,0.4599,2,1143,1,1143.0,0,4,2281.0,2281.0,4562.0,30.0,15.0,15.0,9,76.0,37.333333333333336,38.666666666666664,4536.0,3583.0,8119.0,1.0,0.14285714285714285,36.0,0.7213475204444817,0.25,7.177301929257382,0.16250000111544613,0.005531609069084984,0.0002011494207913163,19.03433694159505,34.176205994754,6.772129477526264,7.115804608996915,0.18060344839789744,0.005129310377370352,0.0002155172365621246,18.61681886137217,34.15448182273185,6.63548850910417,0,0.0,8.0,21.0,0.263,1,0.08294062,0.0,0.0,0.00094250706,0.083,0.0,0.0,0.001,0.916,1,0.8660254037844386,0.5000000000000001,0.0,0.0
TL,TPSW,2024-02-01,2024,2,2,1306.0,1.24,361,1620.0,1.54,54,1052,0.3432,0.0513,0,1121,1,1121.0,0,1,0.0,1121.0,1121.0,2.0,0.0,2.0,3,16.0,6.0,10.0,3326.0,1121.0,4447.0,0.0,0.0,3.0,0.0,0.0,7.8484226854453825,0.1810344834544364,0.0017097701543364032,0.0,18.43750853185681,34.135861084721554,7.464730106208516,7.902910853768217,0.18649425405752043,0.001005747152128439,0.0,18.759194320645825,34.36810261901768,7.528341954124385,0,0.0,8.0,21.0,0.263,0,0.0,0.0,0.0,0.0,0.0,0.0,0.0,0.0,1.0,1,0.8660254037844386,0.5000000000000001,0.0,1.0
AHPR,AHP,2024-01-01,2024,1,2,898.0,0.9,365,2039.0,2.05,387,993,0.3676,0.3897,0,952,1,952.0,0,4,1910.0,1910.0,3820.0,5.0,2.5,2.5,4,3.0,1.5,1.5,1910.0,1880.0,3790.0,0.0,0.0,16.0,0.0,0.0,3.242411265930822,0.09610215142890009,0.0030107527210186886,0.0028225805820716967,18.21268786922578,34.02338611502801,3.473190869109565,3.1904112375191143,0.09610215142890009,0.0030107527210186886,0.0028225805820716967,18.21268786922578,34.02338611502801,3.421190840868099,1,0.0323,8.0,22.0,0.263,1,0.054380666,0.0,0.0,0.0,0.054,0.0,0.0,0.0,0.946,1,0.49999999999999994,0.8660254037844387,0.0,1.0
WV,HR,2024-01-01,2024,1,11,1598.0,1.72,378,4618.0,4.97,453,929,0.4069,0.4876,2,892,1,892.0,0,4,1855.0,1853.0,3708.0,24.0,12.0,12.0,7,34.083333333333336,18.75,15.333333333333334,4032.0,2948.0,6980.0,1.0,0.2,28.0,0.9102392266268373,0.3333333333333333,3.515341465403977,0.09905914063014651,0.003293010826793409,0.0024731182242913913,20.508164924158844,35.467257142066956,3.218634487427671,3.54874200137302,0.09798387099578175,0.0032930107867365243,0.00224462360574273,21.10140804850286,36.40354743119209,3.27044900403338,1,0.0323,8.0,22.0,0.263,1,0.04951561,0.0,0.0,0.0,0.05,0.0,0.0,0.0,0.95,1,0.49999999999999994,0.8660254037844387,1.0,1.0
RS,OW,2024-01-01,2024,1,11,972.0,0.85,211,6248.0,5.47,351,1143,0.1846,0.3071,0,1084,1,1084.0,0,4,2205.0,2205.0,4410.0,17.0,8.5,8.5,4,12.0,6.0,6.0,2205.0,2205.0,4410.0,0.0,0.0,16.0,0.0,0.0,3.443634432517693,0.08427419376269144,0.006774193477085842,0.0018279569483892891,18.185909268997047,33.61983766927514,3.725825328051904,3.388825238547138,0.08077957016485994,0.005739247286191551,0.002110215006596459,18.719984260618045,33.91596685942783,3.5881531772338935,1,0.0323,8.0,22.0,0.263,1,0.0,0.0,0.0,0.0,0.0,0.0,0.0,0.0,1.0,1,0.49999999999999994,0.8660254037844387,1.0,1.0
MDB,VSS,2024-01-01,2024,1,5,5506.0,4.78,1004,11113.0,9.65,1110,1152,0.8715,0.9635,17,1728,1,1728.0,0,7,3974.0,3718.0,7692.0,17.833333333333336,8.5,9.333333333333334,3,8.0,3.0,5.0,3464.0,1736.0,5200.0,1.0,0.2,21.0,1.4426950408889634,0.5,4.643798396714853,0.0993279576581973,0.002822580667192577,0.0,22.51351043229462,41.13774080430308,4.613825235272988,4.630798404262731,0.0993279576581973,0.002822580667192577,0.0,22.51351043229462,41.13774080430308,4.600825307052082,1,0.0323,8.0,22.0,0.263,1,0.7491319,0.0,0.0,0.0,0.749,0.0,0.0,0.0,0.251,1,0.49999999999999994,0.8660254037844387,0.0,0.0
KZ,ZZS,2024-01-01,2024,1,1,2692.0,1.8,839,7463.0,5.0,942,1492,0.5623,0.6314,1,1490,1,1490.0,0,4,2945.0,2945.0,5890.0,3.0,1.5,1.5,4,4.0,2.0,2.0,2945.0,2945.0,5890.0,0.0,0.0,16.0,0.0,0.0,3.955395203842331,0.08669354894789316,0.005080645253020589,0.0,19.396668416518036,33.946934637843924,2.846255438036776,3.9618951648984466,0.08669354894789316,0.005080645253020589,0.0,19.396668416518036,33.946934637843924,2.852755372732958,1,0.0323,8.0,22.0,0.263,1,0.01608579,0.0,0.0,0.0,0.016,0.0,0.0,0.0,0.984,1,0.49999999999999994,0.8660254037844387,1.0,0.0
WT,RM,2024-01-01,2024,1,24,3718.0,1.67,750,24713.0,11.11,1327,2224,0.3372,0.5967,13,2025,1,2025.0,0,5,4039.0,4440.0,8479.0,45.66666666666667,26.0,19.666666666666668,4,49.0,24.5,24.5,4039.0,4039.0,8078.0,0.0,0.0,20.0,0.0,0.0,3.0401559054791445,0.07432795702529851,0.006868279639190884,0.01002688153136161,16.635460233496083,31.894353963995492,3.193180131690917,2.9719380979045664,0.0852150545125046,0.00837365592960068,0.01020161269022332,16.501267148842736,30.95177328009759,3.156817163776366,1,0.0323,8.0,22.0,0.263,1,1.0,0.0,0.0,0.0,1.0,0.0,0.0,0.0,0.0,1,0.49999999999999994,0.8660254037844387,1.0,0.0
DR,BMN,2024-01-01,2024,1,6,585.0,0.59,160,1759.0,1.76,203,1000,0.16,0.203,4,958,1,958.0,0,8,4206.0,4166.0,8372.0,20.5,10.25,10.25,4,13.0,6.5,6.5,1911.0,980.0,2891.0,1.0,0.2,32.0,0.9102392266268373,0.3333333333333333,3.185696124537317,0.08978494708376225,0.0011290322728855636,0.002123655866511086,18.400306002747627,32.86209588537934,3.4078063546800084,3.224696225501717,0.08978494708376225,0.0011290322728855636,0.0021639784462549674,18.400306002747627,32.86209588537934,3.4468064155750056,1,0.0323,8.0,22.0,0.263,0,0.062,0.0,0.0,0.0,0.062,0.0,0.0,0.0,0.938,1,0.49999999999999994,0.8660254037844387,0.0,0.0
ASDZ,HVS,2024-02-01,2024,2,28,0.0,0.0,0,990.0,30.0,33,33,0.0,1.0,0,69,1,69.0,0,12,9561.0,9756.0,19317.0,26.333333333333332,13.166666666666666,13.166666666666666,18,29.45,15.7,13.75,9067.6,7842.8,16910.4,2.0,0.14285714285714285,216.0,1.2022458674074694,0.375,7.784063169347315,0.18448275994595098,0.0008045976938701224,0.0,19.06484791328167,35.49982660460746,7.477453973101474,7.73570715536995,0.1785919552818797,0.0015086207067829438,0.0,18.387631229970648,34.61275764922986,7.398925492133217,0,0.0,8.0,21.0,0.263,1,1.0,0.0,0.0,0.0,1.0,0.0,0.0,0.0,0.0,1,0.8660254037844386,0.5000000000000001,1.0,1.0
AML,HGL,2024-02-01,2024,2,14,1199.0,1.1,257,4559.0,4.18,269,1091,0.2356,0.2466,92,1174,1,1174.0,0,8,2713.0,3491.0,6204.0,30.0,15.0,15.0,7,15.416666666666668,7.75,7.666666666666667,2715.0,1545.0,4260.0,0.0,0.0,56.0,0.0,0.0,7.402514363521303,0.1665229887926373,0.0008045976938701224,8.620689462484985e-05,17.75485605720816,32.99327502168458,6.975574708361735,7.363425066828428,0.16982758669289708,0.00040229886299234695,0.0,17.323984890319835,32.940516327646954,6.958971096866432,0,0.0,8.0,21.0,0.263,0,0.9981668,0.0,0.0,0.0018331805,0.998,0.0,0.0,0.002,0.0,1,0.8660254037844386,0.5000000000000001,0.0,0.0
DDR,DDZD,2024-02-01,2024,2,1,599.0,0.31,201,7528.0,3.89,248,1935,0.1039,0.1282,198,2060,1,2060.0,0,13,2610.0,7363.0,9973.0,35.35714285714286,17.857142857142858,17.5,4,15.0,7.5,7.5,4134.0,2164.0,6298.0,1.0,0.125,52.0,0.5581106265512472,0.16666666666666666,8.03671291367761,0.17787356423107029,0.00010057471307187245,0.0,19.651632561423312,35.57172318573656,7.648638158694081,8.043212576844226,0.17787356423107029,0.00010057471307187245,0.0,19.651632561423312,35.57172318573656,7.655137923942215,0,0.0,8.0,21.0,0.263,0,0.0082687335,0.0,0.0,0.0,0.008,0.0,0.0,0.0,0.992,1,0.8660254037844386,0.5000000000000001,0.0,1.0
LAA,LEDN,2024-02-01,2024,2,14,3299.0,1.42,776,17523.0,7.56,1118,2319,0.3346,0.4821,1,2198,1,2198.0,0,7,8545.0,6644.0,15189.0,11.333333333333332,5.0,6.333333333333333,18,35.33333333333333,18.444444444444443,16.88888888888889,12235.0,12890.0,25125.0,2.0,0.16666666666666666,126.0,1.1352332769293625,0.34285714285714286,7.9770519219462,0.19123563177926445,0.002614942518458969,0.0,21.263657430122638,38.63741283101597,7.754278936605344,7.9042815178547094,0.19870689765004249,0.0007040229915031072,0.0,20.98250385228245,37.80413692915577,7.54472698391169,0,0.0,8.0,21.0,0.263,1,1.0,0.0,0.0,0.0,1.0,0.0,0.0,0.0,0.0,1,0.8660254037844386,0.5000000000000001,1.0,1.0
ETN,ZLW,2024-02-01,2024,2,26,0.0,0.0,0,120.0,30.0,4,4,0.0,1.0,0,9,17,0.53,0,4,2411.0,1195.53,3606.5299999999997,30.5,12.0,18.5,11,30.0,16.0,14.0,4158.53,4172.0,8330.529999999999,1.0,0.125,44.0,0.6213349345596119,0.2,7.98944538199589,0.20100574823760095,0.0015086207067829438,0.0,19.154430833270496,34.93965422353525,7.591528704454159,8.035457089885899,0.18448275937859354,0.0002011494261437449,0.0,19.38358372723919,34.861550732590686,7.590557687584011,0,0.0,8.0,21.0,0.263,1,1.0,0.0,0.0,0.0,1.0,0.0,0.0,0.0,0.0,1,0.8660254037844386,0.5000000000000001,0.0,0.0
BV,DRH,2024-02-01,2024,2,5,513.0,0.5,201,2839.0,2.79,259,1016,0.1978,0.2549,16,1192,1,1192.0,0,4,2346.0,2346.0,4692.0,8.0,4.0,4.0,4,6.0,3.0,3.0,2346.0,2346.0,4692.0,0.0,0.0,16.0,0.0,0.0,7.689798846583942,0.20014367976236616,0.0005028735653593622,0.0,22.140228504207972,38.44344732268103,7.384913795124525,7.736140792611344,0.18936781722238694,0.0009051724283517092,0.0,21.793527588205432,39.285516127772716,7.50999136457498,0,0.0,8.0,21.0,0.263,0,0.0,0.0,0.0,0.0,0.0,0.0,0.0,0.0,1.0,1,0.8660254037844386,0.5000000000000001,1.0,1.0
BKL,MAS,2024-02-01,2024,2,5,436.0,0.31,213,3202.0,2.27,148,1408,0.1513,0.1051,15,1464,1,1464.0,0,8,3023.2,4127.6,7150.8,26.5,13.25,13.25,4,10.0,5.0,5.0,2922.0,1782.0,4704.0,0.0,0.0,32.0,0.0,0.0,7.807908034187624,0.1692528746936513,0.0006034482891360918,0.0,19.61013099242901,34.11413699457015,7.452089055858809,7.871879496194166,0.17255747165188365,0.0007040230022079643,0.0,19.6793867185198,34.59982663461532,7.513761722493446,0,0.0,8.0,21.0,0.263,0,0.0,0.0,0.0,0.0028409092,0.0,0.0,0.0,0.003,0.997,1,0.8660254037844386,0.5000000000000001,0.0,0.0
BL,HGV,2024-02-01,2024,2,14,606.0,0.58,265,2056.0,1.95,304,1053,0.2517,0.2887,16,1138,1,1138.0,0,4,2281.0,2281.0,4562.0,30.0,15.0,15.0,6,48.666666666666664,27.333333333333332,21.333333333333332,2281.0,2278.0,4559.0,1.0,0.2,24.0,0.5581106265512472,0.16666666666666666,7.177301929257382,0.16250000111544613,0.005531609069084984,0.0002011494207913163,19.03433694159505,34.176205994754,6.772129477526264,7.279203990450258,0.17600574920317907,0.004123563214537056,4.3103447312424924e-05,18.250699320058715,33.13086114464135,6.803916673036827,0,0.0,8.0,21.0,0.263,1,0.054131053,0.0,0.0,0.0,0.054,0.0,0.0,0.0,0.946,1,0.8660254037844386,0.5000000000000001,1.0,1.0
NWK,GD,2024-02-01,2024,2,9,637.0,0.58,168,5538.0,5.01,306,1105,0.152,0.2769,3,1211,1,1211.0,0,4,2421.0,2421.0,4842.0,13.0,6.5,6.5,14,32.5,18.0,14.5,14031.0,10490.0,24521.0,0.0,0.0,56.0,0.0,0.0,8.014655183101523,0.17241379418463884,0.0025143677625676683,0.0,20.040493045045043,36.05689569519854,7.7302442559565625,8.001655445701774,0.17241379418463884,0.0025143677625676683,0.0,20.040493045045043,36.05689569519854,7.717244484301271,0,0.0,8.0,21.0,0.263,1,0.0,0.0,0.0,0.0,0.0,0.0,0.0,0.0,1.0,1,0.8660254037844386,0.5000000000000001,1.0,0.0
BDPB,ZLW,2024-02-01,2024,2,10,1667.0,1.53,382,7530.0,6.89,505,1093,0.3495,0.462,0,1153,1,1153.0,0,4,2256.0,2226.0,4482.0,15.0,7.5,7.5,11,30.0,16.0,14.0,4158.53,4172.0,8330.529999999999,0.0,0.0,44.0,0.0,0.0,8.024103367594124,0.2024425294614215,0.0017097701329266887,0.0,18.94098461701952,35.62034386122364,7.663543095876431,8.035457089885899,0.18448275937859354,0.0002011494261437449,0.0,19.38358372723919,34.861550732590686,7.590557687584011,0,0.0,8.0,21.0,0.263,1,0.0,0.0,0.0,0.0,0.0,0.0,0.0,0.0,1.0,1,0.8660254037844386,0.5000000000000001,1.0,0.0
BRN,SD,2024-02-01,2024,2,4,59.0,0.07,38,210.0,0.25,5,854,0.0445,0.0059,0,904,1,904.0,0,5,2344.0,2892.0,5236.0,14.666666666666668,8.0,6.666666666666667,3,3.5,2.5,1.0,1785.0,904.0,2689.0,0.0,0.0,15.0,0.0,0.0,7.607382038929339,0.18836207069114022,0.0032183907861853467,0.0,17.92009743945352,33.657930124080046,7.166002791160825,7.672382355980767,0.18836207069114022,0.0032183907861853467,0.0,17.92009743945352,33.657930124080046,7.231003060936928,0,0.0,8.0,21.0,0.263,0,0.0,0.0,0.0,0.0,0.0,0.0,0.0,0.0,1.0,1,0.8660254037844386,0.5000000000000001,0.0,1.0
SWK,WV,2024-02-01,2024,2,13,786.0,0.92,231,2292.0,2.69,268,853,0.2708,0.3142,0,929,1,929.0,0,6,4180.0,4181.0,8361.0,34.0,17.0,17.0,4,24.0,12.0,12.0,1959.0,1948.0,3907.0,1.0,0.25,24.0,0.7213475204444817,0.25,7.361928390745802,0.16781609287035876,0.0028160920623561433,0.00010057471039565815,19.29913490419758,34.17206803717833,6.924140991835759,7.303413757626181,0.17528735681426252,0.004727011396624576,0.00015804597347889138,19.72416812387006,34.586378348284754,6.830137959499469,0,0.0,8.0,21.0,0.263,1,0.044548653,0.0,0.0,0.0,0.045,0.0,0.0,0.0,0.955,1,0.8660254037844386,0.5000000000000001,0.0,0.0
DDR,RTB,2024-02-01,2024,2,19,2516.0,1.23,747,15107.0,7.36,744,2052,0.364,0.3626,97,2237,1,2237.0,0,13,2610.0,7363.0,9973.0,35.35714285714286,17.857142857142858,17.5,7,14.416666666666668,6.75,7.666666666666667,8703.0,7082.0,15785.0,1.0,0.1,91.0,0.43429448190325176,0.1,8.03671291367761,0.17787356423107029,0.00010057471307187245,0.0,19.651632561423312,35.57172318573656,7.648638158694081,7.977241608346331,0.1737068971704649,0.0024137930280860812,0.0,19.48743032107408,35.72896461925287,7.646781773402773,0,0.0,8.0,21.0,0.263,1,1.0,0.0,0.0,0.0,1.0,0.0,0.0,0.0,0.0,1,0.8660254037844386,0.5000000000000001,0.0,1.0
ASDZ,SHL,2024-02-01,2024,2,11,3398.0,0.95,1088,14891.0,4.17,1230,3573,0.3045,0.3442,81,3718,1,3718.0,0,12,9561.0,9756.0,19317.0,26.333333333333332,13.166666666666666,13.166666666666666,17,44.65277777777778,22.77777777777778,21.875,15111.880000000001,12163.5,27275.38,1.0,0.07142857142857142,204.0,0.4170323914242463,0.09090909090909091,7.784063169347315,0.18448275994595098,0.0008045976938701224,0.0,19.06484791328167,35.49982660460746,7.477453973101474,7.797063449140767,0.18448275994595098,0.0008045976938701224,0.0,19.06484791328167,35.49982660460746,7.490454212002371,0,0.0,8.0,21.0,0.263,1,0.61376995,0.01959138,0.0,0.0,0.614,0.02,0.0,0.0,0.366,1,0.8660254037844386,0.5000000000000001,1.0,1.0
DV,OST,2024-02-01,2024,2,10,1240.0,1.58,401,4532.0,5.78,343,784,0.5115,0.4375,18,1208,1,1208.0,0,12,6499.0,6818.0,13317.0,29.666666666666668,14.833333333333334,14.833333333333334,4,17.0,8.5,8.5,2412.0,2412.0,4824.0,0.0,0.0,48.0,0.0,0.0,7.544411114871973,0.16982758706756707,0.0009051724069419948,0.0,17.909002355246365,33.56586113280949,7.173362237283553,7.501333517244556,0.18060344909371315,0.00030172413921561735,0.0,17.75104136550906,32.77241292801396,7.052554800421342,0,0.0,8.0,21.0,0.263,1,1.0,0.0,0.0,0.0,1.0,0.0,0.0,0.0,0.0,1,0.8660254037844386,0.5000000000000001,1.0,0.0
DDR,ZLW,2024-02-01,2024,2,15,33.0,1.57,11,13.0,0.62,6,21,0.5238,0.2857,0,11,1,11.0,0,13,2610.0,7363.0,9973.0,35.35714285714286,17.857142857142858,17.5,11,30.0,16.0,14.0,4158.53,4172.0,8330.529999999999,2.0,0.18181818181818182,143.0,2.0640299754485754,0.7,8.03671291367761,0.17787356423107029,0.00010057471307187245,0.0,19.651632561423312,35.57172318573656,7.648638158694081,8.035457089885899,0.18448275937859354,0.0002011494261437449,0.0,19.38358372723919,34.861550732590686,7.590557687584011,0,0.0,8.0,21.0,0.263,1,1.0,0.0,0.0,0.0,1.0,0.0,0.0,0.0,0.0,1,0.8660254037844386,0.5000000000000001,0.0,1.0
SD,ST,2024-01-01,2024,1,1,733.0,0.81,593,1749.0,1.93,610,904,0.656,0.6748,0,860,1,860.0,0,3,1701.0,860.0,2561.0,3.5,2.5,1.0,4,2.0,1.0,1.0,1701.0,1701.0,3402.0,0.0,0.0,12.0,0.0,0.0,3.4561721530082004,0.08454301132149594,0.007715053756230621,0.0017741935087307807,17.744572500307715,32.93225718057284,3.213228596134051,3.4171720491772297,0.08454301132149594,0.007715053756230621,0.0017741935087307807,17.744572500307715,32.93225718057284,3.1742285336367786,1,0.0323,8.0,22.0,0.263,1,0.0,0.0,0.0,0.0,0.0,0.0,0.0,0.0,1.0,1,0.49999999999999994,0.8660254037844387,0.0,1.0
MZ,HZE,2024-01-01,2024,1,10,538.0,0.59,179,2869.0,3.13,229,916,0.1954,0.25,7,893,1,893.0,0,3,1778.0,893.0,2671.0,18.5,8.5,10.0,4,15.0,7.5,7.5,1778.0,1778.0,3556.0,0.0,0.0,12.0,0.0,0.0,3.105155888799658,0.07432795702529851,0.006868279639190884,0.007446236422746092,16.635460233496083,31.894353963995492,3.258180074541459,3.1865565473594333,0.07795698958779534,0.007903225790028291,0.005403225685680105,16.584412390346166,32.664676465013976,3.372174811319158,1,0.0323,8.0,22.0,0.263,0,0.0,0.0,0.0,0.0,0.0,0.0,0.0,0.0,1.0,1,0.49999999999999994,0.8660254037844387,0.0,1.0
BR,HRT,2024-01-01,2024,1,10,2381.0,2.0,552,12721.0,10.67,780,1192,0.4631,0.6544,0,1166,1,1166.0,0,3,2573.0,1166.0,3739.0,16.0,6.0,10.0,5,27.333333333333336,13.333333333333334,14.0,2641.0,2573.0,5214.0,1.0,0.25,15.0,1.4426950408889634,0.5,3.0362956687928206,0.06881720454542227,0.008279569937737399,0.00864247315042522,16.827824658924534,31.85854762215768,3.1250053697656237,3.0846102179568864,0.07379032314945293,0.005268817266789815,0.007244623493984021,16.652747303247452,32.052095963749835,3.1620967814808973,1,0.0323,8.0,22.0,0.263,1,0.99077183,0.0,0.0,0.0,0.991,0.0,0.0,0.0,0.009,1,0.49999999999999994,0.8660254037844387,1.0,0.0
BRD,ZWD,2024-01-01,2024,1,7,1688.0,0.88,476,4270.0,2.22,528,1925,0.2473,0.2743,35,1925,1,1925.0,0,4,3820.0,3672.0,7492.0,11.0,5.5,5.5,4,9.0,4.5,4.5,3812.0,2057.0,5869.0,0.0,0.0,16.0,0.0,0.0,3.8087823322363277,0.07634408605755658,0.0013172043066832326,0.0,19.118761129276727,33.81290235314318,3.7712150900824977,3.847782266161014,0.07634408605755658,0.0013172043066832326,0.00012096773923164414,19.118761129276727,33.81290235314318,3.8102150595576694,1,0.0323,8.0,22.0,0.263,1,0.0,0.0,0.0,0.003116883,0.0,0.0,0.0,0.003,0.997,1,0.49999999999999994,0.8660254037844387,0.0,1.0
BD,GZ,2024-01-01,2024,1,10,1590.0,1.37,445,7190.0,6.21,590,1157,0.3846,0.5099,215,1101,1,1101.0,0,12,6936.0,7713.0,14649.0,42.333333333333336,21.166666666666668,21.166666666666668,4,16.0,8.0,8.0,2207.0,2206.0,4413.0,0.0,0.0,48.0,0.0,0.0,3.6167930283944214,0.07419354860140111,0.006115591353786889,0.0013440859914627126,18.53666709667893,33.73306362282845,3.700462381230287,3.497513447367456,0.07943548377282837,0.006586021383202845,0.0013575268513773397,17.89680295605813,32.85580559571584,3.6256048382430146,1,0.0323,8.0,22.0,0.263,1,0.01815039,0.0,0.0,0.0,0.018,0.0,0.0,0.0,0.982,1,0.49999999999999994,0.8660254037844387,0.0,1.0
BMN,DR,2024-01-01,2024,1,6,436.0,0.44,104,1619.0,1.63,135,993,0.1047,0.136,0,953,1,953.0,0,4,1911.0,980.0,2891.0,13.0,6.5,6.5,8,20.5,10.25,10.25,4206.0,4166.0,8372.0,1.0,0.2,32.0,0.9102392266268373,0.3333333333333333,3.224696225501717,0.08978494708376225,0.0011290322728855636,0.0021639784462549674,18.400306002747627,32.86209588537934,3.4468064155750056,3.185696124537317,0.08978494708376225,0.0011290322728855636,0.002123655866511086,18.400306002747627,32.86209588537934,3.4078063546800084,1,0.0323,8.0,22.0,0.263,0,0.054380666,0.0,0.0,0.0,0.054,0.0,0.0,0.0,0.946,1,0.49999999999999994,0.8660254037844387,1.0,1.0
EHV,WT,2024-02-01,2024,2,28,3092.0,1.87,703,10968.0,6.63,864,1655,0.4248,0.5221,155,2231,1,2231.0,0,13,9126.0,11731.0,20857.0,33.14285714285714,15.0,18.142857142857142,5,45.66666666666667,26.0,19.666666666666668,4461.0,4959.0,9420.0,0.0,0.0,65.0,0.0,0.0,7.931632294276751,0.17887931181139302,0.0,0.0,16.72177018139554,32.92603351741001,7.561086280250001,7.816715416766104,0.15862069064858317,0.0002011494261437449,0.0,16.875221364457033,32.553102527541675,7.404790191814818,0,0.0,8.0,21.0,0.263,1,0.9993958,0.0,0.0,0.00060422963,0.999,0.0,0.0,0.001,0.0,1,0.8660254037844386,0.5000000000000001,1.0,0.0
OT,TB,2024-02-01,2024,2,8,1107.0,1.18,406,2710.0,2.89,440,938,0.4328,0.4691,0,952,1,952.0,0,4,1903.0,1903.0,3806.0,17.0,8.5,8.5,9,30.8,17.8,13.0,9337.0,6703.0,16040.0,0.0,0.0,36.0,0.0,0.0,7.934735552097361,0.19324712689709048,0.00010057471307187245,0.0,18.4745513745423,33.693102528309,7.505928145400409,7.918002760150181,0.19885057607001957,0.0005028735653593622,0.0,18.36264716688244,34.79275769269329,7.545229848088889,0,0.0,8.0,21.0,0.263,1,0.0,0.0,0.0,0.0,0.0,0.0,0.0,0.0,1.0,1,0.8660254037844386,0.5000000000000001,1.0,0.0
BET,BTL,2024-02-01,2024,2,10,1666.0,0.89,515,5036.0,2.68,598,1882,0.2736,0.3177,73,1897,1,1897.0,0,4,3778.0,3778.0,7556.0,19.0,9.5,9.5,6,18.0,9.0,9.0,3778.0,3778.0,7556.0,0.0,0.0,24.0,0.0,0.0,7.892060426481325,0.18318965588963923,0.00010057471307187245,0.0,17.664416737297827,33.522412809147234,7.50154312862747,7.9244971108440865,0.19037356453508825,0.0,0.0,17.928046291244442,33.97241290821426,7.523419544614595,0,0.0,8.0,21.0,0.263,1,0.0,0.0,0.0,0.0005313496,0.0,0.0,0.0,0.001,0.999,1,0.8660254037844386,0.5000000000000001,1.0,0.0
ASHD,AC,2024-02-01,2024,2,4,1924.0,1.36,789,8677.0,6.15,964,1412,0.5588,0.6827,8,1525,1,1525.0,0,4,3009.0,3009.0,6018.0,5.0,2.5,2.5,4,16.0,8.0,8.0,3009.0,3009.0,6018.0,0.0,0.0,16.0,0.0,0.0,7.779997326112513,0.1859195409021501,0.000905172417646852,0.0,19.397305628691598,33.96051637400156,7.41505480189433,7.786497389640788,0.1859195409021501,0.000905172417646852,0.0,19.397305628691598,33.96051637400156,7.421554808644043,0,0.0,8.0,21.0,0.263,1,0.0,0.0,0.0,0.0028328612,0.0,0.0,0.0,0.003,0.997,1,0.8660254037844386,0.5000000000000001,1.0,0.0
SSH,LEDN,2024-02-01,2024,2,8,1461.0,1.34,433,3319.0,3.04,473,1093,0.3962,0.4328,0,1154,1,1154.0,0,4,2841.0,2571.0,5412.0,19.0,9.5,9.5,18,35.33333333333333,18.444444444444443,16.88888888888889,12235.0,12890.0,25125.0,0.0,0.0,72.0,0.0,0.0,7.923781858692909,0.19870689765004249,0.0007040229915031072,0.0,20.98250385228245,37.80413692915577,7.564227247032626,7.9042815178547094,0.19870689765004249,0.0007040229915031072,0.0,20.98250385228245,37.80413692915577,7.54472698391169,0,0.0,8.0,21.0,0.263,1,0.0,0.0,0.0,0.0,0.0,0.0,0.0,0.0,1.0,1,0.8660254037844386,0.5000000000000001,1.0,0.0
ASDL,ASS,2024-02-01,2024,2,3,3814.0,2.06,1109,7301.0,3.95,1181,1849,0.5998,0.6387,2,1697,1,1697.0,0,4,3438.0,3437.0,6875.0,15.0,7.5,7.5,17,34.84722222222222,21.22222222222222,13.625,22050.0,17103.0,39153.0,1.0,0.1,68.0,0.45511961331341866,0.1111111111111111,7.790563387592891,0.18448275994595098,0.0008045976938701224,0.0,19.06484791328167,35.49982660460746,7.483954205252658,7.710684075309285,0.2002873577969684,0.001609195398445102,0.0,18.6796912191243,33.6486197381184,7.3061582103542895,0,0.0,8.0,21.0,0.263,1,0.0,0.0,0.0,0.0005408329,0.0,0.0,0.0,0.001,0.999,1,0.8660254037844386,0.5000000000000001,0.0,0.0
AMF,DLD,2024-01-01,2024,1,9,1176.0,1.04,333,2628.0,2.33,322,1127,0.2955,0.2857,88,1126,1,1126.0,0,15,11305.0,10810.0,22115.0,46.10714285714286,23.857142857142858,22.25,6,12.0,6.0,6.0,3912.0,3911.0,7823.0,0.0,0.0,90.0,0.0,0.0,3.519145186514824,0.08306451683603627,0.006962365580983059,0.0018279569483892891,18.494562417909663,34.376128144802585,3.4926666896139342,3.4801452298929054,0.08306451683603627,0.006962365580983059,0.0017607526488161536,18.494562417909663,34.376128144802585,3.4536667090630337,1,0.0323,8.0,22.0,0.263,1,0.0,0.0,0.0,0.0,0.0,0.0,0.0,0.0,1.0,1,0.49999999999999994,0.8660254037844387,0.0,1.0
BD,TB,2024-01-01,2024,1,21,7225.0,2.61,1419,19194.0,6.94,1560,2766,0.513,0.564,608,2425,1,2425.0,0,12,6936.0,7713.0,14649.0,42.333333333333336,21.166666666666668,21.166666666666668,9,30.8,17.8,13.0,8799.0,6550.0,15349.0,0.0,0.0,108.0,0.0,0.0,3.6167930283944214,0.07419354860140111,0.006115591353786889,0.0013440859914627126,18.53666709667893,33.73306362282845,3.700462381230287,3.4484139942584098,0.07876344158324183,0.007809139688008575,0.0013978494311212212,18.121215117874964,34.0316119777259,3.5189113087691766,1,0.0323,8.0,22.0,0.263,1,0.65762836,0.34237164,0.0,0.0,0.658,0.342,0.0,0.0,0.0,1,0.49999999999999994,0.8660254037844387,0.0,1.0
BD,ETN,2024-01-01,2024,1,11,1421.0,1.17,287,8297.0,6.82,618,1216,0.236,0.5082,37,1215,1,1215.0,0,12,6936.0,7713.0,14649.0,42.333333333333336,21.166666666666668,21.166666666666668,3,23.0,12.0,11.0,2401.0,1186.0,3587.0,0.0,0.0,36.0,0.0,0.0,3.6167930283944214,0.07419354860140111,0.006115591353786889,0.0013440859914627126,18.53666709667893,33.73306362282845,3.700462381230287,3.6394569762601887,0.0780913982720625,0.008938171920837254,0.0013037634117188312,18.704715235899855,33.78193463016582,3.62453761687302,1,0.0323,8.0,22.0,0.263,1,1.0,0.0,0.0,0.0,1.0,0.0,0.0,0.0,0.0,1,0.49999999999999994,0.8660254037844387,0.0,1.0
BD,DDR,2024-01-01,2024,1,30,20.0,1.0,5,82.0,4.1,6,20,0.25,0.3,6,119,1,119.0,0,12,6936.0,7713.0,14649.0,42.333333333333336,21.166666666666668,21.166666666666668,14,35.714285714285715,17.857142857142858,17.857142857142858,2836.0,7185.0,10021.0,1.0,0.08333333333333333,168.0,0.45511961331341866,0.1111111111111111,3.6167930283944214,0.07419354860140111,0.006115591353786889,0.0013440859914627126,18.53666709667893,33.73306362282845,3.700462381230287,3.829271595179033,0.08481182868001602,0.0033870967285286996,0.0005645161164143394,19.167625067054583,34.48499909459904,3.823357568362788,1,0.0323,8.0,22.0,0.263,1,0.65,0.35,0.0,0.0,0.65,0.35,0.0,0.0,0.0,1,0.49999999999999994,0.8660254037844387,1.0,1.0
RTZ,RLB,2024-02-01,2024,2,3,1193.0,0.65,381,4375.0,2.4,451,1824,0.2089,0.2473,20,1904,1,1904.0,0,6,3837.0,3837.0,7674.0,4.666666666666667,2.3333333333333335,2.3333333333333335,6,6.0,3.0,3.0,3843.0,3843.0,7686.0,1.0,0.2,36.0,0.9102392266268373,0.3333333333333333,7.983741279563,0.1737068971704649,0.0024137930280860812,0.0,19.48743032107408,35.72896461925287,7.653281549612681,8.029488582891979,0.17198275992025933,0.00010057471307187245,0.0,19.675502311909337,35.071033541155956,7.664043114788231,0,0.0,8.0,21.0,0.263,0,0.0,0.0,0.0,0.0,0.0,0.0,0.0,0.0,1.0,1,0.8660254037844386,0.5000000000000001,0.0,1.0
BET,EHS,2024-02-01,2024,2,9,2723.0,1.46,866,6063.0,3.25,950,1865,0.4643,0.5094,37,1881,1,1881.0,0,4,3778.0,3778.0,7556.0,19.0,9.5,9.5,4,10.0,5.0,5.0,3778.0,3342.0,7120.0,0.0,0.0,16.0,0.0,0.0,7.892060426481325,0.18318965588963923,0.00010057471307187245,0.0,17.664416737297827,33.522412809147234,7.50154312862747,7.866632096747729,0.17887931181139302,0.0,0.0,16.72177018139554,32.92603351741001,7.496086209327325,0,0.0,8.0,21.0,0.263,1,0.0,0.0,0.0,0.0,0.0,0.0,0.0,0.0,1.0,1,0.8660254037844386,0.5000000000000001,0.0,0.0
HDE,WZ,2024-02-01,2024,2,9,699.0,0.75,201,1065.0,1.15,211,927,0.2168,0.2276,0,1104,1,1104.0,0,4,2217.0,2218.0,4435.0,18.0,9.0,9.0,3,18.0,9.0,9.0,2217.0,1113.0,3330.0,0.0,0.0,12.0,0.0,0.0,7.5471207110703675,0.1758620697769454,0.003318965488552362,0.00015804597347889138,18.96977649851777,33.67344746199147,7.078370718606587,7.492074618694083,0.17499999947118006,0.0035201148183523923,0.00011494252616646646,19.255094976860217,34.37534390167258,7.090566048676941,0,0.0,8.0,21.0,0.263,0,0.0,0.0,0.0,0.0,0.0,0.0,0.0,0.0,1.0,1,0.8660254037844386,0.5000000000000001,1.0,0.0
ZZS,WM,2024-02-01,2024,2,3,3063.0,2.02,1223,10168.0,6.7,1348,1517,0.8062,0.8886,4,1492,1,1492.0,0,4,2979.0,2979.0,5958.0,4.0,2.0,2.0,6,7.333333333333333,3.6666666666666665,3.6666666666666665,2984.0299999999997,2984.09,5968.12,0.0,0.0,24.0,0.0,0.0,7.751508626995887,0.2034482769989248,0.0015086206853732295,0.0,19.086218018983974,34.110516342623484,7.365014370659302,7.745008565461392,0.2034482769989248,0.0015086206853732295,0.0,19.086218018983974,34.110516342623484,7.358514369733032,0,0.0,8.0,21.0,0.263,1,0.013183916,0.0,0.0,0.0,0.013,0.0,0.0,0.0,0.987,1,0.8660254037844386,0.5000000000000001,1.0,0.0
OW,RS,2024-02-01,2024,2,11,3796.0,3.4,1013,9717.0,8.69,1094,1118,0.9061,0.9785,0,1183,1,1183.0,0,4,2326.0,2326.0,4652.0,12.0,6.0,6.0,4,17.0,8.5,8.5,2326.0,2326.0,4652.0,0.0,0.0,16.0,0.0,0.0,7.834445449191777,0.18333333454512316,0.0,0.0,18.586057848971464,33.99465421835581,7.479632203948909,7.899678092843307,0.18419540352348623,0.0,0.0,18.258417524397373,33.99206810641563,7.563614932284958,0,0.0,8.0,21.0,0.263,1,0.0,0.0,0.0,0.0,0.0,0.0,0.0,0.0,1.0,1,0.8660254037844386,0.5000000000000001,1.0,1.0
SHL,HFD,2024-02-01,2024,2,5,2154.0,1.47,667,5177.0,3.53,774,1465,0.4553,0.5283,1003,1430,1,1430.0,0,17,15111.880000000001,12163.5,27275.38,44.65277777777778,22.77777777777778,21.875,4,10.0,5.0,5.0,2846.0,4423.0,7269.0,0.0,0.0,68.0,0.0,0.0,7.797063449140767,0.18448275994595098,0.0008045976938701224,0.0,19.06484791328167,35.49982660460746,7.490454212002371,7.8910201106263305,0.1925287369809959,0.0014080460044159286,0.0,19.626304683329046,35.84379217747984,7.5637212638882385,0,0.0,8.0,21.0,0.263,1,0.00068259385,0.0,0.0,0.0,0.001,0.0,0.0,0.0,0.999,1,0.8660254037844386,0.5000000000000001,0.0,1.0
SHL,ASB,2024-02-01,2024,2,17,4.0,0.36,2,150.0,13.64,5,11,0.1818,0.4545,11,4,8,0.5,0,17,15111.880000000001,12163.5,27275.38,44.65277777777778,22.77777777777778,21.875,21,23.072727272727274,11.272727272727273,11.8,8163.6,7446.7,15610.3,2.0,0.1111111111111111,357.0,0.9751430179754935,0.25757575757575757,7.797063449140767,0.18448275994595098,0.0008045976938701224,0.0,19.06484791328167,35.49982660460746,7.490454212002371,7.711299040285207,0.185775863006711,0.0012068965782721837,0.0,19.652092345144556,34.550688718242206,7.33888520249005,0,0.0,8.0,21.0,0.263,1,1.0,0.0,0.0,0.0,1.0,0.0,0.0,0.0,0.0,1,0.8660254037844386,0.5000000000000001,0.0,1.0
EHV,HMBV,2024-02-01,2024,2,10,546.0,0.6,146,2624.0,2.89,429,908,0.1608,0.4725,69,921,1,921.0,0,13,9126.0,11731.0,20857.0,33.14285714285714,15.0,18.142857142857142,4,12.0,6.0,6.0,1849.0,1819.0,3668.0,0.0,0.0,52.0,0.0,0.0,7.931632294276751,0.17887931181139302,0.0,0.0,16.72177018139554,32.92603351741001,7.561086280250001,7.837643670721044,0.17500000098056492,0.0,0.0,16.91680568298218,32.585688721174485,7.447270116586795,0,0.0,8.0,21.0,0.263,1,0.0,0.0,0.0,0.0,0.0,0.0,0.0,0.0,1.0,1,0.8660254037844386,0.5000000000000001,0.0,1.0
ZD,WM,2024-02-01,2024,2,6,4.0,1.0,2,4.0,1.0,2,4,0.5,0.5,0,181,36,5.03,0,12,8412.09,7973.03,16385.12,22.333333333333332,11.166666666666666,11.166666666666666,6,7.333333333333333,3.6666666666666665,3.6666666666666665,2984.0299999999997,2984.09,5968.12,0.0,0.0,72.0,0.0,0.0,7.769184184870843,0.2002873577969684,0.001609195398445102,0.0,18.6796912191243,33.6486197381184,7.364658257056927,7.745008565461392,0.2034482769989248,0.0015086206853732295,0.0,19.086218018983974,34.110516342623484,7.358514369733032,0,0.0,8.0,21.0,0.263,1,1.0,0.0,0.0,0.0,1.0,0.0,0.0,0.0,0.0,1,0.8660254037844386,0.5000000000000001,1.0,0.0
SHL,LEDN,2024-02-01,2024,2,29,4120.0,1.56,1173,14365.0,5.45,1182,2635,0.4452,0.4486,1811,2675,1,2675.0,0,17,15111.880000000001,12163.5,27275.38,44.65277777777778,22.77777777777778,21.875,18,35.33333333333333,18.444444444444443,16.88888888888889,12235.0,12890.0,25125.0,1.0,0.05555555555555555,306.0,0.4170323914242463,0.09090909090909091,7.797063449140767,0.18448275994595098,0.0008045976938701224,0.0,19.06484791328167,35.49982660460746,7.490454212002371,7.9042815178547094,0.19870689765004249,0.0007040229915031072,0.0,20.98250385228245,37.80413692915577,7.54472698391169,0,0.0,8.0,21.0,0.263,1,0.9996205,0.00037950664,0.0,0.0,1.0,0.0,0.0,0.0,0.0,1,0.8660254037844386,0.5000000000000001,0.0,1.0
SHL,ASDL,2024-02-01,2024,2,12,2722.0,1.47,733,6468.0,3.5,896,1848,0.3966,0.4848,1287,1697,1,1697.0,0,17,15111.880000000001,12163.5,27275.38,44.65277777777778,22.77777777777778,21.875,4,15.0,7.5,7.5,3438.0,3437.0,6875.0,1.0,0.1,68.0,0.45511961331341866,0.1111111111111111,7.797063449140767,0.18448275994595098,0.0008045976938701224,0.0,19.06484791328167,35.49982660460746,7.490454212002371,7.790563387592891,0.18448275994595098,0.0008045976938701224,0.0,19.06484791328167,35.49982660460746,7.483954205252658,0,0.0,8.0,21.0,0.263,1,0.0,0.0,0.0,0.0,0.0,0.0,0.0,0.0,1.0,1,0.8660254037844386,0.5000000000000001,0.0,1.0
DT,SDM,2024-01-01,2024,1,10,5051.0,1.83,1398,23072.0,8.36,1787,2760,0.5065,0.6475,5,2253,1,2253.0,0,10,10368.0,10067.0,20435.0,15.2,7.6,7.6,6,15.333333333333334,7.666666666666667,7.666666666666667,7580.0,7633.0,15213.0,2.0,0.3333333333333333,60.0,1.897814654202382,0.6111111111111112,4.199548431677163,0.10080645218371384,0.0030107527210186886,0.0,18.7400451562097,33.697741098301385,3.9617124268790125,3.980881718958738,0.08387096811045883,0.002822580657178356,0.0,18.714111432753583,34.11870878101677,3.8768494947342784,1,0.0323,8.0,22.0,0.263,1,1.0,0.0,0.0,0.0,1.0,0.0,0.0,0.0,0.0,1,0.49999999999999994,0.8660254037844387,1.0,1.0
HGV,BL,2024-01-01,2024,1,14,1553.0,1.36,369,5122.0,4.49,440,1140,0.3237,0.386,7,1095,1,1095.0,0,5,2178.0,2178.5,4356.5,44.33333333333333,17.0,27.333333333333332,4,30.0,15.0,15.0,2178.0,2178.0,4356.0,0.0,0.0,20.0,0.0,0.0,3.2101667320145473,0.10080645184323031,0.001693548414335456,0.0035080644377176802,18.831066230772645,33.81870875307309,3.0375860862669244,3.137470474446653,0.1100806456399701,0.0023521505276201875,0.0030107526208764763,19.7825988236294,35.11064430398326,3.0509113063084423,1,0.0323,8.0,22.0,0.263,1,0.08859649,0.0,0.0,0.0,0.089,0.0,0.0,0.0,0.911,1,0.49999999999999994,0.8660254037844387,1.0,0.0
VP,RH,2024-01-01,2024,1,4,535.0,0.54,139,1695.0,1.7,166,1000,0.139,0.166,0,958,1,958.0,0,4,1910.0,1910.0,3820.0,7.0,3.5,3.5,4,10.0,5.0,5.0,1910.0,1910.0,3820.0,0.0,0.0,16.0,0.0,0.0,3.22291120882797,0.09610215142890009,0.0030107527210186886,0.002231182745828103,18.21268786922578,34.02338611502801,3.453690792959664,3.17101348856444,0.09193548403920666,0.0014112903486176204,0.002231182745828103,18.17246506964007,33.90919269861713,3.4758521681300976,1,0.0323,8.0,22.0,0.263,0,0.062,0.0,0.0,0.0,0.062,0.0,0.0,0.0,0.938,1,0.49999999999999994,0.8660254037844387,0.0,1.0
HAD,HLM,2024-01-01,2024,1,4,1974.0,0.96,437,12192.0,5.93,699,2056,0.2125,0.34,0,1745,1,1745.0,0,6,5763.0,4609.0,10372.0,24.0,12.0,12.0,19,29.42222222222222,13.222222222222221,16.2,7977.34,9322.34,17299.68,1.0,0.07142857142857142,114.0,0.40242960438184466,0.08333333333333333,4.4167715796589935,0.09233871038242053,0.006962365601011502,0.0,21.464343511289165,38.31580543902613,3.9070269215741864,4.467134521548106,0.09260752761075573,0.007620967644196685,0.0,22.694373001975396,40.57645042352779,4.065521599739911,1,0.0323,8.0,22.0,0.263,1,1.0,0.0,0.0,0.0,1.0,0.0,0.0,0.0,0.0,1,0.49999999999999994,0.8660254037844387,1.0,0.0
RB,BGN,2024-01-01,2024,1,16,2331.0,1.99,695,8180.0,6.98,824,1172,0.593,0.7031,0,1750,1,1750.0,0,4,3462.0,3462.0,6924.0,19.0,9.5,9.5,6,44.0,22.0,22.0,3978.0,3136.0,7114.0,0.0,0.0,24.0,0.0,0.0,3.8635752755217254,0.08615591448120853,0.002446236569554575,0.0013306451315480855,18.230228838260455,34.40322492776379,4.053360212318879,3.7062606356126726,0.08454301179216434,0.0033870968186566906,0.0013978494311212212,17.946368384585586,33.45145078564203,3.70330367397557,1,0.0323,8.0,22.0,0.263,1,0.76877135,0.0,0.0,0.0,0.769,0.0,0.0,0.0,0.231,1,0.49999999999999994,0.8660254037844387,1.0,0.0
DRON,KPNZ,2024-01-01,2024,1,17,570.0,0.55,198,3398.0,3.26,277,1042,0.19,0.2658,2,1097,1,1097.0,0,4,2220.0,1401.0,3621.0,42.0,21.0,21.0,4,32.0,16.0,16.0,2218.0,1731.0,3949.0,0.0,0.0,16.0,0.0,0.0,3.630806480289026,0.1131720436356401,0.003951612910035477,0.0016532257694991366,19.280342036437602,35.22338608836615,3.4759677937104096,3.477715078826433,0.11989247346276878,0.005645161354413597,0.001693548349243018,19.281967408354244,33.80128941933314,3.359502741245813,1,0.0323,8.0,22.0,0.263,1,0.022072937,0.0,0.0,0.0,0.022,0.0,0.0,0.0,0.978,1,0.49999999999999994,0.8660254037844387,0.0,0.0
HLMS,HLM,2024-02-01,2024,2,1,2276.0,1.21,941,4992.0,2.64,1004,1888,0.4984,0.5318,0,2212,1,2212.0,0,4,4608.0,4527.0,9135.0,8.0,4.0,4.0,13,19.142857142857142,8.0,11.142857142857142,8655.83,9962.88,18618.71,0.0,0.0,52.0,0.0,0.0,7.768640864640474,0.18936781722238694,0.0009051724283517092,0.0,21.793527588205432,39.285516127772716,7.542491394212877,7.716640995365792,0.18936781722238694,0.0009051724283517092,0.0,21.793527588205432,39.285516127772716,7.490491575550759,0,0.0,8.0,21.0,0.263,1,0.000529661,0.0,0.0,0.0,0.001,0.0,0.0,0.0,0.999,1,0.8660254037844386,0.5000000000000001,1.0,0.0
MAS,UTZL,2024-02-01,2024,2,5,360.0,0.26,155,3399.0,2.43,236,1396,0.111,0.1691,14,1451,1,1451.0,0,4,2922.0,1782.0,4704.0,10.0,5.0,5.0,6,22.666666666666668,11.333333333333334,11.333333333333334,2908.0,2726.0,5634.0,0.0,0.0,24.0,0.0,0.0,7.871879496194166,0.17255747165188365,0.0007040230022079643,0.0,19.6793867185198,34.59982663461532,7.513761722493446,7.799456702866431,0.17298850681547118,0.0006034482998409491,0.0,18.6974703446887,35.08086110052021,7.486597507849507,0,0.0,8.0,21.0,0.263,0,0.0,0.0,0.0,0.0028653296,0.0,0.0,0.0,0.003,0.997,1,0.8660254037844386,0.5000000000000001,1.0,0.0
EML,PT,2024-02-01,2024,2,5,726.0,0.69,239,1175.0,1.11,250,1055,0.2265,0.237,0,1122,1,1122.0,0,4,2226.0,2225.0,4451.0,9.0,4.5,4.5,4,12.0,6.0,6.0,2225.0,2225.0,4450.0,0.0,0.0,16.0,0.0,0.0,7.564002898061412,0.19267241478009128,0.007844827544672051,0.0,18.331629160149344,34.614826704065,7.138356349420273,7.622503007194776,0.19267241478009128,0.007844827544672051,0.0,18.331629160149344,34.614826704065,7.196856405714462,0,0.0,8.0,21.0,0.263,0,0.0009478673,0.0,0.0,0.0,0.001,0.0,0.0,0.0,0.999,1,0.8660254037844386,0.5000000000000001,1.0,1.0
HFD,SHL,2024-02-01,2024,2,5,4080.0,1.3,1297,7029.0,2.25,581,3127,0.4148,0.1858,76,3000,1,3000.0,0,4,2846.0,4423.0,7269.0,10.0,5.0,5.0,17,44.65277777777778,22.77777777777778,21.875,15111.880000000001,12163.5,27275.38,0.0,0.0,68.0,0.0,0.0,7.8910201106263305,0.1925287369809959,0.0014080460044159286,0.0,19.626304683329046,35.84379217747984,7.5637212638882385,7.797063449140767,0.18448275994595098,0.0008045976938701224,0.0,19.06484791328167,35.49982660460746,7.490454212002371,0,0.0,8.0,21.0,0.263,0,0.0,0.0,0.0,0.0,0.0,0.0,0.0,0.0,1.0,1,0.8660254037844386,0.5000000000000001,0.0,1.0
VST,DVNK,2024-02-01,2024,2,2,1052.0,0.62,509,3232.0,1.92,561,1685,0.3021,0.3329,21,1688,1,1688.0,0,4,3445.0,3445.0,6890.0,8.0,4.0,4.0,4,5.0,2.5,2.5,3445.0,3445.0,6890.0,0.0,0.0,16.0,0.0,0.0,7.915233029839422,0.18764367936200452,0.0005028735546545051,0.0,20.01459210939791,35.99534391740273,7.624572067425169,7.915233029839422,0.18764367936200452,0.0005028735546545051,0.0,20.01459210939791,35.99534391740273,7.624572067425169,0,0.0,8.0,21.0,0.263,1,0.0,0.0,0.0,0.0,0.0,0.0,0.0,0.0,1.0,1,0.8660254037844386,0.5000000000000001,1.0,0.0
DMN,WP,2024-02-01,2024,2,7,1619.0,1.14,551,3521.0,2.49,590,1416,0.3891,0.4167,0,1543,1,1543.0,0,4,3136.0,3120.0,6256.0,9.0,4.5,4.5,10,20.4,10.0,10.4,6690.0,6687.0,13377.0,0.0,0.0,40.0,0.0,0.0,7.789299114874896,0.185775863006711,0.0012068965782721837,0.0,19.652092345144556,34.550688718242206,7.41688527800571,7.782799051012095,0.185775863006711,0.0012068965782721837,0.0,19.652092345144556,34.550688718242206,7.410385266802777,0,0.0,8.0,21.0,0.263,1,0.0,0.0,0.0,0.0,0.0,0.0,0.0,0.0,1.0,1,0.8660254037844386,0.5000000000000001,1.0,0.0
NS,HDE,2024-01-01,2024,1,9,1269.0,1.15,342,2801.0,2.54,370,1104,0.3098,0.3351,5,1094,1,1094.0,0,4,2201.0,2203.0,4404.0,21.0,10.5,10.5,4,18.0,9.0,9.0,2202.0,2202.0,4404.0,0.0,0.0,16.0,0.0,0.0,3.420274151859665,0.08924731225656565,0.0019758064800532915,0.0017204300690722722,19.4930760589258,35.44645065646018,3.431833286619475,3.382854860931915,0.09354838775971563,0.004233871025824418,0.0017338709289868993,19.415674152553724,34.071289413718766,3.179225823521534,1,0.0323,8.0,22.0,0.263,1,0.0,0.0,0.0,0.0009057971,0.0,0.0,0.0,0.001,0.999,1,0.49999999999999994,0.8660254037844387,1.0,0.0
HAD,HIL,2024-01-01,2024,1,7,1011.0,0.91,358,2126.0,1.92,384,1110,0.3225,0.3459,1,1124,1,1124.0,0,6,5763.0,4609.0,10372.0,24.0,12.0,12.0,4,17.0,8.5,8.5,2283.0,2283.0,4566.0,0.0,0.0,24.0,0.0,0.0,4.4167715796589935,0.09233871038242053,0.006962365601011502,0.0,21.464343511289165,38.31580543902613,3.9070269215741864,5.199309078365644,0.09193548466008837,0.003857526948214859,0.0,28.40242210991921,39.057095810290306,6.472427254082055,1,0.0323,8.0,22.0,0.263,1,0.0018018018,0.0,0.0,0.0009009009,0.002,0.0,0.0,0.001,0.997,1,0.49999999999999994,0.8660254037844387,0.0,0.0
DRON,LLS,2024-01-01,2024,1,25,9.0,1.13,3,9.0,1.13,3,8,0.375,0.375,0,304,1,304.0,0,4,2220.0,1401.0,3621.0,42.0,21.0,21.0,8,63.333333333333336,35.333333333333336,28.0,2536.0,4682.0,7218.0,0.0,0.0,32.0,0.0,0.0,3.630806480289026,0.1131720436356401,0.003951612910035477,0.0016532257694991366,19.280342036437602,35.22338608836615,3.4759677937104096,3.67308602578217,0.10456989291975255,0.0015994623824152896,0.0016532257694991366,20.39001553369466,35.24032165542726,3.453865636781018,1,0.0323,8.0,22.0,0.263,1,1.0,0.0,0.0,0.0,1.0,0.0,0.0,0.0,0.0,1,0.49999999999999994,0.8660254037844387,1.0,0.0
AMPO,ALM,2024-01-01,2024,1,3,5.0,1.25,2,5.0,1.25,2,4,0.5,0.5,0,34,9,3.78,0,7,5860.0,5859.780000000001,11719.78,22.333333333333336,12.333333333333334,10.0,16,31.396825396825395,15.11111111111111,16.285714285714285,6034.78,7160.0,13194.779999999999,2.0,0.16666666666666666,112.0,1.9235933878519513,0.625,3.8222365839537034,0.09489247373114991,0.00620967734565017,0.001693548349243018,20.068057966168208,35.80403124901556,3.50476346129892,3.933755411155602,0.08884408642407707,0.0033870967685855845,0.0,20.91069567123408,36.282579628370144,2.906134478875526,1,0.0323,8.0,22.0,0.263,1,0.0,0.0,0.0,0.0,0.0,0.0,0.0,0.0,1.0,1,0.49999999999999994,0.8660254037844387,1.0,0.0
DT,RTD,2024-01-01,2024,1,14,248.0,0.6,98,1507.0,3.62,131,416,0.2356,0.3149,0,943,1,943.0,0,10,10368.0,10067.0,20435.0,15.2,7.6,7.6,15,47.44444444444444,26.0,21.444444444444443,10630.0,14622.0,25252.0,2.0,0.16666666666666666,150.0,1.424137568996588,0.47619047619047616,4.199548431677163,0.10080645218371384,0.0030107527210186886,0.0,18.7400451562097,33.697741098301385,3.9617124268790125,4.006881736759698,0.08387096811045883,0.002822580657178356,0.0,18.714111432753583,34.11870878101677,3.9028495071075295,1,0.0323,8.0,22.0,0.263,1,0.9807692,0.01923077,0.0,0.0,0.981,0.019,0.0,0.0,0.0,1,0.49999999999999994,0.8660254037844387,1.0,1.0
ZL,MP,2024-01-01,2024,1,28,3690.0,1.14,899,16554.0,5.14,983,3223,0.2789,0.305,128,3042,1,3042.0,0,14,5773.5,9869.0,15642.5,85.42857142857143,47.285714285714285,38.142857142857146,7,48.66666666666667,20.666666666666668,28.0,6085.0,4943.0,11028.0,2.0,0.18181818181818182,98.0,1.531574161186449,0.5333333333333333,3.425806447963721,0.10080645219372805,0.005174731224855428,0.0017204300690722722,19.757889633697847,34.96499910918615,3.4853494669541076,3.33071236728981,0.10672043094671863,0.0030107527310329098,0.0035618278773761887,19.336175351613953,35.2519345706509,3.1930107548382254,1,0.0323,8.0,22.0,0.263,1,0.4036612,0.0,0.0,0.0,0.404,0.0,0.0,0.0,0.596,1,0.49999999999999994,0.8660254037844387,0.0,1.0
AH,ED,2024-01-01,2024,1,17,1168.0,0.54,455,10917.0,5.0,766,2183,0.2084,0.3509,115,2031,1,2031.0,0,14,7311.0,7682.0,14993.0,21.714285714285715,10.857142857142858,10.857142857142858,9,44.1,23.5,20.6,4108.0,4476.0,8584.0,0.0,0.0,126.0,0.0,0.0,3.112411327489842,0.09610215142890009,0.0030107527210186886,0.0028225805820716967,18.21268786922578,34.02338611502801,3.3431908805323864,3.2422312177437287,0.09193548511072833,0.004892473129094929,0.0028360214419863236,17.877992964559986,33.122902318995486,3.26595434445327,1,0.0323,8.0,22.0,0.263,1,1.0,0.0,0.0,0.0,1.0,0.0,0.0,0.0,0.0,1,0.49999999999999994,0.8660254037844387,1.0,1.0
AH,DR,2024-01-01,2024,1,16,851.0,0.74,184,7243.0,6.31,423,1148,0.1603,0.3685,45,1126,1,1126.0,0,14,7311.0,7682.0,14993.0,21.714285714285715,10.857142857142858,10.857142857142858,8,20.5,10.25,10.25,4206.0,4166.0,8372.0,0.0,0.0,112.0,0.0,0.0,3.112411327489842,0.09610215142890009,0.0030107527210186886,0.0028225805820716967,18.21268786922578,34.02338611502801,3.3431908805323864,3.185696124537317,0.08978494708376225,0.0011290322728855636,0.002123655866511086,18.400306002747627,32.86209588537934,3.4078063546800084,1,0.0323,8.0,22.0,0.263,1,1.0,0.0,0.0,0.0,1.0,0.0,0.0,0.0,0.0,1,0.49999999999999994,0.8660254037844387,0.0,1.0
HLMS,HWZB,2024-02-01,2024,2,7,1363.0,0.66,630,4309.0,2.1,700,2050,0.3073,0.3415,1,2315,1,2315.0,0,4,4608.0,4527.0,9135.0,8.0,4.0,4.0,4,14.0,7.0,7.0,4608.0,4614.0,9222.0,0.0,0.0,16.0,0.0,0.0,7.768640864640474,0.18936781722238694,0.0009051724283517092,0.0,21.793527588205432,39.285516127772716,7.542491394212877,7.768640864640474,0.18936781722238694,0.0009051724283517092,0.0,21.793527588205432,39.285516127772716,7.542491394212877,0,0.0,8.0,21.0,0.263,1,0.0,0.0,0.0,0.0,0.0,0.0,0.0,0.0,1.0,1,0.8660254037844386,0.5000000000000001,1.0,1.0
RTB,RTZ,2024-02-01,2024,2,3,1303.0,0.7,430,4587.0,2.48,506,1849,0.2326,0.2737,20,1919,1,1919.0,0,7,8703.0,7082.0,15785.0,14.416666666666668,6.75,7.666666666666667,6,4.666666666666667,2.3333333333333335,2.3333333333333335,3837.0,3837.0,7674.0,1.0,0.16666666666666666,42.0,0.9102392266268373,0.3333333333333333,7.977241608346331,0.1737068971704649,0.0024137930280860812,0.0,19.48743032107408,35.72896461925287,7.646781773402773,7.983741279563,0.1737068971704649,0.0024137930280860812,0.0,19.48743032107408,35.72896461925287,7.653281549612681,0,0.0,8.0,21.0,0.263,1,0.0,0.0,0.0,0.0,0.0,0.0,0.0,0.0,1.0,1,0.8660254037844386,0.5000000000000001,1.0,0.0
HFD,NVP,2024-02-01,2024,2,5,2746.0,1.88,865,5712.0,3.9,938,1464,0.5908,0.6407,16,1423,1,1423.0,0,4,2846.0,4423.0,7269.0,10.0,5.0,5.0,4,16.0,8.0,8.0,2840.0,2840.0,5680.0,0.0,0.0,16.0,0.0,0.0,7.8910201106263305,0.1925287369809959,0.0014080460044159286,0.0,19.626304683329046,35.84379217747984,7.5637212638882385,7.897520173897688,0.1925287369809959,0.0014080460044159286,0.0,19.626304683329046,35.84379217747984,7.5702212720081725,0,0.0,8.0,21.0,0.263,1,0.0,0.0,0.0,0.0,0.0,0.0,0.0,0.0,1.0,1,0.8660254037844386,0.5000000000000001,1.0,0.0
PMO,HN,2024-02-01,2024,2,18,559.0,0.9,142,1831.0,2.95,173,620,0.229,0.279,0,657,1,657.0,0,4,2043.0,1684.0,3727.0,19.0,9.5,9.5,12,40.333333333333336,20.166666666666668,20.166666666666668,4111.25,4792.0,8903.25,1.0,0.14285714285714285,48.0,0.7213475204444817,0.25,7.716919481561615,0.18160919625654645,0.00442528728952353,2.8735631541616615e-05,21.740005351431755,36.89275757882787,7.419864929784303,7.669545965536829,0.18074712761003395,0.0007040230022079643,2.8735631541616615e-05,19.979274317536547,35.323964620116115,7.334344804629512,0,0.0,8.0,21.0,0.263,1,0.025806451,0.0,0.0,0.0,0.026,0.0,0.0,0.0,0.974,1,0.8660254037844386,0.5000000000000001,0.0,0.0
LW,GW,2024-02-01,2024,2,13,415.0,0.45,99,1680.0,1.84,51,913,0.1084,0.0559,25,996,1,996.0,0,3,0.0,2104.5,2104.5,20.0,0.0,20.0,3,14.0,9.0,5.0,1921.0,997.0,2918.0,1.0,0.25,9.0,0.9102392266268373,0.3333333333333333,7.201189849292859,0.1742816105506372,0.005330459717875239,0.0001724137892496997,18.96358328817905,34.22017154337346,6.806362270966344,7.222491371616636,0.18089080459556017,0.006135057508089076,0.00015804597347889138,19.502954988644042,34.17103360713213,6.843396528185099,0,0.0,8.0,21.0,0.263,0,0.07338445,0.0,0.0,0.0,0.073,0.0,0.0,0.0,0.927,1,0.8660254037844386,0.5000000000000001,0.0,1.0
LLS,ZL,2024-02-01,2024,2,57,2297.0,2.28,485,6847.0,6.79,509,1008,0.4812,0.505,28,1132,1,1132.0,0,9,2361.0,4751.0,7112.0,65.0,37.0,28.0,16,96.0,52.0,44.0,6412.71,10156.14,16568.85,2.0,0.14285714285714285,144.0,1.344533708530089,0.43333333333333335,7.538770004122079,0.16839080534061823,0.0016091953770353876,8.620689462484985e-05,19.946568917782827,34.791206025186625,7.1243304163217545,7.550574714917389,0.17499999947118006,0.0035201148183523923,0.00011494252616646646,19.255094976860217,34.37534390167258,7.149066085788025,0,0.0,8.0,21.0,0.263,1,0.99900794,0.0,0.0,0.0009920635,0.999,0.0,0.0,0.001,0.0,1,0.8660254037844386,0.5000000000000001,0.0,1.0
UT,UTZL,2024-02-01,2024,2,2,639.0,0.46,190,3709.0,2.68,271,1384,0.1373,0.1958,38,1457,1,1457.0,0,31,22408.09,33103.8,55511.89,43.03846153846154,21.53846153846154,21.5,6,22.666666666666668,11.333333333333334,11.333333333333334,2908.0,2726.0,5634.0,1.0,0.047619047619047616,186.0,0.4170323914242463,0.09090909090909091,7.762977176527867,0.1790229899102244,0.001910919526955862,0.0,18.63424655966375,34.2796542658203,7.414988690751723,7.799456702866431,0.17298850681547118,0.0006034482998409491,0.0,18.6974703446887,35.08086110052021,7.486597507849507,0,0.0,8.0,21.0,0.263,0,0.0,0.0,0.0,0.0,0.0,0.0,0.0,0.0,1.0,1,0.8660254037844386,0.5000000000000001,0.0,0.0
UT,ASB,2024-02-01,2024,2,29,1553.0,0.67,437,11748.0,5.09,699,2310,0.1892,0.3026,103,2341,1,2341.0,0,31,22408.09,33103.8,55511.89,43.03846153846154,21.53846153846154,21.5,21,23.072727272727274,11.272727272727273,11.8,8163.6,7446.7,15610.3,4.0,0.15384615384615385,651.0,2.4295048995736837,0.7492424242424243,7.762977176527867,0.1790229899102244,0.001910919526955862,0.0,18.63424655966375,34.2796542658203,7.414988690751723,7.711299040285207,0.185775863006711,0.0012068965782721837,0.0,19.652092345144556,34.550688718242206,7.33888520249005,0,0.0,8.0,21.0,0.263,1,0.97705626,0.0,0.0,0.0,0.977,0.0,0.0,0.0,0.023,1,0.8660254037844386,0.5000000000000001,0.0,1.0
KLP,ED,2024-01-01,2024,1,7,802.0,0.62,168,5889.0,4.54,292,1297,0.1295,0.2251,0,1221,1,1221.0,0,6,2411.0,2362.0,4773.0,42.0,21.0,21.0,9,44.1,23.5,20.6,4108.0,4476.0,8584.0,2.0,0.3333333333333333,54.0,0.9609582064547204,0.25263157894736843,3.3267312269127096,0.09193548511072833,0.004892473129094929,0.0026344085432669167,17.877992964559986,33.122902318995486,3.3504543316510498,3.2422312177437287,0.09193548511072833,0.004892473129094929,0.0028360214419863236,17.877992964559986,33.122902318995486,3.26595434445327,1,0.0323,8.0,22.0,0.263,0,1.0,0.0,0.0,0.0,1.0,0.0,0.0,0.0,0.0,1,0.49999999999999994,0.8660254037844387,1.0,0.0
ZWD,BRD,2024-01-01,2024,1,7,1276.0,0.67,701,4038.0,2.11,767,1918,0.3655,0.3999,23,1887,1,1887.0,0,4,3812.0,2057.0,5869.0,9.0,4.5,4.5,4,11.0,5.5,5.5,3820.0,3672.0,7492.0,0.0,0.0,16.0,0.0,0.0,3.847782266161014,0.07634408605755658,0.0013172043066832326,0.00012096773923164414,19.118761129276727,33.81290235314318,3.8102150595576694,3.8087823322363277,0.07634408605755658,0.0013172043066832326,0.0,19.118761129276727,33.81290235314318,3.7712150900824977,1,0.0323,8.0,22.0,0.263,1,0.0,0.0,0.0,0.0,0.0,0.0,0.0,0.0,1.0,1,0.49999999999999994,0.8660254037844387,0.0,0.0
ALMO,ALMB,2024-01-01,2024,1,2,533.0,0.34,193,4388.0,2.76,250,1588,0.1215,0.1574,54,1719,1,1719.0,0,3,2323.0,1719.0,4042.0,11.0,9.0,2.0,7,11.5,7.5,4.0,3755.0,3009.0,6764.0,1.0,0.2,21.0,0.6213349345596119,0.2,3.90237101317153,0.09959677472630496,0.0022580645057142423,0.0008333333147068819,21.510415494361872,38.545160226924445,3.683822639619491,3.8893710799885772,0.09959677472630496,0.0022580645057142423,0.0008333333147068819,21.510415494361872,38.545160226924445,3.670822680166732,1,0.0323,8.0,22.0,0.263,0,0.0,0.0,0.0,0.0,0.0,0.0,0.0,0.0,1.0,1,0.49999999999999994,0.8660254037844387,1.0,1.0
ESK,HGL,2024-02-01,2024,2,4,133.0,0.65,40,337.0,1.65,45,204,0.1961,0.2206,0,210,1,210.0,0,3,395.0,210.0,605.0,8.0,4.0,4.0,7,15.416666666666668,7.75,7.666666666666667,2715.0,1545.0,4260.0,1.0,0.2,21.0,1.4426950408889634,0.5,7.304925464540613,0.16982758669289708,0.00040229886299234695,0.0,17.323984890319835,32.940516327646954,6.900471444702012,7.363425066828428,0.16982758669289708,0.00040229886299234695,0.0,17.323984890319835,32.940516327646954,6.958971096866432,0,0.0,8.0,21.0,0.263,0,0.073529415,0.0,0.0,0.0,0.074,0.0,0.0,0.0,0.926,1,0.8660254037844386,0.5000000000000001,0.0,1.0
VS,MDB,2024-02-01,2024,2,6,105.0,0.3,39,2640.0,7.59,85,348,0.1121,0.2443,12,301,1,301.0,0,2,0.0,1473.0,1473.0,3.5,0.0,3.5,7,17.833333333333336,8.5,9.333333333333334,2919.0,2624.0,5543.0,1.0,0.2,14.0,1.4426950408889634,0.5,8.210244143146207,0.17083333443379264,0.00010057471307187245,0.0,19.18658113411103,34.741550822367614,7.738189591758553,8.296298929158299,0.18290229930660162,0.0010057471307187245,0.0,22.884678865301197,42.08844723920713,8.039546028635968,0,0.0,8.0,21.0,0.263,0,1.0,0.0,0.0,0.0,1.0,0.0,0.0,0.0,0.0,1,0.8660254037844386,0.5000000000000001,0.0,0.0
ZP,DV,2024-02-01,2024,2,16,846.0,1.0,311,4379.0,5.2,268,842,0.3694,0.3183,5,1208,1,1208.0,0,6,2379.0,3383.0,5762.0,24.0,12.0,12.0,12,29.666666666666668,14.833333333333334,14.833333333333334,6499.0,6818.0,13317.0,0.0,0.0,72.0,0.0,0.0,7.615468499261415,0.17557471388972354,0.001206896535452755,0.0,18.26987829239204,33.55913704839246,7.183500065029352,7.544411114871973,0.16982758706756707,0.0009051724069419948,0.0,17.909002355246365,33.56586113280949,7.173362237283553,0,0.0,8.0,21.0,0.263,1,0.9988124,0.0,0.0,0.0011876485,0.999,0.0,0.0,0.001,0.0,1,0.8660254037844386,0.5000000000000001,1.0,0.0
AVAT,AMFS,2024-02-01,2024,2,3,1069.0,0.57,386,2515.0,1.34,353,1872,0.2062,0.1886,2,1934,1,1934.0,0,4,2225.0,3037.0,5262.0,8.0,4.0,4.0,4,6.0,3.0,3.0,3810.0,4092.0,7902.0,0.0,0.0,16.0,0.0,0.0,7.683979881713274,0.19195402402901787,0.007744252649617606,0.0,18.23156771029549,32.86034394680769,7.230028732583441,7.670980135449904,0.19195402402901787,0.007744252649617606,0.0,18.23156771029549,32.86034394680769,7.217028937634381,0,0.0,8.0,21.0,0.263,0,0.00053418806,0.0,0.0,0.0,0.001,0.0,0.0,0.0,0.999,1,0.8660254037844386,0.5000000000000001,1.0,1.0
TBR,GZ,2024-02-01,2024,2,6,1668.0,1.51,368,7562.0,6.84,507,1105,0.333,0.4588,0,1174,1,1174.0,0,4,2366.0,2347.0,4713.0,10.0,5.0,5.0,4,16.0,8.0,8.0,2331.0,2321.0,4652.0,0.0,0.0,16.0,0.0,0.0,7.976502883446071,0.19885057607001957,0.0005028735653593622,0.0,18.36264716688244,34.79275769269329,7.603729913974631,7.944827576874402,0.2081896565726091,0.0007040229807982499,0.0,18.226798296574202,33.63930940216985,7.544827589358406,0,0.0,8.0,21.0,0.263,1,0.028054299,0.0,0.0,0.0,0.028,0.0,0.0,0.0,0.972,1,0.8660254037844386,0.5000000000000001,1.0,1.0
GS,ARN,2024-02-01,2024,2,15,2204.0,1.96,622,7804.0,6.94,752,1125,0.5529,0.6684,10,1152,1,1152.0,0,9,2919.0,2919.33,5838.33,36.4,19.0,17.4,4,19.0,9.5,9.5,2324.0,2324.0,4648.0,1.0,0.16666666666666666,36.0,0.7213475204444817,0.25,8.207620680332184,0.1714080465614967,0.0002011494261437449,0.0,22.437986214955647,39.28861959912311,7.911931003647289,8.26400862933918,0.16724138029305072,0.0012068965247478977,0.0,20.487850722910345,36.769136882376394,7.892169552287836,0,0.0,8.0,21.0,0.263,1,0.6986667,0.0,0.0,0.0017777778,0.699,0.0,0.0,0.002,0.299,1,0.8660254037844386,0.5000000000000001,1.0,0.0
BTL,BET,2024-01-01,2024,1,10,2499.0,1.33,831,7333.0,3.9,992,1881,0.4418,0.5274,34,1833,1,1833.0,0,6,3664.0,3669.0,7333.0,18.0,9.0,9.0,4,19.0,9.5,9.5,3665.0,3665.0,7330.0,0.0,0.0,24.0,0.0,0.0,3.4221774206286475,0.07930107629026777,0.007997311671735138,0.0014247311509504755,17.751890659051877,33.46935398219734,3.55120967778187,3.36059945091475,0.07526881759485571,0.004892473169151814,0.003494623577803053,17.50478859414016,32.972418512708394,3.5234354400872103,1,0.0323,8.0,22.0,0.263,1,0.0010632642,0.0,0.0,0.0,0.001,0.0,0.0,0.0,0.999,1,0.49999999999999994,0.8660254037844387,1.0,0.0
KLP,DB,2024-01-01,2024,1,22,186.0,0.71,73,1548.0,5.89,107,263,0.2776,0.4068,0,335,1,335.0,0,6,2411.0,2362.0,4773.0,42.0,21.0,21.0,10,30.0,15.0,15.0,4494.0,4696.0,9190.0,2.0,0.3333333333333333,60.0,0.9609582064547204,0.25263157894736843,3.3267312269127096,0.09193548511072833,0.004892473129094929,0.0026344085432669167,17.877992964559986,33.122902318995486,3.3504543316510498,3.550760696201475,0.0912634415592077,0.007903225930227388,0.0019892472673648147,18.645406234328465,34.88370886925728,3.6739462164821486,1,0.0323,8.0,22.0,0.263,1,1.0,0.0,0.0,0.0,1.0,0.0,0.0,0.0,0.0,1,0.49999999999999994,0.8660254037844387,1.0,0.0
ZBM,GDM,2024-01-01,2024,1,9,1701.0,1.48,633,4485.0,3.9,692,1151,0.55,0.6012,1,1131,1,1131.0,0,6,3391.0,1131.33,4522.33,38.0,19.0,19.0,6,18.0,9.0,9.0,6359.0,6364.0,12723.0,0.0,0.0,36.0,0.0,0.0,3.4708521802363896,0.08212365652684883,0.006397849509632716,0.0017607526488161536,18.222007303468644,32.277095967082566,3.5285806942991513,3.521782243509166,0.0826612907732206,0.005645161264285606,0.0017473117889015264,18.41470335375878,34.12596673734726,3.632736543118353,1,0.0323,8.0,22.0,0.263,1,0.0,0.0,0.0,0.0,0.0,0.0,0.0,0.0,1.0,1,0.49999999999999994,0.8660254037844387,1.0,1.0
WDN,RSN,2024-01-01,2024,1,8,617.0,0.63,240,1906.0,1.93,276,986,0.2434,0.2799,3,925,1,925.0,0,4,1832.0,1078.0,2910.0,13.0,6.5,6.5,5,21.166666666666664,7.5,13.666666666666666,1832.0,1865.0,3697.0,0.0,0.0,20.0,0.0,0.0,3.124231242359446,0.10241935555372507,0.0013172043166974538,0.0017204300690722722,18.123256162770332,33.35564434047668,3.1681828146039317,3.1918789295064065,0.10026881828783982,0.004704300995155048,0.0017473117889015264,18.48914554362656,34.38919261706773,3.2162068975333287,1,0.0323,8.0,22.0,0.263,1,0.0010141988,0.0,0.0,0.0,0.001,0.0,0.0,0.0,0.999,1,0.49999999999999994,0.8660254037844387,1.0,0.0
ZDK,PMW,2024-01-01,2024,1,10,800.0,0.79,219,2432.0,2.4,259,1015,0.2158,0.2552,1,925,1,925.0,0,4,1858.0,1857.0,3715.0,13.0,6.5,6.5,4,11.0,5.5,5.5,1858.0,1859.0,3717.0,0.0,0.0,16.0,0.0,0.0,3.9488952346096036,0.08669354894789316,0.005080645253020589,0.0,19.396668416518036,33.946934637843924,2.839755399222736,4.035838760400531,0.08669354837708255,0.0021639785038367393,0.0,22.07626597927783,37.07564414893427,3.0537151129595856,1,0.0323,8.0,22.0,0.263,0,0.05221675,0.0,0.0,0.0,0.052,0.0,0.0,0.0,0.948,1,0.49999999999999994,0.8660254037844387,0.0,1.0
DTCP,SDM,2024-01-01,2024,1,9,2606.0,1.36,1185,4674.0,2.44,1229,1913,0.6194,0.6424,3,1666,1,1666.0,0,4,3637.0,3489.0,7126.0,10.0,5.0,5.0,6,15.333333333333334,7.666666666666667,7.666666666666667,7580.0,7633.0,15213.0,1.0,0.25,24.0,0.6213349345596119,0.2,4.193048479085568,0.10080645218371384,0.0030107527210186886,0.0,18.7400451562097,33.697741098301385,3.955212407560158,3.980881718958738,0.08387096811045883,0.002822580657178356,0.0,18.714111432753583,34.11870878101677,3.8768494947342784,1,0.0323,8.0,22.0,0.263,1,0.0,0.0,0.0,0.0,0.0,0.0,0.0,0.0,1.0,1,0.49999999999999994,0.8660254037844387,1.0,0.0
BLL,HLM,2024-01-01,2024,1,3,604.0,0.51,229,3203.0,2.69,291,1192,0.1921,0.2441,1,1167,1,1167.0,0,4,2314.0,2314.0,4628.0,5.0,2.5,2.5,19,29.42222222222222,13.222222222222221,16.2,7977.34,9322.34,17299.68,0.0,0.0,76.0,0.0,0.0,4.49963448930692,0.09260752761075573,0.007620967644196685,0.0,22.694373001975396,40.57645042352779,4.098021542943854,4.467134521548106,0.09260752761075573,0.007620967644196685,0.0,22.694373001975396,40.57645042352779,4.065521599739911,1,0.0323,8.0,22.0,0.263,0,0.0,0.0,0.0,0.0,0.0,0.0,0.0,0.0,1.0,1,0.49999999999999994,0.8660254037844387,1.0,0.0
SGN,ANA,2024-01-01,2024,1,9,2530.0,2.12,503,7138.0,5.97,610,1195,0.4209,0.5105,50,1167,1,1167.0,0,4,1704.0,2022.0,3726.0,23.0,11.5,11.5,4,20.0,10.0,10.0,2346.0,2022.0,4368.0,0.0,0.0,16.0,0.0,0.0,4.16625281717498,0.10174731231264529,0.0047983870971747625,0.0,19.63265979049667,34.53193454204067,3.302341491745044,5.101631803505663,0.1126344096095812,0.0043279570176877,0.0,25.907219588596334,46.83048259571034,4.736443642611986,1,0.0323,8.0,22.0,0.263,1,0.9924686,0.0,0.0,0.0008368201,0.992,0.0,0.0,0.001,0.007,1,0.49999999999999994,0.8660254037844387,1.0,1.0
BTL,VG,2024-01-01,2024,1,8,1182.0,1.25,320,4061.0,4.3,387,944,0.339,0.41,29,921,1,921.0,0,6,3664.0,3669.0,7333.0,18.0,9.0,9.0,4,12.0,6.0,6.0,1842.0,940.0,2782.0,0.0,0.0,24.0,0.0,0.0,3.4221774206286475,0.07930107629026777,0.007997311671735138,0.0014247311509504755,17.751890659051877,33.46935398219734,3.55120967778187,3.4502876522945822,0.07190860257113493,0.004327956977630815,0.0013709677112919668,18.218904419291405,33.22257975416799,3.571322621675008,1,0.0323,8.0,22.0,0.263,1,0.0,0.0,0.0,0.0,0.0,0.0,0.0,0.0,1.0,1,0.49999999999999994,0.8660254037844387,0.0,0.0
ZBM,HT,2024-01-01,2024,1,13,28.0,4.67,5,28.0,4.67,5,6,0.8333,0.8333,0,4,12,0.33,0,6,3391.0,1131.33,4522.33,38.0,19.0,19.0,14,39.714285714285715,19.857142857142858,19.857142857142858,10068.33,12079.0,22147.33,1.0,0.1111111111111111,84.0,0.3396232718951086,0.05263157894736842,3.4708521802363896,0.08212365652684883,0.006397849509632716,0.0017607526488161536,18.222007303468644,32.277095967082566,3.5285806942991513,3.464957064678592,0.08682795784245896,0.006680107515265224,0.0013709677112919668,18.203224191101647,33.09628944948155,3.7224167145648472,1,0.0323,8.0,22.0,0.263,1,1.0,0.0,0.0,0.0,1.0,0.0,0.0,0.0,0.0,1,0.49999999999999994,0.8660254037844387,1.0,0.0
MP,SWK,2024-01-01,2024,1,14,3738.0,1.8,737,12940.0,6.24,945,2074,0.3554,0.4556,46,2010,1,2010.0,0,7,6085.0,4943.0,11028.0,48.66666666666667,20.666666666666668,28.0,6,34.0,17.0,17.0,4039.0,3968.0,8007.0,0.0,0.0,42.0,0.0,0.0,3.33071236728981,0.10672043094671863,0.0030107527310329098,0.0035618278773761887,19.336175351613953,35.2519345706509,3.1930107548382254,3.4390161880642496,0.09690860252306667,0.0015994623924295108,0.002647849403181544,19.907589498066134,34.85999906575808,3.2671075399254037,1,0.0323,8.0,22.0,0.263,1,0.57425267,0.0,0.0,0.0,0.574,0.0,0.0,0.0,0.426,1,0.49999999999999994,0.8660254037844387,1.0,1.0
CAS,AMR,2024-01-01,2024,1,12,211.0,5.02,31,621.0,14.79,38,42,0.7381,0.9048,0,23,1,23.0,0,10,5530.0,5173.17,10703.17,22.6,12.6,10.0,6,12.0,6.0,6.0,3068.0,4334.0,7402.0,1.0,0.125,60.0,0.9102392266268373,0.3333333333333333,4.572043021239581,0.09556451626121998,0.006491935561581325,0.0,23.706434238021092,40.421127988446145,4.160080645949409,4.623155981562631,0.10376344062387943,0.007244623746843108,0.0,24.391501140209936,41.486611809781806,4.180548415609425,1,0.0323,8.0,22.0,0.263,1,1.0,0.0,0.0,0.0,1.0,0.0,0.0,0.0,0.0,1,0.49999999999999994,0.8660254037844387,1.0,1.0
ASB,WD,2024-01-01,2024,1,36,50.0,0.75,17,127.0,1.9,31,67,0.2537,0.4627,3,0,12,0.0,1,16,7750.59,7360.0,15110.59,27.5,14.375,13.125,14,34.285714285714285,17.142857142857142,17.142857142857142,9195.25,9202.84,18398.09,1.0,0.06666666666666667,224.0,0.3396232718951086,0.05263157894736842,3.7169301406610558,0.09247311911675879,0.004139784993904252,0.0,19.63019658833422,34.01661194011729,2.877682793670164,3.667518868917219,0.08669354911813493,0.006868279639190884,0.0016666666294137638,19.06403665645148,33.3624184868669,3.6609328216572683,1,0.0323,8.0,22.0,0.263,1,1.0,0.0,0.0,0.0,1.0,0.0,0.0,0.0,0.0,1,0.49999999999999994,0.8660254037844387,0.0,1.0
ASB,DVD,2024-01-01,2024,1,2,996.0,0.64,237,6002.0,3.86,378,1553,0.1526,0.2434,15,1518,1,1518.0,0,16,7750.59,7360.0,15110.59,27.5,14.375,13.125,16,20.07936507936508,11.222222222222221,8.857142857142858,8195.33,8181.0,16376.33,5.0,0.38461538461538464,256.0,2.269062188590806,0.5573934837092731,3.7169301406610558,0.09247311911675879,0.004139784993904252,0.0,19.63019658833422,34.01661194011729,2.877682793670164,3.7299300739741934,0.09247311911675879,0.004139784993904252,0.0,19.63019658833422,34.01661194011729,2.890682762083147,1,0.0323,8.0,22.0,0.263,0,0.044430137,0.0,0.0,0.0,0.044,0.0,0.0,0.0,0.956,1,0.49999999999999994,0.8660254037844387,0.0,1.0
UTG,KMA,2024-02-01,2024,2,5,1056.0,0.72,367,7648.0,5.18,262,1476,0.2486,0.1775,104,1487,1,1487.0,0,6,2441.0,3888.0,6329.0,8.0,4.0,4.0,4,7.0,3.5,3.5,2979.0,1536.0,4515.0,0.0,0.0,24.0,0.0,0.0,7.658261490134715,0.1981321859077133,0.001106321843790597,0.0,22.700928221317543,39.04137821375639,7.3362068867888945,7.702798596294276,0.20014367976236616,0.0005028735653593622,0.0,22.140228504207972,38.44344732268103,7.397913594184251,0,0.0,8.0,21.0,0.263,0,0.0027100272,0.0,0.0,0.0,0.003,0.0,0.0,0.0,0.997,1,0.8660254037844386,0.5000000000000001,0.0,0.0
ZP,DR,2024-02-01,2024,2,13,1014.0,0.89,329,5159.0,4.52,456,1142,0.2881,0.3993,3,1182,1,1182.0,0,6,2379.0,3383.0,5762.0,24.0,12.0,12.0,8,20.5,10.25,10.25,4323.0,4292.0,8615.0,1.0,0.16666666666666666,48.0,1.4426950408889634,0.5,7.615468499261415,0.17557471388972354,0.001206896535452755,0.0,18.26987829239204,33.55913704839246,7.183500065029352,7.546654978287995,0.1775862075945084,0.00010057471307187245,0.0,18.05234090589929,32.44344738434101,7.222588888187518,0,0.0,8.0,21.0,0.263,1,1.0,0.0,0.0,0.0,1.0,0.0,0.0,0.0,0.0,1,0.8660254037844386,0.5000000000000001,1.0,0.0
GS,KRG,2024-02-01,2024,2,11,0.0,0.0,0,150.0,30.0,5,5,0.0,1.0,0,6,18,0.33,0,9,2919.0,2919.33,5838.33,36.4,19.0,17.4,6,21.0,8.0,13.0,2322.33,2323.88,4646.21,2.0,0.2857142857142857,54.0,2.164042561333445,0.75,8.207620680332184,0.1714080465614967,0.0002011494261437449,0.0,22.437986214955647,39.28861959912311,7.911931003647289,8.227120626931903,0.1714080465614967,0.0002011494261437449,0.0,22.437986214955647,39.28861959912311,7.931430994436659,0,0.0,8.0,21.0,0.263,1,1.0,0.0,0.0,0.0,1.0,0.0,0.0,0.0,0.0,1,0.8660254037844386,0.5000000000000001,1.0,0.0
TB,TBU,2024-02-01,2024,2,1,1690.0,1.53,365,7263.0,6.57,434,1105,0.3303,0.3928,18,1192,1,1192.0,0,9,9337.0,6703.0,16040.0,30.8,17.8,13.0,4,5.0,2.5,2.5,2366.0,3315.0,5681.0,0.0,0.0,36.0,0.0,0.0,7.918002760150181,0.19885057607001957,0.0005028735653593622,0.0,18.36264716688244,34.79275769269329,7.545229848088889,7.937503132375022,0.19885057607001957,0.0005028735653593622,0.0,18.36264716688244,34.79275769269329,7.564730115320491,0,0.0,8.0,21.0,0.263,1,0.028054299,0.0,0.0,0.0,0.028,0.0,0.0,0.0,0.972,1,0.8660254037844386,0.5000000000000001,1.0,0.0
ASDM,ASB,2024-02-01,2024,2,6,11.0,0.79,4,240.0,17.14,8,14,0.2857,0.5714,1,4,8,0.5,0,7,6143.0,5474.5,11617.5,5.583333333333334,2.3333333333333335,3.25,21,23.072727272727274,11.272727272727273,11.8,8163.6,7446.7,15610.3,2.0,0.15384615384615385,147.0,1.0383673259838582,0.2909090909090909,7.763299092404202,0.185775863006711,0.0012068965782721837,0.0,19.652092345144556,34.550688718242206,7.390885255117526,7.711299040285207,0.185775863006711,0.0012068965782721837,0.0,19.652092345144556,34.550688718242206,7.33888520249005,0,0.0,8.0,21.0,0.263,1,1.0,0.0,0.0,0.0,1.0,0.0,0.0,0.0,0.0,1,0.8660254037844386,0.5000000000000001,1.0,1.0
GS,BGN,2024-02-01,2024,2,37,193.0,0.56,74,2572.0,7.5,118,343,0.2157,0.344,0,300,1,300.0,0,9,2919.0,2919.33,5838.33,36.4,19.0,17.4,7,45.0,23.0,22.0,2920.88,2645.0,5565.88,1.0,0.125,63.0,0.7213475204444817,0.25,8.207620680332184,0.1714080465614967,0.0002011494261437449,0.0,22.437986214955647,39.28861959912311,7.911931003647289,8.032933720497244,0.20344827726654624,0.0011063218652003113,0.0,18.31537908521192,34.31482670841546,7.647660713771294,0,0.0,8.0,21.0,0.263,1,1.0,0.0,0.0,0.0,1.0,0.0,0.0,0.0,0.0,1,0.8660254037844386,0.5000000000000001,1.0,0.0
GS,BZL,2024-02-01,2024,2,5,656.0,0.57,246,6963.0,6.09,357,1144,0.215,0.3121,0,1172,1,1172.0,0,9,2919.0,2919.33,5838.33,36.4,19.0,17.4,4,11.0,5.5,5.5,2322.0,2324.0,4646.0,1.0,0.16666666666666666,36.0,0.7213475204444817,0.25,8.207620680332184,0.1714080465614967,0.0002011494261437449,0.0,22.437986214955647,39.28861959912311,7.911931003647289,8.214120902549261,0.1714080465614967,0.0002011494261437449,0.0,22.437986214955647,39.28861959912311,7.918431241964472,0,0.0,8.0,21.0,0.263,1,0.7237762,0.0,0.0,0.00087412586,0.724,0.0,0.0,0.001,0.275,1,0.8660254037844386,0.5000000000000001,0.0,1.0
EHV,WT,2024-01-01,2024,1,28,3744.0,1.68,835,24840.0,11.13,1330,2231,0.3743,0.5961,299,2025,1,2025.0,0,13,8328.0,10922.0,19250.0,33.14285714285714,15.0,18.142857142857142,5,45.66666666666667,26.0,19.666666666666668,4039.0,4440.0,8479.0,0.0,0.0,65.0,0.0,0.0,3.309844106450797,0.0779569896578949,0.0052688172267329305,0.005161290207216816,16.5179996062671,32.13725709915161,3.4345752604465973,3.0401559054791445,0.07432795702529851,0.006868279639190884,0.01002688153136161,16.635460233496083,31.894353963995492,3.193180131690917,1,0.0323,8.0,22.0,0.263,1,1.0,0.0,0.0,0.0,1.0,0.0,0.0,0.0,0.0,1,0.49999999999999994,0.8660254037844387,0.0,1.0
OT,TB,2024-01-01,2024,1,8,1321.0,1.39,486,3490.0,3.67,538,952,0.5105,0.5651,2,915,1,915.0,0,4,1831.0,1831.0,3662.0,17.0,8.5,8.5,9,30.8,17.8,13.0,8799.0,6550.0,15349.0,0.0,0.0,36.0,0.0,0.0,3.431672067987302,0.07674731222051447,0.004986559151000874,0.0014112902910358484,18.282092387878127,33.053708766096385,3.4947097202567683,3.4484139942584098,0.07876344158324183,0.007809139688008575,0.0013978494311212212,18.121215117874964,34.0316119777259,3.5189113087691766,1,0.0323,8.0,22.0,0.263,1,0.0,0.0,0.0,0.0,0.0,0.0,0.0,0.0,1.0,1,0.49999999999999994,0.8660254037844387,1.0,1.0
BET,BTL,2024-01-01,2024,1,10,1880.0,0.99,590,6912.0,3.64,709,1897,0.311,0.3737,77,1832,1,1832.0,0,4,3665.0,3665.0,7330.0,19.0,9.5,9.5,6,18.0,9.0,9.0,3664.0,3669.0,7333.0,0.0,0.0,24.0,0.0,0.0,3.36059945091475,0.07526881759485571,0.004892473169151814,0.003494623577803053,17.50478859414016,32.972418512708394,3.5234354400872103,3.4221774206286475,0.07930107629026777,0.007997311671735138,0.0014247311509504755,17.751890659051877,33.46935398219734,3.55120967778187,1,0.0323,8.0,22.0,0.263,1,0.0,0.0,0.0,0.0,0.0,0.0,0.0,0.0,1.0,1,0.49999999999999994,0.8660254037844387,1.0,0.0
ASHD,AC,2024-01-01,2024,1,4,3094.0,2.03,972,8164.0,5.35,1068,1525,0.6374,0.7003,3,1528,1,1528.0,0,4,3075.0,3085.0,6160.0,5.0,2.5,2.5,4,16.0,8.0,8.0,3044.0,3043.0,6087.0,0.0,0.0,16.0,0.0,0.0,3.68627967827663,0.09180107608597765,0.0056451613043424905,0.00017473117889015266,19.08350794081406,32.91870880126953,2.8903119244227207,3.6927796373724617,0.09180107608597765,0.0056451613043424905,0.00017473117889015266,19.08350794081406,32.91870880126953,2.8968118624461274,1,0.0323,8.0,22.0,0.263,1,0.0,0.0,0.0,0.0013114754,0.0,0.0,0.0,0.001,0.999,1,0.49999999999999994,0.8660254037844387,0.0,0.0
SSH,LEDN,2024-01-01,2024,1,8,2118.0,1.84,592,5524.0,4.79,674,1154,0.513,0.5841,0,1109,1,1109.0,0,4,2942.0,2571.0,5513.0,19.0,9.5,9.5,21,38.009090909090915,19.90909090909091,18.1,11970.0,12359.67,24329.67,0.0,0.0,84.0,0.0,0.0,4.4227527760880525,0.09448924850952882,0.004327956997659257,0.0,21.347878975893863,37.95628927728181,4.1267849904465015,4.403252713507422,0.09448924850952882,0.004327956997659257,0.0,21.347878975893863,37.95628927728181,4.107284997124225,1,0.0323,8.0,22.0,0.263,1,0.0008665511,0.0,0.0,0.0008665511,0.001,0.0,0.0,0.001,0.998,1,0.49999999999999994,0.8660254037844387,1.0,0.0
ASDL,ASS,2024-01-01,2024,1,3,2685.0,1.58,918,7460.0,4.4,1030,1697,0.541,0.607,2,2131,1,2131.0,0,4,4303.0,4232.0,8535.0,15.0,7.5,7.5,17,28.51388888888889,13.625,14.88888888888889,21638.0,16571.67,38209.67,1.0,0.1,68.0,0.45511961331341866,0.1111111111111111,4.018814611258686,0.09099462491169732,0.00611559144391488,0.0,19.258847246527353,35.33419259517424,3.6833307303798697,3.833674811407603,0.08938172116114568,0.006962365540926174,0.0,18.942104511804157,33.40887008046591,2.7563898463993866,1,0.0323,8.0,22.0,0.263,1,0.0011785504,0.0,0.0,0.0005892752,0.001,0.0,0.0,0.001,0.998,1,0.49999999999999994,0.8660254037844387,1.0,0.0
RTZ,RLB,2024-01-01,2024,1,3,1430.0,0.75,419,3979.0,2.09,471,1904,0.2201,0.2474,22,1758,1,1758.0,0,6,3526.0,3526.0,7052.0,4.666666666666667,2.3333333333333335,2.3333333333333335,6,6.0,3.0,3.0,3530.0,3680.0,7210.0,1.0,0.2,36.0,0.9102392266268373,0.3333333333333333,3.980881718958738,0.08387096811045883,0.002822580657178356,0.0,18.714111432753583,34.11870878101677,3.8768494947342784,3.854282238470611,0.07634408605755658,0.0013172043066832326,0.0,19.118761129276727,33.81290235314318,3.816715008909664,1,0.0323,8.0,22.0,0.263,0,0.0,0.0,0.0,0.0,0.0,0.0,0.0,0.0,1.0,1,0.49999999999999994,0.8660254037844387,1.0,0.0
BET,EHS,2024-01-01,2024,1,9,2727.0,1.45,800,7427.0,3.95,913,1881,0.4253,0.4854,77,1833,1,1833.0,0,4,3665.0,3665.0,7330.0,19.0,9.5,9.5,4,10.0,5.0,5.0,3665.0,3272.0,6937.0,0.0,0.0,16.0,0.0,0.0,3.36059945091475,0.07526881759485571,0.004892473169151814,0.003494623577803053,17.50478859414016,32.972418512708394,3.5234354400872103,3.2448441125878125,0.0779569896578949,0.0052688172267329305,0.003521505297632307,16.5179996062671,32.13725709915161,3.3695753184672927,1,0.0323,8.0,22.0,0.263,1,0.0010632642,0.0,0.0,0.0,0.001,0.0,0.0,0.0,0.999,1,0.49999999999999994,0.8660254037844387,0.0,0.0
HDE,WZ,2024-01-01,2024,1,9,1229.0,1.11,305,2817.0,2.55,340,1104,0.2763,0.308,1,1094,1,1094.0,0,4,2202.0,2202.0,4404.0,18.0,9.0,9.0,3,18.0,9.0,9.0,2202.0,1108.0,3310.0,0.0,0.0,12.0,0.0,0.0,3.382854860931915,0.09354838775971563,0.004233871025824418,0.0017338709289868993,19.415674152553724,34.071289413718766,3.179225823521534,3.3673064623388553,0.10080645219372805,0.005174731224855428,0.001706989209157645,19.757889633697847,34.96499910918615,3.4268495071108545,1,0.0323,8.0,22.0,0.263,1,0.0,0.0,0.0,0.0009057971,0.0,0.0,0.0,0.001,0.999,1,0.49999999999999994,0.8660254037844387,1.0,0.0
ZZS,WM,2024-01-01,2024,1,3,3763.0,2.52,1289,8486.0,5.69,1379,1492,0.8639,0.9243,1,1490,1,1490.0,0,4,2945.0,2945.0,5890.0,4.0,2.0,2.0,4,5.0,2.5,2.5,2945.0,2945.0,5890.0,0.0,0.0,16.0,0.0,0.0,3.9618951648984466,0.08669354894789316,0.005080645253020589,0.0,19.396668416518036,33.946934637843924,2.852755372732958,3.955395203842331,0.08669354894789316,0.005080645253020589,0.0,19.396668416518036,33.946934637843924,2.846255438036776,1,0.0323,8.0,22.0,0.263,1,0.01608579,0.0,0.0,0.0,0.016,0.0,0.0,0.0,0.984,1,0.49999999999999994,0.8660254037844387,1.0,0.0
OW,RS,2024-01-01,2024,1,11,2937.0,2.48,838,8959.0,7.57,953,1183,0.7084,0.8056,18,1121,1,1121.0,0,4,2205.0,2205.0,4410.0,12.0,6.0,6.0,4,17.0,8.5,8.5,2205.0,2205.0,4410.0,0.0,0.0,16.0,0.0,0.0,3.388825238547138,0.08077957016485994,0.005739247286191551,0.002110215006596459,18.719984260618045,33.91596685942783,3.5881531772338935,3.443634432517693,0.08427419376269144,0.006774193477085842,0.0018279569483892891,18.185909268997047,33.61983766927514,3.725825328051904,1,0.0323,8.0,22.0,0.263,1,0.0,0.0,0.0,0.0,0.0,0.0,0.0,0.0,1.0,1,0.49999999999999994,0.8660254037844387,1.0,0.0
SD,ST,2024-02-01,2024,2,1,610.0,0.71,542,820.0,0.96,547,854,0.6347,0.6405,0,904,1,904.0,0,3,1785.0,904.0,2689.0,3.5,2.5,1.0,4,2.0,1.0,1.0,1785.0,1785.0,3570.0,0.0,0.0,12.0,0.0,0.0,7.672382355980767,0.18836207069114022,0.0032183907861853467,0.0,17.92009743945352,33.657930124080046,7.231003060936928,7.633382057953069,0.18836207069114022,0.0032183907861853467,0.0,17.92009743945352,33.657930124080046,7.192002812507509,0,0.0,8.0,21.0,0.263,1,0.0,0.0,0.0,0.0,0.0,0.0,0.0,0.0,1.0,1,0.8660254037844386,0.5000000000000001,0.0,1.0
MZ,HZE,2024-02-01,2024,2,10,446.0,0.49,124,1881.0,2.06,163,915,0.1355,0.1781,8,916,1,916.0,0,3,1820.0,916.0,2736.0,18.5,8.5,10.0,4,15.0,7.5,7.5,1820.0,1820.0,3640.0,0.0,0.0,12.0,0.0,0.0,7.881715603472515,0.15862069064858317,0.0002011494261437449,0.0,16.875221364457033,32.553102527541675,7.4697902387586135,7.886396728306153,0.1681034498173615,0.0,0.0,16.842923554195753,33.52603360976296,7.54379615410306,0,0.0,8.0,21.0,0.263,0,0.0,0.0,0.0,0.0,0.0,0.0,0.0,0.0,1.0,1,0.8660254037844386,0.5000000000000001,0.0,1.0
BR,HRT,2024-02-01,2024,2,10,1725.0,1.58,431,7277.0,6.66,570,1092,0.3947,0.522,6,1192,1,1192.0,0,3,2735.0,1192.0,3927.0,16.0,6.0,10.0,4,28.0,14.0,14.0,2851.0,2777.0,5628.0,0.0,0.0,12.0,0.0,0.0,7.890425084180188,0.15215517342861357,0.00030172414992047454,0.0,16.97270739489588,32.34155085717124,7.534749849431816,7.791882172558757,0.1645114952163107,0.00010057471307187245,0.0,16.82326145504398,32.67206805601887,7.404094831183039,0,0.0,8.0,21.0,0.263,1,1.0,0.0,0.0,0.0,1.0,0.0,0.0,0.0,0.0,1,0.8660254037844386,0.5000000000000001,0.0,0.0
BRD,ZWD,2024-02-01,2024,2,7,1378.0,0.74,442,4870.0,2.61,516,1864,0.2371,0.2768,36,1925,1,1925.0,0,4,3843.0,3843.0,7686.0,11.0,5.5,5.5,4,9.0,4.5,4.5,3843.0,1978.0,5821.0,0.0,0.0,16.0,0.0,0.0,7.9839887539374415,0.17198275992025933,0.00010057471307187245,0.0,19.675502311909337,35.071033541155956,7.618543299107716,8.02298851002907,0.17198275992025933,0.00010057471307187245,0.0,19.675502311909337,35.071033541155956,7.657543102557632,0,0.0,8.0,21.0,0.263,1,0.0005364807,0.0,0.0,0.0075107296,0.001,0.0,0.0,0.008,0.991,1,0.8660254037844386,0.5000000000000001,0.0,1.0
BD,GZ,2024-02-01,2024,2,10,1147.0,1.06,419,5964.0,5.5,544,1084,0.3865,0.5018,192,1157,1,1157.0,0,12,7310.0,8030.0,15340.0,42.333333333333336,21.166666666666668,21.166666666666668,4,16.0,8.0,8.0,2331.0,2321.0,4652.0,0.0,0.0,48.0,0.0,0.0,8.006818978265784,0.2110632192450522,0.001307471280639199,0.0,18.898025424230372,34.66241292295785,7.615727035136058,7.944827576874402,0.2081896565726091,0.0007040229807982499,0.0,18.226798296574202,33.63930940216985,7.544827589358406,0,0.0,8.0,21.0,0.263,1,0.003690037,0.0,0.0,0.00092250924,0.004,0.0,0.0,0.001,0.995,1,0.8660254037844386,0.5000000000000001,1.0,1.0
BMN,DR,2024-02-01,2024,2,6,314.0,0.33,100,1228.0,1.31,121,940,0.1064,0.1287,0,993,1,993.0,0,4,1993.0,1020.0,3013.0,13.0,6.5,6.5,8,20.5,10.25,10.25,4323.0,4292.0,8615.0,1.0,0.2,32.0,0.9102392266268373,0.3333333333333333,7.585655276759945,0.1775862075945084,0.00010057471307187245,0.0,18.05234090589929,32.44344738434101,7.261589137644603,7.546654978287995,0.1775862075945084,0.00010057471307187245,0.0,18.05234090589929,32.44344738434101,7.222588888187518,0,0.0,8.0,21.0,0.263,0,0.05531915,0.0,0.0,0.0,0.055,0.0,0.0,0.0,0.945,1,0.8660254037844386,0.5000000000000001,0.0,0.0
AMF,DLD,2024-02-01,2024,2,9,843.0,0.8,252,1173.0,1.11,215,1058,0.2382,0.2032,59,1127,1,1127.0,0,16,11060.8,10727.0,21787.8,48.0,25.75,22.25,6,12.0,6.0,6.0,4005.0,3973.0,7978.0,0.0,0.0,96.0,0.0,0.0,7.71931898788731,0.18132184042284885,0.004827586088286734,0.0,18.541795207508677,34.77206808020328,7.339074735840161,7.680319219608203,0.18132184042284885,0.004827586088286734,0.0,18.541795207508677,34.77206808020328,7.300074921428473,0,0.0,8.0,21.0,0.263,0,0.0,0.0,0.0,0.0,0.0,0.0,0.0,0.0,1.0,1,0.8660254037844386,0.5000000000000001,0.0,1.0
BD,TB,2024-02-01,2024,2,21,6476.0,2.47,1354,19711.0,7.51,1481,2623,0.5162,0.5646,662,2766,1,2766.0,0,12,7310.0,8030.0,15340.0,42.333333333333336,21.166666666666668,21.166666666666668,9,30.8,17.8,13.0,9337.0,6703.0,16040.0,0.0,0.0,108.0,0.0,0.0,8.006818978265784,0.2110632192450522,0.001307471280639199,0.0,18.898025424230372,34.66241292295785,7.615727035136058,7.918002760150181,0.19885057607001957,0.0005028735653593622,0.0,18.36264716688244,34.79275769269329,7.545229848088889,0,0.0,8.0,21.0,0.263,1,0.65688145,0.34273732,0.0,0.00038124286,0.657,0.343,0.0,0.0,0.0,1,0.8660254037844386,0.5000000000000001,1.0,0.0
SHL,HFD,2024-01-01,2024,1,5,2560.0,1.79,811,6879.0,4.81,946,1430,0.5671,0.6615,498,1484,1,1484.0,0,16,14532.0,12421.0,26953.0,44.682539682539684,22.11111111111111,22.571428571428573,5,16.333333333333336,5.0,11.333333333333334,2946.0,4847.0,7793.0,1.0,0.09090909090909091,80.0,0.40242960438184466,0.08333333333333333,4.025314567881005,0.09099462491169732,0.00611559144391488,0.0,19.258847246527353,35.33419259517424,3.689830669231953,4.294018816122765,0.09395161305143628,0.005739247346276878,0.0,19.86048964106588,35.91628940259257,4.086155917230112,1,0.0323,8.0,22.0,0.263,1,0.006293706,0.0,0.0,0.0,0.006,0.0,0.0,0.0,0.994,1,0.49999999999999994,0.8660254037844387,0.0,1.0
EHV,HMBV,2024-01-01,2024,1,10,756.0,0.82,182,4206.0,4.57,441,921,0.1976,0.4788,107,892,1,892.0,0,13,8328.0,10922.0,19250.0,33.14285714285714,15.0,18.142857142857142,4,12.0,6.0,6.0,1781.0,1759.0,3540.0,0.0,0.0,52.0,0.0,0.0,3.309844106450797,0.0779569896578949,0.0052688172267329305,0.005161290207216816,16.5179996062671,32.13725709915161,3.4345752604465973,3.2602822552635384,0.07809139854244647,0.005833333328125938,0.0035483870174615613,16.6981600767342,31.936934551244143,3.313776884903951,1,0.0323,8.0,22.0,0.263,1,0.007600434,0.0,0.0,0.0,0.008,0.0,0.0,0.0,0.992,1,0.49999999999999994,0.8660254037844387,0.0,1.0
SHL,LEDN,2024-01-01,2024,1,29,6350.0,2.37,1503,21014.0,7.86,1414,2675,0.5619,0.5286,928,2625,1,2625.0,0,16,14532.0,12421.0,26953.0,44.682539682539684,22.11111111111111,22.571428571428573,21,38.009090909090915,19.90909090909091,18.1,11970.0,12359.67,24329.67,2.0,0.10526315789473684,336.0,1.2891624083167885,0.40476190476190477,4.025314567881005,0.09099462491169732,0.00611559144391488,0.0,19.258847246527353,35.33419259517424,3.689830669231953,4.403252713507422,0.09448924850952882,0.004327956997659257,0.0,21.347878975893863,37.95628927728181,4.107284997124225,1,0.0323,8.0,22.0,0.263,1,1.0,0.0,0.0,0.0,1.0,0.0,0.0,0.0,0.0,1,0.49999999999999994,0.8660254037844387,0.0,0.0
SHL,ASDL,2024-01-01,2024,1,12,2044.0,1.2,646,6851.0,4.04,794,1697,0.3807,0.4679,1349,2130,1,2130.0,0,16,14532.0,12421.0,26953.0,44.682539682539684,22.11111111111111,22.571428571428573,4,15.0,7.5,7.5,4303.0,4232.0,8535.0,1.0,0.1,64.0,0.45511961331341866,0.1111111111111111,4.025314567881005,0.09099462491169732,0.00611559144391488,0.0,19.258847246527353,35.33419259517424,3.689830669231953,4.018814611258686,0.09099462491169732,0.00611559144391488,0.0,19.258847246527353,35.33419259517424,3.6833307303798697,1,0.0323,8.0,22.0,0.263,1,0.0011785504,0.0,0.0,0.0005892752,0.001,0.0,0.0,0.001,0.998,1,0.49999999999999994,0.8660254037844387,0.0,1.0
BD,ETN,2024-02-01,2024,2,11,1194.0,1.0,262,6484.0,5.44,588,1192,0.2198,0.4933,38,1216,1,1216.0,0,12,7310.0,8030.0,15340.0,42.333333333333336,21.166666666666668,21.166666666666668,4,30.5,12.0,18.5,2411.0,1195.53,3606.5299999999997,0.0,0.0,48.0,0.0,0.0,8.006818978265784,0.2110632192450522,0.001307471280639199,0.0,18.898025424230372,34.66241292295785,7.615727035136058,7.98944538199589,0.20100574823760095,0.0015086207067829438,0.0,19.154430833270496,34.93965422353525,7.591528704454159,0,0.0,8.0,21.0,0.263,1,1.0,0.0,0.0,0.0,1.0,0.0,0.0,0.0,0.0,1,0.8660254037844386,0.5000000000000001,0.0,0.0
BD,DDR,2024-02-01,2024,2,30,23.0,0.26,10,89.0,1.0,15,89,0.1124,0.1685,2,20,1,20.0,0,12,7310.0,8030.0,15340.0,42.333333333333336,21.166666666666668,21.166666666666668,13,35.35714285714286,17.857142857142858,17.5,2610.0,7363.0,9973.0,1.0,0.08333333333333333,156.0,0.43429448190325176,0.1,8.006818978265784,0.2110632192450522,0.001307471280639199,0.0,18.898025424230372,34.66241292295785,7.615727035136058,8.03671291367761,0.17787356423107029,0.00010057471307187245,0.0,19.651632561423312,35.57172318573656,7.648638158694081,0,0.0,8.0,21.0,0.263,0,1.0,0.0,0.0,0.0,1.0,0.0,0.0,0.0,0.0,1,0.8660254037844386,0.5000000000000001,1.0,1.0
RTN,RTA,2024-01-01,2024,1,5,1122.0,0.93,501,5112.0,4.22,580,1211,0.4137,0.4789,2,1162,1,1162.0,0,3,2285.0,1162.0,3447.0,10.0,5.0,5.0,7,14.166666666666668,7.5,6.666666666666667,5759.0,4216.0,9975.0,1.0,0.2,21.0,0.45511961331341866,0.1111111111111111,4.006881736759698,0.08387096811045883,0.002822580657178356,0.0,18.714111432753583,34.11870878101677,3.9028495071075295,3.9704489682811084,0.08131720495199965,0.004233871005795976,0.0,19.442827911146225,34.72016040740475,3.8726667194021367,1,0.0323,8.0,22.0,0.263,1,0.0,0.0,0.0,0.0,0.0,0.0,0.0,0.0,1.0,1,0.49999999999999994,0.8660254037844387,1.0,1.0
WF,OTB,2024-01-01,2024,1,4,261.0,0.29,89,1665.0,1.87,114,890,0.1,0.1281,46,838,1,838.0,0,3,1702.0,838.0,2540.0,10.5,6.5,4.0,4,8.0,4.0,4.0,1701.0,868.0,2569.0,0.0,0.0,12.0,0.0,0.0,3.123026889598658,0.09610215171931251,0.005551075212336997,0.0029435483213033405,17.95576629074671,33.95709591270775,3.3098548600019546,3.0840269322557154,0.09610215171931251,0.005551075212336997,0.0029435483213033405,17.95576629074671,33.95709591270775,3.270854877988978,1,0.0323,8.0,22.0,0.263,0,0.004494382,0.0,0.0,0.0,0.004,0.0,0.0,0.0,0.996,1,0.49999999999999994,0.8660254037844387,0.0,1.0
ED,DB,2024-01-01,2024,1,29,988.0,1.06,394,4711.0,5.08,486,928,0.4246,0.5237,19,792,1,792.0,0,9,4108.0,4476.0,8584.0,44.1,23.5,20.6,10,30.0,15.0,15.0,4494.0,4696.0,9190.0,2.0,0.25,90.0,1.249862498521946,0.38596491228070173,3.2422312177437287,0.09193548511072833,0.004892473129094929,0.0028360214419863236,17.877992964559986,33.122902318995486,3.26595434445327,3.550760696201475,0.0912634415592077,0.007903225930227388,0.0019892472673648147,18.645406234328465,34.88370886925728,3.6739462164821486,1,0.0323,8.0,22.0,0.263,1,1.0,0.0,0.0,0.0,1.0,0.0,0.0,0.0,0.0,1,0.49999999999999994,0.8660254037844387,1.0,0.0
SPTN,DRH,2024-02-01,2024,2,1,933.0,0.95,330,3164.0,3.22,386,984,0.3354,0.3923,9,1154,1,1154.0,0,4,2346.0,2346.0,4692.0,3.0,1.5,1.5,4,6.0,3.0,3.0,2346.0,2346.0,4692.0,0.0,0.0,16.0,0.0,0.0,7.729640746810313,0.18936781722238694,0.0009051724283517092,0.0,21.793527588205432,39.285516127772716,7.503491363648711,7.736140792611344,0.18936781722238694,0.0009051724283517092,0.0,21.793527588205432,39.285516127772716,7.50999136457498,0,0.0,8.0,21.0,0.263,1,0.0,0.0,0.0,0.0,0.0,0.0,0.0,0.0,1.0,1,0.8660254037844386,0.5000000000000001,1.0,1.0
EKZ,BKF,2024-02-01,2024,2,3,154.0,0.13,38,3990.0,3.39,127,1178,0.0323,0.1078,27,1444,1,1444.0,0,1,0.0,1444.0,1444.0,3.0,0.0,3.0,3,3.0,2.0,1.0,2846.0,1444.0,4290.0,0.0,0.0,3.0,0.0,0.0,7.499968591178286,0.16939655310292354,0.0010057471200138673,0.0,23.077251460531663,40.18086097158235,7.313186993201573,7.512968369684685,0.16939655310292354,0.0010057471200138673,0.0,23.077251460531663,40.18086097158235,7.326186798427297,0,0.0,8.0,21.0,0.263,0,0.95331067,0.0,0.0,0.0,0.953,0.0,0.0,0.0,0.047,1,0.8660254037844386,0.5000000000000001,0.0,0.0
HDRZ,ANA,2024-02-01,2024,2,11,494.0,0.43,220,4489.0,3.89,324,1155,0.1905,0.2805,10,1253,1,1253.0,0,3,2448.0,1253.0,3701.0,17.0,6.0,11.0,4,20.0,10.0,10.0,2448.0,2448.0,4896.0,0.0,0.0,12.0,0.0,0.0,7.65664961985473,0.18520115018319125,0.0030172414563853166,0.0,23.435662244371642,42.770171074346564,7.408804806484573,7.669649380548247,0.18520115018319125,0.0030172414563853166,0.0,23.435662244371642,42.770171074346564,7.421804602118744,0,0.0,8.0,21.0,0.263,1,0.9748918,0.0,0.0,0.0,0.975,0.0,0.0,0.0,0.025,1,0.8660254037844386,0.5000000000000001,0.0,0.0
OTB,WF,2024-02-01,2024,2,4,471.0,0.62,204,771.0,1.01,209,760,0.2684,0.275,0,908,1,908.0,0,4,1798.0,912.0,2710.0,8.0,4.0,4.0,4,13.0,6.5,6.5,1798.0,894.6,2692.6,0.0,0.0,16.0,0.0,0.0,7.456888023913763,0.189224138566903,0.002614942625507541,0.0,17.70775881572359,33.651723258111666,7.147117930410922,7.495887802892375,0.189224138566903,0.002614942625507541,0.0,17.70775881572359,33.651723258111666,7.186117758867384,0,0.0,8.0,21.0,0.263,1,0.005263158,0.0,0.0,0.0,0.005,0.0,0.0,0.0,0.995,1,0.8660254037844386,0.5000000000000001,0.0,1.0
RSD,DDR,2024-01-01,2024,1,38,1356.0,1.12,385,9597.0,7.89,596,1216,0.3166,0.4901,126,1124,1,1124.0,0,8,2274.0,5215.0,7489.0,43.46666666666667,24.666666666666668,18.8,14,35.714285714285715,17.857142857142858,17.857142857142858,2836.0,7185.0,10021.0,1.0,0.09090909090909091,112.0,0.6213349345596119,0.2,3.772360194033833,0.08588709715273112,0.005739247286191551,0.0013306451315480855,18.323154083182736,34.0437087708263,3.777064482063075,3.829271595179033,0.08481182868001602,0.0033870967285286996,0.0005645161164143394,19.167625067054583,34.48499909459904,3.823357568362788,1,0.0323,8.0,22.0,0.263,1,1.0,0.0,0.0,0.0,1.0,0.0,0.0,0.0,0.0,1,0.49999999999999994,0.8660254037844387,1.0,0.0
DRH,BV,2024-01-01,2024,1,5,1079.0,0.94,362,3330.0,2.89,417,1154,0.3137,0.3614,0,1147,1,1147.0,0,4,2314.0,2314.0,4628.0,6.0,3.0,3.0,8,24.25,10.75,13.5,2315.84,2315.84,4631.68,0.0,0.0,32.0,0.0,0.0,4.486634390303484,0.09260752761075573,0.007620967644196685,0.0,22.694373001975396,40.57645042352779,4.085021486821314,4.511021501049199,0.09946236614218001,0.0034811828205341933,0.0,23.045490062124628,39.68370856200495,4.168212362720321,1,0.0323,8.0,22.0,0.263,1,0.0,0.0,0.0,0.0,0.0,0.0,0.0,0.0,1.0,1,0.49999999999999994,0.8660254037844387,1.0,0.0
DB,ED,2024-01-01,2024,1,29,1441.0,1.47,395,6322.0,6.43,510,983,0.4018,0.5188,1,824,1,824.0,0,10,4494.0,4696.0,9190.0,30.0,15.0,15.0,9,44.1,23.5,20.6,4108.0,4476.0,8584.0,2.0,0.25,90.0,1.249862498521946,0.38596491228070173,3.550760696201475,0.0912634415592077,0.007903225930227388,0.0019892472673648147,18.645406234328465,34.88370886925728,3.6739462164821486,3.2422312177437287,0.09193548511072833,0.004892473129094929,0.0028360214419863236,17.877992964559986,33.122902318995486,3.26595434445327,1,0.0323,8.0,22.0,0.263,1,1.0,0.0,0.0,0.0,1.0,0.0,0.0,0.0,0.0,1,0.49999999999999994,0.8660254037844387,1.0,0.0
ED,KLP,2024-01-01,2024,1,7,1304.0,1.07,562,6584.0,5.42,666,1214,0.4629,0.5486,32,1191,1,1191.0,0,9,4108.0,4476.0,8584.0,44.1,23.5,20.6,6,42.0,21.0,21.0,2411.0,2362.0,4773.0,2.0,0.3333333333333333,54.0,0.9609582064547204,0.25263157894736843,3.2422312177437287,0.09193548511072833,0.004892473129094929,0.0028360214419863236,17.877992964559986,33.122902318995486,3.26595434445327,3.3267312269127096,0.09193548511072833,0.004892473129094929,0.0026344085432669167,17.877992964559986,33.122902318995486,3.3504543316510498,1,0.0323,8.0,22.0,0.263,1,1.0,0.0,0.0,0.0,1.0,0.0,0.0,0.0,0.0,1,0.49999999999999994,0.8660254037844387,1.0,0.0
RSD,ZLW,2024-01-01,2024,1,23,64.0,1.56,16,186.0,4.54,8,41,0.3902,0.1951,22,59,1,59.0,0,8,2274.0,5215.0,7489.0,43.46666666666667,24.666666666666668,18.8,10,28.0,14.0,14.0,4104.0,4103.0,8207.0,1.0,0.1111111111111111,80.0,0.5138983423697507,0.14285714285714285,3.772360194033833,0.08588709715273112,0.005739247286191551,0.0013306451315480855,18.323154083182736,34.0437087708263,3.777064482063075,3.772502806272999,0.08172043068434602,0.004045698982012528,0.001290322551804204,18.885062604501684,33.66338620262761,3.669075362379312,1,0.0323,8.0,22.0,0.263,0,0.46341464,0.0,0.0,0.024390243,0.463,0.0,0.0,0.024,0.513,1,0.49999999999999994,0.8660254037844387,1.0,0.0
ASN,HRN,2024-02-01,2024,2,22,1031.0,0.81,308,2690.0,2.12,339,1269,0.2427,0.2671,5,1328,1,1328.0,0,9,4536.0,3583.0,8119.0,76.0,37.333333333333336,38.666666666666664,4,26.0,13.0,13.0,2683.0,2465.0,5148.0,0.0,0.0,36.0,0.0,0.0,7.115804608996915,0.18060344839789744,0.005129310377370352,0.0002155172365621246,18.61681886137217,34.15448182273185,6.63548850910417,7.169008574801786,0.17887931234663587,0.0037212643836592807,0.0002155172365621246,19.114416601842848,35.208102523595436,6.792643685450499,0,0.0,8.0,21.0,0.263,1,0.06934594,0.0,0.0,0.00078802207,0.069,0.0,0.0,0.001,0.93,1,0.8660254037844386,0.5000000000000001,1.0,0.0
OTB,AH,2024-02-01,2024,2,4,28.0,7.0,3,28.0,7.0,3,4,0.75,0.75,0,4,1,4.0,0,4,1798.0,912.0,2710.0,8.0,4.0,4.0,14,21.714285714285715,10.857142857142858,10.857142857142858,7830.0,8120.0,15950.0,0.0,0.0,56.0,0.0,0.0,7.456888023913763,0.189224138566903,0.002614942625507541,0.0,17.70775881572359,33.651723258111666,7.147117930410922,7.476301933702981,0.19137931162298755,0.0004022988522874898,0.0,17.842594130970966,33.56327501384691,7.157480054888232,0,0.0,8.0,21.0,0.263,1,1.0,0.0,0.0,0.0,1.0,0.0,0.0,0.0,0.0,1,0.8660254037844386,0.5000000000000001,1.0,1.0
ASN,ZL,2024-02-01,2024,2,78,592.0,0.6,298,4560.0,4.64,405,983,0.3032,0.412,11,1114,1,1114.0,0,9,4536.0,3583.0,8119.0,76.0,37.333333333333336,38.666666666666664,16,96.0,52.0,44.0,6412.71,10156.14,16568.85,2.0,0.14285714285714285,144.0,1.4426950408889634,0.5,7.115804608996915,0.18060344839789744,0.005129310377370352,0.0002155172365621246,18.61681886137217,34.15448182273185,6.63548850910417,7.550574714917389,0.17499999947118006,0.0035201148183523923,0.00011494252616646646,19.255094976860217,34.37534390167258,7.149066085788025,0,0.0,8.0,21.0,0.263,1,1.0,0.0,0.0,0.0,1.0,0.0,0.0,0.0,0.0,1,0.8660254037844386,0.5000000000000001,1.0,1.0
ASA,ASDM,2024-02-01,2024,2,2,994.0,0.94,325,7460.0,7.02,512,1063,0.3057,0.4817,0,1484,1,1484.0,0,10,9207.0,9107.0,18314.0,18.8,9.4,9.4,7,5.583333333333334,2.3333333333333335,3.25,6143.0,5474.5,11617.5,2.0,0.2857142857142857,70.0,0.8340647828484926,0.18181818181818182,7.763299092404202,0.185775863006711,0.0012068965782721837,0.0,19.652092345144556,34.550688718242206,7.390885255117526,7.763299092404202,0.185775863006711,0.0012068965782721837,0.0,19.652092345144556,34.550688718242206,7.390885255117526,0,0.0,8.0,21.0,0.263,1,0.00094073376,0.0,0.0,0.0,0.001,0.0,0.0,0.0,0.999,1,0.8660254037844386,0.5000000000000001,1.0,0.0
ASA,UT,2024-02-01,2024,2,33,1878.0,0.81,742,13033.0,5.64,1228,2310,0.3212,0.5316,0,3007,1,3007.0,0,10,9207.0,9107.0,18314.0,18.8,9.4,9.4,31,43.03846153846154,21.53846153846154,21.5,22408.09,33103.8,55511.89,3.0,0.14285714285714285,310.0,1.3149631298114803,0.3068181818181818,7.763299092404202,0.185775863006711,0.0012068965782721837,0.0,19.652092345144556,34.550688718242206,7.390885255117526,7.762977176527867,0.1790229899102244,0.001910919526955862,0.0,18.63424655966375,34.2796542658203,7.414988690751723,0,0.0,8.0,21.0,0.263,1,1.0,0.0,0.0,0.0,1.0,0.0,0.0,0.0,0.0,1,0.8660254037844386,0.5000000000000001,1.0,1.0
DVC,HON,2024-01-01,2024,1,15,1423.0,1.46,506,2861.0,2.94,535,972,0.5206,0.5504,1,907,1,907.0,0,4,1833.0,1740.0,3573.0,19.0,9.5,9.5,4,22.0,11.0,11.0,1832.0,1833.0,3665.0,0.0,0.0,16.0,0.0,0.0,3.2958387875859376,0.09852150560266548,0.004516129061499591,0.0017876343686454078,18.331987683170585,33.868063609446246,3.380180171130085,3.124978540520314,0.10846774259041395,0.0036693547241469864,0.0017473117889015264,17.85289161812554,33.52741850415865,3.139830657886842,1,0.0323,8.0,22.0,0.263,1,0.0030864198,0.0,0.0,0.0,0.003,0.0,0.0,0.0,0.997,1,0.49999999999999994,0.8660254037844387,1.0,1.0
KBD,KRG,2024-01-01,2024,1,7,1645.0,1.43,361,7462.0,6.49,504,1150,0.3139,0.4383,0,1712,1,1712.0,0,4,3462.0,3462.0,6924.0,10.0,5.0,5.0,4,13.0,6.5,6.5,3457.0,3462.0,6919.0,0.0,0.0,16.0,0.0,0.0,4.035319994639365,0.09663978504437593,0.0018817204681615676,0.0013306451315480855,19.421654312841355,33.13645065151235,3.8128737121449925,4.338459686461276,0.08615591498191959,0.001693548414335456,0.0012365591121456956,21.93343339684189,38.412579557588025,4.232276915352271,1,0.0323,8.0,22.0,0.263,1,0.7486957,0.0,0.0,0.0,0.749,0.0,0.0,0.0,0.251,1,0.49999999999999994,0.8660254037844387,0.0,0.0
HTO,RS,2024-01-01,2024,1,6,1066.0,0.93,243,6325.0,5.53,382,1143,0.2126,0.3342,0,1084,1,1084.0,0,4,2205.0,2137.0,4342.0,7.0,3.5,3.5,4,17.0,8.5,8.5,2205.0,2205.0,4410.0,0.0,0.0,16.0,0.0,0.0,3.4519569635271066,0.08682795784245896,0.006680107515265224,0.0013709677112919668,18.203224191101647,33.09628944948155,3.7094166512621105,3.443634432517693,0.08427419376269144,0.006774193477085842,0.0018279569483892891,18.185909268997047,33.61983766927514,3.725825328051904,1,0.0323,8.0,22.0,0.263,1,0.0,0.0,0.0,0.0,0.0,0.0,0.0,0.0,1.0,1,0.49999999999999994,0.8660254037844387,1.0,0.0
MRN,VNDW,2024-01-01,2024,1,14,1707.0,1.5,1048,4527.0,3.99,1091,1136,0.9225,0.9604,1,1127,1,1127.0,0,4,2275.0,2240.0,4515.0,22.0,11.0,11.0,4,15.0,7.5,7.5,2274.0,2274.0,4548.0,0.0,0.0,16.0,0.0,0.0,3.511760746940009,0.0912634415592077,0.007903225930227388,0.0021908601660842217,18.645406234328465,34.88370886925728,3.6349462421150296,3.430424693371019,0.08924731271721983,0.007809139768122345,0.0021908601660842217,18.46898420619708,33.55887008418319,3.4291477994267296,1,0.0323,8.0,22.0,0.263,1,0.0,0.0,0.0,0.0008802817,0.0,0.0,0.0,0.001,0.999,1,0.49999999999999994,0.8660254037844387,1.0,0.0
GP,HZE,2024-01-01,2024,1,5,1116.0,1.23,342,3257.0,3.6,392,904,0.3783,0.4336,0,885,1,885.0,0,4,1778.0,1475.0,3253.0,11.0,5.5,5.5,4,15.0,7.5,7.5,1778.0,1778.0,3556.0,0.0,0.0,16.0,0.0,0.0,3.225344066858612,0.0779569896578949,0.0052688172267329305,0.005403225685680105,16.5179996062671,32.13725709915161,3.350075255258269,3.1865565473594333,0.07795698958779534,0.007903225790028291,0.005403225685680105,16.584412390346166,32.664676465013976,3.372174811319158,1,0.0323,8.0,22.0,0.263,1,0.0,0.0,0.0,0.0,0.0,0.0,0.0,0.0,1.0,1,0.49999999999999994,0.8660254037844387,0.0,1.0
HON,RSN,2024-01-01,2024,1,7,1026.0,1.06,328,2477.0,2.55,360,971,0.3378,0.3708,1,907,1,907.0,0,4,1832.0,1833.0,3665.0,22.0,11.0,11.0,5,21.166666666666664,7.5,13.666666666666666,1832.0,1865.0,3697.0,0.0,0.0,20.0,0.0,0.0,3.124978540520314,0.10846774259041395,0.0036693547241469864,0.0017473117889015264,17.85289161812554,33.52741850415865,3.139830657886842,3.1918789295064065,0.10026881828783982,0.004704300995155048,0.0017473117889015264,18.48914554362656,34.38919261706773,3.2162068975333287,1,0.0323,8.0,22.0,0.263,1,0.0030895984,0.0,0.0,0.0,0.003,0.0,0.0,0.0,0.997,1,0.49999999999999994,0.8660254037844387,1.0,1.0
NMD,WC,2024-02-01,2024,2,4,1186.0,1.09,620,7395.0,6.82,743,1084,0.572,0.6854,0,1151,1,1151.0,0,4,3531.0,2912.0,6443.0,6.0,3.0,3.0,4,11.0,5.5,5.5,2294.0,2912.0,5206.0,0.0,0.0,16.0,0.0,0.0,7.747776108488826,0.17729885182503996,0.0005028735546545051,0.0,17.99581133805472,33.45930944777083,7.4083364232518205,7.754275791140958,0.17729885182503996,0.0005028735546545051,0.0,17.99581133805472,33.45930944777083,7.414836211451169,0,0.0,8.0,21.0,0.263,1,0.0,0.0,0.0,0.0,0.0,0.0,0.0,0.0,1.0,1,0.8660254037844386,0.5000000000000001,1.0,0.0
HTN,HTNC,2024-02-01,2024,2,1,2378.0,0.56,1007,8259.0,1.96,1426,4224,0.2384,0.3376,0,4515,1,4515.0,0,4,6787.0,6787.0,13574.0,5.0,2.5,2.5,4,10.0,5.0,5.0,6787.0,6787.0,13574.0,0.0,0.0,16.0,0.0,0.0,7.795477269452879,0.1790229899102244,0.001910919526955862,0.0,18.63424655966375,34.2796542658203,7.447488722787506,7.815272893312376,0.18362068987569247,0.005229885101147081,0.0,18.467473913883342,33.34396458288719,7.454712632743791,0,0.0,8.0,21.0,0.263,1,0.0,0.0,0.0,0.0,0.0,0.0,0.0,0.0,1.0,1,0.8660254037844386,0.5000000000000001,1.0,1.0
HTNC,HTN,2024-02-01,2024,2,1,2231.0,1.04,625,5542.0,2.59,769,2137,0.2925,0.3599,0,2272,1,2272.0,0,4,6787.0,6787.0,13574.0,10.0,5.0,5.0,4,5.0,2.5,2.5,6787.0,6787.0,13574.0,0.0,0.0,16.0,0.0,0.0,7.815272893312376,0.18362068987569247,0.005229885101147081,0.0,18.467473913883342,33.34396458288719,7.454712632743791,7.795477269452879,0.1790229899102244,0.001910919526955862,0.0,18.63424655966375,34.2796542658203,7.447488722787506,0,0.0,8.0,21.0,0.263,1,0.0,0.0,0.0,0.0009358914,0.0,0.0,0.0,0.001,0.999,1,0.8660254037844386,0.5000000000000001,1.0,1.0
VTN,UTT,2024-02-01,2024,2,2,426.0,0.31,125,3527.0,2.59,195,1364,0.0916,0.143,0,1376,1,1376.0,0,5,3884.0,3854.0,7738.0,11.5,6.0,5.5,4,4.0,2.0,2.0,3884.0,3884.0,7768.0,0.0,0.0,20.0,0.0,0.0,7.84587947339162,0.17255747165188365,0.0007040230022079643,0.0,19.6793867185198,34.59982663461532,7.4877616996052625,7.8653792801430855,0.17255747165188365,0.0007040230022079643,0.0,19.6793867185198,34.59982663461532,7.507261496850814,0,0.0,8.0,21.0,0.263,0,0.0,0.0,0.0,0.0,0.0,0.0,0.0,0.0,1.0,1,0.8660254037844386,0.5000000000000001,1.0,1.0
ALMP,ALMB,2024-02-01,2024,2,4,1413.0,1.0,453,3523.0,2.5,500,1412,0.3208,0.3541,0,1538,1,1538.0,0,4,3126.0,3126.0,6252.0,6.0,3.0,3.0,7,11.5,7.5,4.0,3248.0,2844.0,6092.0,1.0,0.2,28.0,0.43429448190325176,0.1,7.651436774552553,0.17916666753804203,0.002715517359989128,0.00011494252616646646,20.93031816895323,37.72344718274029,7.335560341847354,7.631936967073158,0.17916666753804203,0.002715517359989128,0.00011494252616646646,20.93031816895323,37.72344718274029,7.316060540833693,0,0.0,8.0,21.0,0.263,1,0.0,0.0,0.0,0.0007082153,0.0,0.0,0.0,0.001,0.999,1,0.8660254037844386,0.5000000000000001,1.0,0.0
ALM,DVD,2024-01-01,2024,1,25,30.0,0.52,11,337.0,5.81,22,58,0.1897,0.3793,0,151,1,151.0,0,16,6034.78,7160.0,13194.779999999999,31.396825396825395,15.11111111111111,16.285714285714285,16,20.07936507936508,11.222222222222221,8.857142857142858,8195.33,8181.0,16376.33,3.0,0.1875,256.0,1.392153421554617,0.3492063492063492,3.933755411155602,0.08884408642407707,0.0033870967685855845,0.0,20.91069567123408,36.282579628370144,2.906134478875526,3.7299300739741934,0.09247311911675879,0.004139784993904252,0.0,19.63019658833422,34.01661194011729,2.890682762083147,1,0.0323,8.0,22.0,0.263,1,1.0,0.0,0.0,0.0,1.0,0.0,0.0,0.0,0.0,1,0.49999999999999994,0.8660254037844387,0.0,1.0
KBD,RB,2024-01-01,2024,1,3,2306.0,1.97,678,8169.0,6.97,814,1172,0.5785,0.6945,0,1750,1,1750.0,0,4,3462.0,3462.0,6924.0,10.0,5.0,5.0,4,19.0,9.5,9.5,3462.0,3462.0,6924.0,0.0,0.0,16.0,0.0,0.0,4.035319994639365,0.09663978504437593,0.0018817204681615676,0.0013306451315480855,19.421654312841355,33.13645065151235,3.8128737121449925,3.8635752755217254,0.08615591448120853,0.002446236569554575,0.0013306451315480855,18.230228838260455,34.40322492776379,4.053360212318879,1,0.0323,8.0,22.0,0.263,1,0.76877135,0.0,0.0,0.0,0.769,0.0,0.0,0.0,0.231,1,0.49999999999999994,0.8660254037844387,1.0,0.0
HT,VG,2024-01-01,2024,1,4,508.0,0.55,148,2909.0,3.13,99,930,0.1591,0.1065,82,921,1,921.0,0,14,10068.33,12079.0,22147.33,39.714285714285715,19.857142857142858,19.857142857142858,4,12.0,6.0,6.0,1842.0,940.0,2782.0,0.0,0.0,56.0,0.0,0.0,3.464957064678592,0.08682795784245896,0.006680107515265224,0.0013709677112919668,18.203224191101647,33.09628944948155,3.7224167145648472,3.4502876522945822,0.07190860257113493,0.004327956977630815,0.0013709677112919668,18.218904419291405,33.22257975416799,3.571322621675008,1,0.0323,8.0,22.0,0.263,0,0.0,0.0,0.0,0.0,0.0,0.0,0.0,0.0,1.0,1,0.49999999999999994,0.8660254037844387,0.0,1.0
HT,O,2024-01-01,2024,1,19,1298.0,1.1,362,7807.0,6.61,524,1181,0.3065,0.4437,82,1153,1,1153.0,0,14,10068.33,12079.0,22147.33,39.714285714285715,19.857142857142858,19.857142857142858,8,26.0,13.0,13.0,4490.0,4514.0,9004.0,0.0,0.0,112.0,0.0,0.0,3.464957064678592,0.08682795784245896,0.006680107515265224,0.0013709677112919668,18.203224191101647,33.09628944948155,3.7224167145648472,3.3758253045229902,0.08077957016485994,0.005739247286191551,0.002110215006596459,18.719984260618045,33.91596685942783,3.575153275750958,1,0.0323,8.0,22.0,0.263,1,1.0,0.0,0.0,0.0,1.0,0.0,0.0,0.0,0.0,1,0.49999999999999994,0.8660254037844387,0.0,1.0
RTA,RTN,2024-01-01,2024,1,5,1776.0,1.47,377,6161.0,5.09,477,1210,0.3116,0.3942,1,1123,1,1123.0,0,7,5759.0,4216.0,9975.0,14.166666666666668,7.5,6.666666666666667,3,10.0,5.0,5.0,2285.0,1162.0,3447.0,1.0,0.2,21.0,0.45511961331341866,0.1111111111111111,3.9704489682811084,0.08131720495199965,0.004233871005795976,0.0,19.442827911146225,34.72016040740475,3.8726667194021367,4.006881736759698,0.08387096811045883,0.002822580657178356,0.0,18.714111432753583,34.11870878101677,3.9028495071075295,1,0.0323,8.0,22.0,0.263,1,0.0,0.0,0.0,0.0,0.0,0.0,0.0,0.0,1.0,1,0.49999999999999994,0.8660254037844387,1.0,0.0
ZLW,ZVB,2024-01-01,2024,1,8,856.0,0.89,264,3313.0,3.44,313,963,0.2741,0.325,36,904,1,904.0,0,10,4104.0,4103.0,8207.0,28.0,14.0,14.0,4,16.0,8.0,8.0,1775.0,1774.0,3549.0,0.0,0.0,40.0,0.0,0.0,3.772502806272999,0.08172043068434602,0.004045698982012528,0.001290322551804204,18.885062604501684,33.66338620262761,3.669075362379312,3.7542904343466046,0.07983871049658266,0.006962365560954617,0.0013037634117188312,18.852616133228427,34.37322485126475,3.789841499577667,1,0.0323,8.0,22.0,0.263,1,0.014537903,0.0,0.0,0.0,0.015,0.0,0.0,0.0,0.985,1,0.49999999999999994,0.8660254037844387,0.0,0.0
HT,HTO,2024-01-01,2024,1,1,1136.0,0.99,248,6787.0,5.94,537,1143,0.217,0.4698,72,1084,1,1084.0,0,14,10068.33,12079.0,22147.33,39.714285714285715,19.857142857142858,19.857142857142858,4,7.0,3.5,3.5,2205.0,2137.0,4342.0,0.0,0.0,56.0,0.0,0.0,3.464957064678592,0.08682795784245896,0.006680107515265224,0.0013709677112919668,18.203224191101647,33.09628944948155,3.7224167145648472,3.4519569635271066,0.08682795784245896,0.006680107515265224,0.0013709677112919668,18.203224191101647,33.09628944948155,3.7094166512621105,1,0.0323,8.0,22.0,0.263,1,0.0,0.0,0.0,0.0,0.0,0.0,0.0,0.0,1.0,1,0.49999999999999994,0.8660254037844387,0.0,1.0
ZLW,DDR,2024-01-01,2024,1,15,29.0,2.23,6,135.0,10.38,8,13,0.4615,0.6154,1,60,1,60.0,0,10,4104.0,4103.0,8207.0,28.0,14.0,14.0,14,35.714285714285715,17.857142857142858,17.857142857142858,2836.0,7185.0,10021.0,2.0,0.2,140.0,2.0640299754485754,0.7,3.772502806272999,0.08172043068434602,0.004045698982012528,0.001290322551804204,18.885062604501684,33.66338620262761,3.669075362379312,3.829271595179033,0.08481182868001602,0.0033870967285286996,0.0005645161164143394,19.167625067054583,34.48499909459904,3.823357568362788,1,0.0323,8.0,22.0,0.263,1,0.9230769,0.0,0.0,0.07692308,0.923,0.0,0.0,0.077,0.0,1,0.49999999999999994,0.8660254037844387,1.0,0.0
APN,BDG,2024-02-01,2024,2,8,395.0,0.3,107,4931.0,3.69,485,1335,0.0801,0.3633,49,1335,1,1335.0,0,4,3785.0,3806.0,7591.0,22.0,11.0,11.0,4,19.0,9.5,9.5,3785.0,3785.0,7570.0,0.0,0.0,16.0,0.0,0.0,7.9094140425153165,0.17600574805775934,0.0016091953770353876,0.0,19.058952175337694,34.45810251742944,7.5556783703551895,7.933770088114958,0.17270115056428417,0.0005028735653593622,0.0,19.868849727271616,34.99810253066578,7.591959753940845,0,0.0,8.0,21.0,0.263,1,0.0,0.0,0.0,0.0,0.0,0.0,0.0,0.0,1.0,1,0.8660254037844386,0.5000000000000001,0.0,0.0
NMD,NMGO,2024-02-01,2024,2,2,3785.0,2.26,1275,9144.0,5.47,1368,1673,0.7621,0.8177,2,1761,1,1761.0,0,4,3531.0,2912.0,6443.0,6.0,3.0,3.0,4,5.0,2.5,2.5,3531.0,2898.0,6429.0,0.0,0.0,16.0,0.0,0.0,7.747776108488826,0.17729885182503996,0.0005028735546545051,0.0,17.99581133805472,33.45930944777083,7.4083364232518205,7.715276023811907,0.17729885182503996,0.0005028735546545051,0.0,17.99581133805472,33.45930944777083,7.375836398409701,0,0.0,8.0,21.0,0.263,1,0.0,0.0,0.0,0.0023909146,0.0,0.0,0.0,0.002,0.998,1,0.8660254037844386,0.5000000000000001,1.0,0.0
RM,STD,2024-02-01,2024,2,25,2810.0,1.45,613,10746.0,5.56,763,1933,0.3171,0.3947,9,2224,1,2224.0,0,4,4454.0,4454.0,8908.0,49.0,24.5,24.5,4,46.66666666666667,21.666666666666668,25.0,4454.0,2230.0,6684.0,0.0,0.0,16.0,0.0,0.0,7.922410638895871,0.15330459867957338,0.0,0.0,16.944235039767864,32.03999922878441,7.507827384033423,8.031965248880844,0.14612069102967606,0.0008045977045749796,0.0,17.49378474656193,34.83620595246896,7.715873338367747,0,0.0,8.0,21.0,0.263,1,0.9994827,0.0,0.0,0.0005173306,0.999,0.0,0.0,0.001,0.0,1,0.8660254037844386,0.5000000000000001,0.0,0.0
RTST,RTZ,2024-02-01,2024,2,1,79.0,2.26,26,139.0,3.97,28,35,0.7429,0.8,7,22,1,22.0,0,5,37.0,58.0,95.0,3.8333333333333335,1.5,2.3333333333333335,6,4.666666666666667,2.3333333333333335,2.3333333333333335,3837.0,3837.0,7674.0,2.0,0.5,30.0,1.631586747071319,0.5833333333333333,8.02274158858191,0.1737068971704649,0.0024137930280860812,0.0,19.48743032107408,35.72896461925287,7.692281814142206,7.983741279563,0.1737068971704649,0.0024137930280860812,0.0,19.48743032107408,35.72896461925287,7.653281549612681,0,0.0,8.0,21.0,0.263,1,0.0,0.0,0.0,0.0,0.0,0.0,0.0,0.0,1.0,1,0.8660254037844386,0.5000000000000001,0.0,1.0
O,RVS,2024-02-01,2024,2,8,1135.0,1.05,350,6122.0,5.67,470,1079,0.3244,0.4356,14,1143,1,1143.0,0,8,4650.0,4682.0,9332.0,26.0,13.0,13.0,4,15.0,7.5,7.5,2294.0,2294.0,4588.0,0.0,0.0,32.0,0.0,0.0,7.821445320615138,0.18333333454512316,0.0,0.0,18.586057848971464,33.99465421835581,7.466632191477151,7.847445190563027,0.18333333454512316,0.0,0.0,18.586057848971464,33.99465421835581,7.492631988621306,0,0.0,8.0,21.0,0.263,1,0.0,0.0,0.0,0.00092678407,0.0,0.0,0.0,0.001,0.999,1,0.8660254037844386,0.5000000000000001,1.0,0.0
HN,ASS,2024-02-01,2024,2,39,221.0,0.23,81,3634.0,3.73,175,973,0.0832,0.1799,25,1322,1,1322.0,0,12,4111.25,4792.0,8903.25,40.333333333333336,20.166666666666668,20.166666666666668,17,34.84722222222222,21.22222222222222,13.625,22050.0,17103.0,39153.0,2.0,0.15384615384615385,204.0,1.279458146995729,0.41666666666666663,7.669545965536829,0.18074712761003395,0.0007040230022079643,2.8735631541616615e-05,19.979274317536547,35.323964620116115,7.334344804629512,7.710684075309285,0.2002873577969684,0.001609195398445102,0.0,18.6796912191243,33.6486197381184,7.3061582103542895,0,0.0,8.0,21.0,0.263,0,1.0,0.0,0.0,0.0,1.0,0.0,0.0,0.0,0.0,1,0.8660254037844386,0.5000000000000001,0.0,0.0
O,HT,2024-02-01,2024,2,19,4316.0,3.79,1023,8423.0,7.4,1133,1138,0.8989,0.9956,5,1175,1,1175.0,0,8,4650.0,4682.0,9332.0,26.0,13.0,13.0,13,40.85714285714286,21.0,19.857142857142858,11021.0,13086.0,24107.0,0.0,0.0,104.0,0.0,0.0,7.821445320615138,0.18333333454512316,0.0,0.0,18.586057848971464,33.99465421835581,7.466632191477151,7.932258889849844,0.18275862130411397,0.0002011494261437449,0.0,18.33120644914693,33.59586120953505,7.569615160939337,0,0.0,8.0,21.0,0.263,1,1.0,0.0,0.0,0.0,1.0,0.0,0.0,0.0,0.0,1,0.8660254037844386,0.5000000000000001,1.0,0.0
HN,ZD,2024-02-01,2024,2,33,31.0,0.4,13,93.0,1.21,6,77,0.1688,0.0779,1,5,1,5.0,0,12,4111.25,4792.0,8903.25,40.333333333333336,20.166666666666668,20.166666666666668,12,22.333333333333332,11.166666666666666,11.166666666666666,8412.09,7973.03,16385.12,1.0,0.09090909090909091,144.0,0.45511961331341866,0.1111111111111111,7.669545965536829,0.18074712761003395,0.0007040230022079643,2.8735631541616615e-05,19.979274317536547,35.323964620116115,7.334344804629512,7.769184184870843,0.2002873577969684,0.001609195398445102,0.0,18.6796912191243,33.6486197381184,7.364658257056927,0,0.0,8.0,21.0,0.263,0,1.0,0.0,0.0,0.0,1.0,0.0,0.0,0.0,0.0,1,0.8660254037844386,0.5000000000000001,1.0,0.0
HN,PMO,2024-02-01,2024,2,18,186.0,0.2,79,2139.0,2.31,82,924,0.0855,0.0887,24,1028,1,1028.0,0,12,4111.25,4792.0,8903.25,40.333333333333336,20.166666666666668,20.166666666666668,4,19.0,9.5,9.5,2043.0,1684.0,3727.0,1.0,0.14285714285714285,48.0,0.7213475204444817,0.25,7.669545965536829,0.18074712761003395,0.0007040230022079643,2.8735631541616615e-05,19.979274317536547,35.323964620116115,7.334344804629512,7.716919481561615,0.18160919625654645,0.00442528728952353,2.8735631541616615e-05,21.740005351431755,36.89275757882787,7.419864929784303,0,0.0,8.0,21.0,0.263,0,0.03138528,0.0,0.0,0.0,0.031,0.0,0.0,0.0,0.969,1,0.8660254037844386,0.5000000000000001,0.0,1.0
ASD,WP,2024-02-01,2024,2,14,1.0,0.1,1,0.0,0.0,0,10,0.1,0.0,1,15,1,15.0,0,17,11149.0,20098.0,31247.0,37.77142857142857,18.571428571428573,19.2,10,20.4,10.0,10.4,6690.0,6687.0,13377.0,1.0,0.0625,170.0,0.43429448190325176,0.1,7.7041838592582055,0.2002873577969684,0.001609195398445102,0.0,18.6796912191243,33.6486197381184,7.299657985054213,7.782799051012095,0.185775863006711,0.0012068965782721837,0.0,19.652092345144556,34.550688718242206,7.410385266802777,0,0.0,8.0,21.0,0.263,0,0.9,0.0,0.0,0.0,0.9,0.0,0.0,0.0,0.1,1,0.8660254037844386,0.5000000000000001,0.0,1.0
HN,HNK,2024-02-01,2024,2,1,860.0,0.77,168,5291.0,4.73,406,1118,0.1503,0.3631,17,1401,1,1401.0,0,12,4111.25,4792.0,8903.25,40.333333333333336,20.166666666666668,20.166666666666668,4,10.0,5.0,5.0,2845.0,3460.0,6305.0,0.0,0.0,48.0,0.0,0.0,7.669545965536829,0.18074712761003395,0.0007040230022079643,2.8735631541616615e-05,19.979274317536547,35.323964620116115,7.334344804629512,7.669545965536829,0.18074712761003395,0.0007040230022079643,2.8735631541616615e-05,19.979274317536547,35.323964620116115,7.334344804629512,0,0.0,8.0,21.0,0.263,1,0.940966,0.0,0.0,0.0,0.941,0.0,0.0,0.0,0.059,1,0.8660254037844386,0.5000000000000001,0.0,0.0
ASD,ASB,2024-02-01,2024,2,10,87.0,1.47,18,165.0,2.8,14,59,0.3051,0.2373,12,73,1,73.0,0,17,11149.0,20098.0,31247.0,37.77142857142857,18.571428571428573,19.2,21,23.072727272727274,11.272727272727273,11.8,8163.6,7446.7,15610.3,4.0,0.2222222222222222,357.0,2.137425340212621,0.6137426900584795,7.7041838592582055,0.2002873577969684,0.001609195398445102,0.0,18.6796912191243,33.6486197381184,7.299657985054213,7.711299040285207,0.185775863006711,0.0012068965782721837,0.0,19.652092345144556,34.550688718242206,7.33888520249005,0,0.0,8.0,21.0,0.263,0,1.0,0.0,0.0,0.0,1.0,0.0,0.0,0.0,0.0,1,0.8660254037844386,0.5000000000000001,0.0,1.0
