source,target,YearMonth,year,month,distance,total_departure_delay_minutes,avg_departure_delay_minutes,count_delayed_departure_services,total_delay_minutes,avg_delay_minutes,count_delayed_services,total_services,ratio_departure_delayed,ratio_arrival_delayed,count_platform_changes,total_services_lag1,months_since_last_service,decayed_edge_weight,is_new_or_stale_route,src_degree,src_w_deg_inbound,src_w_deg_outbound,src_w_deg_total,src_avg_distance_total,src_avg_distance_in,src_avg_distance_out,tgt_degree,tgt_avg_distance_total,tgt_avg_distance_in,tgt_avg_distance_out,tgt_w_deg_inbound,tgt_w_deg_outbound,tgt_w_deg_total,common_neighbors,jaccard_coefficient,preferential_attachment,adamic_adar_index,resource_allocation_index,src_avg_temperature_2m,src_avg_rain,src_avg_snowfall,src_avg_snow_depth,src_avg_wind_speed_10m,src_avg_wind_gusts_10m,src_avg_soil_temperature,tgt_avg_temperature_2m,tgt_avg_rain,tgt_avg_snowfall,tgt_avg_snow_depth,tgt_avg_wind_speed_10m,tgt_avg_wind_gusts_10m,tgt_avg_soil_temperature,total_holidays,holiday_density_ratio,weekend_days,working_days,global_median,target_binary,raw_intercity,raw_intercity_direct,raw_international,raw_exceptions,ratio_intercity,ratio_intercity_direct,ratio_international,ratio_operational_exceptions,ratio_sprinter,season_ordinal,month_sin,month_cos,simultaneous_pred,simultaneous_null
NML,EST,2024-01-01,2024,1,7,1956.0,1.19,555,6513.0,3.98,667,1637,0.339,0.4075,1,1473,1,1473.0,0,4,2942.0,2456.0,5398.0,8.0,4.0,4.0,7,14.25,7.25,7.0,3040.0,2962.0,6002.0,1.0,0.2,28.0,0.6213349345596119,0.2,3.289018808713844,0.08938172099090391,0.006115591383829552,0.0027150537027546794,17.493877294883934,33.70403132900115,3.33209673702837,3.2978520602168095,0.0935483878798863,0.004892473028952717,0.0027150537027546794,17.855394773906276,34.16661187109127,3.445432705143767,1,0.0323,8.0,22.0,0.263,1,0.03909591,0.0,0.0,0.0,0.039,0.0,0.0,0.0,0.961,1,0.49999999999999994,0.8660254037844387,0.0,1.0
RSN,WDN,2024-01-01,2024,1,8,1132.0,1.17,374,2622.0,2.7,410,971,0.3852,0.4222,0,907,1,907.0,0,5,1832.0,1865.0,3697.0,21.166666666666664,7.5,13.666666666666666,4,13.0,6.5,6.5,1832.0,1078.0,2910.0,0.0,0.0,20.0,0.0,0.0,3.1918789295064065,0.10026881828783982,0.004704300995155048,0.0017473117889015264,18.48914554362656,34.38919261706773,3.2162068975333287,3.124231242359446,0.10241935555372507,0.0013172043166974538,0.0017204300690722722,18.123256162770332,33.35564434047668,3.1681828146039317,1,0.0323,8.0,22.0,0.263,1,0.0030895984,0.0,0.0,0.0,0.003,0.0,0.0,0.0,0.997,1,0.49999999999999994,0.8660254037844387,0.0,1.0
DVNK,VST,2024-01-01,2024,1,2,1412.0,0.8,447,5700.0,3.24,544,1757,0.2544,0.3096,34,1780,1,1780.0,0,4,3501.0,3499.0,7000.0,5.0,2.5,2.5,4,8.0,4.0,4.0,3501.0,3501.0,7002.0,0.0,0.0,16.0,0.0,0.0,4.17476890564105,0.08938172069047728,0.004516129111570697,0.0,19.837839674885554,35.115966882756965,3.9935860649572423,4.17476890564105,0.08938172069047728,0.004516129111570697,0.0,19.837839674885554,35.115966882756965,3.9935860649572423,1,0.0323,8.0,22.0,0.263,1,0.00056915195,0.0,0.0,0.00056915195,0.001,0.0,0.0,0.001,0.998,1,0.49999999999999994,0.8660254037844387,0.0,1.0
NML,NM,2024-01-01,2024,1,1,748.0,0.64,269,5853.0,4.98,400,1175,0.2289,0.3404,2,983,1,983.0,0,4,2942.0,2456.0,5398.0,8.0,4.0,4.0,9,22.75,11.75,11.0,4257.0,7014.0,11271.0,1.0,0.16666666666666666,36.0,0.7213475204444817,0.25,3.289018808713844,0.08938172099090391,0.006115591383829552,0.0027150537027546794,17.493877294883934,33.70403132900115,3.33209673702837,3.250018865616131,0.08938172099090391,0.006115591383829552,0.0034408601381445444,17.493877294883934,33.70403132900115,3.2930968287651257,1,0.0323,8.0,22.0,0.263,1,0.0008510638,0.0,0.0,0.0,0.001,0.0,0.0,0.0,0.999,1,0.49999999999999994,0.8660254037844387,0.0,1.0
SPTZ,SPTN,2024-01-01,2024,1,2,968.0,0.84,303,3223.0,2.79,359,1154,0.2626,0.3111,1,1147,1,1147.0,0,4,2314.0,2314.0,4628.0,4.0,2.0,2.0,4,3.0,1.5,1.5,2314.0,2314.0,4628.0,0.0,0.0,16.0,0.0,0.0,4.486634390303484,0.09260752761075573,0.007620967644196685,0.0,22.694373001975396,40.57645042352779,4.085021486821314,4.480134442663922,0.09260752761075573,0.007620967644196685,0.0,22.694373001975396,40.57645042352779,4.078521560582142,1,0.0323,8.0,22.0,0.263,1,0.0,0.0,0.0,0.0,0.0,0.0,0.0,0.0,1.0,1,0.49999999999999994,0.8660254037844387,0.0,1.0
GDG,GD,2024-02-01,2024,2,3,2673.0,0.82,654,9398.0,2.88,818,3261,0.2006,0.2508,71,3669,1,3669.0,0,4,5777.0,5983.0,11760.0,16.0,8.0,8.0,14,32.5,18.0,14.5,14031.0,10490.0,24521.0,1.0,0.1111111111111111,56.0,0.5581106265512472,0.16666666666666666,7.970902028183143,0.17442528815704517,0.0005028735653593622,0.0,19.72457755434102,34.87499901001481,7.655528523456091,8.001655445701774,0.17241379418463884,0.0025143677625676683,0.0,20.040493045045043,36.05689569519854,7.717244484301271,0,0.0,8.0,21.0,0.263,0,0.009812941,0.0,0.0,0.0,0.01,0.0,0.0,0.0,0.99,1,0.8660254037844386,0.5000000000000001,0.0,0.0
UTVR,UTLN,2024-02-01,2024,2,3,2836.0,0.67,1481,8463.0,2.0,1592,4224,0.3506,0.3769,4,4515,1,4515.0,0,6,9450.0,9347.0,18797.0,7.333333333333333,3.6666666666666665,3.6666666666666665,4,7.0,3.5,3.5,6787.0,6787.0,13574.0,0.0,0.0,24.0,0.0,0.0,7.801976939470603,0.1790229899102244,0.001910919526955862,0.0,18.63424655966375,34.2796542658203,7.453988500367636,7.82147674836304,0.1790229899102244,0.001910919526955862,0.0,18.63424655966375,34.2796542658203,7.47348829144719,0,0.0,8.0,21.0,0.263,1,0.0,0.0,0.0,0.0,0.0,0.0,0.0,0.0,1.0,1,0.8660254037844386,0.5000000000000001,0.0,0.0
GVC,LEDN,2024-02-01,2024,2,15,1134.0,0.58,345,5370.0,2.73,163,1964,0.1757,0.083,162,1882,1,1882.0,0,5,0.0,9104.0,9104.0,9.6,0.0,9.6,18,35.33333333333333,18.444444444444443,16.88888888888889,12235.0,12890.0,25125.0,2.0,0.15384615384615385,90.0,1.2352458628142324,0.39285714285714285,7.951051902223978,0.19123563177926445,0.002614942518458969,0.0,21.263657430122638,38.63741283101597,7.72827891371716,7.9042815178547094,0.19870689765004249,0.0007040229915031072,0.0,20.98250385228245,37.80413692915577,7.54472698391169,0,0.0,8.0,21.0,0.263,0,1.0,0.0,0.0,0.0,1.0,0.0,0.0,0.0,0.0,1,0.8660254037844386,0.5000000000000001,0.0,0.0
HK,BV,2024-02-01,2024,2,3,579.0,0.57,273,2904.0,2.86,321,1016,0.2687,0.3159,3,1192,1,1192.0,0,4,2346.0,2346.0,4692.0,6.0,3.0,3.0,4,8.0,4.0,4.0,2346.0,2346.0,4692.0,0.0,0.0,16.0,0.0,0.0,7.69629889409775,0.20014367976236616,0.0005028735653593622,0.0,22.140228504207972,38.44344732268103,7.391413785774132,7.689798846583942,0.20014367976236616,0.0005028735653593622,0.0,22.140228504207972,38.44344732268103,7.384913795124525,0,0.0,8.0,21.0,0.263,1,0.0,0.0,0.0,0.0,0.0,0.0,0.0,0.0,1.0,1,0.8660254037844386,0.5000000000000001,0.0,0.0
RSN,DV,2024-01-01,2024,1,26,30.0,7.5,4,30.0,7.5,4,4,1.0,1.0,2,66,2,33.0,0,5,1832.0,1865.0,3697.0,21.166666666666664,7.5,13.666666666666666,13,31.26190476190476,16.428571428571427,14.833333333333334,6366.0,6644.0,13010.0,0.0,0.0,65.0,0.0,0.0,3.1918789295064065,0.10026881828783982,0.004704300995155048,0.0017473117889015264,18.48914554362656,34.38919261706773,3.2162068975333287,3.302338739151075,0.09852150560266548,0.004516129061499591,0.0017876343686454078,18.331987683170585,33.868063609446246,3.3866801085951987,1,0.0323,8.0,22.0,0.263,1,1.0,0.0,0.0,0.0,1.0,0.0,0.0,0.0,0.0,1,0.49999999999999994,0.8660254037844387,0.0,1.0
HLM,ASD,2024-01-01,2024,1,19,0.0,0.0,0,0.0,0.0,0,7,0.0,0.0,0,8,3,2.67,0,19,7977.34,9322.34,17299.68,29.42222222222222,13.222222222222221,16.2,22,37.45,19.2,18.25,10612.78,19113.33,29726.11,4.0,0.18181818181818182,418.0,1.7552831161416194,0.41374269005847947,4.467134521548106,0.09260752761075573,0.007620967644196685,0.0,22.694373001975396,40.57645042352779,4.065521599739911,3.8271746891801075,0.08938172116114568,0.006962365540926174,0.0,18.942104511804157,33.40887008046591,2.7498897453920255,1,0.0323,8.0,22.0,0.263,0,1.0,0.0,0.0,0.0,1.0,0.0,0.0,0.0,0.0,1,0.49999999999999994,0.8660254037844387,0.0,1.0
WP,DMN,2024-01-01,2024,1,7,1602.0,1.02,408,5130.0,3.25,721,1577,0.2587,0.4572,14,1734,1,1734.0,0,13,6848.4400000000005,6993.44,13841.880000000001,26.69047619047619,13.833333333333334,12.857142857142858,4,9.0,4.5,4.5,3441.0,3433.0,6874.0,0.0,0.0,52.0,0.0,0.0,3.788430226070466,0.09247311911675879,0.004139784993904252,0.00017473117889015266,19.63019658833422,34.01661194011729,2.94918289181516,3.7949301867936085,0.09247311911675879,0.004139784993904252,0.00017473117889015266,19.63019658833422,34.01661194011729,2.9556828290724786,1,0.0323,8.0,22.0,0.263,1,0.0,0.0,0.0,0.0,0.0,0.0,0.0,0.0,1.0,1,0.49999999999999994,0.8660254037844387,0.0,1.0
RLB,RTST,2024-01-01,2024,1,2,45.0,2.05,14,152.0,6.91,15,22,0.6364,0.6818,0,29,1,29.0,0,6,3530.0,3680.0,7210.0,6.0,3.0,3.0,6,4.666666666666667,2.3333333333333335,2.3333333333333335,71.0,85.0,156.0,1.0,0.2,36.0,0.9102392266268373,0.3333333333333333,3.854282238470611,0.07634408605755658,0.0013172043066832326,0.0,19.118761129276727,33.81290235314318,3.816715008909664,4.0198818472018765,0.08387096811045883,0.002822580657178356,0.0,18.714111432753583,34.11870878101677,3.9158495713941632,1,0.0323,8.0,22.0,0.263,1,0.0,0.0,0.0,0.0,0.0,0.0,0.0,0.0,1.0,1,0.49999999999999994,0.8660254037844387,0.0,1.0
WP,AMPO,2024-01-01,2024,1,13,1126.0,0.72,325,4707.0,3.03,530,1555,0.209,0.3408,17,1895,1,1895.0,0,13,6848.4400000000005,6993.44,13841.880000000001,26.69047619047619,13.833333333333334,12.857142857142858,7,22.333333333333336,12.333333333333334,10.0,5860.0,5859.780000000001,11719.78,2.0,0.2,91.0,1.1556420023477334,0.35,3.788430226070466,0.09247311911675879,0.004139784993904252,0.00017473117889015266,19.63019658833422,34.01661194011729,2.94918289181516,3.8222365839537034,0.09489247373114991,0.00620967734565017,0.001693548349243018,20.068057966168208,35.80403124901556,3.50476346129892,1,0.0323,8.0,22.0,0.263,1,0.0,0.0,0.0,0.0,0.0,0.0,0.0,0.0,1.0,1,0.49999999999999994,0.8660254037844387,0.0,1.0
HLM,CAS,2024-01-01,2024,1,23,18.0,2.57,5,210.0,30.0,7,7,0.7143,1.0,1,6,6,1.0,0,19,7977.34,9322.34,17299.68,29.42222222222222,13.222222222222221,16.2,10,22.6,12.6,10.0,5530.0,5173.17,10703.17,1.0,0.058823529411764705,190.0,0.5581106265512472,0.16666666666666666,4.467134521548106,0.09260752761075573,0.007620967644196685,0.0,22.694373001975396,40.57645042352779,4.065521599739911,4.572043021239581,0.09556451626121998,0.006491935561581325,0.0,23.706434238021092,40.421127988446145,4.160080645949409,1,0.0323,8.0,22.0,0.263,1,1.0,0.0,0.0,0.0,1.0,0.0,0.0,0.0,0.0,1,0.49999999999999994,0.8660254037844387,0.0,1.0
WP,ALM,2024-01-01,2024,1,16,6.0,0.67,3,6.0,0.67,3,9,0.3333,0.3333,0,6,1,6.0,0,13,6848.4400000000005,6993.44,13841.880000000001,26.69047619047619,13.833333333333334,12.857142857142858,16,31.396825396825395,15.11111111111111,16.285714285714285,6034.78,7160.0,13194.779999999999,2.0,0.125,208.0,1.100270702134433,0.3214285714285714,3.788430226070466,0.09247311911675879,0.004139784993904252,0.00017473117889015266,19.63019658833422,34.01661194011729,2.94918289181516,3.933755411155602,0.08884408642407707,0.0033870967685855845,0.0,20.91069567123408,36.282579628370144,2.906134478875526,1,0.0323,8.0,22.0,0.263,1,1.0,0.0,0.0,0.0,1.0,0.0,0.0,0.0,0.0,1,0.49999999999999994,0.8660254037844387,0.0,1.0
HLM,ASS,2024-01-01,2024,1,15,1757.0,0.8,449,12212.0,5.59,626,2186,0.2054,0.2864,122,1885,1,1885.0,0,19,7977.34,9322.34,17299.68,29.42222222222222,13.222222222222221,16.2,17,28.51388888888889,13.625,14.88888888888889,21638.0,16571.67,38209.67,3.0,0.16666666666666666,323.0,1.8472730348680357,0.5714285714285714,4.467134521548106,0.09260752761075573,0.007620967644196685,0.0,22.694373001975396,40.57645042352779,4.065521599739911,3.833674811407603,0.08938172116114568,0.006962365540926174,0.0,18.942104511804157,33.40887008046591,2.7563898463993866,1,0.0323,8.0,22.0,0.263,1,1.0,0.0,0.0,0.0,1.0,0.0,0.0,0.0,0.0,1,0.49999999999999994,0.8660254037844387,0.0,1.0
HLM,OVN,2024-01-01,2024,1,2,1126.0,1.0,393,2833.0,2.52,351,1123,0.35,0.3126,122,1125,1,1125.0,0,19,7977.34,9322.34,17299.68,29.42222222222222,13.222222222222221,16.2,3,6.0,4.0,2.0,2258.0,1108.0,3366.0,0.0,0.0,57.0,0.0,0.0,4.467134521548106,0.09260752761075573,0.007620967644196685,0.0,22.694373001975396,40.57645042352779,4.065521599739911,4.460634372262184,0.09260752761075573,0.007620967644196685,0.0,22.694373001975396,40.57645042352779,4.059021471954521,1,0.0323,8.0,22.0,0.263,1,0.0,0.0,0.0,0.0,0.0,0.0,0.0,0.0,1.0,1,0.49999999999999994,0.8660254037844387,0.0,1.0
HLM,LEDN,2024-01-01,2024,1,29,6.0,0.67,4,5.0,0.56,3,9,0.4444,0.3333,2,9,3,3.0,0,19,7977.34,9322.34,17299.68,29.42222222222222,13.222222222222221,16.2,21,38.009090909090915,19.90909090909091,18.1,11970.0,12359.67,24329.67,2.0,0.09090909090909091,399.0,1.2891624083167885,0.40476190476190477,4.467134521548106,0.09260752761075573,0.007620967644196685,0.0,22.694373001975396,40.57645042352779,4.065521599739911,4.403252713507422,0.09448924850952882,0.004327956997659257,0.0,21.347878975893863,37.95628927728181,4.107284997124225,1,0.0323,8.0,22.0,0.263,1,1.0,0.0,0.0,0.0,1.0,0.0,0.0,0.0,0.0,1,0.49999999999999994,0.8660254037844387,0.0,1.0
BGN,RB,2024-02-01,2024,2,16,2383.0,2.12,765,8046.0,7.15,885,1126,0.6794,0.786,6,1152,1,1152.0,0,7,2920.88,2645.0,5565.88,45.0,23.0,22.0,4,19.0,9.5,9.5,2324.0,2324.0,4648.0,0.0,0.0,28.0,0.0,0.0,8.032933720497244,0.20344827726654624,0.0011063218652003113,0.0,18.31537908521192,34.31482670841546,7.647660713771294,8.15272989175443,0.20100574685667438,0.0005028735653593622,0.0,18.635787611035095,35.427412744226125,7.836566092296579,0,0.0,8.0,21.0,0.263,1,0.69982237,0.0,0.0,0.0008880995,0.7,0.0,0.0,0.001,0.299,1,0.8660254037844386,0.5000000000000001,0.0,0.0
UTVR,BNK,2024-02-01,2024,2,7,659.0,0.5,245,3135.0,2.38,299,1320,0.1856,0.2265,0,1321,1,1321.0,0,6,9450.0,9347.0,18797.0,7.333333333333333,3.6666666666666665,3.6666666666666665,5,11.833333333333332,5.5,6.333333333333333,2667.0,2479.09,5146.09,1.0,0.2,30.0,0.3396232718951086,0.05263157894736842,7.801976939470603,0.1790229899102244,0.001910919526955862,0.0,18.63424655966375,34.2796542658203,7.453988500367636,7.801976939470603,0.1790229899102244,0.001910919526955862,0.0,18.63424655966375,34.2796542658203,7.453988500367636,0,0.0,8.0,21.0,0.263,0,0.0,0.0,0.0,0.0,0.0,0.0,0.0,0.0,1.0,1,0.8660254037844386,0.5000000000000001,0.0,0.0
GVC,LAA,2024-02-01,2024,2,1,747.0,0.44,311,2220.0,1.32,61,1685,0.1846,0.0362,174,1688,1,1688.0,0,5,0.0,9104.0,9104.0,9.6,0.0,9.6,7,11.333333333333332,5.0,6.333333333333333,8545.0,6644.0,15189.0,2.0,0.2857142857142857,35.0,0.9481928242730024,0.24285714285714285,7.951051902223978,0.19123563177926445,0.002614942518458969,0.0,21.263657430122638,38.63741283101597,7.72827891371716,7.9770519219462,0.19123563177926445,0.002614942518458969,0.0,21.263657430122638,38.63741283101597,7.754278936605344,0,0.0,8.0,21.0,0.263,0,0.0,0.0,0.0,0.0,0.0,0.0,0.0,0.0,1.0,1,0.8660254037844386,0.5000000000000001,0.0,0.0
NDB,BSMZ,2024-02-01,2024,2,1,2246.0,1.52,902,4594.0,3.12,944,1474,0.6119,0.6404,0,1779,1,1779.0,0,8,5761.0,5761.0,11522.0,19.0,9.5,9.5,4,5.0,2.5,2.5,3551.0,3553.0,7104.0,0.0,0.0,32.0,0.0,0.0,7.7657641796074035,0.1834770123013991,0.0010057471307187245,0.0,18.51564454184524,34.97172324513567,7.428838874759345,7.739764300742369,0.1834770123013991,0.0010057471307187245,0.0,18.51564454184524,34.97172324513567,7.402839062542751,0,0.0,8.0,21.0,0.263,1,0.0,0.0,0.0,0.00067842606,0.0,0.0,0.0,0.001,0.999,1,0.8660254037844386,0.5000000000000001,0.0,0.0
LEDN,DVNK,2024-02-01,2024,2,3,1720.0,0.97,660,3845.0,2.17,585,1775,0.3718,0.3296,102,1757,1,1757.0,0,18,12235.0,12890.0,25125.0,35.33333333333333,18.444444444444443,16.88888888888889,4,5.0,2.5,2.5,3445.0,3445.0,6890.0,0.0,0.0,72.0,0.0,0.0,7.9042815178547094,0.19870689765004249,0.0007040229915031072,0.0,20.98250385228245,37.80413692915577,7.54472698391169,7.915233029839422,0.18764367936200452,0.0005028735546545051,0.0,20.01459210939791,35.99534391740273,7.624572067425169,0,0.0,8.0,21.0,0.263,1,0.0005633803,0.0,0.0,0.0,0.001,0.0,0.0,0.0,0.999,1,0.8660254037844386,0.5000000000000001,0.0,0.0
LEDN,SHL,2024-02-01,2024,2,29,2297.0,1.01,746,12477.0,5.51,746,2266,0.3292,0.3292,176,2369,1,2369.0,0,18,12235.0,12890.0,25125.0,35.33333333333333,18.444444444444443,16.88888888888889,17,44.65277777777778,22.77777777777778,21.875,15111.880000000001,12163.5,27275.38,1.0,0.05555555555555555,306.0,0.4170323914242463,0.09090909090909091,7.9042815178547094,0.19870689765004249,0.0007040229915031072,0.0,20.98250385228245,37.80413692915577,7.54472698391169,7.797063449140767,0.18448275994595098,0.0008045976938701224,0.0,19.06484791328167,35.49982660460746,7.490454212002371,0,0.0,8.0,21.0,0.263,1,1.0,0.0,0.0,0.0,1.0,0.0,0.0,0.0,0.0,1,0.8660254037844386,0.5000000000000001,0.0,0.0
LEDN,LDL,2024-02-01,2024,2,1,272.0,0.2,90,4290.0,3.21,136,1335,0.0674,0.1019,39,1335,1,1335.0,0,18,12235.0,12890.0,25125.0,35.33333333333333,18.444444444444443,16.88888888888889,3,21.5,7.5,14.0,3806.0,1335.0,5141.0,0.0,0.0,54.0,0.0,0.0,7.9042815178547094,0.19870689765004249,0.0007040229915031072,0.0,20.98250385228245,37.80413692915577,7.54472698391169,7.908732966287062,0.18764367936200452,0.0005028735546545051,0.0,20.01459210939791,35.99534391740273,7.618072054509459,0,0.0,8.0,21.0,0.263,0,0.0,0.0,0.0,0.0,0.0,0.0,0.0,0.0,1.0,1,0.8660254037844386,0.5000000000000001,0.0,0.0
GDG,GD,2024-01-01,2024,1,3,3505.0,0.96,978,10786.0,2.94,1137,3669,0.2666,0.3099,102,3273,1,3273.0,0,4,5408.0,5585.0,10993.0,16.0,8.0,8.0,14,32.5,18.0,14.5,12615.25,9547.25,22162.5,1.0,0.1111111111111111,56.0,0.5138983423697507,0.14285714285714285,3.8034569124380746,0.08481182876012978,0.0058333333381401595,0.0,19.29960252488813,33.72241852424478,3.7210644810981246,3.9639490160249893,0.08131720495199965,0.004233871005795976,0.0,19.442827911146225,34.72016040740475,3.866166710628257,1,0.0323,8.0,22.0,0.263,1,0.0,0.0,0.0,0.0,0.0,0.0,0.0,0.0,1.0,1,0.49999999999999994,0.8660254037844387,0.0,1.0
UTVR,UTLN,2024-01-01,2024,1,3,3204.0,0.71,1563,12002.0,2.66,1756,4515,0.3462,0.3889,6,4116,1,4116.0,0,6,8896.0,8778.0,17674.0,7.333333333333333,3.6666666666666665,3.6666666666666665,4,7.0,3.5,3.5,6359.0,6359.0,12718.0,0.0,0.0,24.0,0.0,0.0,3.5809328284900714,0.08750000020228726,0.007338709728692168,0.0017338709289868993,18.468390858301554,33.6870959292176,3.6324113558712465,3.600432718848629,0.08750000020228726,0.007338709728692168,0.0017338709289868993,18.468390858301554,33.6870959292176,3.651911259473612,1,0.0323,8.0,22.0,0.263,1,0.0,0.0,0.0,0.0,0.0,0.0,0.0,0.0,1.0,1,0.49999999999999994,0.8660254037844387,0.0,1.0
GVC,LEDN,2024-01-01,2024,1,15,1390.0,0.74,377,8370.0,4.45,233,1882,0.2003,0.1238,174,1684,1,1684.0,0,5,0.0,8983.0,8983.0,9.6,0.0,9.6,21,38.009090909090915,19.90909090909091,18.1,11970.0,12359.67,24329.67,2.0,0.13333333333333333,105.0,1.2352458628142324,0.39285714285714285,4.403760868980879,0.11465053795085799,0.005080645253020589,0.0,21.24727413186463,38.3066119320931,4.281112996500827,4.403252713507422,0.09448924850952882,0.004327956997659257,0.0,21.347878975893863,37.95628927728181,4.107284997124225,1,0.0323,8.0,22.0,0.263,0,1.0,0.0,0.0,0.0,1.0,0.0,0.0,0.0,0.0,1,0.49999999999999994,0.8660254037844387,0.0,1.0
HK,BV,2024-01-01,2024,1,3,735.0,0.62,295,3314.0,2.78,346,1192,0.2475,0.2903,0,1167,1,1167.0,0,4,2314.0,2104.0,4418.0,6.0,3.0,3.0,8,24.25,10.75,13.5,2315.84,2315.84,4631.68,0.0,0.0,32.0,0.0,0.0,4.517521447754936,0.09946236614218001,0.0034811828205341933,0.0,23.045490062124628,39.68370856200495,4.174712282029652,4.511021501049199,0.09946236614218001,0.0034811828205341933,0.0,23.045490062124628,39.68370856200495,4.168212362720321,1,0.0323,8.0,22.0,0.263,1,0.0,0.0,0.0,0.0,0.0,0.0,0.0,0.0,1.0,1,0.49999999999999994,0.8660254037844387,0.0,1.0
NML,EST,2024-02-01,2024,2,7,1434.0,0.88,512,5498.0,3.37,607,1632,0.3137,0.3719,0,1637,1,1637.0,0,4,3271.0,2812.0,6083.0,8.0,4.0,4.0,7,14.25,7.25,7.0,3361.0,3288.0,6649.0,1.0,0.2,28.0,0.6213349345596119,0.2,7.757212736370877,0.17327586378388363,0.0,0.0,17.2625296551777,33.63672327858278,7.4347988815828305,7.707065923075223,0.1817528748049818,0.00010057471307187245,0.0,17.506133634468604,33.852930068284614,7.399666480805682,0,0.0,8.0,21.0,0.263,1,0.03492647,0.0,0.0,0.0,0.035,0.0,0.0,0.0,0.965,1,0.8660254037844386,0.5000000000000001,0.0,0.0
RSN,WDN,2024-02-01,2024,2,8,779.0,0.82,243,1529.0,1.61,264,950,0.2558,0.2779,2,971,1,971.0,0,4,1957.0,1956.0,3913.0,15.0,7.5,7.5,4,13.0,6.5,6.5,1957.0,1169.0,3126.0,0.0,0.0,16.0,0.0,0.0,7.445146374340201,0.1712643682164536,0.000905172417646852,2.8735631541616615e-05,18.098008255420744,33.97706813339529,7.049528544319087,7.389514602892016,0.1665229887926373,0.0008045976938701224,8.620689462484985e-05,17.75485605720816,32.99327502168458,6.962574887378462,0,0.0,8.0,21.0,0.263,1,0.09578948,0.0,0.0,0.0,0.096,0.0,0.0,0.0,0.904,1,0.8660254037844386,0.5000000000000001,0.0,0.0
HLM,SHL,2024-02-01,2024,2,30,3.0,0.75,1,120.0,30.0,4,4,0.25,1.0,0,23,8,2.88,0,13,8655.83,9962.88,18618.71,19.142857142857142,8.0,11.142857142857142,17,44.65277777777778,22.77777777777778,21.875,15111.880000000001,12163.5,27275.38,1.0,0.06666666666666667,221.0,0.45511961331341866,0.1111111111111111,7.716640995365792,0.18936781722238694,0.0009051724283517092,0.0,21.793527588205432,39.285516127772716,7.490491575550759,7.797063449140767,0.18448275994595098,0.0008045976938701224,0.0,19.06484791328167,35.49982660460746,7.490454212002371,0,0.0,8.0,21.0,0.263,1,1.0,0.0,0.0,0.0,1.0,0.0,0.0,0.0,0.0,1,0.8660254037844386,0.5000000000000001,0.0,0.0
WP,DMN,2024-02-01,2024,2,7,1175.0,0.81,353,3901.0,2.69,595,1448,0.2438,0.4109,4,1577,1,1577.0,0,10,6690.0,6687.0,13377.0,20.4,10.0,10.4,4,9.0,4.5,4.5,3136.0,3120.0,6256.0,0.0,0.0,40.0,0.0,0.0,7.782799051012095,0.185775863006711,0.0012068965782721837,0.0,19.652092345144556,34.550688718242206,7.410385266802777,7.789299114874896,0.185775863006711,0.0012068965782721837,0.0,19.652092345144556,34.550688718242206,7.41688527800571,0,0.0,8.0,21.0,0.263,1,0.0,0.0,0.0,0.0,0.0,0.0,0.0,0.0,1.0,1,0.8660254037844386,0.5000000000000001,0.0,0.0
DVNK,VST,2024-02-01,2024,2,2,1278.0,0.72,412,3508.0,1.98,462,1774,0.2322,0.2604,23,1757,1,1757.0,0,4,3445.0,3445.0,6890.0,5.0,2.5,2.5,4,8.0,4.0,4.0,3445.0,3445.0,6890.0,0.0,0.0,16.0,0.0,0.0,7.915233029839422,0.18764367936200452,0.0005028735546545051,0.0,20.01459210939791,35.99534391740273,7.624572067425169,7.915233029839422,0.18764367936200452,0.0005028735546545051,0.0,20.01459210939791,35.99534391740273,7.624572067425169,0,0.0,8.0,21.0,0.263,0,0.0,0.0,0.0,0.0,0.0,0.0,0.0,0.0,1.0,1,0.8660254037844386,0.5000000000000001,0.0,0.0
NML,NM,2024-02-01,2024,2,1,551.0,0.45,230,5841.0,4.8,376,1218,0.1888,0.3087,0,1175,1,1175.0,0,4,3271.0,2812.0,6083.0,8.0,4.0,4.0,9,22.75,11.75,11.0,4658.0,7464.0,12122.0,1.0,0.16666666666666666,36.0,0.7213475204444817,0.25,7.757212736370877,0.17327586378388363,0.0,0.0,17.2625296551777,33.63672327858278,7.4347988815828305,7.718212588015815,0.17327586378388363,0.0,0.0,17.2625296551777,33.63672327858278,7.39579885136122,0,0.0,8.0,21.0,0.263,1,0.0,0.0,0.0,0.0,0.0,0.0,0.0,0.0,1.0,1,0.8660254037844386,0.5000000000000001,0.0,0.0
WP,AMPO,2024-02-01,2024,2,13,1209.0,0.85,398,3899.0,2.76,499,1415,0.2813,0.3527,19,1555,1,1555.0,0,10,6690.0,6687.0,13377.0,20.4,10.0,10.4,8,20.0,10.0,10.0,5385.67,5383.0,10768.67,2.0,0.25,80.0,1.1556420023477334,0.35,7.782799051012095,0.185775863006711,0.0012068965782721837,0.0,19.652092345144556,34.550688718242206,7.410385266802777,7.763068985557933,0.19123563265706273,0.0020114942507325918,0.0,19.824412606399633,35.79310250008243,7.385770133857069,0,0.0,8.0,21.0,0.263,1,0.00070671376,0.0,0.0,0.00070671376,0.001,0.0,0.0,0.001,0.998,1,0.8660254037844386,0.5000000000000001,0.0,0.0
SPTZ,SPTN,2024-02-01,2024,2,2,700.0,0.71,234,2937.0,2.98,291,984,0.2378,0.2957,4,1154,1,1154.0,0,4,2346.0,2346.0,4692.0,4.0,2.0,2.0,4,3.0,1.5,1.5,2346.0,2346.0,4692.0,0.0,0.0,16.0,0.0,0.0,7.736140792611344,0.18936781722238694,0.0009051724283517092,0.0,21.793527588205432,39.285516127772716,7.50999136457498,7.729640746810313,0.18936781722238694,0.0009051724283517092,0.0,21.793527588205432,39.285516127772716,7.503491363648711,0,0.0,8.0,21.0,0.263,1,0.0,0.0,0.0,0.0,0.0,0.0,0.0,0.0,1.0,1,0.8660254037844386,0.5000000000000001,0.0,0.0
BGN,RB,2024-01-01,2024,1,16,2514.0,2.18,768,8234.0,7.15,872,1152,0.6667,0.7569,7,1712,1,1712.0,0,6,3978.0,3136.0,7114.0,44.0,22.0,22.0,4,19.0,9.5,9.5,3462.0,3462.0,6924.0,0.0,0.0,24.0,0.0,0.0,3.7062606356126726,0.08454301179216434,0.0033870968186566906,0.0013978494311212212,17.946368384585586,33.45145078564203,3.70330367397557,3.8635752755217254,0.08615591448120853,0.002446236569554575,0.0013306451315480855,18.230228838260455,34.40322492776379,4.053360212318879,1,0.0323,8.0,22.0,0.263,1,0.7491319,0.0,0.0,0.0,0.749,0.0,0.0,0.0,0.251,1,0.49999999999999994,0.8660254037844387,0.0,1.0
UTVR,BNK,2024-01-01,2024,1,7,607.0,0.46,206,3913.0,2.96,287,1321,0.1559,0.2173,0,1258,1,1258.0,0,6,8896.0,8778.0,17674.0,7.333333333333333,3.6666666666666665,3.6666666666666665,4,11.0,5.5,5.5,2535.0,2371.0,4906.0,0.0,0.0,24.0,0.0,0.0,3.5809328284900714,0.08750000020228726,0.007338709728692168,0.0017338709289868993,18.468390858301554,33.6870959292176,3.6324113558712465,3.5809328284900714,0.08750000020228726,0.007338709728692168,0.0017607526488161536,18.468390858301554,33.6870959292176,3.6324113558712465,1,0.0323,8.0,22.0,0.263,0,0.0,0.0,0.0,0.0007570023,0.0,0.0,0.0,0.001,0.999,1,0.49999999999999994,0.8660254037844387,0.0,1.0
GVC,LAA,2024-01-01,2024,1,1,694.0,0.41,296,4110.0,2.43,118,1688,0.1754,0.0699,207,1721,1,1721.0,0,5,0.0,8983.0,8983.0,9.6,0.0,9.6,7,11.333333333333332,5.0,6.333333333333333,8391.0,6459.0,14850.0,2.0,0.2857142857142857,35.0,0.9163279467515955,0.22619047619047616,4.403760868980879,0.11465053795085799,0.005080645253020589,0.0,21.24727413186463,38.3066119320931,4.281112996500827,4.429760888737116,0.11465053795085799,0.005080645253020589,0.0,21.24727413186463,38.3066119320931,4.307113011432712,1,0.0323,8.0,22.0,0.263,0,0.0,0.0,0.0,0.0,0.0,0.0,0.0,0.0,1.0,1,0.49999999999999994,0.8660254037844387,0.0,1.0
NDB,BSMZ,2024-01-01,2024,1,1,2562.0,1.44,965,7109.0,4.0,1045,1779,0.5424,0.5874,1,1722,1,1722.0,0,8,5471.0,5470.0,10941.0,19.0,9.5,9.5,4,5.0,2.5,2.5,3389.0,3389.0,6778.0,0.0,0.0,32.0,0.0,0.0,3.6086127909616397,0.09663978551504432,0.006397849419504725,0.001693548349243018,18.345179287897004,34.04322479168574,2.9590160415948477,3.582612937801988,0.09663978551504432,0.006397849419504725,0.001693548349243018,18.345179287897004,34.04322479168574,2.9330161967294752,1,0.0323,8.0,22.0,0.263,1,0.0,0.0,0.0,0.0,0.0,0.0,0.0,0.0,1.0,1,0.49999999999999994,0.8660254037844387,0.0,1.0
LEDN,DVNK,2024-01-01,2024,1,3,1718.0,0.98,563,6461.0,3.68,749,1757,0.3204,0.4263,134,1780,1,1780.0,0,21,11970.0,12359.67,24329.67,38.009090909090915,19.90909090909091,18.1,4,5.0,2.5,2.5,3501.0,3499.0,7000.0,0.0,0.0,84.0,0.0,0.0,4.403252713507422,0.09448924850952882,0.004327956997659257,0.0,21.347878975893863,37.95628927728181,4.107284997124225,4.17476890564105,0.08938172069047728,0.004516129111570697,0.0,19.837839674885554,35.115966882756965,3.9935860649572423,1,0.0323,8.0,22.0,0.263,1,0.00056915195,0.0,0.0,0.00056915195,0.001,0.0,0.0,0.001,0.998,1,0.49999999999999994,0.8660254037844387,0.0,1.0
LEDN,SHL,2024-01-01,2024,1,29,2244.0,0.95,675,16488.0,6.96,859,2369,0.2849,0.3626,246,2135,1,2135.0,0,21,11970.0,12359.67,24329.67,38.009090909090915,19.90909090909091,18.1,16,44.682539682539684,22.11111111111111,22.571428571428573,14532.0,12421.0,26953.0,2.0,0.10526315789473684,336.0,1.2891624083167885,0.40476190476190477,4.403252713507422,0.09448924850952882,0.004327956997659257,0.0,21.347878975893863,37.95628927728181,4.107284997124225,4.025314567881005,0.09099462491169732,0.00611559144391488,0.0,19.258847246527353,35.33419259517424,3.689830669231953,1,0.0323,8.0,22.0,0.263,1,1.0,0.0,0.0,0.0,1.0,0.0,0.0,0.0,0.0,1,0.49999999999999994,0.8660254037844387,0.0,1.0
LEDN,LDL,2024-01-01,2024,1,1,312.0,0.23,100,4830.0,3.62,147,1335,0.0749,0.1101,33,1345,1,1345.0,0,21,11970.0,12359.67,24329.67,38.009090909090915,19.90909090909091,18.1,3,21.5,7.5,14.0,3796.0,1345.0,5141.0,0.0,0.0,63.0,0.0,0.0,4.403252713507422,0.09448924850952882,0.004327956997659257,0.0,21.347878975893863,37.95628927728181,4.107284997124225,4.1682689522658425,0.08938172069047728,0.004516129111570697,0.0,19.837839674885554,35.115966882756965,3.987086133430562,1,0.0323,8.0,22.0,0.263,0,0.0,0.0,0.0,0.0,0.0,0.0,0.0,0.0,1.0,1,0.49999999999999994,0.8660254037844387,0.0,1.0
HLM,CAS,2024-02-01,2024,2,23,2.0,0.06,2,27.0,0.75,16,36,0.0556,0.4444,1,7,1,7.0,0,13,8655.83,9962.88,18618.71,19.142857142857142,8.0,11.142857142857142,10,25.2,12.6,12.6,5820.0,5396.83,11216.83,0.0,0.0,130.0,0.0,0.0,7.716640995365792,0.18936781722238694,0.0009051724283517092,0.0,21.793527588205432,39.285516127772716,7.490491575550759,7.658261490134715,0.1981321859077133,0.001106321843790597,0.0,22.700928221317543,39.04137821375639,7.3362068867888945,0,0.0,8.0,21.0,0.263,1,1.0,0.0,0.0,0.0,1.0,0.0,0.0,0.0,0.0,1,0.8660254037844386,0.5000000000000001,0.0,0.0
RLB,RTST,2024-02-01,2024,2,2,44.0,1.26,20,104.0,2.97,22,35,0.5714,0.6286,0,22,1,22.0,0,6,3843.0,3843.0,7686.0,6.0,3.0,3.0,5,3.8333333333333335,1.5,2.3333333333333335,37.0,58.0,95.0,1.0,0.2,30.0,0.9102392266268373,0.3333333333333333,8.029488582891979,0.17198275992025933,0.00010057471307187245,0.0,19.675502311909337,35.071033541155956,7.664043114788231,8.02274158858191,0.1737068971704649,0.0024137930280860812,0.0,19.48743032107408,35.72896461925287,7.692281814142206,0,0.0,8.0,21.0,0.263,1,0.0,0.0,0.0,0.0,0.0,0.0,0.0,0.0,1.0,1,0.8660254037844386,0.5000000000000001,0.0,0.0
WP,ALM,2024-02-01,2024,2,16,2.0,0.22,2,2.0,0.22,2,9,0.2222,0.2222,0,9,1,9.0,0,10,6690.0,6687.0,13377.0,20.4,10.0,10.4,18,43.075,21.7,21.375,5726.139999999999,6613.38,12339.52,2.0,0.14285714285714285,180.0,1.1383799118687281,0.34090909090909094,7.782799051012095,0.185775863006711,0.0012068965782721837,0.0,19.652092345144556,34.550688718242206,7.410385266802777,7.79256603087502,0.1833333340098803,0.002614942614802684,1.4367815770808308e-05,20.71273012921728,36.31137834677751,7.492781589771139,0,0.0,8.0,21.0,0.263,0,1.0,0.0,0.0,0.0,1.0,0.0,0.0,0.0,0.0,1,0.8660254037844386,0.5000000000000001,0.0,0.0
HLM,ASS,2024-02-01,2024,2,15,1321.0,0.63,382,11066.0,5.25,604,2106,0.1814,0.2868,94,2186,1,2186.0,0,13,8655.83,9962.88,18618.71,19.142857142857142,8.0,11.142857142857142,17,34.84722222222222,21.22222222222222,13.625,22050.0,17103.0,39153.0,1.0,0.06666666666666667,221.0,0.45511961331341866,0.1111111111111111,7.716640995365792,0.18936781722238694,0.0009051724283517092,0.0,21.793527588205432,39.285516127772716,7.490491575550759,7.710684075309285,0.2002873577969684,0.001609195398445102,0.0,18.6796912191243,33.6486197381184,7.3061582103542895,0,0.0,8.0,21.0,0.263,1,0.9985755,0.0,0.0,0.0004748338,0.999,0.0,0.0,0.0,0.001,1,0.8660254037844386,0.5000000000000001,0.0,0.0
HLM,OVN,2024-02-01,2024,2,2,803.0,0.76,293,1066.0,1.0,226,1061,0.2762,0.213,94,1123,1,1123.0,0,13,8655.83,9962.88,18618.71,19.142857142857142,8.0,11.142857142857142,3,6.0,4.0,2.0,2270.0,1117.0,3387.0,0.0,0.0,39.0,0.0,0.0,7.716640995365792,0.18936781722238694,0.0009051724283517092,0.0,21.793527588205432,39.285516127772716,7.490491575550759,7.710140770172765,0.18936781722238694,0.0009051724283517092,0.0,21.793527588205432,39.285516127772716,7.483991341686797,0,0.0,8.0,21.0,0.263,0,0.0,0.0,0.0,0.0,0.0,0.0,0.0,0.0,1.0,1,0.8660254037844386,0.5000000000000001,0.0,0.0
STD,RM,2024-01-01,2024,1,25,1454.0,0.65,514,23535.0,10.55,932,2230,0.2305,0.4179,152,2014,1,2014.0,0,4,4039.0,2014.0,6053.0,46.66666666666667,21.666666666666668,25.0,4,49.0,24.5,24.5,4039.0,4039.0,8078.0,0.0,0.0,16.0,0.0,0.0,3.0720052864622844,0.0728494627501375,0.012231182697559557,0.015228494711380491,16.852230359389576,33.364353916337414,3.267301021819754,2.9719380979045664,0.0852150545125046,0.00837365592960068,0.01020161269022332,16.501267148842736,30.95177328009759,3.156817163776366,1,0.0323,8.0,22.0,0.263,1,1.0,0.0,0.0,0.0,1.0,0.0,0.0,0.0,0.0,1,0.49999999999999994,0.8660254037844387,0.0,1.0
VL,HRT,2024-01-01,2024,1,12,94.0,2.24,21,720.0,17.14,22,42,0.5,0.5238,3,0,12,0.0,1,2,0.0,1166.0,1166.0,7.0,0.0,7.0,5,27.333333333333336,13.333333333333334,14.0,2641.0,2573.0,5214.0,1.0,0.25,10.0,1.4426950408889634,0.5,3.023295743661302,0.06881720454542227,0.008279569937737399,0.00864247315042522,16.827824658924534,31.85854762215768,3.1120054145513842,3.0846102179568864,0.07379032314945293,0.005268817266789815,0.007244623493984021,16.652747303247452,32.052095963749835,3.1620967814808973,1,0.0323,8.0,22.0,0.263,1,1.0,0.0,0.0,0.0,1.0,0.0,0.0,0.0,0.0,1,0.49999999999999994,0.8660254037844387,0.0,1.0
TWL,APDO,2024-01-01,2024,1,7,606.0,0.66,205,1769.0,1.93,232,915,0.224,0.2536,0,863,1,863.0,0,4,1734.0,1717.0,3451.0,12.0,6.0,6.0,3,12.0,5.0,7.0,1734.0,871.0,2605.0,0.0,0.0,12.0,0.0,0.0,3.341338691216523,0.09852150560266548,0.004516129061499591,0.002043010707023323,18.331987683170585,33.868063609446246,3.425680086166868,3.3103306429480672,0.10026881778712875,0.0031989246146172604,0.0027284945626693067,19.128281966973375,33.999192777500355,3.294201634273494,1,0.0323,8.0,22.0,0.263,0,0.0010928962,0.0,0.0,0.0,0.001,0.0,0.0,0.0,0.999,1,0.49999999999999994,0.8660254037844387,0.0,1.0
HLO,CAS,2024-01-01,2024,1,7,1992.0,0.81,771,10800.0,4.41,980,2451,0.3146,0.3998,0,2364,1,2364.0,0,5,4742.17,3886.0,8628.17,15.666666666666666,9.666666666666666,6.0,10,22.6,12.6,10.0,5530.0,5173.17,10703.17,2.0,0.2857142857142857,50.0,1.4683498531780845,0.5,4.610155892277998,0.10376344062387943,0.007244623746843108,0.0,24.391501140209936,41.486611809781806,4.167548372164889,4.572043021239581,0.09556451626121998,0.006491935561581325,0.0,23.706434238021092,40.421127988446145,4.160080645949409,1,0.0323,8.0,22.0,0.263,1,0.49530804,0.0,0.0,0.0,0.495,0.0,0.0,0.0,0.505,1,0.49999999999999994,0.8660254037844387,0.0,1.0
ARN,MDB,2024-01-01,2024,1,4,5937.0,5.15,1045,11489.0,9.97,1139,1152,0.9071,0.9887,13,1721,1,1721.0,0,4,3457.0,3458.0,6915.0,19.0,9.5,9.5,7,17.833333333333336,8.5,9.333333333333334,3974.0,3718.0,7692.0,1.0,0.2,28.0,0.7213475204444817,0.25,4.3014113084533285,0.08750000081315476,0.0011290322828997848,0.0,19.80379093975149,35.206934450775066,4.139852146878438,4.643798396714853,0.0993279576581973,0.002822580667192577,0.0,22.51351043229462,41.13774080430308,4.613825235272988,1,0.0323,8.0,22.0,0.263,1,0.7491319,0.0,0.0,0.0,0.749,0.0,0.0,0.0,0.251,1,0.49999999999999994,0.8660254037844387,0.0,1.0
DVD,HVS,2024-02-01,2024,2,24,1351.0,1.8,482,3121.0,4.17,521,749,0.6435,0.6956,0,574,1,574.0,0,15,7929.0,7864.0,15793.0,20.482142857142858,11.625,8.857142857142858,18,29.45,15.7,13.75,9067.6,7842.8,16910.4,3.0,0.2,270.0,1.6190814188908376,0.4692982456140351,7.7242987892247905,0.185775863006711,0.0012068965782721837,0.0,19.652092345144556,34.550688718242206,7.351884994013556,7.73570715536995,0.1785919552818797,0.0015086207067829438,0.0,18.387631229970648,34.61275764922986,7.398925492133217,0,0.0,8.0,21.0,0.263,1,0.9986649,0.0,0.0,0.0013351135,0.999,0.0,0.0,0.001,0.0,1,0.8660254037844386,0.5000000000000001,0.0,0.0
OVN,HLM,2024-02-01,2024,2,2,1093.0,1.2,779,1428.0,1.57,783,911,0.8551,0.8595,1,1117,1,1117.0,0,3,2270.0,1117.0,3387.0,6.0,4.0,2.0,13,19.142857142857142,8.0,11.142857142857142,8655.83,9962.88,18618.71,0.0,0.0,39.0,0.0,0.0,7.710140770172765,0.18936781722238694,0.0009051724283517092,0.0,21.793527588205432,39.285516127772716,7.483991341686797,7.716640995365792,0.18936781722238694,0.0009051724283517092,0.0,21.793527588205432,39.285516127772716,7.490491575550759,0,0.0,8.0,21.0,0.263,1,0.0,0.0,0.0,0.0,0.0,0.0,0.0,0.0,1.0,1,0.8660254037844386,0.5000000000000001,0.0,0.0
APD,AMF,2024-02-01,2024,2,43,1240.0,0.84,496,4549.0,3.09,417,1471,0.3372,0.2835,14,1350,1,1350.0,0,5,2697.0,3422.0,6119.0,49.33333333333333,29.0,20.333333333333332,16,48.0,25.75,22.25,11060.8,10727.0,21787.8,0.0,0.0,80.0,0.0,0.0,7.530361924566671,0.18390804660859808,0.0007040229915031072,0.0,18.883574446213657,33.768619753505995,7.100620591263661,7.71931898788731,0.18132184042284885,0.004827586088286734,0.0,18.541795207508677,34.77206808020328,7.339074735840161,0,0.0,8.0,21.0,0.263,1,1.0,0.0,0.0,0.0,1.0,0.0,0.0,0.0,0.0,1,0.8660254037844386,0.5000000000000001,0.0,0.0
ES,ESK,2024-02-01,2024,2,4,96.0,0.47,24,210.0,1.03,7,204,0.1176,0.0343,1,210,1,210.0,0,2,0.0,1360.0,1360.0,6.0,0.0,6.0,3,8.0,4.0,4.0,395.0,210.0,605.0,1.0,0.3333333333333333,6.0,0.7213475204444817,0.25,7.238025778438896,0.17270115113164158,0.0010057471307187245,0.00010057471039565815,17.12830903920634,33.06206812598239,6.85189072017012,7.304925464540613,0.16982758669289708,0.00040229886299234695,0.0,17.323984890319835,32.940516327646954,6.900471444702012,0,0.0,8.0,21.0,0.263,0,0.073529415,0.0,0.0,0.0,0.074,0.0,0.0,0.0,0.926,1,0.8660254037844386,0.5000000000000001,0.0,0.0
DVD,DMNZ,2024-02-01,2024,2,2,2050.0,1.39,590,4743.0,3.22,642,1472,0.4008,0.4361,0,1772,1,1772.0,0,15,7929.0,7864.0,15793.0,20.482142857142858,11.625,8.857142857142858,4,9.0,4.5,4.5,3564.0,3555.0,7119.0,0.0,0.0,60.0,0.0,0.0,7.7242987892247905,0.185775863006711,0.0012068965782721837,0.0,19.652092345144556,34.550688718242206,7.351884994013556,7.789299114874896,0.185775863006711,0.0012068965782721837,0.0,19.652092345144556,34.550688718242206,7.41688527800571,0,0.0,8.0,21.0,0.263,1,0.0013586957,0.0,0.0,0.0013586957,0.001,0.0,0.0,0.001,0.998,1,0.8660254037844386,0.5000000000000001,0.0,0.0
UTO,BHV,2024-02-01,2024,2,6,974.0,0.52,366,1587.0,0.85,381,1858,0.197,0.2051,4,1974,1,1974.0,0,8,7554.29,3763.0,11317.29,18.266666666666666,8.6,9.666666666666666,5,13.166666666666666,8.666666666666666,4.5,4008.2,3992.0,8000.2,1.0,0.14285714285714285,40.0,1.4426950408889634,0.5,7.805956917547289,0.17298850681547118,0.0006034482998409491,0.0,18.6974703446887,35.08086110052021,7.493097733834694,7.76695715182129,0.17298850681547118,0.0006034482998409491,0.0,18.6974703446887,35.08086110052021,7.454097929014557,0,0.0,8.0,21.0,0.263,0,0.0,0.0,0.0,0.0,0.0,0.0,0.0,0.0,1.0,1,0.8660254037844386,0.5000000000000001,0.0,0.0
HVS,DVD,2024-01-01,2024,1,24,516.0,0.88,168,1720.0,2.94,268,585,0.2872,0.4581,43,818,1,818.0,0,15,8972.25,7787.0,16759.25,25.857142857142858,14.0,11.857142857142858,16,20.07936507936508,11.222222222222221,8.857142857142858,8195.33,8181.0,16376.33,2.0,0.13333333333333333,240.0,0.9370338082411984,0.23809523809523808,3.48861296637164,0.08440860238687325,0.007150537664851834,0.0017473117889015264,18.077912151092484,33.39483781206992,2.91415057068951,3.7299300739741934,0.09247311911675879,0.004139784993904252,0.0,19.63019658833422,34.01661194011729,2.890682762083147,1,0.0323,8.0,22.0,0.263,1,1.0,0.0,0.0,0.0,1.0,0.0,0.0,0.0,0.0,1,0.49999999999999994,0.8660254037844387,0.0,1.0
RTD,RTN,2024-01-01,2024,1,5,715.0,0.59,206,4170.0,3.44,119,1211,0.1701,0.0983,60,1162,1,1162.0,0,15,10630.0,14622.0,25252.0,47.44444444444444,26.0,21.444444444444443,3,10.0,5.0,5.0,2285.0,1162.0,3447.0,1.0,0.1,45.0,0.7213475204444817,0.25,4.006881736759698,0.08387096811045883,0.002822580657178356,0.0,18.714111432753583,34.11870878101677,3.9028495071075295,4.006881736759698,0.08387096811045883,0.002822580657178356,0.0,18.714111432753583,34.11870878101677,3.9028495071075295,1,0.0323,8.0,22.0,0.263,0,0.0,0.0,0.0,0.0,0.0,0.0,0.0,0.0,1.0,1,0.49999999999999994,0.8660254037844387,0.0,1.0
ASS,HN,2024-02-01,2024,2,39,1519.0,1.58,421,5169.0,5.37,574,962,0.4376,0.5967,8,1321,1,1321.0,0,17,22050.0,17103.0,39153.0,34.84722222222222,21.22222222222222,13.625,12,40.333333333333336,20.166666666666668,20.166666666666668,4111.25,4792.0,8903.25,2.0,0.15384615384615385,204.0,1.279458146995729,0.41666666666666663,7.710684075309285,0.2002873577969684,0.001609195398445102,0.0,18.6796912191243,33.6486197381184,7.3061582103542895,7.669545965536829,0.18074712761003395,0.0007040230022079643,2.8735631541616615e-05,19.979274317536547,35.323964620116115,7.334344804629512,0,0.0,8.0,21.0,0.263,1,1.0,0.0,0.0,0.0,1.0,0.0,0.0,0.0,0.0,1,0.8660254037844386,0.5000000000000001,0.0,0.0
ASS,HLM,2024-02-01,2024,2,15,2813.0,1.35,1391,11426.0,5.49,1582,2082,0.6681,0.7598,1,2068,1,2068.0,0,17,22050.0,17103.0,39153.0,34.84722222222222,21.22222222222222,13.625,13,19.142857142857142,8.0,11.142857142857142,8655.83,9962.88,18618.71,1.0,0.06666666666666667,221.0,0.45511961331341866,0.1111111111111111,7.710684075309285,0.2002873577969684,0.001609195398445102,0.0,18.6796912191243,33.6486197381184,7.3061582103542895,7.716640995365792,0.18936781722238694,0.0009051724283517092,0.0,21.793527588205432,39.285516127772716,7.490491575550759,0,0.0,8.0,21.0,0.263,1,0.9990394,0.0,0.0,0.0,0.999,0.0,0.0,0.0,0.001,1,0.8660254037844386,0.5000000000000001,0.0,0.0
ASS,ASD,2024-02-01,2024,2,4,4197.0,1.1,1486,21003.0,5.51,1969,3815,0.3895,0.5161,22,5459,1,5459.0,0,17,22050.0,17103.0,39153.0,34.84722222222222,21.22222222222222,13.625,17,37.77142857142857,18.571428571428573,19.2,11149.0,20098.0,31247.0,1.0,0.05263157894736842,289.0,0.45511961331341866,0.1111111111111111,7.710684075309285,0.2002873577969684,0.001609195398445102,0.0,18.6796912191243,33.6486197381184,7.3061582103542895,7.7041838592582055,0.2002873577969684,0.001609195398445102,0.0,18.6796912191243,33.6486197381184,7.299657985054213,0,0.0,8.0,21.0,0.263,1,0.5507208,0.0,0.0,0.0,0.551,0.0,0.0,0.0,0.449,1,0.8660254037844386,0.5000000000000001,0.0,0.0
DVD,HVS,2024-01-01,2024,1,24,826.0,1.44,337,1829.0,3.19,359,574,0.5871,0.6254,0,834,1,834.0,0,16,8195.33,8181.0,16376.33,20.07936507936508,11.222222222222221,8.857142857142858,15,25.857142857142858,14.0,11.857142857142858,8972.25,7787.0,16759.25,2.0,0.13333333333333333,240.0,0.9370338082411984,0.23809523809523808,3.7299300739741934,0.09247311911675879,0.004139784993904252,0.0,19.63019658833422,34.01661194011729,2.890682762083147,3.48861296637164,0.08440860238687325,0.007150537664851834,0.0017473117889015264,18.077912151092484,33.39483781206992,2.91415057068951,1,0.0323,8.0,22.0,0.263,1,1.0,0.0,0.0,0.0,1.0,0.0,0.0,0.0,0.0,1,0.49999999999999994,0.8660254037844387,0.0,1.0
OVN,HLM,2024-01-01,2024,1,2,1439.0,1.29,970,3231.0,2.89,994,1117,0.8684,0.8899,53,1108,1,1108.0,0,3,2258.0,1108.0,3366.0,6.0,4.0,2.0,19,29.42222222222222,13.222222222222221,16.2,7977.34,9322.34,17299.68,0.0,0.0,57.0,0.0,0.0,4.460634372262184,0.09260752761075573,0.007620967644196685,0.0,22.694373001975396,40.57645042352779,4.059021471954521,4.467134521548106,0.09260752761075573,0.007620967644196685,0.0,22.694373001975396,40.57645042352779,4.065521599739911,1,0.0323,8.0,22.0,0.263,1,0.0,0.0,0.0,0.0,0.0,0.0,0.0,0.0,1.0,1,0.49999999999999994,0.8660254037844387,0.0,1.0
APD,AMF,2024-01-01,2024,1,43,1509.0,1.12,541,6291.0,4.66,471,1350,0.4007,0.3489,4,1358,1,1358.0,0,5,2711.0,3371.0,6082.0,49.33333333333333,29.0,20.333333333333332,15,46.10714285714286,23.857142857142858,22.25,11305.0,10810.0,22115.0,0.0,0.0,75.0,0.0,0.0,3.25833065247023,0.10026881778712875,0.0031989246146172604,0.0027284945626693067,19.128281966973375,33.999192777500355,3.2422016300561447,3.519145186514824,0.08306451683603627,0.006962365580983059,0.0018279569483892891,18.494562417909663,34.376128144802585,3.4926666896139342,1,0.0323,8.0,22.0,0.263,1,1.0,0.0,0.0,0.0,1.0,0.0,0.0,0.0,0.0,1,0.49999999999999994,0.8660254037844387,0.0,1.0
STD,RM,2024-02-01,2024,2,25,875.0,0.53,408,9122.0,5.54,454,1647,0.2477,0.2757,38,2230,1,2230.0,0,4,4454.0,2230.0,6684.0,46.66666666666667,21.666666666666668,25.0,4,49.0,24.5,24.5,4454.0,4454.0,8908.0,0.0,0.0,16.0,0.0,0.0,8.031965248880844,0.14612069102967606,0.0008045977045749796,0.0,17.49378474656193,34.83620595246896,7.715873338367747,7.922410638895871,0.15330459867957338,0.0,0.0,16.944235039767864,32.03999922878441,7.507827384033423,0,0.0,8.0,21.0,0.263,1,1.0,0.0,0.0,0.0,1.0,0.0,0.0,0.0,0.0,1,0.8660254037844386,0.5000000000000001,0.0,0.0
ES,ESK,2024-01-01,2024,1,4,76.0,0.36,22,570.0,2.71,16,210,0.1048,0.0762,2,181,1,181.0,0,2,0.0,1322.0,1322.0,6.0,0.0,6.0,3,8.0,4.0,4.0,342.0,177.0,519.0,1.0,0.3333333333333333,6.0,0.7213475204444817,0.25,2.929400476236497,0.10026881788727096,0.007997311791905793,0.0019354838277063063,17.44033622409227,33.40257968088632,2.9824246877493956,3.0132285947886404,0.10416666697710752,0.005174731104684773,0.0017338709289868993,17.676085703956183,33.25886998573939,3.0417904191154745,1,0.0323,8.0,22.0,0.263,0,0.01904762,0.0,0.0,0.0,0.019,0.0,0.0,0.0,0.981,1,0.49999999999999994,0.8660254037844387,0.0,1.0
DVD,DMNZ,2024-01-01,2024,1,2,2033.0,1.15,619,6468.0,3.65,730,1772,0.3493,0.412,1,1635,1,1635.0,0,16,8195.33,8181.0,16376.33,20.07936507936508,11.222222222222221,8.857142857142858,4,9.0,4.5,4.5,3290.0,3238.0,6528.0,0.0,0.0,64.0,0.0,0.0,3.7299300739741934,0.09247311911675879,0.004139784993904252,0.0,19.63019658833422,34.01661194011729,2.890682762083147,3.7949301867936085,0.09247311911675879,0.004139784993904252,0.00017473117889015266,19.63019658833422,34.01661194011729,2.9556828290724786,1,0.0323,8.0,22.0,0.263,1,0.0,0.0,0.0,0.0,0.0,0.0,0.0,0.0,1.0,1,0.49999999999999994,0.8660254037844387,0.0,1.0
UTO,BHV,2024-01-01,2024,1,6,920.0,0.47,366,3573.0,1.81,422,1974,0.1854,0.2138,4,1926,1,1926.0,0,7,7213.0,3587.0,10800.0,17.666666666666664,8.0,9.666666666666666,4,9.0,4.5,4.5,3912.0,3903.0,7815.0,0.0,0.0,28.0,0.0,0.0,3.5528145317809394,0.08508064558789614,0.00818548389580301,0.0017338709289868993,18.402671900327487,34.064515234962585,3.0670618518526034,3.5138145792047664,0.08508064558789614,0.00818548389580301,0.0017607526488161536,18.402671900327487,34.064515234962585,3.028061871196554,1,0.0323,8.0,22.0,0.263,0,0.0,0.0,0.0,0.0,0.0,0.0,0.0,0.0,1.0,1,0.49999999999999994,0.8660254037844387,0.0,1.0
ASS,HN,2024-01-01,2024,1,39,1542.0,1.17,428,16534.0,12.52,826,1321,0.324,0.6253,12,1099,1,1099.0,0,17,21638.0,16571.67,38209.67,28.51388888888889,13.625,14.88888888888889,11,42.16666666666667,22.0,20.166666666666668,3687.0,4096.0,7783.0,2.0,0.15384615384615385,187.0,1.279458146995729,0.41666666666666663,3.833674811407603,0.08938172116114568,0.006962365540926174,0.0,18.942104511804157,33.40887008046591,2.7563898463993866,4.209887073004759,0.09771505422810073,0.003951612920049698,0.0,20.548092046091632,35.79919250037081,3.85518278273183,1,0.0323,8.0,22.0,0.263,1,1.0,0.0,0.0,0.0,1.0,0.0,0.0,0.0,0.0,1,0.49999999999999994,0.8660254037844387,0.0,1.0
ASS,HLM,2024-01-01,2024,1,15,3169.0,1.53,1449,13134.0,6.35,1666,2068,0.7007,0.8056,9,1747,1,1747.0,0,17,21638.0,16571.67,38209.67,28.51388888888889,13.625,14.88888888888889,19,29.42222222222222,13.222222222222221,16.2,7977.34,9322.34,17299.68,3.0,0.16666666666666666,323.0,1.8472730348680357,0.5714285714285714,3.833674811407603,0.08938172116114568,0.006962365540926174,0.0,18.942104511804157,33.40887008046591,2.7563898463993866,4.467134521548106,0.09260752761075573,0.007620967644196685,0.0,22.694373001975396,40.57645042352779,4.065521599739911,1,0.0323,8.0,22.0,0.263,1,1.0,0.0,0.0,0.0,1.0,0.0,0.0,0.0,0.0,1,0.49999999999999994,0.8660254037844387,0.0,1.0
ASS,BV,2024-01-01,2024,1,25,212.0,26.5,8,220.0,27.5,8,8,1.0,1.0,7,4,6,0.67,0,17,21638.0,16571.67,38209.67,28.51388888888889,13.625,14.88888888888889,8,24.25,10.75,13.5,2315.84,2315.84,4631.68,1.0,0.07142857142857142,136.0,0.3789231816899512,0.07142857142857142,3.833674811407603,0.08938172116114568,0.006962365540926174,0.0,18.942104511804157,33.40887008046591,2.7563898463993866,4.511021501049199,0.09946236614218001,0.0034811828205341933,0.0,23.045490062124628,39.68370856200495,4.168212362720321,1,0.0323,8.0,22.0,0.263,1,1.0,0.0,0.0,0.0,1.0,0.0,0.0,0.0,0.0,1,0.49999999999999994,0.8660254037844387,0.0,1.0
ASS,ASD,2024-01-01,2024,1,4,6662.0,1.22,2326,40745.0,7.46,3228,5459,0.4261,0.5913,45,5170,1,5170.0,0,17,21638.0,16571.67,38209.67,28.51388888888889,13.625,14.88888888888889,22,37.45,19.2,18.25,10612.78,19113.33,29726.11,3.0,0.15,374.0,1.4156598442465105,0.36111111111111105,3.833674811407603,0.08938172116114568,0.006962365540926174,0.0,18.942104511804157,33.40887008046591,2.7563898463993866,3.8271746891801075,0.08938172116114568,0.006962365540926174,0.0,18.942104511804157,33.40887008046591,2.7498897453920255,1,0.0323,8.0,22.0,0.263,1,0.565305,0.0,0.0,0.0,0.565,0.0,0.0,0.0,0.435,1,0.49999999999999994,0.8660254037844387,0.0,1.0
TWL,APDO,2024-02-01,2024,2,7,355.0,0.44,137,983.0,1.22,153,808,0.1696,0.1894,0,915,1,915.0,0,4,1837.0,1819.0,3656.0,12.0,6.0,6.0,3,12.0,5.0,7.0,1837.0,922.0,2759.0,0.0,0.0,12.0,0.0,0.0,7.583410889086924,0.16982758706756707,0.0009051724069419948,0.0,17.909002355246365,33.56586113280949,7.212362061286795,7.582361944544332,0.18390804660859808,0.0007040229915031072,0.0,18.883574446213657,33.768619753505995,7.152620613061148,0,0.0,8.0,21.0,0.263,0,0.0,0.0,0.0,0.0,0.0,0.0,0.0,0.0,1.0,1,0.8660254037844386,0.5000000000000001,0.0,0.0
HLO,CAS,2024-02-01,2024,2,7,1437.0,0.63,646,7744.0,3.38,799,2291,0.282,0.3488,0,2451,1,2451.0,0,4,4849.0,4592.0,9441.0,12.0,6.0,6.0,10,25.2,12.6,12.6,5820.0,5396.83,11216.83,1.0,0.16666666666666666,40.0,0.9102392266268373,0.3333333333333333,7.599215497605331,0.19137931182637982,0.0012068965461576122,0.0,23.192754746511064,39.81465411802818,7.296341951037276,7.658261490134715,0.1981321859077133,0.001106321843790597,0.0,22.700928221317543,39.04137821375639,7.3362068867888945,0,0.0,8.0,21.0,0.263,1,0.48930597,0.0,0.0,0.0,0.489,0.0,0.0,0.0,0.511,1,0.8660254037844386,0.5000000000000001,0.0,0.0
ARN,MDB,2024-02-01,2024,2,4,1854.0,1.65,454,7490.0,6.66,595,1125,0.4036,0.5289,3,1152,1,1152.0,0,4,2324.0,2324.0,4648.0,19.0,9.5,9.5,7,17.833333333333336,8.5,9.333333333333334,2919.0,2624.0,5543.0,1.0,0.2,28.0,0.6213349345596119,0.2,8.26400862933918,0.16724138029305072,0.0012068965247478977,0.0,20.487850722910345,36.769136882376394,7.892169552287836,8.296298929158299,0.18290229930660162,0.0010057471307187245,0.0,22.884678865301197,42.08844723920713,8.039546028635968,0,0.0,8.0,21.0,0.263,1,0.6986667,0.0,0.0,0.0017777778,0.699,0.0,0.0,0.002,0.299,1,0.8660254037844386,0.5000000000000001,0.0,0.0
RTD,ASS,2024-02-01,2024,2,82,56.0,0.86,25,120.0,1.85,4,65,0.3846,0.0615,0,0,12,0.0,1,15,11829.0,16484.0,28313.0,54.7,27.2,27.5,17,34.84722222222222,21.22222222222222,13.625,22050.0,17103.0,39153.0,1.0,0.05555555555555555,255.0,0.45511961331341866,0.1111111111111111,8.009741300353031,0.1737068971704649,0.0024137930280860812,0.0,19.48743032107408,35.72896461925287,7.679281567019978,7.710684075309285,0.2002873577969684,0.001609195398445102,0.0,18.6796912191243,33.6486197381184,7.3061582103542895,0,0.0,8.0,21.0,0.263,0,0.0,1.0,0.0,0.0,0.0,1.0,0.0,0.0,0.0,1,0.8660254037844386,0.5000000000000001,0.0,0.0
HVS,DVD,2024-02-01,2024,2,24,758.0,1.0,225,4068.0,5.35,414,761,0.2957,0.544,83,585,1,585.0,0,18,9067.6,7842.8,16910.4,29.45,15.7,13.75,15,20.482142857142858,11.625,8.857142857142858,7929.0,7864.0,15793.0,3.0,0.2,270.0,1.6190814188908376,0.4692982456140351,7.73570715536995,0.1785919552818797,0.0015086207067829438,0.0,18.387631229970648,34.61275764922986,7.398925492133217,7.7242987892247905,0.185775863006711,0.0012068965782721837,0.0,19.652092345144556,34.550688718242206,7.351884994013556,0,0.0,8.0,21.0,0.263,1,1.0,0.0,0.0,0.0,1.0,0.0,0.0,0.0,0.0,1,0.8660254037844386,0.5000000000000001,0.0,0.0
HVS,RAI,2024-02-01,2024,2,27,31.0,0.55,14,252.0,4.5,28,56,0.25,0.5,3,4,5,0.8,0,18,9067.6,7842.8,16910.4,29.45,15.7,13.75,8,18.0,9.0,9.0,3571.3,3148.8,6720.1,2.0,0.16666666666666666,144.0,1.039008973514235,0.29166666666666663,7.73570715536995,0.1785919552818797,0.0015086207067829438,0.0,18.387631229970648,34.61275764922986,7.398925492133217,7.777563111952923,0.18448275994595098,0.0008045976938701224,0.0,19.06484791328167,35.49982660460746,7.470953970119871,0,0.0,8.0,21.0,0.263,1,1.0,0.0,0.0,0.0,1.0,0.0,0.0,0.0,0.0,1,0.8660254037844386,0.5000000000000001,0.0,0.0
RTD,RTN,2024-02-01,2024,2,5,513.0,0.44,165,5130.0,4.36,164,1176,0.1403,0.1395,68,1211,1,1211.0,0,15,11829.0,16484.0,28313.0,54.7,27.2,27.5,3,10.0,5.0,5.0,2421.0,1211.0,3632.0,1.0,0.09090909090909091,45.0,0.7213475204444817,0.25,8.009741300353031,0.1737068971704649,0.0024137930280860812,0.0,19.48743032107408,35.72896461925287,7.679281567019978,8.009741300353031,0.1737068971704649,0.0024137930280860812,0.0,19.48743032107408,35.72896461925287,7.679281567019978,0,0.0,8.0,21.0,0.263,0,0.0,0.0,0.0,0.0,0.0,0.0,0.0,0.0,1.0,1,0.8660254037844386,0.5000000000000001,0.0,0.0
UTZL,MAS,2024-01-01,2024,1,5,761.0,0.52,251,4041.0,2.77,328,1458,0.1722,0.225,1,1454,1,1454.0,0,4,2910.0,2662.0,5572.0,7.0,3.5,3.5,4,10.0,5.0,5.0,2922.0,1798.0,4720.0,0.0,0.0,16.0,0.0,0.0,3.546314403855352,0.08508064558789614,0.00818548389580301,0.0017338709289868993,18.402671900327487,34.064515234962585,3.060561738057082,3.644881826717787,0.08561828016473721,0.008844086059158849,0.001706989209157645,19.205412822705444,33.31064427283503,2.9954194523223867,1,0.0323,8.0,22.0,0.263,0,0.0,0.0,0.0,0.00068587105,0.0,0.0,0.0,0.001,0.999,1,0.49999999999999994,0.8660254037844387,0.0,1.0
RSW,GVMW,2024-01-01,2024,1,2,1465.0,0.77,456,3677.0,1.94,505,1892,0.241,0.2669,3,1812,1,1812.0,0,4,3617.0,3616.0,7233.0,7.0,3.5,3.5,4,3.0,1.5,1.5,3616.0,3616.0,7232.0,0.0,0.0,16.0,0.0,0.0,4.449260754716052,0.11465053795085799,0.005080645253020589,0.0,21.24727413186463,38.3066119320931,4.326612896466207,4.449260754716052,0.11465053795085799,0.005080645253020589,0.0,21.24727413186463,38.3066119320931,4.326612896466207,1,0.0323,8.0,22.0,0.263,1,0.0,0.0,0.0,0.0,0.0,0.0,0.0,0.0,1.0,1,0.49999999999999994,0.8660254037844387,0.0,1.0
UTG,CAS,2024-01-01,2024,1,4,1367.0,1.13,500,3400.0,2.81,315,1209,0.4136,0.2605,55,1204,1,1204.0,0,6,2418.0,3826.0,6244.0,8.0,4.0,4.0,10,22.6,12.6,10.0,5530.0,5173.17,10703.17,0.0,0.0,60.0,0.0,0.0,4.572043021239581,0.09556451626121998,0.006491935561581325,0.0,23.706434238021092,40.421127988446145,4.160080645949409,4.572043021239581,0.09556451626121998,0.006491935561581325,0.0,23.706434238021092,40.421127988446145,4.160080645949409,1,0.0323,8.0,22.0,0.263,0,0.021505376,0.0,0.0,0.0,0.022,0.0,0.0,0.0,0.978,1,0.49999999999999994,0.8660254037844387,0.0,1.0
HMH,HMBV,2024-01-01,2024,1,2,1981.0,2.13,537,4571.0,4.93,596,928,0.5787,0.6422,0,889,1,889.0,0,4,1781.0,1781.0,3562.0,3.0,1.5,1.5,4,12.0,6.0,6.0,1781.0,1759.0,3540.0,0.0,0.0,16.0,0.0,0.0,3.212137076087416,0.07594086116640478,0.004610215093419757,0.0035483870174615613,17.00263116100142,32.022095927628136,3.2838440539755966,3.2602822552635384,0.07809139854244647,0.005833333328125938,0.0035483870174615613,16.6981600767342,31.936934551244143,3.313776884903951,1,0.0323,8.0,22.0,0.263,1,0.00862069,0.0,0.0,0.0010775862,0.009,0.0,0.0,0.001,0.99,1,0.49999999999999994,0.8660254037844387,0.0,1.0
VS,MDB,2024-01-01,2024,1,6,281.0,0.93,104,2880.0,9.57,95,301,0.3455,0.3156,18,255,1,255.0,0,2,0.0,1991.0,1991.0,3.5,0.0,3.5,7,17.833333333333336,8.5,9.333333333333334,3974.0,3718.0,7692.0,1.0,0.2,14.0,1.4426950408889634,0.5,4.072809119418424,0.09408602184585986,0.001034946240965397,0.0012365591121456956,18.504180307349852,33.114676530002264,3.8023118523990997,4.643798396714853,0.0993279576581973,0.002822580667192577,0.0,22.51351043229462,41.13774080430308,4.613825235272988,1,0.0323,8.0,22.0,0.263,1,1.0,0.0,0.0,0.0,1.0,0.0,0.0,0.0,0.0,1,0.49999999999999994,0.8660254037844387,0.0,1.0
AMRI,AML,2024-01-01,2024,1,2,239.0,1.16,96,789.0,3.83,109,206,0.466,0.5291,0,173,1,173.0,0,4,327.0,327.0,654.0,9.0,4.5,4.5,8,30.0,15.0,15.0,2628.0,3377.0,6005.0,0.0,0.0,32.0,0.0,0.0,3.1307312451097715,0.10241935555372507,0.0013172043166974538,0.001706989209157645,18.123256162770332,33.35564434047668,3.1746828557112283,3.1372311885508717,0.10241935555372507,0.0013172043166974538,0.0017204300690722722,18.123256162770332,33.35564434047668,3.1811827914639106,1,0.0323,8.0,22.0,0.263,1,0.0,0.0,0.0,0.0,0.0,0.0,0.0,0.0,1.0,1,0.49999999999999994,0.8660254037844387,0.0,1.0
GS,ARN,2024-01-01,2024,1,15,5425.0,4.71,1052,10982.0,9.53,1146,1152,0.9132,0.9948,16,1721,1,1721.0,0,8,3964.0,3982.0,7946.0,38.0,19.0,19.0,4,19.0,9.5,9.5,3457.0,3458.0,6915.0,1.0,0.2,32.0,0.7213475204444817,0.25,4.318959659666464,0.08615591498191959,0.001693548414335456,0.0,21.93343339684189,38.412579557588025,4.212776859861709,4.3014113084533285,0.08750000081315476,0.0011290322828997848,0.0,19.80379093975149,35.206934450775066,4.139852146878438,1,0.0323,8.0,22.0,0.263,1,0.7491319,0.0,0.0,0.0,0.749,0.0,0.0,0.0,0.251,1,0.49999999999999994,0.8660254037844387,0.0,1.0
ZDK,ZD,2024-02-01,2024,2,3,579.0,0.64,327,2549.0,2.84,365,898,0.3641,0.4065,0,1026,1,1026.0,0,4,2039.0,2041.0,4080.0,13.0,6.5,6.5,12,22.333333333333332,11.166666666666666,11.166666666666666,8412.09,7973.03,16385.12,0.0,0.0,48.0,0.0,0.0,7.738508882787849,0.2034482769989248,0.0015086206853732295,0.0,19.086218018983974,34.110516342623484,7.352014577080464,7.769184184870843,0.2002873577969684,0.001609195398445102,0.0,18.6796912191243,33.6486197381184,7.364658257056927,0,0.0,8.0,21.0,0.263,1,0.0311804,0.0,0.0,0.0,0.031,0.0,0.0,0.0,0.969,1,0.8660254037844386,0.5000000000000001,0.0,0.0
SGN,HWD,2024-02-01,2024,2,14,1025.0,0.89,459,4966.0,4.3,556,1155,0.3974,0.4814,3,1249,1,1249.0,0,4,2448.0,2444.0,4892.0,23.0,11.5,11.5,6,17.333333333333332,8.666666666666666,8.666666666666666,4459.0,4464.0,8923.0,0.0,0.0,24.0,0.0,0.0,7.623244441178596,0.1768678167470913,0.0018103448567034185,0.0,18.849927224475763,33.7991370325801,7.196735828087248,7.646626690996746,0.18548850695891628,0.00241379307090551,0.0,19.299286642636375,34.390861211151915,7.289514556184582,0,0.0,8.0,21.0,0.263,1,0.9748918,0.0,0.0,0.0,0.975,0.0,0.0,0.0,0.025,1,0.8660254037844386,0.5000000000000001,0.0,0.0
HIL,VH,2024-01-01,2024,1,10,1245.0,1.12,522,2438.0,2.2,552,1110,0.4703,0.4973,0,1124,1,1124.0,0,4,2283.0,2283.0,4566.0,17.0,8.5,8.5,4,18.0,9.0,9.0,2283.0,1784.0,4067.0,0.0,0.0,16.0,0.0,0.0,5.199309078365644,0.09193548466008837,0.003857526948214859,0.0,28.40242210991921,39.057095810290306,6.472427254082055,4.429252734225023,0.09448924850952882,0.004327956997659257,0.0,21.347878975893863,37.95628927728181,4.133285013325413,1,0.0323,8.0,22.0,0.263,1,0.0018018018,0.0,0.0,0.0009009009,0.002,0.0,0.0,0.001,0.997,1,0.49999999999999994,0.8660254037844387,0.0,1.0
UTG,KMA,2024-01-01,2024,1,5,1413.0,0.95,415,5450.0,3.67,188,1487,0.2791,0.1264,137,1455,1,1455.0,0,6,2418.0,3826.0,6244.0,8.0,4.0,4.0,4,7.0,3.5,3.5,2945.0,1719.0,4664.0,0.0,0.0,24.0,0.0,0.0,4.572043021239581,0.09556451626121998,0.006491935561581325,0.0,23.706434238021092,40.421127988446145,4.160080645949409,4.524021425099182,0.09946236614218001,0.0034811828205341933,0.0,23.045490062124628,39.68370856200495,4.181212333041013,1,0.0323,8.0,22.0,0.263,0,0.0,0.0,0.0,0.0,0.0,0.0,0.0,0.0,1.0,1,0.49999999999999994,0.8660254037844387,0.0,1.0
GS,MDB,2024-01-01,2024,1,19,1915.0,6.49,259,4055.0,13.75,295,295,0.878,1.0,2,262,1,262.0,0,8,3964.0,3982.0,7946.0,38.0,19.0,19.0,7,17.833333333333336,8.5,9.333333333333334,3974.0,3718.0,7692.0,1.0,0.14285714285714285,56.0,1.4426950408889634,0.5,4.318959659666464,0.08615591498191959,0.001693548414335456,0.0,21.93343339684189,38.412579557588025,4.212776859861709,4.643798396714853,0.0993279576581973,0.002822580667192577,0.0,22.51351043229462,41.13774080430308,4.613825235272988,1,0.0323,8.0,22.0,0.263,1,1.0,0.0,0.0,0.0,1.0,0.0,0.0,0.0,0.0,1,0.49999999999999994,0.8660254037844387,0.0,1.0
TB,OT,2024-01-01,2024,1,8,1097.0,1.15,351,3084.0,3.25,423,950,0.3695,0.4453,38,916,1,916.0,0,9,8799.0,6550.0,15349.0,30.8,17.8,13.0,4,17.0,8.5,8.5,1831.0,1831.0,3662.0,0.0,0.0,36.0,0.0,0.0,3.4484139942584098,0.07876344158324183,0.007809139688008575,0.0013978494311212212,18.121215117874964,34.0316119777259,3.5189113087691766,3.431672067987302,0.07674731222051447,0.004986559151000874,0.0014112902910358484,18.282092387878127,33.053708766096385,3.4947097202567683,1,0.0323,8.0,22.0,0.263,1,0.0010526315,0.0,0.0,0.0,0.001,0.0,0.0,0.0,0.999,1,0.49999999999999994,0.8660254037844387,0.0,1.0
UTG,HK,2024-01-01,2024,1,3,737.0,0.62,314,3862.0,3.24,562,1192,0.2634,0.4715,29,1167,1,1167.0,0,6,2418.0,3826.0,6244.0,8.0,4.0,4.0,4,6.0,3.0,3.0,2314.0,2104.0,4418.0,0.0,0.0,24.0,0.0,0.0,4.572043021239581,0.09556451626121998,0.006491935561581325,0.0,23.706434238021092,40.421127988446145,4.160080645949409,4.517521447754936,0.09946236614218001,0.0034811828205341933,0.0,23.045490062124628,39.68370856200495,4.174712282029652,1,0.0323,8.0,22.0,0.263,1,0.0,0.0,0.0,0.0,0.0,0.0,0.0,0.0,1.0,1,0.49999999999999994,0.8660254037844387,0.0,1.0
ZP,BMN,2024-01-01,2024,1,7,419.0,0.42,104,1316.0,1.33,46,993,0.1047,0.0463,8,953,1,953.0,0,6,2331.0,3304.0,5635.0,24.0,12.0,12.0,4,13.0,6.5,6.5,1911.0,980.0,2891.0,1.0,0.25,24.0,0.7213475204444817,0.25,3.2973440817296904,0.08911290353224162,0.00122311830480573,0.002043010707023323,18.674126823743183,33.98467642068863,3.3525859977128687,3.224696225501717,0.08978494708376225,0.0011290322728855636,0.0021639784462549674,18.400306002747627,32.86209588537934,3.4468064155750056,1,0.0323,8.0,22.0,0.263,0,0.054380666,0.0,0.0,0.0,0.054,0.0,0.0,0.0,0.946,1,0.49999999999999994,0.8660254037844387,0.0,1.0
KLP,DB,2024-02-01,2024,2,22,164.0,0.8,55,399.0,1.95,59,205,0.2683,0.2878,0,263,1,263.0,0,6,2511.0,2487.0,4998.0,42.0,21.0,21.0,10,30.0,15.0,15.0,4727.0,4890.0,9617.0,2.0,0.3333333333333333,60.0,0.9609582064547204,0.25263157894736843,7.664500045263605,0.1820402305423357,0.0014080459937110715,0.0,17.743596754368696,33.28655083768669,7.248408098330443,7.763640571663949,0.18074712731029796,0.0016091954519693878,0.0,18.6350294649601,35.09120587781928,7.469172229712036,0,0.0,8.0,21.0,0.263,1,1.0,0.0,0.0,0.0,1.0,0.0,0.0,0.0,0.0,1,0.8660254037844386,0.5000000000000001,0.0,0.0
WDN,RSN,2024-02-01,2024,2,8,461.0,0.49,219,1053.0,1.11,233,947,0.2313,0.246,1,986,1,986.0,0,4,1957.0,1169.0,3126.0,13.0,6.5,6.5,4,15.0,7.5,7.5,1957.0,1956.0,3913.0,0.0,0.0,16.0,0.0,0.0,7.389514602892016,0.1665229887926373,0.0008045976938701224,8.620689462484985e-05,17.75485605720816,32.99327502168458,6.962574887378462,7.445146374340201,0.1712643682164536,0.000905172417646852,2.8735631541616615e-05,18.098008255420744,33.97706813339529,7.049528544319087,0,0.0,8.0,21.0,0.263,0,0.07286167,0.0,0.0,0.0,0.073,0.0,0.0,0.0,0.927,1,0.8660254037844386,0.5000000000000001,0.0,0.0
CAS,HLM,2024-02-01,2024,2,23,21.0,0.57,4,21.0,0.57,4,37,0.1081,0.1081,0,65,6,10.83,0,10,5820.0,5396.83,11216.83,25.2,12.6,12.6,13,19.142857142857142,8.0,11.142857142857142,8655.83,9962.88,18618.71,0.0,0.0,130.0,0.0,0.0,7.658261490134715,0.1981321859077133,0.001106321843790597,0.0,22.700928221317543,39.04137821375639,7.3362068867888945,7.716640995365792,0.18936781722238694,0.0009051724283517092,0.0,21.793527588205432,39.285516127772716,7.490491575550759,0,0.0,8.0,21.0,0.263,0,1.0,0.0,0.0,0.0,1.0,0.0,0.0,0.0,0.0,1,0.8660254037844386,0.5000000000000001,0.0,0.0
ASB,ASD,2024-02-01,2024,2,10,131.0,2.62,35,276.0,5.52,39,50,0.7,0.78,9,64,1,64.0,0,21,8163.6,7446.7,15610.3,23.072727272727274,11.272727272727273,11.8,17,37.77142857142857,18.571428571428573,19.2,11149.0,20098.0,31247.0,4.0,0.2222222222222222,357.0,2.137425340212621,0.6137426900584795,7.711299040285207,0.185775863006711,0.0012068965782721837,0.0,19.652092345144556,34.550688718242206,7.33888520249005,7.7041838592582055,0.2002873577969684,0.001609195398445102,0.0,18.6796912191243,33.6486197381184,7.299657985054213,0,0.0,8.0,21.0,0.263,1,1.0,0.0,0.0,0.0,1.0,0.0,0.0,0.0,0.0,1,0.8660254037844386,0.5000000000000001,0.0,0.0
CAS,UTG,2024-02-01,2024,2,4,1010.0,0.86,449,3458.0,2.94,503,1176,0.3818,0.4277,0,1238,1,1238.0,0,10,5820.0,5396.83,11216.83,25.2,12.6,12.6,6,8.0,4.0,4.0,2441.0,3888.0,6329.0,0.0,0.0,60.0,0.0,0.0,7.658261490134715,0.1981321859077133,0.001106321843790597,0.0,22.700928221317543,39.04137821375639,7.3362068867888945,7.658261490134715,0.1981321859077133,0.001106321843790597,0.0,22.700928221317543,39.04137821375639,7.3362068867888945,0,0.0,8.0,21.0,0.263,1,0.005952381,0.0,0.0,0.0,0.006,0.0,0.0,0.0,0.994,1,0.8660254037844386,0.5000000000000001,0.0,0.0
MP,ASN,2024-02-01,2024,2,50,31.0,0.86,7,90.0,2.5,2,36,0.1944,0.0556,2,10,1,10.0,0,7,6465.0,5350.0,11815.0,48.66666666666667,20.666666666666668,28.0,9,76.0,37.333333333333336,38.666666666666664,4536.0,3583.0,8119.0,2.0,0.25,63.0,1.1556420023477334,0.35,7.407471268394984,0.19841954163436232,0.006336206891413392,0.0,18.81899313748568,34.64172324915042,7.058764358875395,7.115804608996915,0.18060344839789744,0.005129310377370352,0.0002155172365621246,18.61681886137217,34.15448182273185,6.63548850910417,0,0.0,8.0,21.0,0.263,0,1.0,0.0,0.0,0.0,1.0,0.0,0.0,0.0,0.0,1,0.8660254037844386,0.5000000000000001,0.0,0.0
ASB,ASDZ,2024-02-01,2024,2,6,1397.0,1.01,534,8493.0,6.15,768,1381,0.3867,0.5561,6,1535,1,1535.0,0,21,8163.6,7446.7,15610.3,23.072727272727274,11.272727272727273,11.8,12,26.333333333333332,13.166666666666666,13.166666666666666,9561.0,9756.0,19317.0,3.0,0.21428571428571427,252.0,1.6573654807208882,0.4861111111111111,7.711299040285207,0.185775863006711,0.0012068965782721837,0.0,19.652092345144556,34.550688718242206,7.33888520249005,7.784063169347315,0.18448275994595098,0.0008045976938701224,0.0,19.06484791328167,35.49982660460746,7.477453973101474,0,0.0,8.0,21.0,0.263,1,1.0,0.0,0.0,0.0,1.0,0.0,0.0,0.0,0.0,1,0.8660254037844386,0.5000000000000001,0.0,0.0
ASB,RAI,2024-02-01,2024,2,5,311.0,0.7,139,1534.0,3.45,188,445,0.3124,0.4225,5,10,4,2.5,0,21,8163.6,7446.7,15610.3,23.072727272727274,11.272727272727273,11.8,8,18.0,9.0,9.0,3571.3,3148.8,6720.1,2.0,0.15384615384615385,168.0,1.039008973514235,0.29166666666666663,7.711299040285207,0.185775863006711,0.0012068965782721837,0.0,19.652092345144556,34.550688718242206,7.33888520249005,7.777563111952923,0.18448275994595098,0.0008045976938701224,0.0,19.06484791328167,35.49982660460746,7.470953970119871,0,0.0,8.0,21.0,0.263,1,1.0,0.0,0.0,0.0,1.0,0.0,0.0,0.0,0.0,1,0.8660254037844386,0.5000000000000001,0.0,0.0
KRG,KBD,2024-01-01,2024,1,7,2374.0,2.03,753,8229.0,7.02,876,1172,0.6425,0.7474,6,1750,1,1750.0,0,4,3457.0,3462.0,6919.0,13.0,6.5,6.5,4,10.0,5.0,5.0,3462.0,3462.0,6924.0,0.0,0.0,16.0,0.0,0.0,4.338459686461276,0.08615591498191959,0.001693548414335456,0.0012365591121456956,21.93343339684189,38.412579557588025,4.232276915352271,4.035319994639365,0.09663978504437593,0.0018817204681615676,0.0013306451315480855,19.421654312841355,33.13645065151235,3.8128737121449925,1,0.0323,8.0,22.0,0.263,1,0.76877135,0.0,0.0,0.0,0.769,0.0,0.0,0.0,0.231,1,0.49999999999999994,0.8660254037844387,0.0,1.0
GVMW,GV,2024-01-01,2024,1,1,1389.0,0.73,409,3600.0,1.9,458,1892,0.2162,0.2421,3,1812,1,1812.0,0,4,3616.0,3616.0,7232.0,3.0,1.5,1.5,11,19.53333333333333,8.333333333333334,11.2,10369.0,7761.0,18130.0,0.0,0.0,44.0,0.0,0.0,4.449260754716052,0.11465053795085799,0.005080645253020589,0.0,21.24727413186463,38.3066119320931,4.326612896466207,4.4102608268299415,0.11465053795085799,0.005080645253020589,0.0,21.24727413186463,38.3066119320931,4.287612929389441,1,0.0323,8.0,22.0,0.263,0,0.0,0.0,0.0,0.0,0.0,0.0,0.0,0.0,1.0,1,0.49999999999999994,0.8660254037844387,0.0,1.0
HDRZ,ANA,2024-01-01,2024,1,11,667.0,0.53,262,7618.0,6.08,440,1253,0.2091,0.3512,7,1179,1,1179.0,0,3,2346.0,1179.0,3525.0,17.0,6.0,11.0,4,20.0,10.0,10.0,2346.0,2022.0,4368.0,0.0,0.0,12.0,0.0,0.0,5.088631879050104,0.1126344096095812,0.0043279570176877,0.0,25.907219588596334,46.83048259571034,4.723443680240082,5.101631803505663,0.1126344096095812,0.0043279570176877,0.0,25.907219588596334,46.83048259571034,4.736443642611986,1,0.0323,8.0,22.0,0.263,1,0.97525936,0.0,0.0,0.0,0.975,0.0,0.0,0.0,0.025,1,0.49999999999999994,0.8660254037844387,0.0,1.0
OTB,WF,2024-01-01,2024,1,4,623.0,0.69,282,1872.0,2.06,302,908,0.3106,0.3326,5,863,1,863.0,0,4,1701.0,868.0,2569.0,8.0,4.0,4.0,3,10.5,6.5,4.0,1702.0,838.0,2540.0,0.0,0.0,12.0,0.0,0.0,3.0840269322557154,0.09610215171931251,0.005551075212336997,0.0029435483213033405,17.95576629074671,33.95709591270775,3.270854877988978,3.123026889598658,0.09610215171931251,0.005551075212336997,0.0029435483213033405,17.95576629074671,33.95709591270775,3.3098548600019546,1,0.0323,8.0,22.0,0.263,1,0.0011013215,0.0,0.0,0.0,0.001,0.0,0.0,0.0,0.999,1,0.49999999999999994,0.8660254037844387,0.0,1.0
BSMZ,HVSM,2024-02-01,2024,2,4,1840.0,1.25,713,4189.0,2.84,756,1474,0.4837,0.5129,5,1779,1,1779.0,0,4,3551.0,3553.0,7104.0,5.0,2.5,2.5,5,13.5,11.0,2.5,3576.0,3549.0,7125.0,0.0,0.0,20.0,0.0,0.0,7.739764300742369,0.1834770123013991,0.0010057471307187245,0.0,18.51564454184524,34.97172324513567,7.402839062542751,7.720264346392333,0.1834770123013991,0.0010057471307187245,0.0,18.51564454184524,34.97172324513567,7.383339053597943,0,0.0,8.0,21.0,0.263,1,0.0,0.0,0.0,0.00067842606,0.0,0.0,0.0,0.001,0.999,1,0.8660254037844386,0.5000000000000001,0.0,0.0
HRT,DN,2024-02-01,2024,2,18,2206.0,2.02,692,7714.0,7.06,805,1092,0.6337,0.7372,1,1234,1,1234.0,0,4,2851.0,2777.0,5628.0,28.0,14.0,14.0,5,25.166666666666664,13.5,11.666666666666666,2864.0,3801.0,6665.0,0.0,0.0,20.0,0.0,0.0,7.791882172558757,0.1645114952163107,0.00010057471307187245,0.0,16.82326145504398,32.67206805601887,7.404094831183039,7.792451168656692,0.1692528753252379,0.0,0.0,16.800293006045724,32.86861980303951,7.407106342158098,0,0.0,8.0,21.0,0.263,1,1.0,0.0,0.0,0.0,1.0,0.0,0.0,0.0,0.0,1,0.8660254037844386,0.5000000000000001,0.0,0.0
ED,DB,2024-02-01,2024,2,29,713.0,0.91,330,3657.0,4.69,401,780,0.4231,0.5141,5,928,1,928.0,0,10,4492.6,4893.0,9385.6,41.2,20.6,20.6,10,30.0,15.0,15.0,4727.0,4890.0,9617.0,2.0,0.25,100.0,1.249862498521946,0.38596491228070173,7.579999914050274,0.1820402305423357,0.0014080459937110715,0.0,17.743596754368696,33.28655083768669,7.163908029767288,7.763640571663949,0.18074712731029796,0.0016091954519693878,0.0,18.6350294649601,35.09120587781928,7.469172229712036,0,0.0,8.0,21.0,0.263,1,1.0,0.0,0.0,0.0,1.0,0.0,0.0,0.0,0.0,1,0.8660254037844386,0.5000000000000001,0.0,0.0
GVMW,RSW,2024-01-01,2024,1,2,1072.0,0.56,500,3302.0,1.73,549,1913,0.2614,0.287,13,1804,1,1804.0,0,4,3616.0,3616.0,7232.0,3.0,1.5,1.5,4,7.0,3.5,3.5,3617.0,3616.0,7233.0,0.0,0.0,16.0,0.0,0.0,4.449260754716052,0.11465053795085799,0.005080645253020589,0.0,21.24727413186463,38.3066119320931,4.326612896466207,4.449260754716052,0.11465053795085799,0.005080645253020589,0.0,21.24727413186463,38.3066119320931,4.326612896466207,1,0.0323,8.0,22.0,0.263,1,0.0,0.0,0.0,0.0,0.0,0.0,0.0,0.0,1.0,1,0.49999999999999994,0.8660254037844387,0.0,1.0
HVSP,HOR,2024-01-01,2024,1,5,1372.0,1.13,532,3511.0,2.89,572,1214,0.4382,0.4712,0,1270,1,1270.0,0,7,3328.0,3208.0,6536.0,15.916666666666668,9.25,6.666666666666667,4,14.0,7.0,7.0,2540.0,2540.0,5080.0,1.0,0.2,28.0,0.7213475204444817,0.25,3.4951129381504833,0.08440860238687325,0.007150537664851834,0.0017473117889015264,18.077912151092484,33.39483781206992,2.920650594772631,3.48211300714312,0.08440860238687325,0.007150537664851834,0.0017473117889015264,18.077912151092484,33.39483781206992,2.9076506310613244,1,0.0323,8.0,22.0,0.263,1,0.0,0.0,0.0,0.0,0.0,0.0,0.0,0.0,1.0,1,0.49999999999999994,0.8660254037844387,0.0,1.0
AMRN,AMR,2024-01-01,2024,1,1,1613.0,0.73,579,10948.0,4.94,816,2216,0.2613,0.3682,0,1523,1,1523.0,0,4,3115.0,3079.0,6194.0,7.0,3.5,3.5,6,12.0,6.0,6.0,3068.0,4334.0,7402.0,0.0,0.0,24.0,0.0,0.0,4.623155981562631,0.10376344062387943,0.007244623746843108,0.0,24.391501140209936,41.486611809781806,4.180548415609425,4.623155981562631,0.10376344062387943,0.007244623746843108,0.0,24.391501140209936,41.486611809781806,4.180548415609425,1,0.0323,8.0,22.0,0.263,1,0.54602885,0.0,0.0,0.0,0.546,0.0,0.0,0.0,0.454,1,0.49999999999999994,0.8660254037844387,0.0,1.0
HVSP,HVS,2024-01-01,2024,1,1,2786.0,1.61,1166,5689.0,3.29,1218,1727,0.6752,0.7053,0,1559,1,1559.0,0,7,3328.0,3208.0,6536.0,15.916666666666668,9.25,6.666666666666667,15,25.857142857142858,14.0,11.857142857142858,8972.25,7787.0,16759.25,0.0,0.0,105.0,0.0,0.0,3.4951129381504833,0.08440860238687325,0.007150537664851834,0.0017473117889015264,18.077912151092484,33.39483781206992,2.920650594772631,3.48861296637164,0.08440860238687325,0.007150537664851834,0.0017473117889015264,18.077912151092484,33.39483781206992,2.91415057068951,1,0.0323,8.0,22.0,0.263,1,0.008685582,0.0,0.0,0.0,0.009,0.0,0.0,0.0,0.991,1,0.49999999999999994,0.8660254037844387,0.0,1.0
ASA,DVD,2024-01-01,2024,1,2,2482.0,1.63,681,7625.0,5.01,791,1523,0.4471,0.5194,0,1522,1,1522.0,0,11,8523.0,8352.67,16875.67,21.4,9.4,12.0,16,20.07936507936508,11.222222222222221,8.857142857142858,8195.33,8181.0,16376.33,3.0,0.25,176.0,1.1736660668984786,0.23517126148705095,3.7689301700291216,0.09247311911675879,0.004139784993904252,0.0,19.63019658833422,34.01661194011729,2.929682820669866,3.7299300739741934,0.09247311911675879,0.004139784993904252,0.0,19.63019658833422,34.01661194011729,2.890682762083147,1,0.0323,8.0,22.0,0.263,1,0.0,0.0,0.0,0.0,0.0,0.0,0.0,0.0,1.0,1,0.49999999999999994,0.8660254037844387,0.0,1.0
BSMZ,NDB,2024-02-01,2024,2,1,1915.0,1.28,667,4000.0,2.68,710,1491,0.4474,0.4762,4,1774,1,1774.0,0,4,3551.0,3553.0,7104.0,5.0,2.5,2.5,8,19.0,9.5,9.5,5761.0,5761.0,11522.0,0.0,0.0,32.0,0.0,0.0,7.739764300742369,0.1834770123013991,0.0010057471307187245,0.0,18.51564454184524,34.97172324513567,7.402839062542751,7.7657641796074035,0.1834770123013991,0.0010057471307187245,0.0,18.51564454184524,34.97172324513567,7.428838874759345,0,0.0,8.0,21.0,0.263,1,0.0,0.0,0.0,0.0,0.0,0.0,0.0,0.0,1.0,1,0.8660254037844386,0.5000000000000001,0.0,0.0
ED,KLP,2024-02-01,2024,2,7,1111.0,1.12,462,3607.0,3.63,519,994,0.4648,0.5221,21,1214,1,1214.0,0,10,4492.6,4893.0,9385.6,41.2,20.6,20.6,6,42.0,21.0,21.0,2511.0,2487.0,4998.0,2.0,0.3333333333333333,60.0,0.9609582064547204,0.25263157894736843,7.579999914050274,0.1820402305423357,0.0014080459937110715,0.0,17.743596754368696,33.28655083768669,7.163908029767288,7.664500045263605,0.1820402305423357,0.0014080459937110715,0.0,17.743596754368696,33.28655083768669,7.248408098330443,0,0.0,8.0,21.0,0.263,1,1.0,0.0,0.0,0.0,1.0,0.0,0.0,0.0,0.0,1,0.8660254037844386,0.5000000000000001,0.0,0.0
DB,BNK,2024-02-01,2024,2,4,671.0,0.51,253,2913.0,2.23,280,1306,0.1937,0.2144,2,1346,1,1346.0,0,10,4727.0,4890.0,9617.0,30.0,15.0,15.0,5,11.833333333333332,5.5,6.333333333333333,2667.0,2479.09,5146.09,1.0,0.14285714285714285,50.0,0.3396232718951086,0.05263157894736842,7.763640571663949,0.18074712731029796,0.0016091954519693878,0.0,18.6350294649601,35.09120587781928,7.469172229712036,7.801976939470603,0.1790229899102244,0.001910919526955862,0.0,18.63424655966375,34.2796542658203,7.453988500367636,0,0.0,8.0,21.0,0.263,0,0.0,0.0,0.0,0.0007656968,0.0,0.0,0.0,0.001,0.999,1,0.8660254037844386,0.5000000000000001,0.0,0.0
ASDZ,ALM,2024-01-01,2024,1,29,1545.0,1.53,469,6574.0,6.5,433,1011,0.4639,0.4283,17,1032,1,1032.0,0,12,10250.0,9102.25,19352.25,26.333333333333332,13.166666666666666,13.166666666666666,16,31.396825396825395,15.11111111111111,16.285714285714285,6034.78,7160.0,13194.779999999999,2.0,0.14285714285714285,192.0,0.9102392266268373,0.2222222222222222,4.012314472407583,0.09099462491169732,0.00611559144391488,0.0,19.258847246527353,35.33419259517424,3.6768306135300106,3.933755411155602,0.08884408642407707,0.0033870967685855845,0.0,20.91069567123408,36.282579628370144,2.906134478875526,1,0.0323,8.0,22.0,0.263,1,1.0,0.0,0.0,0.0,1.0,0.0,0.0,0.0,0.0,1,0.49999999999999994,0.8660254037844387,0.0,1.0
AML,AMRI,2024-01-01,2024,1,2,63.0,0.35,32,559.0,3.09,53,181,0.1768,0.2928,3,154,1,154.0,0,8,2628.0,3377.0,6005.0,30.0,15.0,15.0,4,9.0,4.5,4.5,327.0,327.0,654.0,0.0,0.0,32.0,0.0,0.0,3.1372311885508717,0.10241935555372507,0.0013172043166974538,0.0017204300690722722,18.123256162770332,33.35564434047668,3.1811827914639106,3.1307312451097715,0.10241935555372507,0.0013172043166974538,0.001706989209157645,18.123256162770332,33.35564434047668,3.1746828557112283,1,0.0323,8.0,22.0,0.263,1,0.0,0.0,0.0,0.0,0.0,0.0,0.0,0.0,1.0,1,0.49999999999999994,0.8660254037844387,0.0,1.0
ANA,HDRZ,2024-01-01,2024,1,11,2305.0,1.93,445,7150.0,5.98,582,1195,0.3724,0.487,9,1167,1,1167.0,0,4,2346.0,2022.0,4368.0,20.0,10.0,10.0,3,17.0,6.0,11.0,2346.0,1179.0,3525.0,0.0,0.0,12.0,0.0,0.0,5.101631803505663,0.1126344096095812,0.0043279570176877,0.0,25.907219588596334,46.83048259571034,4.736443642611986,5.088631879050104,0.1126344096095812,0.0043279570176877,0.0,25.907219588596334,46.83048259571034,4.723443680240082,1,0.0323,8.0,22.0,0.263,1,0.9924686,0.0,0.0,0.0008368201,0.992,0.0,0.0,0.001,0.007,1,0.49999999999999994,0.8660254037844387,0.0,1.0
BKL,WD,2024-01-01,2024,1,19,1777.0,1.53,419,6089.0,5.23,512,1165,0.3597,0.4395,13,1153,1,1153.0,0,6,3043.0,4137.0,7180.0,24.0,12.0,12.0,14,34.285714285714285,17.142857142857142,17.142857142857142,9195.25,9202.84,18398.09,0.0,0.0,84.0,0.0,0.0,3.6199677306007074,0.08467741983552132,0.005551075312479209,0.001061827933255543,19.077058515561525,32.74016046459957,2.793085999391292,3.667518868917219,0.08669354911813493,0.006868279639190884,0.0016666666294137638,19.06403665645148,33.3624184868669,3.6609328216572683,1,0.0323,8.0,22.0,0.263,1,0.0,0.0,0.0,0.0,0.0,0.0,0.0,0.0,1.0,1,0.49999999999999994,0.8660254037844387,0.0,1.0
VG,BTL,2024-01-01,2024,1,8,1401.0,1.51,551,4160.0,4.47,617,930,0.5925,0.6634,31,916,1,916.0,0,4,1842.0,940.0,2782.0,12.0,6.0,6.0,6,18.0,9.0,9.0,3664.0,3669.0,7333.0,0.0,0.0,24.0,0.0,0.0,3.4502876522945822,0.07190860257113493,0.004327956977630815,0.0013709677112919668,18.218904419291405,33.22257975416799,3.571322621675008,3.4221774206286475,0.07930107629026777,0.007997311671735138,0.0014247311509504755,17.751890659051877,33.46935398219734,3.55120967778187,1,0.0323,8.0,22.0,0.263,1,0.0,0.0,0.0,0.0,0.0,0.0,0.0,0.0,1.0,1,0.49999999999999994,0.8660254037844387,0.0,1.0
BDPB,BD,2024-01-01,2024,1,5,1097.0,1.02,348,6025.0,5.62,475,1073,0.3243,0.4427,0,1056,1,1056.0,0,4,2212.0,2181.0,4393.0,15.0,7.5,7.5,12,42.333333333333336,21.166666666666668,21.166666666666668,6936.0,7713.0,14649.0,0.0,0.0,48.0,0.0,0.0,3.687384420404992,0.07997311864008186,0.003857526938200638,0.0013306451315480855,18.691475093204488,34.807740924178916,3.78388983890244,3.6167930283944214,0.07419354860140111,0.006115591353786889,0.0013440859914627126,18.53666709667893,33.73306362282845,3.700462381230287,1,0.0323,8.0,22.0,0.263,1,0.0,0.0,0.0,0.0,0.0,0.0,0.0,0.0,1.0,1,0.49999999999999994,0.8660254037844387,0.0,1.0
DR,RH,2024-02-01,2024,2,6,449.0,0.48,157,1376.0,1.46,198,940,0.167,0.2106,0,993,1,993.0,0,8,4323.0,4292.0,8615.0,20.5,10.25,10.25,4,10.0,5.0,5.0,1993.0,1993.0,3986.0,0.0,0.0,32.0,0.0,0.0,7.546654978287995,0.1775862075945084,0.00010057471307187245,0.0,18.05234090589929,32.44344738434101,7.222588888187518,7.5557559750032155,0.18649425359721156,0.00030172413921561735,0.0,17.784117736693087,33.42206806972109,7.2222789070386995,0,0.0,8.0,21.0,0.263,0,0.05531915,0.0,0.0,0.0,0.055,0.0,0.0,0.0,0.945,1,0.8660254037844386,0.5000000000000001,0.0,0.0
MDB,GS,2024-02-01,2024,2,19,118.0,0.34,44,2716.0,7.8,120,348,0.1264,0.3448,0,300,1,300.0,0,7,2919.0,2624.0,5543.0,17.833333333333336,8.5,9.333333333333334,9,36.4,19.0,17.4,2919.0,2919.33,5838.33,1.0,0.125,63.0,1.4426950408889634,0.5,8.296298929158299,0.18290229930660162,0.0010057471307187245,0.0,22.884678865301197,42.08844723920713,8.039546028635968,8.207620680332184,0.1714080465614967,0.0002011494261437449,0.0,22.437986214955647,39.28861959912311,7.911931003647289,0,0.0,8.0,21.0,0.263,1,1.0,0.0,0.0,0.0,1.0,0.0,0.0,0.0,0.0,1,0.8660254037844386,0.5000000000000001,0.0,0.0
AC,BKL,2024-02-01,2024,2,12,1190.0,0.85,395,7980.0,5.67,580,1408,0.2805,0.4119,28,1525,1,1525.0,0,4,3009.0,3009.0,6018.0,16.0,8.0,8.0,8,26.5,13.25,13.25,3023.2,4127.6,7150.8,0.0,0.0,32.0,0.0,0.0,7.786497389640788,0.1859195409021501,0.000905172417646852,0.0,19.397305628691598,33.96051637400156,7.421554808644043,7.807908034187624,0.1692528746936513,0.0006034482891360918,0.0,19.61013099242901,34.11413699457015,7.452089055858809,0,0.0,8.0,21.0,0.263,1,0.0,0.0,0.0,0.0028409092,0.0,0.0,0.0,0.003,0.997,1,0.8660254037844386,0.5000000000000001,0.0,0.0
HRL,STD,2024-02-01,2024,2,19,406.0,0.5,143,4200.0,5.14,129,817,0.175,0.1579,2,998,1,998.0,0,1,0.0,998.0,998.0,19.0,0.0,19.0,4,46.66666666666667,21.666666666666668,25.0,4454.0,2230.0,6684.0,0.0,0.0,4.0,0.0,0.0,7.808905107557945,0.16882184029010863,0.0004022988522874898,0.0,19.334234853842478,37.6805161665911,7.500930978306409,8.031965248880844,0.14612069102967606,0.0008045977045749796,0.0,17.49378474656193,34.83620595246896,7.715873338367747,0,0.0,8.0,21.0,0.263,0,0.998776,0.0,0.0,0.0012239902,0.999,0.0,0.0,0.001,0.0,1,0.8660254037844386,0.5000000000000001,0.0,0.0
VSS,MDB,2024-02-01,2024,2,5,811.0,0.71,503,7254.0,6.34,643,1144,0.4397,0.5621,2,1171,1,1171.0,0,3,2324.0,1171.0,3495.0,8.0,3.0,5.0,7,17.833333333333336,8.5,9.333333333333334,2919.0,2624.0,5543.0,1.0,0.2,21.0,1.4426950408889634,0.5,8.283298781377146,0.18290229930660162,0.0010057471307187245,0.0,22.884678865301197,42.08844723920713,8.02654594868079,8.296298929158299,0.18290229930660162,0.0010057471307187245,0.0,22.884678865301197,42.08844723920713,8.039546028635968,0,0.0,8.0,21.0,0.263,1,0.7237762,0.0,0.0,0.00087412586,0.724,0.0,0.0,0.001,0.275,1,0.8660254037844386,0.5000000000000001,0.0,0.0
VH,HIL,2024-02-01,2024,2,10,242.0,0.22,85,1172.0,1.06,107,1101,0.0772,0.0972,0,1155,1,1155.0,0,4,2265.0,1710.0,3975.0,18.0,9.0,9.0,4,17.0,8.5,8.5,2265.0,2265.0,4530.0,0.0,0.0,16.0,0.0,0.0,7.930281537574255,0.19870689765004249,0.0007040229915031072,0.0,20.98250385228245,37.80413692915577,7.570727006799873,7.6542730214952055,0.1955459776238121,0.0021120690494433217,0.0,26.074302640111966,34.696550733741674,6.663252609899675,0,0.0,8.0,21.0,0.263,0,0.0,0.0,0.0,0.0,0.0,0.0,0.0,0.0,1.0,1,0.8660254037844386,0.5000000000000001,0.0,0.0
WT,EHV,2024-02-01,2024,2,28,751.0,0.5,309,9322.0,6.21,525,1501,0.2059,0.3498,6,1819,1,1819.0,0,5,4461.0,4959.0,9420.0,45.66666666666667,26.0,19.666666666666668,13,33.14285714285714,15.0,18.142857142857142,9126.0,11731.0,20857.0,0.0,0.0,65.0,0.0,0.0,7.816715416766104,0.15862069064858317,0.0002011494261437449,0.0,16.875221364457033,32.553102527541675,7.404790191814818,7.931632294276751,0.17887931181139302,0.0,0.0,16.72177018139554,32.92603351741001,7.561086280250001,0,0.0,8.0,21.0,0.263,1,1.0,0.0,0.0,0.0,1.0,0.0,0.0,0.0,0.0,1,0.8660254037844386,0.5000000000000001,0.0,0.0
ASDZ,HVS,2024-01-01,2024,1,28,106.0,1.54,31,243.0,3.52,34,69,0.4493,0.4928,3,45,4,11.25,0,12,10250.0,9102.25,19352.25,26.333333333333332,13.166666666666666,13.166666666666666,15,25.857142857142858,14.0,11.857142857142858,8972.25,7787.0,16759.25,1.0,0.07692307692307693,180.0,0.45511961331341866,0.1111111111111111,4.012314472407583,0.09099462491169732,0.00611559144391488,0.0,19.258847246527353,35.33419259517424,3.6768306135300106,3.48861296637164,0.08440860238687325,0.007150537664851834,0.0017473117889015264,18.077912151092484,33.39483781206992,2.91415057068951,1,0.0323,8.0,22.0,0.263,1,1.0,0.0,0.0,0.0,1.0,0.0,0.0,0.0,0.0,1,0.49999999999999994,0.8660254037844387,0.0,1.0
AML,HGL,2024-01-01,2024,1,14,1512.0,1.29,280,5113.0,4.36,305,1174,0.2385,0.2598,117,1155,1,1155.0,0,8,2628.0,3377.0,6005.0,30.0,15.0,15.0,7,15.416666666666668,7.75,7.666666666666667,2627.0,1479.0,4106.0,0.0,0.0,56.0,0.0,0.0,3.1372311885508717,0.10241935555372507,0.0013172043166974538,0.0017204300690722722,18.123256162770332,33.35564434047668,3.1811827914639106,3.071728443852075,0.10416666697710752,0.005174731104684773,0.001706989209157645,17.676085703956183,33.25886998573939,3.1002903169782092,1,0.0323,8.0,22.0,0.263,0,0.9974446,0.0,0.0,0.0025553664,0.997,0.0,0.0,0.003,0.0,1,0.49999999999999994,0.8660254037844387,0.0,1.0
SWK,HR,2024-01-01,2024,1,24,2775.0,2.42,539,8812.0,7.7,675,1145,0.4707,0.5895,1,1112,1,1112.0,0,6,4039.0,3968.0,8007.0,34.0,17.0,17.0,7,34.083333333333336,18.75,15.333333333333334,4032.0,2948.0,6980.0,1.0,0.16666666666666666,42.0,1.4426950408889634,0.5,3.4390161880642496,0.09690860252306667,0.0015994623924295108,0.002647849403181544,19.907589498066134,34.85999906575808,3.2671075399254037,3.54874200137302,0.09798387099578175,0.0032930107867365243,0.00224462360574273,21.10140804850286,36.40354743119209,3.27044900403338,1,0.0323,8.0,22.0,0.263,1,1.0,0.0,0.0,0.0,1.0,0.0,0.0,0.0,0.0,1,0.49999999999999994,0.8660254037844387,0.0,1.0
HGL,AML,2024-01-01,2024,1,14,794.0,0.69,361,4530.0,3.93,316,1154,0.3128,0.2738,114,1145,1,1145.0,0,7,2627.0,1479.0,4106.0,15.416666666666668,7.75,7.666666666666667,8,30.0,15.0,15.0,2628.0,3377.0,6005.0,0.0,0.0,56.0,0.0,0.0,3.071728443852075,0.10416666697710752,0.005174731104684773,0.001706989209157645,17.676085703956183,33.25886998573939,3.1002903169782092,3.1372311885508717,0.10241935555372507,0.0013172043166974538,0.0017204300690722722,18.123256162770332,33.35564434047668,3.1811827914639106,1,0.0323,8.0,22.0,0.263,1,1.0,0.0,0.0,0.0,1.0,0.0,0.0,0.0,0.0,1,0.49999999999999994,0.8660254037844387,0.0,1.0
GZ,BD,2024-01-01,2024,1,10,2192.0,1.91,634,7630.0,6.65,736,1148,0.5523,0.6411,0,1105,1,1105.0,0,4,2207.0,2206.0,4413.0,16.0,8.0,8.0,12,42.333333333333336,21.166666666666668,21.166666666666668,6936.0,7713.0,14649.0,0.0,0.0,48.0,0.0,0.0,3.497513447367456,0.07943548377282837,0.006586021383202845,0.0013575268513773397,17.89680295605813,32.85580559571584,3.6256048382430146,3.6167930283944214,0.07419354860140111,0.006115591353786889,0.0013440859914627126,18.53666709667893,33.73306362282845,3.700462381230287,1,0.0323,8.0,22.0,0.263,1,0.040940765,0.0,0.0,0.0,0.041,0.0,0.0,0.0,0.959,1,0.49999999999999994,0.8660254037844387,0.0,1.0
BL,HGV,2024-01-01,2024,1,14,1047.0,0.92,358,4985.0,4.38,443,1138,0.3146,0.3893,24,1083,1,1083.0,0,4,2178.0,2178.0,4356.0,30.0,15.0,15.0,5,44.33333333333333,17.0,27.333333333333332,2178.0,2178.5,4356.5,0.0,0.0,20.0,0.0,0.0,3.137470474446653,0.1100806456399701,0.0023521505276201875,0.0030107526208764763,19.7825988236294,35.11064430398326,3.0509113063084423,3.2101667320145473,0.10080645184323031,0.001693548414335456,0.0035080644377176802,18.831066230772645,33.81870875307309,3.0375860862669244,1,0.0323,8.0,22.0,0.263,1,0.06326889,0.0,0.0,0.0,0.063,0.0,0.0,0.0,0.937,1,0.49999999999999994,0.8660254037844387,0.0,1.0
NWK,GD,2024-01-01,2024,1,9,824.0,0.68,252,4820.0,3.98,342,1211,0.2081,0.2824,1,1235,1,1235.0,0,4,2431.0,2431.0,4862.0,13.0,6.5,6.5,14,32.5,18.0,14.5,12615.25,9547.25,22162.5,0.0,0.0,56.0,0.0,0.0,3.9769489322438516,0.08131720495199965,0.004233871005795976,0.0,19.442827911146225,34.72016040740475,3.879166666187987,3.9639490160249893,0.08131720495199965,0.004233871005795976,0.0,19.442827911146225,34.72016040740475,3.866166710628257,1,0.0323,8.0,22.0,0.263,1,0.0,0.0,0.0,0.0,0.0,0.0,0.0,0.0,1.0,1,0.49999999999999994,0.8660254037844387,0.0,1.0
BDPB,ZLW,2024-01-01,2024,1,10,1645.0,1.43,389,6854.0,5.94,503,1153,0.3374,0.4363,0,1125,1,1125.0,0,4,2212.0,2181.0,4393.0,15.0,7.5,7.5,10,28.0,14.0,14.0,4104.0,4103.0,8207.0,0.0,0.0,40.0,0.0,0.0,3.687384420404992,0.07997311864008186,0.003857526938200638,0.0013306451315480855,18.691475093204488,34.807740924178916,3.78388983890244,3.772502806272999,0.08172043068434602,0.004045698982012528,0.001290322551804204,18.885062604501684,33.66338620262761,3.669075362379312,1,0.0323,8.0,22.0,0.263,1,0.0,0.0,0.0,0.0,0.0,0.0,0.0,0.0,1.0,1,0.49999999999999994,0.8660254037844387,0.0,1.0
BRN,SD,2024-01-01,2024,1,4,116.0,0.13,46,1020.0,1.13,20,904,0.0509,0.0221,3,860,1,860.0,0,5,2407.0,2962.0,5369.0,14.666666666666668,8.0,6.666666666666667,3,3.5,2.5,1.0,1701.0,860.0,2561.0,0.0,0.0,15.0,0.0,0.0,3.3911720417109468,0.08454301132149594,0.007715053756230621,0.0017741935087307807,17.744572500307715,32.93225718057284,3.1482285269816477,3.4561721530082004,0.08454301132149594,0.007715053756230621,0.0017741935087307807,17.744572500307715,32.93225718057284,3.213228596134051,1,0.0323,8.0,22.0,0.263,0,0.0,0.0,0.0,0.0,0.0,0.0,0.0,0.0,1.0,1,0.49999999999999994,0.8660254037844387,0.0,1.0
SWK,WV,2024-01-01,2024,1,13,1341.0,1.44,270,4392.0,4.73,350,929,0.2906,0.3767,0,894,1,894.0,0,6,4039.0,3968.0,8007.0,34.0,17.0,17.0,4,24.0,12.0,12.0,1855.0,1853.0,3708.0,1.0,0.25,24.0,0.7213475204444817,0.25,3.4390161880642496,0.09690860252306667,0.0015994623924295108,0.002647849403181544,19.907589498066134,34.85999906575808,3.2671075399254037,3.515341465403977,0.09905914063014651,0.003293010826793409,0.0024731182242913913,20.508164924158844,35.467257142066956,3.218634487427671,1,0.0323,8.0,22.0,0.263,1,0.04951561,0.0,0.0,0.0,0.05,0.0,0.0,0.0,0.95,1,0.49999999999999994,0.8660254037844387,0.0,1.0
DV,TWL,2024-01-01,2024,1,5,732.0,0.8,261,1619.0,1.77,190,915,0.2852,0.2077,71,863,1,863.0,0,13,6366.0,6644.0,13010.0,31.26190476190476,16.428571428571427,14.833333333333334,4,12.0,6.0,6.0,1734.0,1717.0,3451.0,0.0,0.0,52.0,0.0,0.0,3.302338739151075,0.09852150560266548,0.004516129061499591,0.0017876343686454078,18.331987683170585,33.868063609446246,3.3866801085951987,3.341338691216523,0.09852150560266548,0.004516129061499591,0.002043010707023323,18.331987683170585,33.868063609446246,3.425680086166868,1,0.0323,8.0,22.0,0.263,0,0.0010928962,0.0,0.0,0.0,0.001,0.0,0.0,0.0,0.999,1,0.49999999999999994,0.8660254037844387,0.0,1.0
DV,DVC,2024-01-01,2024,1,4,1137.0,1.17,396,2171.0,2.24,282,971,0.4078,0.2904,51,907,1,907.0,0,13,6366.0,6644.0,13010.0,31.26190476190476,16.428571428571427,14.833333333333334,4,19.0,9.5,9.5,1833.0,1740.0,3573.0,0.0,0.0,52.0,0.0,0.0,3.302338739151075,0.09852150560266548,0.004516129061499591,0.0017876343686454078,18.331987683170585,33.868063609446246,3.3866801085951987,3.2958387875859376,0.09852150560266548,0.004516129061499591,0.0017876343686454078,18.331987683170585,33.868063609446246,3.380180171130085,1,0.0323,8.0,22.0,0.263,1,0.0020597323,0.0,0.0,0.0,0.002,0.0,0.0,0.0,0.998,1,0.49999999999999994,0.8660254037844387,0.0,1.0
DR,ZP,2024-02-01,2024,2,13,644.0,0.62,180,4397.0,4.25,281,1034,0.1741,0.2718,1,1148,1,1148.0,0,8,4323.0,4292.0,8615.0,20.5,10.25,10.25,6,24.0,12.0,12.0,2379.0,3383.0,5762.0,1.0,0.16666666666666666,48.0,1.4426950408889634,0.5,7.546654978287995,0.1775862075945084,0.00010057471307187245,0.0,18.05234090589929,32.44344738434101,7.222588888187518,7.615468499261415,0.17557471388972354,0.001206896535452755,0.0,18.26987829239204,33.55913704839246,7.183500065029352,0,0.0,8.0,21.0,0.263,1,1.0,0.0,0.0,0.0,1.0,0.0,0.0,0.0,0.0,1,0.8660254037844386,0.5000000000000001,0.0,0.0
AC,ASHD,2024-02-01,2024,2,4,759.0,0.57,144,7686.0,5.74,350,1338,0.1076,0.2616,5,1484,1,1484.0,0,4,3009.0,3009.0,6018.0,16.0,8.0,8.0,4,5.0,2.5,2.5,3009.0,3009.0,6018.0,0.0,0.0,16.0,0.0,0.0,7.786497389640788,0.1859195409021501,0.000905172417646852,0.0,19.397305628691598,33.96051637400156,7.421554808644043,7.779997326112513,0.1859195409021501,0.000905172417646852,0.0,19.397305628691598,33.96051637400156,7.41505480189433,0,0.0,8.0,21.0,0.263,0,0.0,0.0,0.0,0.0,0.0,0.0,0.0,0.0,1.0,1,0.8660254037844386,0.5000000000000001,0.0,0.0
AMR,AMRN,2024-02-01,2024,2,1,1667.0,0.79,416,7857.0,3.73,634,2105,0.1976,0.3012,86,2212,1,2212.0,0,6,4399.0,5158.0,9557.0,12.0,6.0,6.0,4,7.0,3.5,3.5,4467.0,4420.0,8887.0,0.0,0.0,24.0,0.0,0.0,7.61221575830667,0.19137931182637982,0.0012068965461576122,0.0,23.192754746511064,39.81465411802818,7.309342159793295,7.61221575830667,0.19137931182637982,0.0012068965461576122,0.0,23.192754746511064,39.81465411802818,7.309342159793295,0,0.0,8.0,21.0,0.263,1,0.5330166,0.0,0.0,0.0,0.533,0.0,0.0,0.0,0.467,1,0.8660254037844386,0.5000000000000001,0.0,0.0
VH,LEDN,2024-02-01,2024,2,8,496.0,0.82,184,711.0,1.18,191,603,0.3051,0.3167,0,555,1,555.0,0,4,2265.0,1710.0,3975.0,18.0,9.0,9.0,18,35.33333333333333,18.444444444444443,16.88888888888889,12235.0,12890.0,25125.0,0.0,0.0,72.0,0.0,0.0,7.930281537574255,0.19870689765004249,0.0007040229915031072,0.0,20.98250385228245,37.80413692915577,7.570727006799873,7.9042815178547094,0.19870689765004249,0.0007040229915031072,0.0,20.98250385228245,37.80413692915577,7.54472698391169,0,0.0,8.0,21.0,0.263,1,0.0,0.0,0.0,0.0,0.0,0.0,0.0,0.0,1.0,1,0.8660254037844386,0.5000000000000001,0.0,0.0
UTM,BHV,2024-02-01,2024,2,17,2.0,0.04,2,0.0,0.0,0,48,0.0417,0.0,0,16,5,3.2,0,2,0.0,3.49,3.49,14.0,0.0,14.0,5,13.166666666666666,8.666666666666666,4.5,4008.2,3992.0,8000.2,1.0,0.25,10.0,0.6213349345596119,0.2,7.801976939470603,0.1790229899102244,0.001910919526955862,0.0,18.63424655966375,34.2796542658203,7.453988500367636,7.76695715182129,0.17298850681547118,0.0006034482998409491,0.0,18.6974703446887,35.08086110052021,7.454097929014557,0,0.0,8.0,21.0,0.263,0,0.0,0.0,0.0,1.0,0.0,0.0,0.0,1.0,0.0,1,0.8660254037844386,0.5000000000000001,0.0,0.0
MDB,ARN,2024-02-01,2024,2,4,432.0,0.38,177,6924.0,6.05,359,1144,0.1547,0.3138,2,1172,1,1172.0,0,7,2919.0,2624.0,5543.0,17.833333333333336,8.5,9.333333333333334,4,19.0,9.5,9.5,2324.0,2324.0,4648.0,1.0,0.2,28.0,0.6213349345596119,0.2,8.296298929158299,0.18290229930660162,0.0010057471307187245,0.0,22.884678865301197,42.08844723920713,8.039546028635968,8.26400862933918,0.16724138029305072,0.0012068965247478977,0.0,20.487850722910345,36.769136882376394,7.892169552287836,0,0.0,8.0,21.0,0.263,1,0.7237762,0.0,0.0,0.00087412586,0.724,0.0,0.0,0.001,0.275,1,0.8660254037844386,0.5000000000000001,0.0,0.0
AMR,CAS,2024-02-01,2024,2,12,199.0,0.41,81,1971.0,4.01,75,491,0.165,0.1527,18,495,1,495.0,0,6,4399.0,5158.0,9557.0,12.0,6.0,6.0,10,25.2,12.6,12.6,5820.0,5396.83,11216.83,1.0,0.14285714285714285,60.0,1.4426950408889634,0.5,7.61221575830667,0.19137931182637982,0.0012068965461576122,0.0,23.192754746511064,39.81465411802818,7.309342159793295,7.658261490134715,0.1981321859077133,0.001106321843790597,0.0,22.700928221317543,39.04137821375639,7.3362068867888945,0,0.0,8.0,21.0,0.263,0,1.0,0.0,0.0,0.0,1.0,0.0,0.0,0.0,0.0,1,0.8660254037844386,0.5000000000000001,0.0,0.0
ALMB,ALM,2024-01-01,2024,1,6,39.0,0.67,15,333.0,5.74,22,58,0.2586,0.3793,0,151,1,151.0,0,7,3755.0,3009.0,6764.0,11.5,7.5,4.0,16,31.396825396825395,15.11111111111111,16.285714285714285,6034.78,7160.0,13194.779999999999,2.0,0.16666666666666666,112.0,2.0640299754485754,0.7,3.8893710799885772,0.09959677472630496,0.0022580645057142423,0.0008333333147068819,21.510415494361872,38.545160226924445,3.670822680166732,3.933755411155602,0.08884408642407707,0.0033870967685855845,0.0,20.91069567123408,36.282579628370144,2.906134478875526,1,0.0323,8.0,22.0,0.263,1,1.0,0.0,0.0,0.0,1.0,0.0,0.0,0.0,0.0,1,0.49999999999999994,0.8660254037844387,0.0,1.0
RTB,RTD,2024-01-01,2024,1,1,7087.0,1.77,2198,23677.0,5.93,2509,3996,0.5501,0.6279,156,3504,1,3504.0,0,8,7797.0,6383.0,14180.0,13.5,6.75,6.75,15,47.44444444444444,26.0,21.444444444444443,10630.0,14622.0,25252.0,1.0,0.08333333333333333,120.0,0.5138983423697507,0.14285714285714285,3.9743817768069687,0.08387096811045883,0.002822580657178356,0.0,18.714111432753583,34.11870878101677,3.870349486869189,4.006881736759698,0.08387096811045883,0.002822580657178356,0.0,18.714111432753583,34.11870878101677,3.9028495071075295,1,0.0323,8.0,22.0,0.263,1,0.5520521,0.0,0.0,0.0,0.552,0.0,0.0,0.0,0.448,1,0.49999999999999994,0.8660254037844387,0.0,1.0
MAS,UTZL,2024-01-01,2024,1,5,802.0,0.55,232,4449.0,3.07,325,1451,0.1599,0.224,9,1456,1,1456.0,0,4,2922.0,1798.0,4720.0,10.0,5.0,5.0,4,7.0,3.5,3.5,2910.0,2662.0,5572.0,0.0,0.0,16.0,0.0,0.0,3.644881826717787,0.08561828016473721,0.008844086059158849,0.001706989209157645,19.205412822705444,33.31064427283503,2.9954194523223867,3.546314403855352,0.08508064558789614,0.00818548389580301,0.0017338709289868993,18.402671900327487,34.064515234962585,3.060561738057082,1,0.0323,8.0,22.0,0.263,0,0.00068917987,0.0,0.0,0.0013783597,0.001,0.0,0.0,0.001,0.998,1,0.49999999999999994,0.8660254037844387,0.0,1.0
VST,DVNK,2024-01-01,2024,1,2,970.0,0.57,482,4985.0,2.95,578,1688,0.2855,0.3424,30,1721,1,1721.0,0,4,3501.0,3501.0,7002.0,8.0,4.0,4.0,4,5.0,2.5,2.5,3501.0,3499.0,7000.0,0.0,0.0,16.0,0.0,0.0,4.17476890564105,0.08938172069047728,0.004516129111570697,0.0,19.837839674885554,35.115966882756965,3.9935860649572423,4.17476890564105,0.08938172069047728,0.004516129111570697,0.0,19.837839674885554,35.115966882756965,3.9935860649572423,1,0.0323,8.0,22.0,0.263,1,0.0,0.0,0.0,0.0,0.0,0.0,0.0,0.0,1.0,1,0.49999999999999994,0.8660254037844387,0.0,1.0
LLS,ALMB,2024-01-01,2024,1,18,34.0,0.59,12,300.0,5.17,8,58,0.2069,0.1379,2,151,1,151.0,0,8,2536.0,4682.0,7218.0,63.333333333333336,35.333333333333336,28.0,7,11.5,7.5,4.0,3755.0,3009.0,6764.0,2.0,0.2857142857142857,56.0,1.876989522792215,0.6,3.67308602578217,0.10456989291975255,0.0015994623824152896,0.0016532257694991366,20.39001553369466,35.24032165542726,3.453865636781018,3.8893710799885772,0.09959677472630496,0.0022580645057142423,0.0008333333147068819,21.510415494361872,38.545160226924445,3.670822680166732,1,0.0323,8.0,22.0,0.263,0,1.0,0.0,0.0,0.0,1.0,0.0,0.0,0.0,0.0,1,0.49999999999999994,0.8660254037844387,0.0,1.0
DMN,WP,2024-01-01,2024,1,7,1514.0,0.98,535,4767.0,3.09,620,1543,0.3467,0.4018,0,1699,1,1699.0,0,4,3441.0,3433.0,6874.0,9.0,4.5,4.5,13,26.69047619047619,13.833333333333334,12.857142857142858,6848.4400000000005,6993.44,13841.880000000001,0.0,0.0,52.0,0.0,0.0,3.7949301867936085,0.09247311911675879,0.004139784993904252,0.00017473117889015266,19.63019658833422,34.01661194011729,2.9556828290724786,3.788430226070466,0.09247311911675879,0.004139784993904252,0.00017473117889015266,19.63019658833422,34.01661194011729,2.94918289181516,1,0.0323,8.0,22.0,0.263,1,0.0,0.0,0.0,0.0,0.0,0.0,0.0,0.0,1.0,1,0.49999999999999994,0.8660254037844387,0.0,1.0
HVSM,BSMZ,2024-01-01,2024,1,4,3095.0,1.75,1070,7049.0,3.98,1136,1773,0.6035,0.6407,3,1667,1,1667.0,0,5,3405.0,3390.0,6795.0,13.5,11.0,2.5,4,5.0,2.5,2.5,3389.0,3389.0,6778.0,0.0,0.0,20.0,0.0,0.0,3.5631128771741305,0.09663978551504432,0.006397849419504725,0.0017473117889015264,18.345179287897004,34.04322479168574,2.913516118751979,3.582612937801988,0.09663978551504432,0.006397849419504725,0.001693548349243018,18.345179287897004,34.04322479168574,2.9330161967294752,1,0.0323,8.0,22.0,0.263,1,0.0,0.0,0.0,0.0,0.0,0.0,0.0,0.0,1.0,1,0.49999999999999994,0.8660254037844387,0.0,1.0
EML,HD,2024-01-01,2024,1,4,1230.0,1.12,391,2771.0,2.51,423,1103,0.3545,0.3835,0,1093,1,1093.0,0,4,2206.0,2206.0,4412.0,9.0,4.5,4.5,6,29.0,10.666666666666666,18.333333333333332,2232.0,2230.0,4462.0,0.0,0.0,24.0,0.0,0.0,3.35328496157402,0.09744623677945265,0.0043279570076734785,0.0017473117889015264,18.72515906097107,34.78983771608722,3.309400557685563,3.4465859923161246,0.09543010837809053,0.0037634408962662503,0.0017473117889015264,18.63419742389552,33.857418493558,3.404045689415427,1,0.0323,8.0,22.0,0.263,1,0.0,0.0,0.0,0.0,0.0,0.0,0.0,0.0,1.0,1,0.49999999999999994,0.8660254037844387,0.0,1.0
VST,GVM,2024-01-01,2024,1,6,1565.0,0.89,503,5839.0,3.32,595,1757,0.2863,0.3386,34,1780,1,1780.0,0,4,3501.0,3501.0,7002.0,8.0,4.0,4.0,4,9.0,4.5,4.5,3501.0,3502.0,7003.0,0.0,0.0,16.0,0.0,0.0,4.17476890564105,0.08938172069047728,0.004516129111570697,0.0,19.837839674885554,35.115966882756965,3.9935860649572423,4.449260754716052,0.11465053795085799,0.005080645253020589,0.0,21.24727413186463,38.3066119320931,4.326612896466207,1,0.0323,8.0,22.0,0.263,1,0.00056915195,0.0,0.0,0.00056915195,0.001,0.0,0.0,0.001,0.998,1,0.49999999999999994,0.8660254037844387,0.0,1.0
NS,HD,2024-02-01,2024,2,12,1097.0,1.05,432,1544.0,1.47,442,1047,0.4126,0.4222,0,1113,1,1113.0,0,5,2218.0,2223.8,4441.8,30.5,10.5,20.0,6,29.0,10.666666666666666,18.333333333333332,2246.0,2253.0,4499.0,0.0,0.0,30.0,0.0,0.0,7.587221193330726,0.18879310390644374,0.004224137970428357,0.00015804597347889138,18.981467214466512,34.956206016841975,7.203384954353859,7.663275649492768,0.18376436967659612,0.005431034345308255,0.0,18.169869412036462,33.52551630447651,7.179798691779718,0,0.0,8.0,21.0,0.263,1,0.00095510983,0.0,0.0,0.0,0.001,0.0,0.0,0.0,0.999,1,0.8660254037844386,0.5000000000000001,0.0,0.0
GDM,ZBM,2024-02-01,2024,2,9,4527.0,2.08,1689,8405.0,3.86,2023,2180,0.7748,0.928,107,2310,1,2310.0,0,6,6787.0,6787.0,13574.0,18.0,9.0,9.0,3,20.0,11.0,9.0,3467.0,1151.0,4618.0,0.0,0.0,18.0,0.0,0.0,7.8594884873721105,0.19181034534141936,0.004626436876240133,0.0,18.42451348892231,34.46482669904657,7.485278714662311,7.938614867285065,0.18448276055612783,0.0002011494261437449,0.0,18.287293902073785,32.70206809043884,7.517206872331685,0,0.0,8.0,21.0,0.263,1,0.0,0.0,0.0,0.0004587156,0.0,0.0,0.0,0.0,1.0,1,0.8660254037844386,0.5000000000000001,0.0,0.0
HGV,BL,2024-02-01,2024,2,14,1117.0,1.05,334,2750.0,2.59,375,1060,0.3151,0.3538,4,1140,1,1140.0,0,6,2281.0,2278.0,4559.0,48.666666666666664,27.333333333333332,21.333333333333332,4,30.0,15.0,15.0,2281.0,2281.0,4562.0,1.0,0.2,24.0,0.5581106265512472,0.16666666666666666,7.279203990450258,0.17600574920317907,0.004123563214537056,4.3103447312424924e-05,18.250699320058715,33.13086114464135,6.803916673036827,7.177301929257382,0.16250000111544613,0.005531609069084984,0.0002011494207913163,19.03433694159505,34.176205994754,6.772129477526264,0,0.0,8.0,21.0,0.263,1,0.08301887,0.0,0.0,0.0,0.083,0.0,0.0,0.0,0.917,1,0.8660254037844386,0.5000000000000001,0.0,0.0
VP,RH,2024-02-01,2024,2,4,243.0,0.26,90,1207.0,1.28,115,945,0.0952,0.1217,0,1000,1,1000.0,0,4,1993.0,1993.0,3986.0,7.0,3.5,3.5,4,10.0,5.0,5.0,1993.0,1993.0,3986.0,0.0,0.0,16.0,0.0,0.0,7.586801570866942,0.19137931162298755,0.0004022988522874898,0.0,17.842594130970966,33.56327501384691,7.267979727394279,7.5557559750032155,0.18649425359721156,0.00030172413921561735,0.0,17.784117736693087,33.42206806972109,7.2222789070386995,0,0.0,8.0,21.0,0.263,0,0.06031746,0.0,0.0,0.0,0.06,0.0,0.0,0.0,0.94,1,0.8660254037844386,0.5000000000000001,0.0,0.0
CPS,RTA,2024-02-01,2024,2,1,1548.0,1.32,329,6555.0,5.59,466,1172,0.2807,0.3976,0,1210,1,1210.0,0,4,2421.0,2421.0,4842.0,5.0,2.5,2.5,7,14.166666666666668,7.5,6.666666666666667,6467.0,4421.0,10888.0,0.0,0.0,28.0,0.0,0.0,7.995155380717639,0.17241379418463884,0.0025143677625676683,0.0,20.040493045045043,36.05689569519854,7.710744466932341,8.008155118117386,0.17241379418463884,0.0025143677625676683,0.0,20.040493045045043,36.05689569519854,7.723744238587631,0,0.0,8.0,21.0,0.263,1,0.0,0.0,0.0,0.0,0.0,0.0,0.0,0.0,1.0,1,0.8660254037844386,0.5000000000000001,0.0,0.0
AH,AHP,2024-02-01,2024,2,1,254.0,0.27,80,1562.0,1.65,234,945,0.0847,0.2476,20,1000,1,1000.0,0,14,7830.0,8120.0,15950.0,21.714285714285715,10.857142857142858,10.857142857142858,4,3.0,1.5,1.5,1993.0,1962.0,3955.0,0.0,0.0,56.0,0.0,0.0,7.476301933702981,0.19137931162298755,0.0004022988522874898,0.0,17.842594130970966,33.56327501384691,7.157480054888232,7.554301490739587,0.19137931162298755,0.0004022988522874898,0.0,17.842594130970966,33.56327501384691,7.235479709745824,0,0.0,8.0,21.0,0.263,0,0.06031746,0.0,0.0,0.0,0.06,0.0,0.0,0.0,0.94,1,0.8660254037844386,0.5000000000000001,0.0,0.0
GDM,TPSW,2024-02-01,2024,2,10,4570.0,2.23,1211,10018.0,4.9,2032,2045,0.5922,0.9936,41,2205,1,2205.0,0,6,6787.0,6787.0,13574.0,18.0,9.0,9.0,3,16.0,6.0,10.0,3326.0,1121.0,4447.0,0.0,0.0,18.0,0.0,0.0,7.8594884873721105,0.19181034534141936,0.004626436876240133,0.0,18.42451348892231,34.46482669904657,7.485278714662311,7.902910853768217,0.18649425405752043,0.001005747152128439,0.0,18.759194320645825,34.36810261901768,7.528341954124385,0,0.0,8.0,21.0,0.263,1,0.0,0.0,0.0,0.0,0.0,0.0,0.0,0.0,1.0,1,0.8660254037844386,0.5000000000000001,0.0,0.0
HGV,ASN,2024-02-01,2024,2,30,4.0,1.0,2,122.0,30.5,4,4,0.5,1.0,1,6,2,3.0,0,6,2281.0,2278.0,4559.0,48.666666666666664,27.333333333333332,21.333333333333332,9,76.0,37.333333333333336,38.666666666666664,4536.0,3583.0,8119.0,3.0,0.42857142857142855,54.0,2.598337043236697,0.85,7.279203990450258,0.17600574920317907,0.004123563214537056,4.3103447312424924e-05,18.250699320058715,33.13086114464135,6.803916673036827,7.115804608996915,0.18060344839789744,0.005129310377370352,0.0002155172365621246,18.61681886137217,34.15448182273185,6.63548850910417,0,0.0,8.0,21.0,0.263,1,1.0,0.0,0.0,0.0,1.0,0.0,0.0,0.0,0.0,1,0.8660254037844386,0.5000000000000001,0.0,0.0
HAD,HIL,2024-02-01,2024,2,7,767.0,0.75,344,1312.0,1.28,357,1026,0.3353,0.348,0,1110,1,1110.0,0,6,6386.0,5078.0,11464.0,24.0,12.0,12.0,4,17.0,8.5,8.5,2265.0,2265.0,4530.0,0.0,0.0,24.0,0.0,0.0,7.819255991292925,0.18505747194519673,0.000905172417646852,0.0,20.817422294753722,37.41620586041746,7.515807701595898,7.6542730214952055,0.1955459776238121,0.0021120690494433217,0.0,26.074302640111966,34.696550733741674,6.663252609899675,0,0.0,8.0,21.0,0.263,1,0.0,0.0,0.0,0.0,0.0,0.0,0.0,0.0,1.0,1,0.8660254037844386,0.5000000000000001,0.0,0.0
ALMB,ALMO,2024-01-01,2024,1,2,827.0,0.69,257,3533.0,2.95,327,1198,0.2145,0.273,5,1139,1,1139.0,0,7,3755.0,3009.0,6764.0,11.5,7.5,4.0,3,11.0,9.0,2.0,2323.0,1719.0,4042.0,1.0,0.2,21.0,0.6213349345596119,0.2,3.8893710799885772,0.09959677472630496,0.0022580645057142423,0.0008333333147068819,21.510415494361872,38.545160226924445,3.670822680166732,3.90237101317153,0.09959677472630496,0.0022580645057142423,0.0008333333147068819,21.510415494361872,38.545160226924445,3.683822639619491,1,0.0323,8.0,22.0,0.263,1,0.0,0.0,0.0,0.0,0.0,0.0,0.0,0.0,1.0,1,0.49999999999999994,0.8660254037844387,0.0,1.0
RTB,DDR,2024-01-01,2024,1,19,1394.0,1.19,400,8821.0,7.56,586,1167,0.3428,0.5021,30,1079,1,1079.0,0,8,7797.0,6383.0,14180.0,13.5,6.75,6.75,14,35.714285714285715,17.857142857142858,17.857142857142858,2836.0,7185.0,10021.0,1.0,0.1,112.0,0.45511961331341866,0.1111111111111111,3.9743817768069687,0.08387096811045883,0.002822580657178356,0.0,18.714111432753583,34.11870878101677,3.870349486869189,3.829271595179033,0.08481182868001602,0.0033870967285286996,0.0005645161164143394,19.167625067054583,34.48499909459904,3.823357568362788,1,0.0323,8.0,22.0,0.263,1,1.0,0.0,0.0,0.0,1.0,0.0,0.0,0.0,0.0,1,0.49999999999999994,0.8660254037844387,0.0,1.0
LLS,ALMO,2024-01-01,2024,1,16,392.0,0.31,174,3690.0,2.95,101,1251,0.1391,0.0807,35,1184,1,1184.0,0,8,2536.0,4682.0,7218.0,63.333333333333336,35.333333333333336,28.0,3,11.0,9.0,2.0,2323.0,1719.0,4042.0,1.0,0.16666666666666666,24.0,0.7213475204444817,0.25,3.67308602578217,0.10456989291975255,0.0015994623824152896,0.0016532257694991366,20.39001553369466,35.24032165542726,3.453865636781018,3.90237101317153,0.09959677472630496,0.0022580645057142423,0.0008333333147068819,21.510415494361872,38.545160226924445,3.683822639619491,1,0.0323,8.0,22.0,0.263,0,0.001598721,0.0,0.0,0.0,0.002,0.0,0.0,0.0,0.998,1,0.49999999999999994,0.8660254037844387,0.0,1.0
UT,AMF,2024-01-01,2024,1,21,1542.0,0.68,413,14117.0,6.18,1031,2284,0.1808,0.4514,180,2307,1,2307.0,0,32,20729.67,30427.440000000002,51157.11,49.96031746031746,26.071428571428573,23.88888888888889,15,46.10714285714286,23.857142857142858,22.25,11305.0,10810.0,22115.0,0.0,0.0,480.0,0.0,0.0,3.541932883702459,0.08750000020228726,0.007338709728692168,0.0017338709289868993,18.468390858301554,33.6870959292176,3.593411382152549,3.519145186514824,0.08306451683603627,0.006962365580983059,0.0018279569483892891,18.494562417909663,34.376128144802585,3.4926666896139342,1,0.0323,8.0,22.0,0.263,1,1.0,0.0,0.0,0.0,1.0,0.0,0.0,0.0,0.0,1,0.49999999999999994,0.8660254037844387,0.0,1.0
LLS,ZL,2024-01-01,2024,1,57,2573.0,2.27,515,8064.0,7.12,527,1132,0.4549,0.4655,44,1076,1,1076.0,0,8,2536.0,4682.0,7218.0,63.333333333333336,35.333333333333336,28.0,14,85.42857142857143,47.285714285714285,38.142857142857146,5773.5,9869.0,15642.5,0.0,0.0,112.0,0.0,0.0,3.67308602578217,0.10456989291975255,0.0015994623824152896,0.0016532257694991366,20.39001553369466,35.24032165542726,3.453865636781018,3.425806447963721,0.10080645219372805,0.005174731224855428,0.0017204300690722722,19.757889633697847,34.96499910918615,3.4853494669541076,1,0.0323,8.0,22.0,0.263,1,1.0,0.0,0.0,0.0,1.0,0.0,0.0,0.0,0.0,1,0.49999999999999994,0.8660254037844387,0.0,1.0
UT,UTVR,2024-01-01,2024,1,1,2365.0,0.41,681,13159.0,2.25,532,5836,0.1167,0.0912,216,5376,1,5376.0,0,32,20729.67,30427.440000000002,51157.11,49.96031746031746,26.071428571428573,23.88888888888889,6,7.333333333333333,3.6666666666666665,3.6666666666666665,8896.0,8778.0,17674.0,0.0,0.0,192.0,0.0,0.0,3.541932883702459,0.08750000020228726,0.007338709728692168,0.0017338709289868993,18.468390858301554,33.6870959292176,3.593411382152549,3.5809328284900714,0.08750000020228726,0.007338709728692168,0.0017338709289868993,18.468390858301554,33.6870959292176,3.6324113558712465,1,0.0323,8.0,22.0,0.263,0,0.0,0.0,0.0,0.00017135024,0.0,0.0,0.0,0.0,1.0,1,0.49999999999999994,0.8660254037844387,0.0,1.0
UT,UTO,2024-01-01,2024,1,3,1736.0,0.46,504,5820.0,1.55,144,3762,0.134,0.0383,196,3587,1,3587.0,0,32,20729.67,30427.440000000002,51157.11,49.96031746031746,26.071428571428573,23.88888888888889,7,17.666666666666664,8.0,9.666666666666666,7213.0,3587.0,10800.0,1.0,0.045454545454545456,224.0,0.7213475204444817,0.25,3.541932883702459,0.08750000020228726,0.007338709728692168,0.0017338709289868993,18.468390858301554,33.6870959292176,3.593411382152549,3.5528145317809394,0.08508064558789614,0.00818548389580301,0.0017338709289868993,18.402671900327487,34.064515234962585,3.0670618518526034,1,0.0323,8.0,22.0,0.263,0,0.0,0.0,0.0,0.0,0.0,0.0,0.0,0.0,1.0,1,0.49999999999999994,0.8660254037844387,0.0,1.0
HAD,LEDN,2024-02-01,2024,2,25,2432.0,1.19,878,10960.0,5.36,1078,2045,0.4293,0.5271,0,1912,1,1912.0,0,6,6386.0,5078.0,11464.0,24.0,12.0,12.0,18,35.33333333333333,18.444444444444443,16.88888888888889,12235.0,12890.0,25125.0,0.0,0.0,108.0,0.0,0.0,7.819255991292925,0.18505747194519673,0.000905172417646852,0.0,20.817422294753722,37.41620586041746,7.515807701595898,7.9042815178547094,0.19870689765004249,0.0007040229915031072,0.0,20.98250385228245,37.80413692915577,7.54472698391169,0,0.0,8.0,21.0,0.263,1,1.0,0.0,0.0,0.0,1.0,0.0,0.0,0.0,0.0,1,0.8660254037844386,0.5000000000000001,0.0,0.0
AH,OTB,2024-02-01,2024,2,4,253.0,0.29,116,300.0,0.34,5,877,0.1323,0.0057,49,908,1,908.0,0,14,7830.0,8120.0,15950.0,21.714285714285715,10.857142857142858,10.857142857142858,4,8.0,4.0,4.0,1798.0,912.0,2710.0,0.0,0.0,56.0,0.0,0.0,7.476301933702981,0.19137931162298755,0.0004022988522874898,0.0,17.842594130970966,33.56327501384691,7.157480054888232,7.456888023913763,0.189224138566903,0.002614942625507541,0.0,17.70775881572359,33.651723258111666,7.147117930410922,0,0.0,8.0,21.0,0.263,0,0.0045610033,0.0,0.0,0.0,0.005,0.0,0.0,0.0,0.995,1,0.8660254037844386,0.5000000000000001,0.0,0.0
AH,ED,2024-02-01,2024,2,17,935.0,0.5,366,6887.0,3.71,579,1858,0.197,0.3116,125,2183,1,2183.0,0,14,7830.0,8120.0,15950.0,21.714285714285715,10.857142857142858,10.857142857142858,10,41.2,20.6,20.6,4492.6,4893.0,9385.6,0.0,0.0,140.0,0.0,0.0,7.476301933702981,0.19137931162298755,0.0004022988522874898,0.0,17.842594130970966,33.56327501384691,7.157480054888232,7.579999914050274,0.1820402305423357,0.0014080459937110715,0.0,17.743596754368696,33.28655083768669,7.163908029767288,0,0.0,8.0,21.0,0.263,1,1.0,0.0,0.0,0.0,1.0,0.0,0.0,0.0,0.0,1,0.8660254037844386,0.5000000000000001,0.0,0.0
AH,EST,2024-02-01,2024,2,11,54.0,0.87,16,160.0,2.58,32,62,0.2581,0.5161,5,74,1,74.0,0,14,7830.0,8120.0,15950.0,21.714285714285715,10.857142857142858,10.857142857142858,7,14.25,7.25,7.0,3361.0,3288.0,6649.0,2.0,0.2222222222222222,98.0,2.0640299754485754,0.7,7.476301933702981,0.19137931162298755,0.0004022988522874898,0.0,17.842594130970966,33.56327501384691,7.157480054888232,7.707065923075223,0.1817528748049818,0.00010057471307187245,0.0,17.506133634468604,33.852930068284614,7.399666480805682,0,0.0,8.0,21.0,0.263,1,1.0,0.0,0.0,0.0,1.0,0.0,0.0,0.0,0.0,1,0.8660254037844386,0.5000000000000001,0.0,0.0
ZL,AMF,2024-02-01,2024,2,66,606.0,0.6,207,3901.0,3.84,342,1017,0.2035,0.3363,19,1234,1,1234.0,0,16,6412.71,10156.14,16568.85,96.0,52.0,44.0,16,48.0,25.75,22.25,11060.8,10727.0,21787.8,0.0,0.0,256.0,0.0,0.0,7.550574714917389,0.17499999947118006,0.0035201148183523923,0.00011494252616646646,19.255094976860217,34.37534390167258,7.149066085788025,7.71931898788731,0.18132184042284885,0.004827586088286734,0.0,18.541795207508677,34.77206808020328,7.339074735840161,0,0.0,8.0,21.0,0.263,1,1.0,0.0,0.0,0.0,1.0,0.0,0.0,0.0,0.0,1,0.8660254037844386,0.5000000000000001,0.0,0.0
AH,DR,2024-02-01,2024,2,16,538.0,0.51,149,4604.0,4.37,319,1054,0.1414,0.3027,27,1148,1,1148.0,0,14,7830.0,8120.0,15950.0,21.714285714285715,10.857142857142858,10.857142857142858,8,20.5,10.25,10.25,4323.0,4292.0,8615.0,0.0,0.0,112.0,0.0,0.0,7.476301933702981,0.19137931162298755,0.0004022988522874898,0.0,17.842594130970966,33.56327501384691,7.157480054888232,7.546654978287995,0.1775862075945084,0.00010057471307187245,0.0,18.05234090589929,32.44344738434101,7.222588888187518,0,0.0,8.0,21.0,0.263,1,1.0,0.0,0.0,0.0,1.0,0.0,0.0,0.0,0.0,1,0.8660254037844386,0.5000000000000001,0.0,0.0
ZL,ALM,2024-02-01,2024,2,81,45.0,0.65,23,81.0,1.17,13,69,0.3333,0.1884,0,256,28,9.14,0,16,6412.71,10156.14,16568.85,96.0,52.0,44.0,18,43.075,21.7,21.375,5726.139999999999,6613.38,12339.52,1.0,0.05263157894736842,288.0,0.5581106265512472,0.16666666666666666,7.550574714917389,0.17499999947118006,0.0035201148183523923,0.00011494252616646646,19.255094976860217,34.37534390167258,7.149066085788025,7.79256603087502,0.1833333340098803,0.002614942614802684,1.4367815770808308e-05,20.71273012921728,36.31137834677751,7.492781589771139,0,0.0,8.0,21.0,0.263,0,1.0,0.0,0.0,0.0,1.0,0.0,0.0,0.0,0.0,1,0.8660254037844386,0.5000000000000001,0.0,0.0
APN,LDL,2024-01-01,2024,1,14,2713.0,1.1,413,8794.0,3.56,522,2471,0.1671,0.2113,113,2451,1,2451.0,0,4,3773.0,3797.0,7570.0,22.0,11.0,11.0,3,21.5,7.5,14.0,3796.0,1345.0,5141.0,0.0,0.0,12.0,0.0,0.0,3.946005462969263,0.08669354915819182,0.005080645172906819,0.0,18.562307714935272,33.03435395802221,3.8323629385020626,4.1682689522658425,0.08938172069047728,0.004516129111570697,0.0,19.837839674885554,35.115966882756965,3.987086133430562,1,0.0323,8.0,22.0,0.263,0,0.0,0.0,0.0,0.0,0.0,0.0,0.0,0.0,1.0,1,0.49999999999999994,0.8660254037844387,0.0,1.0
VB,YPB,2024-01-01,2024,1,4,642.0,0.47,327,3082.0,2.27,389,1356,0.2412,0.2869,1,1263,1,1263.0,0,3,3304.0,1263.0,4567.0,7.5,3.5,4.0,4,9.0,4.5,4.5,3341.0,3340.0,6681.0,0.0,0.0,12.0,0.0,0.0,4.436260846153062,0.11465053795085799,0.005080645253020589,0.0,21.24727413186463,38.3066119320931,4.313612943114613,4.05355119672654,0.0891129034220852,0.005268817256775594,0.0,18.973754077749227,33.65903143664842,3.9124893462035044,1,0.0323,8.0,22.0,0.263,1,0.0,0.0,0.0,0.0,0.0,0.0,0.0,0.0,1.0,1,0.49999999999999994,0.8660254037844387,0.0,1.0
NMD,WC,2024-01-01,2024,1,4,1366.0,1.19,656,7258.0,6.31,758,1151,0.5699,0.6586,0,1097,1,1097.0,0,4,3395.0,2788.0,6183.0,6.0,3.0,3.0,4,11.0,5.5,5.5,2181.0,2787.0,4968.0,0.0,0.0,16.0,0.0,0.0,3.3120000608495728,0.08467742033623239,0.006774193396972072,0.0029166666014740863,18.204988177585346,33.62999914602567,3.5789355302219508,3.3185000262969244,0.08467742033623239,0.006774193396972072,0.0024059139247182555,18.204988177585346,33.62999914602567,3.585435544393496,1,0.0323,8.0,22.0,0.263,1,0.0,0.0,0.0,0.0,0.0,0.0,0.0,0.0,1.0,1,0.49999999999999994,0.8660254037844387,0.0,1.0
HTN,HTNC,2024-01-01,2024,1,1,3106.0,0.69,1175,11941.0,2.64,1633,4515,0.2602,0.3617,14,4116,1,4116.0,0,4,6359.0,6359.0,12718.0,5.0,2.5,2.5,4,10.0,5.0,5.0,6359.0,6359.0,12718.0,0.0,0.0,16.0,0.0,0.0,3.5744328641492915,0.08750000020228726,0.007338709728692168,0.0017607526488161536,18.468390858301554,33.6870959292176,3.62591133487501,3.559973140187081,0.08736559171830455,0.005080645232992146,0.0017607526488161536,18.225825416785415,32.683547576268516,3.608360258406729,1,0.0323,8.0,22.0,0.263,1,0.0,0.0,0.0,0.0,0.0,0.0,0.0,0.0,1.0,1,0.49999999999999994,0.8660254037844387,0.0,1.0
ST,STZ,2024-01-01,2024,1,1,233.0,0.26,112,1266.0,1.4,174,904,0.1239,0.1925,2,860,1,860.0,0,4,1701.0,1701.0,3402.0,2.0,1.0,1.0,4,7.0,3.5,3.5,1701.0,1701.0,3402.0,0.0,0.0,16.0,0.0,0.0,3.4171720491772297,0.08454301132149594,0.007715053756230621,0.0017741935087307807,17.744572500307715,32.93225718057284,3.1742285336367786,3.4626721126448,0.08454301132149594,0.007715053756230621,0.0017741935087307807,17.744572500307715,32.93225718057284,3.2197285356570875,1,0.0323,8.0,22.0,0.263,0,0.0,0.0,0.0,0.0,0.0,0.0,0.0,0.0,1.0,1,0.49999999999999994,0.8660254037844387,0.0,1.0
HZE,MZ,2024-01-01,2024,1,10,1150.0,1.27,367,3295.0,3.64,416,904,0.406,0.4602,0,885,1,885.0,0,4,1778.0,1778.0,3556.0,15.0,7.5,7.5,3,18.5,8.5,10.0,1778.0,893.0,2671.0,0.0,0.0,12.0,0.0,0.0,3.1865565473594333,0.07795698958779534,0.007903225790028291,0.005403225685680105,16.584412390346166,32.664676465013976,3.372174811319158,3.105155888799658,0.07432795702529851,0.006868279639190884,0.007446236422746092,16.635460233496083,31.894353963995492,3.258180074541459,1,0.0323,8.0,22.0,0.263,1,0.0,0.0,0.0,0.0,0.0,0.0,0.0,0.0,1.0,1,0.49999999999999994,0.8660254037844387,0.0,1.0
VTN,UTT,2024-01-01,2024,1,2,683.0,0.5,145,4077.0,2.96,232,1376,0.1054,0.1686,6,1410,1,1410.0,0,4,3623.0,3538.0,7161.0,11.0,5.5,5.5,4,4.0,2.0,2.0,3623.0,3623.0,7246.0,0.0,0.0,16.0,0.0,0.0,3.618881808403599,0.08561828016473721,0.008844086059158849,0.001706989209157645,19.205412822705444,33.31064427283503,2.969419439944128,3.6383816975479326,0.08561828016473721,0.008844086059158849,0.001706989209157645,19.205412822705444,33.31064427283503,2.988919338521858,1,0.0323,8.0,22.0,0.263,0,0.0,0.0,0.0,0.0,0.0,0.0,0.0,0.0,1.0,1,0.49999999999999994,0.8660254037844387,0.0,1.0
ALMP,ALMB,2024-01-01,2024,1,4,1419.0,0.92,434,4528.0,2.94,511,1538,0.2822,0.3322,5,1729,1,1729.0,0,4,3448.0,3447.0,6895.0,6.0,3.0,3.0,7,11.5,7.5,4.0,3755.0,3009.0,6764.0,1.0,0.2,28.0,0.43429448190325176,0.1,3.9088709646315185,0.09959677472630496,0.0022580645057142423,0.0008333333147068819,21.510415494361872,38.545160226924445,3.690322581373195,3.8893710799885772,0.09959677472630496,0.0022580645057142423,0.0008333333147068819,21.510415494361872,38.545160226924445,3.670822680166732,1,0.0323,8.0,22.0,0.263,1,0.0,0.0,0.0,0.0,0.0,0.0,0.0,0.0,1.0,1,0.49999999999999994,0.8660254037844387,0.0,1.0
HN,OBD,2024-01-01,2024,1,11,384.0,0.38,104,2550.0,2.53,77,1006,0.1034,0.0765,19,698,1,698.0,0,11,3687.0,4096.0,7783.0,42.16666666666667,22.0,20.166666666666668,3,14.5,8.5,6.0,1405.0,698.0,2103.0,0.0,0.0,33.0,0.0,0.0,4.209887073004759,0.09771505422810073,0.003951612920049698,0.0,20.548092046091632,35.79919250037081,3.85518278273183,4.195419490735437,0.09973118351071432,0.0028225806772067983,0.0,19.884610403289077,34.89774095243023,3.8309033333113596,1,0.0323,8.0,22.0,0.263,0,0.0,0.0,0.0,0.0,0.0,0.0,0.0,0.0,1.0,1,0.49999999999999994,0.8660254037844387,0.0,1.0
ALM,ZL,2024-02-01,2024,2,81,90.0,1.38,33,128.0,1.97,24,65,0.5077,0.3692,0,244,28,8.71,0,18,5726.139999999999,6613.38,12339.52,43.075,21.7,21.375,16,96.0,52.0,44.0,6412.71,10156.14,16568.85,1.0,0.05263157894736842,288.0,0.5581106265512472,0.16666666666666666,7.79256603087502,0.1833333340098803,0.002614942614802684,1.4367815770808308e-05,20.71273012921728,36.31137834677751,7.492781589771139,7.550574714917389,0.17499999947118006,0.0035201148183523923,0.00011494252616646646,19.255094976860217,34.37534390167258,7.149066085788025,0,0.0,8.0,21.0,0.263,1,1.0,0.0,0.0,0.0,1.0,0.0,0.0,0.0,0.0,1,0.8660254037844386,0.5000000000000001,0.0,0.0
DVC,HON,2024-02-01,2024,2,15,1053.0,1.13,390,1802.0,1.94,410,929,0.4198,0.4413,1,972,1,972.0,0,4,1956.0,1855.0,3811.0,19.0,9.5,9.5,4,22.0,11.0,11.0,1957.0,1956.0,3913.0,0.0,0.0,16.0,0.0,0.0,7.537911052285725,0.16982758706756707,0.0009051724069419948,0.0,17.909002355246365,33.56586113280949,7.166862239097727,7.399362282763267,0.16005747285725055,0.001005747162833296,2.8735631541616615e-05,17.501474485400763,33.158792226307696,6.989448429695491,0,0.0,8.0,21.0,0.263,1,0.07534984,0.0,0.0,0.0,0.075,0.0,0.0,0.0,0.925,1,0.8660254037844386,0.5000000000000001,0.0,0.0
KBD,KRG,2024-02-01,2024,2,7,1469.0,1.31,368,7139.0,6.35,508,1124,0.3274,0.452,0,1150,1,1150.0,0,4,2324.0,2322.0,4646.0,10.0,5.0,5.0,6,21.0,8.0,13.0,2322.33,2323.88,4646.21,0.0,0.0,24.0,0.0,0.0,8.179529012619764,0.18548850641296855,0.001609195398445102,0.0,19.90323837803698,34.2393094630077,7.7403766632765185,8.227120626931903,0.1714080465614967,0.0002011494261437449,0.0,22.437986214955647,39.28861959912311,7.931430994436659,0,0.0,8.0,21.0,0.263,1,0.69928825,0.0,0.0,0.0008896797,0.699,0.0,0.0,0.001,0.3,1,0.8660254037844386,0.5000000000000001,0.0,0.0
ZLW,RSD,2024-02-01,2024,2,23,78.0,3.9,20,78.0,3.9,20,20,1.0,1.0,2,19,1,19.0,0,11,4158.53,4172.0,8330.529999999999,30.0,16.0,14.0,8,43.46666666666667,24.666666666666668,18.8,2324.0,4805.0,7129.0,2.0,0.2222222222222222,88.0,1.424137568996588,0.47619047619047616,8.035457089885899,0.18448275937859354,0.0002011494261437449,0.0,19.38358372723919,34.861550732590686,7.590557687584011,8.056643739570168,0.1941091961323701,0.0007040230129128215,0.0,18.786238562015967,35.18275776265681,7.681859221266604,0,0.0,8.0,21.0,0.263,1,1.0,0.0,0.0,0.0,1.0,0.0,0.0,0.0,0.0,1,0.8660254037844386,0.5000000000000001,0.0,0.0
ZVT,OVN,2024-02-01,2024,2,6,257.0,0.24,58,420.0,0.39,10,1082,0.0536,0.0092,70,1147,1,1147.0,0,1,0.0,1147.0,1147.0,6.0,0.0,6.0,3,6.0,4.0,2.0,2270.0,1117.0,3387.0,0.0,0.0,3.0,0.0,0.0,7.742641017911421,0.18936781722238694,0.0009051724283517092,0.0,21.793527588205432,39.285516127772716,7.516491598438942,7.710140770172765,0.18936781722238694,0.0009051724283517092,0.0,21.793527588205432,39.285516127772716,7.483991341686797,0,0.0,8.0,21.0,0.263,0,0.0,0.0,0.0,0.0,0.0,0.0,0.0,0.0,1.0,1,0.8660254037844386,0.5000000000000001,0.0,0.0
MRN,VNDW,2024-02-01,2024,2,14,1812.0,1.65,1056,3089.0,2.81,1072,1100,0.96,0.9745,0,1136,1,1136.0,0,4,2296.0,2295.0,4591.0,22.0,11.0,11.0,4,15.0,7.5,7.5,2295.0,2295.0,4590.0,0.0,0.0,16.0,0.0,0.0,7.724640806756871,0.18074712731029796,0.0016091954519693878,0.0,18.6350294649601,35.09120587781928,7.430172422151456,7.71691673347491,0.1862068971105177,0.0017097701543364032,0.0,18.399029380459893,33.772240509589516,7.317060350515376,0,0.0,8.0,21.0,0.263,1,0.0,0.0,0.0,0.0,0.0,0.0,0.0,0.0,1.0,1,0.8660254037844386,0.5000000000000001,0.0,0.0
GP,HZE,2024-02-01,2024,2,5,904.0,0.99,309,2691.0,2.95,350,911,0.3392,0.3842,1,904,1,904.0,0,4,1820.0,1457.0,3277.0,11.0,5.5,5.5,4,15.0,7.5,7.5,1820.0,1820.0,3640.0,0.0,0.0,16.0,0.0,0.0,7.847132151732328,0.17887931181139302,0.0,0.0,16.72177018139554,32.92603351741001,7.476586192846298,7.886396728306153,0.1681034498173615,0.0,0.0,16.842923554195753,33.52603360976296,7.54379615410306,0,0.0,8.0,21.0,0.263,1,0.0,0.0,0.0,0.0,0.0,0.0,0.0,0.0,1.0,1,0.8660254037844386,0.5000000000000001,0.0,0.0
RTA,GD,2024-02-01,2024,2,14,1971.0,1.14,900,7703.0,4.47,1025,1723,0.5223,0.5949,1,2000,1,2000.0,0,7,6467.0,4421.0,10888.0,14.166666666666668,7.5,6.666666666666667,14,32.5,18.0,14.5,14031.0,10490.0,24521.0,0.0,0.0,98.0,0.0,0.0,8.008155118117386,0.17241379418463884,0.0025143677625676683,0.0,20.040493045045043,36.05689569519854,7.723744238587631,8.001655445701774,0.17241379418463884,0.0025143677625676683,0.0,20.040493045045043,36.05689569519854,7.717244484301271,0,0.0,8.0,21.0,0.263,1,1.0,0.0,0.0,0.0,1.0,0.0,0.0,0.0,0.0,1,0.8660254037844386,0.5000000000000001,0.0,0.0
RTST,RTB,2024-01-01,2024,1,4,33.0,2.2,8,0.0,0.0,0,15,0.5333,0.0,0,31,1,31.0,0,6,71.0,85.0,156.0,4.666666666666667,2.3333333333333335,2.3333333333333335,8,13.5,6.75,6.75,7797.0,6383.0,14180.0,1.0,0.16666666666666666,48.0,0.9102392266268373,0.3333333333333333,4.0198818472018765,0.08387096811045883,0.002822580657178356,0.0,18.714111432753583,34.11870878101677,3.9158495713941632,3.9743817768069687,0.08387096811045883,0.002822580657178356,0.0,18.714111432753583,34.11870878101677,3.870349486869189,1,0.0323,8.0,22.0,0.263,0,0.0,0.0,0.0,1.0,0.0,0.0,0.0,1.0,0.0,1,0.49999999999999994,0.8660254037844387,0.0,1.0
O,RVS,2024-01-01,2024,1,8,1596.0,1.4,458,6755.0,5.91,572,1143,0.4007,0.5004,18,1084,1,1084.0,0,8,4490.0,4514.0,9004.0,26.0,13.0,13.0,4,15.0,7.5,7.5,2180.0,2180.0,4360.0,0.0,0.0,32.0,0.0,0.0,3.3758253045229902,0.08077957016485994,0.005739247286191551,0.002110215006596459,18.719984260618045,33.91596685942783,3.575153275750958,3.401825163310634,0.08077957016485994,0.005739247286191551,0.002137096726425713,18.719984260618045,33.91596685942783,3.601153130397721,1,0.0323,8.0,22.0,0.263,1,0.0,0.0,0.0,0.0,0.0,0.0,0.0,0.0,1.0,1,0.49999999999999994,0.8660254037844387,0.0,1.0
ASD,HVSM,2024-01-01,2024,1,28,19.0,2.38,7,60.0,7.5,1,8,0.875,0.125,2,5,1,5.0,0,22,10612.78,19113.33,29726.11,37.45,19.2,18.25,5,13.5,11.0,2.5,3405.0,3390.0,6795.0,1.0,0.0625,110.0,0.48089834696298783,0.125,3.8271746891801075,0.08938172116114568,0.006962365540926174,0.0,18.942104511804157,33.40887008046591,2.7498897453920255,3.5631128771741305,0.09663978551504432,0.006397849419504725,0.0017473117889015264,18.345179287897004,34.04322479168574,2.913516118751979,1,0.0323,8.0,22.0,0.263,0,1.0,0.0,0.0,0.0,1.0,0.0,0.0,0.0,0.0,1,0.49999999999999994,0.8660254037844387,0.0,1.0
GD,UT,2024-01-01,2024,1,32,1956.0,0.82,710,13144.0,5.49,845,2392,0.2968,0.3533,59,2249,1,2249.0,0,14,12615.25,9547.25,22162.5,32.5,18.0,14.5,32,49.96031746031746,26.071428571428573,23.88888888888889,20729.67,30427.440000000002,51157.11,1.0,0.038461538461538464,448.0,0.5138983423697507,0.14285714285714285,3.9639490160249893,0.08131720495199965,0.004233871005795976,0.0,19.442827911146225,34.72016040740475,3.866166710628257,3.541932883702459,0.08750000020228726,0.007338709728692168,0.0017338709289868993,18.468390858301554,33.6870959292176,3.593411382152549,1,0.0323,8.0,22.0,0.263,1,1.0,0.0,0.0,0.0,1.0,0.0,0.0,0.0,0.0,1,0.49999999999999994,0.8660254037844387,0.0,1.0
O,HT,2024-01-01,2024,1,19,2909.0,2.48,622,8755.0,7.45,754,1175,0.5294,0.6417,39,1157,1,1157.0,0,8,4490.0,4514.0,9004.0,26.0,13.0,13.0,14,39.714285714285715,19.857142857142858,19.857142857142858,10068.33,12079.0,22147.33,0.0,0.0,112.0,0.0,0.0,3.3758253045229902,0.08077957016485994,0.005739247286191551,0.002110215006596459,18.719984260618045,33.91596685942783,3.575153275750958,3.464957064678592,0.08682795784245896,0.006680107515265224,0.0013709677112919668,18.203224191101647,33.09628944948155,3.7224167145648472,1,0.0323,8.0,22.0,0.263,1,1.0,0.0,0.0,0.0,1.0,0.0,0.0,0.0,0.0,1,0.49999999999999994,0.8660254037844387,0.0,1.0
ASD,ASS,2024-01-01,2024,1,4,12260.0,1.15,4162,56415.0,5.28,2964,10688,0.3894,0.2773,1539,10265,1,10265.0,0,22,10612.78,19113.33,29726.11,37.45,19.2,18.25,17,28.51388888888889,13.625,14.88888888888889,21638.0,16571.67,38209.67,3.0,0.15,374.0,1.4156598442465105,0.36111111111111105,3.8271746891801075,0.08938172116114568,0.006962365540926174,0.0,18.942104511804157,33.40887008046591,2.7498897453920255,3.833674811407603,0.08938172116114568,0.006962365540926174,0.0,18.942104511804157,33.40887008046591,2.7563898463993866,1,0.0323,8.0,22.0,0.263,1,0.505988,0.0,0.0,0.0,0.506,0.0,0.0,0.0,0.494,1,0.49999999999999994,0.8660254037844387,0.0,1.0
HN,ZD,2024-01-01,2024,1,33,1.0,0.2,1,150.0,30.0,5,5,0.2,1.0,0,81,1,81.0,0,11,3687.0,4096.0,7783.0,42.16666666666667,22.0,20.166666666666668,11,25.866666666666667,12.2,13.666666666666666,8072.0,7932.0,16004.0,1.0,0.09090909090909091,121.0,0.45511961331341866,0.1111111111111111,4.209887073004759,0.09771505422810073,0.003951612920049698,0.0,20.548092046091632,35.79919250037081,3.85518278273183,3.892174805189052,0.08938172116114568,0.006962365540926174,0.0,18.942104511804157,33.40887008046591,2.8148898057669642,1,0.0323,8.0,22.0,0.263,1,1.0,0.0,0.0,0.0,1.0,0.0,0.0,0.0,0.0,1,0.49999999999999994,0.8660254037844387,0.0,1.0
GD,RTA,2024-01-01,2024,1,14,2431.0,1.19,780,11676.0,5.71,900,2046,0.3812,0.4399,51,1687,1,1687.0,0,14,12615.25,9547.25,22162.5,32.5,18.0,14.5,7,14.166666666666668,7.5,6.666666666666667,5759.0,4216.0,9975.0,0.0,0.0,98.0,0.0,0.0,3.9639490160249893,0.08131720495199965,0.004233871005795976,0.0,19.442827911146225,34.72016040740475,3.866166710628257,3.9704489682811084,0.08131720495199965,0.004233871005795976,0.0,19.442827911146225,34.72016040740475,3.8726667194021367,1,0.0323,8.0,22.0,0.263,1,1.0,0.0,0.0,0.0,1.0,0.0,0.0,0.0,0.0,1,0.49999999999999994,0.8660254037844387,0.0,1.0
ASD,ALM,2024-01-01,2024,1,30,139.0,0.76,38,870.0,4.78,26,182,0.2088,0.1429,28,68,1,68.0,0,22,10612.78,19113.33,29726.11,37.45,19.2,18.25,16,31.396825396825395,15.11111111111111,16.285714285714285,6034.78,7160.0,13194.779999999999,3.0,0.14285714285714285,352.0,1.391137573589825,0.3472222222222222,3.8271746891801075,0.08938172116114568,0.006962365540926174,0.0,18.942104511804157,33.40887008046591,2.7498897453920255,3.933755411155602,0.08884408642407707,0.0033870967685855845,0.0,20.91069567123408,36.282579628370144,2.906134478875526,1,0.0323,8.0,22.0,0.263,0,1.0,0.0,0.0,0.0,1.0,0.0,0.0,0.0,0.0,1,0.49999999999999994,0.8660254037844387,0.0,1.0
HN,PMO,2024-01-01,2024,1,18,308.0,0.3,92,1540.0,1.5,74,1028,0.0895,0.072,30,933,1,933.0,0,11,3687.0,4096.0,7783.0,42.16666666666667,22.0,20.166666666666668,4,19.0,9.5,9.5,1859.0,1544.0,3403.0,1.0,0.14285714285714285,44.0,0.7213475204444817,0.25,4.209887073004759,0.09771505422810073,0.003951612920049698,0.0,20.548092046091632,35.79919250037081,3.85518278273183,4.035838760400531,0.08669354837708255,0.0021639785038367393,0.0,22.07626597927783,37.07564414893427,3.0537151129595856,1,0.0323,8.0,22.0,0.263,0,0.03307393,0.0,0.0,0.0,0.033,0.0,0.0,0.0,0.967,1,0.49999999999999994,0.8660254037844387,0.0,1.0
GD,LLZM,2024-01-01,2024,1,13,1914.0,0.78,675,4483.0,1.82,478,2459,0.2745,0.1944,21,2081,1,2081.0,0,14,12615.25,9547.25,22162.5,32.5,18.0,14.5,4,15.0,7.5,7.5,3381.0,3382.0,6763.0,0.0,0.0,56.0,0.0,0.0,3.9639490160249893,0.08131720495199965,0.004233871005795976,0.0,19.442827911146225,34.72016040740475,3.866166710628257,4.09255094449186,0.0891129034220852,0.005268817256775594,0.0,18.973754077749227,33.65903143664842,3.951489133805397,1,0.0323,8.0,22.0,0.263,0,0.0,0.0,0.0,0.0,0.0,0.0,0.0,0.0,1.0,1,0.49999999999999994,0.8660254037844387,0.0,1.0
ASD,WP,2024-01-01,2024,1,14,6.0,0.4,5,0.0,0.0,0,15,0.3333,0.0,1,6,1,6.0,0,22,10612.78,19113.33,29726.11,37.45,19.2,18.25,13,26.69047619047619,13.833333333333334,12.857142857142858,6848.4400000000005,6993.44,13841.880000000001,3.0,0.15789473684210525,286.0,1.229037367111779,0.2637426900584795,3.8271746891801075,0.08938172116114568,0.006962365540926174,0.0,18.942104511804157,33.40887008046591,2.7498897453920255,3.788430226070466,0.09247311911675879,0.004139784993904252,0.00017473117889015266,19.63019658833422,34.01661194011729,2.94918289181516,1,0.0323,8.0,22.0,0.263,0,1.0,0.0,0.0,0.0,1.0,0.0,0.0,0.0,0.0,1,0.49999999999999994,0.8660254037844387,0.0,1.0
HN,HNK,2024-01-01,2024,1,1,983.0,0.7,196,17276.0,12.33,778,1401,0.1399,0.5553,27,1240,1,1240.0,0,11,3687.0,4096.0,7783.0,42.16666666666667,22.0,20.166666666666668,4,10.0,5.0,5.0,2537.0,3116.0,5653.0,0.0,0.0,44.0,0.0,0.0,4.209887073004759,0.09771505422810073,0.003951612920049698,0.0,20.548092046091632,35.79919250037081,3.85518278273183,4.209887073004759,0.09771505422810073,0.003951612920049698,0.0,20.548092046091632,35.79919250037081,3.85518278273183,1,0.0323,8.0,22.0,0.263,1,0.97787297,0.0,0.0,0.0,0.978,0.0,0.0,0.0,0.022,1,0.49999999999999994,0.8660254037844387,0.0,1.0
ASD,ASDM,2024-01-01,2024,1,4,3971.0,1.29,1361,11628.0,3.77,1039,3082,0.4416,0.3371,627,3229,1,3229.0,0,22,10612.78,19113.33,29726.11,37.45,19.2,18.25,6,4.666666666666667,2.3333333333333335,2.3333333333333335,6479.0,5757.0,12236.0,1.0,0.0625,132.0,0.5581106265512472,0.16666666666666666,3.8271746891801075,0.08938172116114568,0.006962365540926174,0.0,18.942104511804157,33.40887008046591,2.7498897453920255,3.7689301700291216,0.09247311911675879,0.004139784993904252,0.0,19.63019658833422,34.01661194011729,2.929682820669866,1,0.0323,8.0,22.0,0.263,1,0.0,0.0,0.0,0.0,0.0,0.0,0.0,0.0,1.0,1,0.49999999999999994,0.8660254037844387,0.0,1.0
ASSP,ASDM,2024-02-01,2024,2,1,1735.0,1.2,570,3953.0,2.73,617,1448,0.3936,0.4261,3,1577,1,1577.0,0,4,3136.0,3136.0,6272.0,3.0,1.5,1.5,7,5.583333333333334,2.3333333333333335,3.25,6143.0,5474.5,11617.5,0.0,0.0,28.0,0.0,0.0,7.763299092404202,0.185775863006711,0.0012068965782721837,0.0,19.652092345144556,34.550688718242206,7.390885255117526,7.763299092404202,0.185775863006711,0.0012068965782721837,0.0,19.652092345144556,34.550688718242206,7.390885255117526,0,0.0,8.0,21.0,0.263,1,0.0,0.0,0.0,0.0,0.0,0.0,0.0,0.0,1.0,1,0.8660254037844386,0.5000000000000001,0.0,0.0
NMGO,NM,2024-02-01,2024,2,3,1351.0,1.16,498,4947.0,4.24,582,1168,0.4264,0.4983,1,1128,1,1128.0,0,4,3531.0,2898.0,6429.0,5.0,2.5,2.5,9,22.75,11.75,11.0,4658.0,7464.0,12122.0,0.0,0.0,36.0,0.0,0.0,7.715276023811907,0.17729885182503996,0.0005028735546545051,0.0,17.99581133805472,33.45930944777083,7.375836398409701,7.718212588015815,0.17327586378388363,0.0,0.0,17.2625296551777,33.63672327858278,7.39579885136122,0,0.0,8.0,21.0,0.263,1,0.0,0.0,0.0,0.0,0.0,0.0,0.0,0.0,1.0,1,0.8660254037844386,0.5000000000000001,0.0,0.0
ZLW,DDZD,2024-02-01,2024,2,14,2010.0,1.03,485,10455.0,5.35,710,1956,0.248,0.363,97,2074,1,2074.0,0,11,4158.53,4172.0,8330.529999999999,30.0,16.0,14.0,4,15.0,7.5,7.5,4134.0,2164.0,6298.0,1.0,0.14285714285714285,44.0,0.5138983423697507,0.14285714285714285,8.035457089885899,0.18448275937859354,0.0002011494261437449,0.0,19.38358372723919,34.861550732590686,7.590557687584011,8.043212576844226,0.17787356423107029,0.00010057471307187245,0.0,19.651632561423312,35.57172318573656,7.655137923942215,0,0.0,8.0,21.0,0.263,1,0.0010224949,0.0,0.0,0.0,0.001,0.0,0.0,0.0,0.999,1,0.8660254037844386,0.5000000000000001,0.0,0.0
BNK,DB,2024-02-01,2024,2,4,1031.0,0.94,498,2338.0,2.13,524,1100,0.4527,0.4764,1,1136,1,1136.0,0,5,2667.0,2479.09,5146.09,11.833333333333332,5.5,6.333333333333333,10,30.0,15.0,15.0,4727.0,4890.0,9617.0,1.0,0.14285714285714285,50.0,0.3396232718951086,0.05263157894736842,7.801976939470603,0.1790229899102244,0.001910919526955862,0.0,18.63424655966375,34.2796542658203,7.453988500367636,7.763640571663949,0.18074712731029796,0.0016091954519693878,0.0,18.6350294649601,35.09120587781928,7.469172229712036,0,0.0,8.0,21.0,0.263,1,0.0,0.0,0.0,0.0,0.0,0.0,0.0,0.0,1.0,1,0.8660254037844386,0.5000000000000001,0.0,0.0
DN,HMBH,2024-02-01,2024,2,8,907.0,0.99,312,1860.0,2.03,55,917,0.3402,0.06,0,930,1,930.0,0,5,2864.0,3801.0,6665.0,25.166666666666664,13.5,11.666666666666666,3,5.5,4.5,1.0,1861.0,930.0,2791.0,1.0,0.25,15.0,0.7213475204444817,0.25,7.792451168656692,0.1692528753252379,0.0,0.0,16.800293006045724,32.86861980303951,7.407106342158098,7.784083143387782,0.1745689662879911,0.0,0.0,17.15544297332051,32.564481927060534,7.396798654020517,0,0.0,8.0,21.0,0.263,0,0.0010905125,0.0,0.0,0.0,0.001,0.0,0.0,0.0,0.999,1,0.8660254037844386,0.5000000000000001,0.0,0.0
ALM,DVD,2024-02-01,2024,2,25,15.0,0.16,6,611.0,6.5,26,94,0.0638,0.2766,0,58,1,58.0,0,18,5726.139999999999,6613.38,12339.52,43.075,21.7,21.375,15,20.482142857142858,11.625,8.857142857142858,7929.0,7864.0,15793.0,1.0,0.058823529411764705,270.0,0.5581106265512472,0.16666666666666666,7.79256603087502,0.1833333340098803,0.002614942614802684,1.4367815770808308e-05,20.71273012921728,36.31137834677751,7.492781589771139,7.7242987892247905,0.185775863006711,0.0012068965782721837,0.0,19.652092345144556,34.550688718242206,7.351884994013556,0,0.0,8.0,21.0,0.263,1,1.0,0.0,0.0,0.0,1.0,0.0,0.0,0.0,0.0,1,0.8660254037844386,0.5000000000000001,0.0,0.0
HT,O,2024-02-01,2024,2,19,830.0,0.77,305,4891.0,4.52,399,1083,0.2816,0.3684,56,1181,1,1181.0,0,13,11021.0,13086.0,24107.0,40.85714285714286,21.0,19.857142857142858,8,26.0,13.0,13.0,4650.0,4682.0,9332.0,0.0,0.0,104.0,0.0,0.0,7.932258889849844,0.18275862130411397,0.0002011494261437449,0.0,18.33120644914693,33.59586120953505,7.569615160939337,7.821445320615138,0.18333333454512316,0.0,0.0,18.586057848971464,33.99465421835581,7.466632191477151,0,0.0,8.0,21.0,0.263,1,1.0,0.0,0.0,0.0,1.0,0.0,0.0,0.0,0.0,1,0.8660254037844386,0.5000000000000001,0.0,0.0
BNK,UT,2024-02-01,2024,2,8,22.0,0.32,7,52.0,0.76,8,68,0.1029,0.1176,0,25,23,1.09,0,5,2667.0,2479.09,5146.09,11.833333333333332,5.5,6.333333333333333,31,43.03846153846154,21.53846153846154,21.5,22408.09,33103.8,55511.89,2.0,0.1,155.0,1.531574161186449,0.5333333333333333,7.801976939470603,0.1790229899102244,0.001910919526955862,0.0,18.63424655966375,34.2796542658203,7.453988500367636,7.762977176527867,0.1790229899102244,0.001910919526955862,0.0,18.63424655966375,34.2796542658203,7.414988690751723,0,0.0,8.0,21.0,0.263,0,0.0,0.0,0.0,0.0,0.0,0.0,0.0,0.0,1.0,1,0.8660254037844386,0.5000000000000001,0.0,0.0
HT,EHV,2024-02-01,2024,2,32,6010.0,2.09,1402,22958.0,7.97,2399,2880,0.4868,0.833,258,3373,1,3373.0,0,13,11021.0,13086.0,24107.0,40.85714285714286,21.0,19.857142857142858,13,33.14285714285714,15.0,18.142857142857142,9126.0,11731.0,20857.0,1.0,0.07692307692307693,169.0,0.6213349345596119,0.2,7.932258889849844,0.18275862130411397,0.0002011494261437449,0.0,18.33120644914693,33.59586120953505,7.569615160939337,7.931632294276751,0.17887931181139302,0.0,0.0,16.72177018139554,32.92603351741001,7.561086280250001,0,0.0,8.0,21.0,0.263,1,1.0,0.0,0.0,0.0,1.0,0.0,0.0,0.0,0.0,1,0.8660254037844386,0.5000000000000001,0.0,0.0
ALM,LLS,2024-02-01,2024,2,24,2605.0,2.45,594,7058.0,6.63,621,1065,0.5577,0.5831,58,1158,1,1158.0,0,18,5726.139999999999,6613.38,12339.52,43.075,21.7,21.375,9,65.0,37.0,28.0,2361.0,4751.0,7112.0,2.0,0.14285714285714285,162.0,1.1556420023477334,0.35,7.79256603087502,0.1833333340098803,0.002614942614802684,1.4367815770808308e-05,20.71273012921728,36.31137834677751,7.492781589771139,7.538770004122079,0.16839080534061823,0.0016091953770353876,8.620689462484985e-05,19.946568917782827,34.791206025186625,7.1243304163217545,0,0.0,8.0,21.0,0.263,1,0.9971831,0.0,0.0,0.0028169013,0.997,0.0,0.0,0.003,0.0,1,0.8660254037844386,0.5000000000000001,0.0,0.0
HT,UT,2024-02-01,2024,2,48,2652.0,1.12,817,15800.0,6.66,966,2373,0.3443,0.4071,112,2964,1,2964.0,0,13,11021.0,13086.0,24107.0,40.85714285714286,21.0,19.857142857142858,31,43.03846153846154,21.53846153846154,21.5,22408.09,33103.8,55511.89,0.0,0.0,403.0,0.0,0.0,7.932258889849844,0.18275862130411397,0.0002011494261437449,0.0,18.33120644914693,33.59586120953505,7.569615160939337,7.762977176527867,0.1790229899102244,0.001910919526955862,0.0,18.63424655966375,34.2796542658203,7.414988690751723,0,0.0,8.0,21.0,0.263,1,0.9995786,0.0,0.0,0.0004214075,1.0,0.0,0.0,0.0,0.0,1,0.8660254037844386,0.5000000000000001,0.0,0.0
HT,TB,2024-02-01,2024,2,22,3420.0,1.53,983,16023.0,7.15,1867,2242,0.4384,0.8327,130,2337,1,2337.0,0,13,11021.0,13086.0,24107.0,40.85714285714286,21.0,19.857142857142858,9,30.8,17.8,13.0,9337.0,6703.0,16040.0,1.0,0.09090909090909091,117.0,0.5138983423697507,0.14285714285714285,7.932258889849844,0.18275862130411397,0.0002011494261437449,0.0,18.33120644914693,33.59586120953505,7.569615160939337,7.918002760150181,0.19885057607001957,0.0005028735653593622,0.0,18.36264716688244,34.79275769269329,7.545229848088889,0,0.0,8.0,21.0,0.263,1,0.52096343,0.0,0.0,0.0,0.521,0.0,0.0,0.0,0.479,1,0.8660254037844386,0.5000000000000001,0.0,0.0
DR,RH,2024-01-01,2024,1,6,608.0,0.61,207,1813.0,1.83,268,993,0.2085,0.2699,0,952,1,952.0,0,8,4206.0,4166.0,8372.0,20.5,10.25,10.25,4,10.0,5.0,5.0,1910.0,1910.0,3820.0,0.0,0.0,32.0,0.0,0.0,3.185696124537317,0.08978494708376225,0.0011290322728855636,0.002123655866511086,18.400306002747627,32.86209588537934,3.4078063546800084,3.17101348856444,0.09193548403920666,0.0014112903486176204,0.002231182745828103,18.17246506964007,33.90919269861713,3.4758521681300976,1,0.0323,8.0,22.0,0.263,1,0.054380666,0.0,0.0,0.0,0.054,0.0,0.0,0.0,0.946,1,0.49999999999999994,0.8660254037844387,0.0,1.0
MDB,GS,2024-01-01,2024,1,19,283.0,0.94,98,3049.0,10.16,169,300,0.3267,0.5633,0,254,1,254.0,0,7,3974.0,3718.0,7692.0,17.833333333333336,8.5,9.333333333333334,8,38.0,19.0,19.0,3964.0,3982.0,7946.0,1.0,0.14285714285714285,56.0,1.4426950408889634,0.5,4.643798396714853,0.0993279576581973,0.002822580667192577,0.0,22.51351043229462,41.13774080430308,4.613825235272988,4.318959659666464,0.08615591498191959,0.001693548414335456,0.0,21.93343339684189,38.412579557588025,4.212776859861709,1,0.0323,8.0,22.0,0.263,1,1.0,0.0,0.0,0.0,1.0,0.0,0.0,0.0,0.0,1,0.49999999999999994,0.8660254037844387,0.0,1.0
AC,BKL,2024-01-01,2024,1,12,2361.0,1.55,578,7467.0,4.9,690,1525,0.379,0.4525,15,1527,1,1527.0,0,4,3044.0,3043.0,6087.0,16.0,8.0,8.0,6,24.0,12.0,12.0,3043.0,4137.0,7180.0,0.0,0.0,24.0,0.0,0.0,3.6927796373724617,0.09180107608597765,0.0056451613043424905,0.00017473117889015266,19.08350794081406,32.91870880126953,2.8968118624461274,3.6199677306007074,0.08467741983552132,0.005551075312479209,0.001061827933255543,19.077058515561525,32.74016046459957,2.793085999391292,1,0.0323,8.0,22.0,0.263,1,0.0,0.0,0.0,0.0013114754,0.0,0.0,0.0,0.001,0.999,1,0.49999999999999994,0.8660254037844387,0.0,1.0
HRL,STD,2024-01-01,2024,1,19,361.0,0.36,108,12780.0,12.81,420,998,0.1082,0.4208,2,821,1,821.0,0,1,0.0,821.0,821.0,19.0,0.0,19.0,4,46.66666666666667,21.666666666666668,25.0,4039.0,2014.0,6053.0,0.0,0.0,4.0,0.0,0.0,2.8092365019544157,0.07016129053688498,0.01684139768082288,0.018427419456182627,18.429570845618684,35.48757965398091,2.995258029900812,3.0720052864622844,0.0728494627501375,0.012231182697559557,0.015228494711380491,16.852230359389576,33.364353916337414,3.267301021819754,1,0.0323,8.0,22.0,0.263,1,1.0,0.0,0.0,0.0,1.0,0.0,0.0,0.0,0.0,1,0.49999999999999994,0.8660254037844387,0.0,1.0
VSS,MDB,2024-01-01,2024,1,5,1400.0,1.2,638,7389.0,6.31,776,1171,0.5448,0.6627,2,1736,1,1736.0,0,3,3464.0,1736.0,5200.0,8.0,3.0,5.0,7,17.833333333333336,8.5,9.333333333333334,3974.0,3718.0,7692.0,1.0,0.2,21.0,1.4426950408889634,0.5,4.630798404262731,0.0993279576581973,0.002822580667192577,0.0,22.51351043229462,41.13774080430308,4.600825307052082,4.643798396714853,0.0993279576581973,0.002822580667192577,0.0,22.51351043229462,41.13774080430308,4.613825235272988,1,0.0323,8.0,22.0,0.263,1,0.7685739,0.0,0.0,0.0,0.769,0.0,0.0,0.0,0.231,1,0.49999999999999994,0.8660254037844387,0.0,1.0
VH,HIL,2024-01-01,2024,1,10,259.0,0.22,100,1579.0,1.37,134,1155,0.0866,0.116,0,1159,1,1159.0,0,4,2283.0,1784.0,4067.0,18.0,9.0,9.0,4,17.0,8.5,8.5,2283.0,2283.0,4566.0,0.0,0.0,16.0,0.0,0.0,4.429252734225023,0.09448924850952882,0.004327956997659257,0.0,21.347878975893863,37.95628927728181,4.133285013325413,5.199309078365644,0.09193548466008837,0.003857526948214859,0.0,28.40242210991921,39.057095810290306,6.472427254082055,1,0.0323,8.0,22.0,0.263,0,0.0,0.0,0.0,0.0,0.0,0.0,0.0,0.0,1.0,1,0.49999999999999994,0.8660254037844387,0.0,1.0
WT,EHV,2024-01-01,2024,1,28,1761.0,0.97,485,22181.0,12.19,1034,1819,0.2666,0.5684,4,1522,1,1522.0,0,5,4039.0,4440.0,8479.0,45.66666666666667,26.0,19.666666666666668,13,33.14285714285714,15.0,18.142857142857142,8328.0,10922.0,19250.0,0.0,0.0,65.0,0.0,0.0,3.0401559054791445,0.07432795702529851,0.006868279639190884,0.01002688153136161,16.635460233496083,31.894353963995492,3.193180131690917,3.309844106450797,0.0779569896578949,0.0052688172267329305,0.005161290207216816,16.5179996062671,32.13725709915161,3.4345752604465973,1,0.0323,8.0,22.0,0.263,1,1.0,0.0,0.0,0.0,1.0,0.0,0.0,0.0,0.0,1,0.49999999999999994,0.8660254037844387,0.0,1.0
ASDZ,ALM,2024-02-01,2024,2,29,2032.0,2.05,575,5459.0,5.51,534,991,0.5802,0.5388,8,1011,1,1011.0,0,12,9561.0,9756.0,19317.0,26.333333333333332,13.166666666666666,13.166666666666666,18,43.075,21.7,21.375,5726.139999999999,6613.38,12339.52,1.0,0.06666666666666667,216.0,0.48089834696298783,0.125,7.784063169347315,0.18448275994595098,0.0008045976938701224,0.0,19.06484791328167,35.49982660460746,7.477453973101474,7.79256603087502,0.1833333340098803,0.002614942614802684,1.4367815770808308e-05,20.71273012921728,36.31137834677751,7.492781589771139,0,0.0,8.0,21.0,0.263,1,0.9989909,0.0,0.0,0.0010090817,0.999,0.0,0.0,0.001,0.0,1,0.8660254037844386,0.5000000000000001,0.0,0.0
AML,AMRI,2024-02-01,2024,2,2,93.0,0.55,29,447.0,2.63,40,170,0.1706,0.2353,2,181,1,181.0,0,8,2713.0,3491.0,6204.0,30.0,15.0,15.0,4,9.0,4.5,4.5,387.0,387.0,774.0,0.0,0.0,32.0,0.0,0.0,7.402514363521303,0.1665229887926373,0.0008045976938701224,8.620689462484985e-05,17.75485605720816,32.99327502168458,6.975574708361735,7.396014304039465,0.1665229887926373,0.0008045976938701224,0.0,17.75485605720816,32.99327502168458,6.9690747183972395,0,0.0,8.0,21.0,0.263,0,0.005882353,0.0,0.0,0.0,0.006,0.0,0.0,0.0,0.994,1,0.8660254037844386,0.5000000000000001,0.0,0.0
ANA,HDRZ,2024-02-01,2024,2,11,1494.0,1.32,314,5528.0,4.89,446,1130,0.2779,0.3947,9,1195,1,1195.0,0,4,2448.0,2448.0,4896.0,20.0,10.0,10.0,3,17.0,6.0,11.0,2448.0,1253.0,3701.0,0.0,0.0,12.0,0.0,0.0,7.669649380548247,0.18520115018319125,0.0030172414563853166,0.0,23.435662244371642,42.770171074346564,7.421804602118744,7.65664961985473,0.18520115018319125,0.0030172414563853166,0.0,23.435662244371642,42.770171074346564,7.408804806484573,0,0.0,8.0,21.0,0.263,1,0.99292034,0.0,0.0,0.0,0.993,0.0,0.0,0.0,0.007,1,0.8660254037844386,0.5000000000000001,0.0,0.0
BKL,WD,2024-02-01,2024,2,19,1109.0,1.08,301,6129.0,5.99,430,1024,0.2939,0.4199,26,1165,1,1165.0,0,8,3023.2,4127.6,7150.8,26.5,13.25,13.25,12,28.0,14.0,14.0,9624.0,9583.0,19207.0,0.0,0.0,96.0,0.0,0.0,7.807908034187624,0.1692528746936513,0.0006034482891360918,0.0,19.61013099242901,34.11413699457015,7.452089055858809,7.876948507524085,0.16824712770209574,0.000905172417646852,0.0,19.3549097337942,34.25637831153541,7.4895203182067,0,0.0,8.0,21.0,0.263,1,0.0,0.0,0.0,0.0009765625,0.0,0.0,0.0,0.001,0.999,1,0.8660254037844386,0.5000000000000001,0.0,0.0
VG,BTL,2024-02-01,2024,2,8,1422.0,1.54,563,2839.0,3.07,594,926,0.608,0.6415,2,930,1,930.0,0,4,1874.0,962.0,2836.0,12.0,6.0,6.0,6,18.0,9.0,9.0,3778.0,3778.0,7556.0,0.0,0.0,24.0,0.0,0.0,7.940267166251252,0.1811781620992155,0.0,0.0,18.398539633586488,33.85499902223719,7.523816063143741,7.9244971108440865,0.19037356453508825,0.0,0.0,17.928046291244442,33.97241290821426,7.523419544614595,0,0.0,8.0,21.0,0.263,1,0.0,0.0,0.0,0.0,0.0,0.0,0.0,0.0,1.0,1,0.8660254037844386,0.5000000000000001,0.0,0.0
BDPB,BD,2024-02-01,2024,2,5,844.0,0.83,345,5561.0,5.5,446,1011,0.3412,0.4411,2,1073,1,1073.0,0,4,2256.0,2226.0,4482.0,15.0,7.5,7.5,12,42.333333333333336,21.166666666666668,21.166666666666668,7310.0,8030.0,15340.0,0.0,0.0,48.0,0.0,0.0,8.024103367594124,0.2024425294614215,0.0017097701329266887,0.0,18.94098461701952,35.62034386122364,7.663543095876431,8.006818978265784,0.2110632192450522,0.001307471280639199,0.0,18.898025424230372,34.66241292295785,7.615727035136058,0,0.0,8.0,21.0,0.263,1,0.0,0.0,0.0,0.0,0.0,0.0,0.0,0.0,1.0,1,0.8660254037844386,0.5000000000000001,0.0,0.0
DR,ZP,2024-01-01,2024,1,13,1043.0,0.91,235,6962.0,6.06,385,1148,0.2047,0.3354,6,1126,1,1126.0,0,8,4206.0,4166.0,8372.0,20.5,10.25,10.25,6,24.0,12.0,12.0,2331.0,3304.0,5635.0,1.0,0.16666666666666666,48.0,1.4426950408889634,0.5,3.185696124537317,0.08978494708376225,0.0011290322728855636,0.002123655866511086,18.400306002747627,32.86209588537934,3.4078063546800084,3.2973440817296904,0.08911290353224162,0.00122311830480573,0.002043010707023323,18.674126823743183,33.98467642068863,3.3525859977128687,1,0.0323,8.0,22.0,0.263,1,1.0,0.0,0.0,0.0,1.0,0.0,0.0,0.0,0.0,1,0.49999999999999994,0.8660254037844387,0.0,1.0
AC,ASHD,2024-01-01,2024,1,4,846.0,0.57,192,5797.0,3.91,310,1484,0.1294,0.2089,5,1516,1,1516.0,0,4,3044.0,3043.0,6087.0,16.0,8.0,8.0,4,5.0,2.5,2.5,3075.0,3085.0,6160.0,0.0,0.0,16.0,0.0,0.0,3.6927796373724617,0.09180107608597765,0.0056451613043424905,0.00017473117889015266,19.08350794081406,32.91870880126953,2.8968118624461274,3.68627967827663,0.09180107608597765,0.0056451613043424905,0.00017473117889015266,19.08350794081406,32.91870880126953,2.8903119244227207,1,0.0323,8.0,22.0,0.263,0,0.0,0.0,0.0,0.0,0.0,0.0,0.0,0.0,1.0,1,0.49999999999999994,0.8660254037844387,0.0,1.0
AMR,AMRN,2024-01-01,2024,1,1,2738.0,1.24,540,9932.0,4.49,789,2212,0.2441,0.3567,140,1562,1,1562.0,0,6,3068.0,4334.0,7402.0,12.0,6.0,6.0,4,7.0,3.5,3.5,3115.0,3079.0,6194.0,0.0,0.0,24.0,0.0,0.0,4.623155981562631,0.10376344062387943,0.007244623746843108,0.0,24.391501140209936,41.486611809781806,4.180548415609425,4.623155981562631,0.10376344062387943,0.007244623746843108,0.0,24.391501140209936,41.486611809781806,4.180548415609425,1,0.0323,8.0,22.0,0.263,1,0.5348101,0.0,0.0,0.0,0.535,0.0,0.0,0.0,0.465,1,0.49999999999999994,0.8660254037844387,0.0,1.0
VH,LEDN,2024-01-01,2024,1,8,598.0,1.08,204,1462.0,2.63,226,555,0.3676,0.4072,1,625,1,625.0,0,4,2283.0,1784.0,4067.0,18.0,9.0,9.0,21,38.009090909090915,19.90909090909091,18.1,11970.0,12359.67,24329.67,0.0,0.0,84.0,0.0,0.0,4.429252734225023,0.09448924850952882,0.004327956997659257,0.0,21.347878975893863,37.95628927728181,4.133285013325413,4.403252713507422,0.09448924850952882,0.004327956997659257,0.0,21.347878975893863,37.95628927728181,4.107284997124225,1,0.0323,8.0,22.0,0.263,1,0.0072072074,0.0,0.0,0.0,0.007,0.0,0.0,0.0,0.993,1,0.49999999999999994,0.8660254037844387,0.0,1.0
MDB,ARN,2024-01-01,2024,1,4,944.0,0.81,272,6954.0,5.93,434,1172,0.2321,0.3703,5,1736,1,1736.0,0,7,3974.0,3718.0,7692.0,17.833333333333336,8.5,9.333333333333334,4,19.0,9.5,9.5,3457.0,3458.0,6915.0,1.0,0.2,28.0,0.7213475204444817,0.25,4.643798396714853,0.0993279576581973,0.002822580667192577,0.0,22.51351043229462,41.13774080430308,4.613825235272988,4.3014113084533285,0.08750000081315476,0.0011290322828997848,0.0,19.80379093975149,35.206934450775066,4.139852146878438,1,0.0323,8.0,22.0,0.263,1,0.76877135,0.0,0.0,0.0,0.769,0.0,0.0,0.0,0.231,1,0.49999999999999994,0.8660254037844387,0.0,1.0
AMR,CAS,2024-01-01,2024,1,12,265.0,0.54,108,5066.0,10.23,169,495,0.2182,0.3414,19,408,1,408.0,0,6,3068.0,4334.0,7402.0,12.0,6.0,6.0,10,22.6,12.6,10.0,5530.0,5173.17,10703.17,1.0,0.125,60.0,0.9102392266268373,0.3333333333333333,4.623155981562631,0.10376344062387943,0.007244623746843108,0.0,24.391501140209936,41.486611809781806,4.180548415609425,4.572043021239581,0.09556451626121998,0.006491935561581325,0.0,23.706434238021092,40.421127988446145,4.160080645949409,1,0.0323,8.0,22.0,0.263,1,1.0,0.0,0.0,0.0,1.0,0.0,0.0,0.0,0.0,1,0.49999999999999994,0.8660254037844387,0.0,1.0
ASDZ,HVS,2024-02-01,2024,2,28,0.0,0.0,0,990.0,30.0,33,33,0.0,1.0,0,69,1,69.0,0,12,9561.0,9756.0,19317.0,26.333333333333332,13.166666666666666,13.166666666666666,18,29.45,15.7,13.75,9067.6,7842.8,16910.4,2.0,0.14285714285714285,216.0,1.2022458674074694,0.375,7.784063169347315,0.18448275994595098,0.0008045976938701224,0.0,19.06484791328167,35.49982660460746,7.477453973101474,7.73570715536995,0.1785919552818797,0.0015086207067829438,0.0,18.387631229970648,34.61275764922986,7.398925492133217,0,0.0,8.0,21.0,0.263,1,1.0,0.0,0.0,0.0,1.0,0.0,0.0,0.0,0.0,1,0.8660254037844386,0.5000000000000001,0.0,0.0
AML,HGL,2024-02-01,2024,2,14,1199.0,1.1,257,4559.0,4.18,269,1091,0.2356,0.2466,92,1174,1,1174.0,0,8,2713.0,3491.0,6204.0,30.0,15.0,15.0,7,15.416666666666668,7.75,7.666666666666667,2715.0,1545.0,4260.0,0.0,0.0,56.0,0.0,0.0,7.402514363521303,0.1665229887926373,0.0008045976938701224,8.620689462484985e-05,17.75485605720816,32.99327502168458,6.975574708361735,7.363425066828428,0.16982758669289708,0.00040229886299234695,0.0,17.323984890319835,32.940516327646954,6.958971096866432,0,0.0,8.0,21.0,0.263,0,0.9981668,0.0,0.0,0.0018331805,0.998,0.0,0.0,0.002,0.0,1,0.8660254037844386,0.5000000000000001,0.0,0.0
SWK,HR,2024-02-01,2024,2,24,1640.0,1.59,434,5850.0,5.66,535,1034,0.4197,0.5174,1,1145,1,1145.0,0,6,4180.0,4181.0,8361.0,34.0,17.0,17.0,7,34.083333333333336,18.75,15.333333333333334,4179.0,3042.0,7221.0,1.0,0.16666666666666666,42.0,1.4426950408889634,0.5,7.361928390745802,0.16781609287035876,0.0028160920623561433,0.00010057471039565815,19.29913490419758,34.17206803717833,6.924140991835759,7.286028693076865,0.1885057475910276,0.0056321837821568565,0.0002011494207913163,20.16087631076232,35.23344726946162,6.908298871640501,0,0.0,8.0,21.0,0.263,1,1.0,0.0,0.0,0.0,1.0,0.0,0.0,0.0,0.0,1,0.8660254037844386,0.5000000000000001,0.0,0.0
HGL,AML,2024-02-01,2024,2,14,683.0,0.64,344,3422.0,3.18,266,1075,0.32,0.2474,96,1154,1,1154.0,0,7,2715.0,1545.0,4260.0,15.416666666666668,7.75,7.666666666666667,8,30.0,15.0,15.0,2713.0,3491.0,6204.0,0.0,0.0,56.0,0.0,0.0,7.363425066828428,0.16982758669289708,0.00040229886299234695,0.0,17.323984890319835,32.940516327646954,6.958971096866432,7.402514363521303,0.1665229887926373,0.0008045976938701224,8.620689462484985e-05,17.75485605720816,32.99327502168458,6.975574708361735,0,0.0,8.0,21.0,0.263,0,1.0,0.0,0.0,0.0,1.0,0.0,0.0,0.0,0.0,1,0.8660254037844386,0.5000000000000001,0.0,0.0
GZ,BD,2024-02-01,2024,2,10,2114.0,1.97,597,7941.0,7.41,711,1072,0.5569,0.6632,0,1148,1,1148.0,0,4,2331.0,2321.0,4652.0,16.0,8.0,8.0,12,42.333333333333336,21.166666666666668,21.166666666666668,7310.0,8030.0,15340.0,0.0,0.0,48.0,0.0,0.0,7.944827576874402,0.2081896565726091,0.0007040229807982499,0.0,18.226798296574202,33.63930940216985,7.544827589358406,8.006818978265784,0.2110632192450522,0.001307471280639199,0.0,18.898025424230372,34.66241292295785,7.615727035136058,0,0.0,8.0,21.0,0.263,1,0.02891791,0.0,0.0,0.0,0.029,0.0,0.0,0.0,0.971,1,0.8660254037844386,0.5000000000000001,0.0,0.0
BL,HGV,2024-02-01,2024,2,14,606.0,0.58,265,2056.0,1.95,304,1053,0.2517,0.2887,16,1138,1,1138.0,0,4,2281.0,2281.0,4562.0,30.0,15.0,15.0,6,48.666666666666664,27.333333333333332,21.333333333333332,2281.0,2278.0,4559.0,1.0,0.2,24.0,0.5581106265512472,0.16666666666666666,7.177301929257382,0.16250000111544613,0.005531609069084984,0.0002011494207913163,19.03433694159505,34.176205994754,6.772129477526264,7.279203990450258,0.17600574920317907,0.004123563214537056,4.3103447312424924e-05,18.250699320058715,33.13086114464135,6.803916673036827,0,0.0,8.0,21.0,0.263,1,0.054131053,0.0,0.0,0.0,0.054,0.0,0.0,0.0,0.946,1,0.8660254037844386,0.5000000000000001,0.0,0.0
NWK,GD,2024-02-01,2024,2,9,637.0,0.58,168,5538.0,5.01,306,1105,0.152,0.2769,3,1211,1,1211.0,0,4,2421.0,2421.0,4842.0,13.0,6.5,6.5,14,32.5,18.0,14.5,14031.0,10490.0,24521.0,0.0,0.0,56.0,0.0,0.0,8.014655183101523,0.17241379418463884,0.0025143677625676683,0.0,20.040493045045043,36.05689569519854,7.7302442559565625,8.001655445701774,0.17241379418463884,0.0025143677625676683,0.0,20.040493045045043,36.05689569519854,7.717244484301271,0,0.0,8.0,21.0,0.263,1,0.0,0.0,0.0,0.0,0.0,0.0,0.0,0.0,1.0,1,0.8660254037844386,0.5000000000000001,0.0,0.0
BDPB,ZLW,2024-02-01,2024,2,10,1667.0,1.53,382,7530.0,6.89,505,1093,0.3495,0.462,0,1153,1,1153.0,0,4,2256.0,2226.0,4482.0,15.0,7.5,7.5,11,30.0,16.0,14.0,4158.53,4172.0,8330.529999999999,0.0,0.0,44.0,0.0,0.0,8.024103367594124,0.2024425294614215,0.0017097701329266887,0.0,18.94098461701952,35.62034386122364,7.663543095876431,8.035457089885899,0.18448275937859354,0.0002011494261437449,0.0,19.38358372723919,34.861550732590686,7.590557687584011,0,0.0,8.0,21.0,0.263,1,0.0,0.0,0.0,0.0,0.0,0.0,0.0,0.0,1.0,1,0.8660254037844386,0.5000000000000001,0.0,0.0
BRN,SD,2024-02-01,2024,2,4,59.0,0.07,38,210.0,0.25,5,854,0.0445,0.0059,0,904,1,904.0,0,5,2344.0,2892.0,5236.0,14.666666666666668,8.0,6.666666666666667,3,3.5,2.5,1.0,1785.0,904.0,2689.0,0.0,0.0,15.0,0.0,0.0,7.607382038929339,0.18836207069114022,0.0032183907861853467,0.0,17.92009743945352,33.657930124080046,7.166002791160825,7.672382355980767,0.18836207069114022,0.0032183907861853467,0.0,17.92009743945352,33.657930124080046,7.231003060936928,0,0.0,8.0,21.0,0.263,0,0.0,0.0,0.0,0.0,0.0,0.0,0.0,0.0,1.0,1,0.8660254037844386,0.5000000000000001,0.0,0.0
SWK,WV,2024-02-01,2024,2,13,786.0,0.92,231,2292.0,2.69,268,853,0.2708,0.3142,0,929,1,929.0,0,6,4180.0,4181.0,8361.0,34.0,17.0,17.0,4,24.0,12.0,12.0,1959.0,1948.0,3907.0,1.0,0.25,24.0,0.7213475204444817,0.25,7.361928390745802,0.16781609287035876,0.0028160920623561433,0.00010057471039565815,19.29913490419758,34.17206803717833,6.924140991835759,7.303413757626181,0.17528735681426252,0.004727011396624576,0.00015804597347889138,19.72416812387006,34.586378348284754,6.830137959499469,0,0.0,8.0,21.0,0.263,1,0.044548653,0.0,0.0,0.0,0.045,0.0,0.0,0.0,0.955,1,0.8660254037844386,0.5000000000000001,0.0,0.0
DV,TWL,2024-02-01,2024,2,5,444.0,0.55,182,851.0,1.05,115,808,0.2252,0.1423,29,915,1,915.0,0,12,6499.0,6818.0,13317.0,29.666666666666668,14.833333333333334,14.833333333333334,4,12.0,6.0,6.0,1837.0,1819.0,3656.0,0.0,0.0,48.0,0.0,0.0,7.544411114871973,0.16982758706756707,0.0009051724069419948,0.0,17.909002355246365,33.56586113280949,7.173362237283553,7.583410889086924,0.16982758706756707,0.0009051724069419948,0.0,17.909002355246365,33.56586113280949,7.212362061286795,0,0.0,8.0,21.0,0.263,0,0.0,0.0,0.0,0.0,0.0,0.0,0.0,0.0,1.0,1,0.8660254037844386,0.5000000000000001,0.0,0.0
BKL,ASB,2024-02-01,2024,2,17,77.0,1.12,56,166.0,2.41,58,69,0.8116,0.8406,1,73,5,14.6,0,8,3023.2,4127.6,7150.8,26.5,13.25,13.25,21,23.072727272727274,11.272727272727273,11.8,8163.6,7446.7,15610.3,0.0,0.0,168.0,0.0,0.0,7.807908034187624,0.1692528746936513,0.0006034482891360918,0.0,19.61013099242901,34.11413699457015,7.452089055858809,7.711299040285207,0.185775863006711,0.0012068965782721837,0.0,19.652092345144556,34.550688718242206,7.33888520249005,0,0.0,8.0,21.0,0.263,1,0.0,0.0,0.0,0.0,0.0,0.0,0.0,0.0,1.0,1,0.8660254037844386,0.5000000000000001,0.0,0.0
DV,DVC,2024-02-01,2024,2,4,923.0,0.99,340,1428.0,1.54,247,929,0.366,0.2659,50,971,1,971.0,0,12,6499.0,6818.0,13317.0,29.666666666666668,14.833333333333334,14.833333333333334,4,19.0,9.5,9.5,1956.0,1855.0,3811.0,0.0,0.0,48.0,0.0,0.0,7.544411114871973,0.16982758706756707,0.0009051724069419948,0.0,17.909002355246365,33.56586113280949,7.173362237283553,7.537911052285725,0.16982758706756707,0.0009051724069419948,0.0,17.909002355246365,33.56586113280949,7.166862239097727,0,0.0,8.0,21.0,0.263,1,0.07534984,0.0,0.0,0.0,0.075,0.0,0.0,0.0,0.925,1,0.8660254037844386,0.5000000000000001,0.0,0.0
AMF,ZL,2024-01-01,2024,1,66,1152.0,0.99,307,9215.0,7.94,447,1160,0.2647,0.3853,58,1161,1,1161.0,0,15,11305.0,10810.0,22115.0,46.10714285714286,23.857142857142858,22.25,14,85.42857142857143,47.285714285714285,38.142857142857146,5773.5,9869.0,15642.5,0.0,0.0,210.0,0.0,0.0,3.519145186514824,0.08306451683603627,0.006962365580983059,0.0018279569483892891,18.494562417909663,34.376128144802585,3.4926666896139342,3.425806447963721,0.10080645219372805,0.005174731224855428,0.0017204300690722722,19.757889633697847,34.96499910918615,3.4853494669541076,1,0.0323,8.0,22.0,0.263,1,1.0,0.0,0.0,0.0,1.0,0.0,0.0,0.0,0.0,1,0.49999999999999994,0.8660254037844387,0.0,1.0
BR,HRT,2024-01-01,2024,1,10,2381.0,2.0,552,12721.0,10.67,780,1192,0.4631,0.6544,0,1166,1,1166.0,0,3,2573.0,1166.0,3739.0,16.0,6.0,10.0,5,27.333333333333336,13.333333333333334,14.0,2641.0,2573.0,5214.0,1.0,0.25,15.0,1.4426950408889634,0.5,3.0362956687928206,0.06881720454542227,0.008279569937737399,0.00864247315042522,16.827824658924534,31.85854762215768,3.1250053697656237,3.0846102179568864,0.07379032314945293,0.005268817266789815,0.007244623493984021,16.652747303247452,32.052095963749835,3.1620967814808973,1,0.0323,8.0,22.0,0.263,1,0.99077183,0.0,0.0,0.0,0.991,0.0,0.0,0.0,0.009,1,0.49999999999999994,0.8660254037844387,0.0,1.0
GN,ASN,2024-02-01,2024,2,28,276.0,0.27,92,4110.0,4.03,132,1019,0.0903,0.1295,32,1122,1,1122.0,0,2,0.0,2477.0,2477.0,15.0,0.0,15.0,9,76.0,37.333333333333336,38.666666666666664,4536.0,3583.0,8119.0,0.0,0.0,18.0,0.0,0.0,7.156008781768896,0.17887931234663587,0.0037212643836592807,0.0002155172365621246,19.114416601842848,35.208102523595436,6.779643841858568,7.115804608996915,0.18060344839789744,0.005129310377370352,0.0002155172365621246,18.61681886137217,34.15448182273185,6.63548850910417,0,0.0,8.0,21.0,0.263,0,1.0,0.0,0.0,0.0,1.0,0.0,0.0,0.0,0.0,1,0.8660254037844386,0.5000000000000001,0.0,0.0
BHV,DLD,2024-02-01,2024,2,3,1126.0,0.61,415,1726.0,0.93,429,1858,0.2234,0.2309,0,1974,1,1974.0,0,5,4008.2,3992.0,8000.2,13.166666666666666,8.666666666666666,4.5,6,12.0,6.0,6.0,4005.0,3973.0,7978.0,0.0,0.0,30.0,0.0,0.0,7.76695715182129,0.17298850681547118,0.0006034482998409491,0.0,18.6974703446887,35.08086110052021,7.454097929014557,7.680319219608203,0.18132184042284885,0.004827586088286734,0.0,18.541795207508677,34.77206808020328,7.300074921428473,0,0.0,8.0,21.0,0.263,0,0.0,0.0,0.0,0.0,0.0,0.0,0.0,0.0,1.0,1,0.8660254037844386,0.5000000000000001,0.0,0.0
ASDL,ASS,2024-02-01,2024,2,3,3814.0,2.06,1109,7301.0,3.95,1181,1849,0.5998,0.6387,2,1697,1,1697.0,0,4,3438.0,3437.0,6875.0,15.0,7.5,7.5,17,34.84722222222222,21.22222222222222,13.625,22050.0,17103.0,39153.0,1.0,0.1,68.0,0.45511961331341866,0.1111111111111111,7.790563387592891,0.18448275994595098,0.0008045976938701224,0.0,19.06484791328167,35.49982660460746,7.483954205252658,7.710684075309285,0.2002873577969684,0.001609195398445102,0.0,18.6796912191243,33.6486197381184,7.3061582103542895,0,0.0,8.0,21.0,0.263,1,0.0,0.0,0.0,0.0005408329,0.0,0.0,0.0,0.001,0.999,1,0.8660254037844386,0.5000000000000001,0.0,0.0
NKK,HD,2024-01-01,2024,1,16,72.0,2.4,14,72.0,2.4,14,30,0.4667,0.4667,0,30,1,30.0,0,6,2243.0,2239.0,4482.0,17.0,7.666666666666667,9.333333333333334,6,29.0,10.666666666666666,18.333333333333332,2232.0,2230.0,4462.0,0.0,0.0,36.0,0.0,0.0,3.445852184603091,0.09126344111858196,0.006303763387584558,0.0018817203880477978,18.27908812703625,32.59064429870216,3.3560000599602295,3.4465859923161246,0.09543010837809053,0.0037634408962662503,0.0017473117889015264,18.63419742389552,33.857418493558,3.404045689415427,1,0.0323,8.0,22.0,0.263,1,1.0,0.0,0.0,0.0,1.0,0.0,0.0,0.0,0.0,1,0.49999999999999994,0.8660254037844387,0.0,1.0
BD,TB,2024-01-01,2024,1,21,7225.0,2.61,1419,19194.0,6.94,1560,2766,0.513,0.564,608,2425,1,2425.0,0,12,6936.0,7713.0,14649.0,42.333333333333336,21.166666666666668,21.166666666666668,9,30.8,17.8,13.0,8799.0,6550.0,15349.0,0.0,0.0,108.0,0.0,0.0,3.6167930283944214,0.07419354860140111,0.006115591353786889,0.0013440859914627126,18.53666709667893,33.73306362282845,3.700462381230287,3.4484139942584098,0.07876344158324183,0.007809139688008575,0.0013978494311212212,18.121215117874964,34.0316119777259,3.5189113087691766,1,0.0323,8.0,22.0,0.263,1,0.65762836,0.34237164,0.0,0.0,0.658,0.342,0.0,0.0,0.0,1,0.49999999999999994,0.8660254037844387,0.0,1.0
BD,ETN,2024-01-01,2024,1,11,1421.0,1.17,287,8297.0,6.82,618,1216,0.236,0.5082,37,1215,1,1215.0,0,12,6936.0,7713.0,14649.0,42.333333333333336,21.166666666666668,21.166666666666668,3,23.0,12.0,11.0,2401.0,1186.0,3587.0,0.0,0.0,36.0,0.0,0.0,3.6167930283944214,0.07419354860140111,0.006115591353786889,0.0013440859914627126,18.53666709667893,33.73306362282845,3.700462381230287,3.6394569762601887,0.0780913982720625,0.008938171920837254,0.0013037634117188312,18.704715235899855,33.78193463016582,3.62453761687302,1,0.0323,8.0,22.0,0.263,1,1.0,0.0,0.0,0.0,1.0,0.0,0.0,0.0,0.0,1,0.49999999999999994,0.8660254037844387,0.0,1.0
BD,DDR,2024-01-01,2024,1,30,20.0,1.0,5,82.0,4.1,6,20,0.25,0.3,6,119,1,119.0,0,12,6936.0,7713.0,14649.0,42.333333333333336,21.166666666666668,21.166666666666668,14,35.714285714285715,17.857142857142858,17.857142857142858,2836.0,7185.0,10021.0,1.0,0.08333333333333333,168.0,0.45511961331341866,0.1111111111111111,3.6167930283944214,0.07419354860140111,0.006115591353786889,0.0013440859914627126,18.53666709667893,33.73306362282845,3.700462381230287,3.829271595179033,0.08481182868001602,0.0033870967285286996,0.0005645161164143394,19.167625067054583,34.48499909459904,3.823357568362788,1,0.0323,8.0,22.0,0.263,1,0.65,0.35,0.0,0.0,0.65,0.35,0.0,0.0,0.0,1,0.49999999999999994,0.8660254037844387,0.0,1.0
AMF,NKK,2024-01-01,2024,1,11,64.0,2.13,9,50.0,1.67,4,30,0.3,0.1333,3,30,1,30.0,0,15,11305.0,10810.0,22115.0,46.10714285714286,23.857142857142858,22.25,6,17.0,7.666666666666667,9.333333333333334,2243.0,2239.0,4482.0,0.0,0.0,90.0,0.0,0.0,3.519145186514824,0.08306451683603627,0.006962365580983059,0.0018279569483892891,18.494562417909663,34.376128144802585,3.4926666896139342,3.445852184603091,0.09126344111858196,0.006303763387584558,0.0018817203880477978,18.27908812703625,32.59064429870216,3.3560000599602295,1,0.0323,8.0,22.0,0.263,0,1.0,0.0,0.0,0.0,1.0,0.0,0.0,0.0,0.0,1,0.49999999999999994,0.8660254037844387,0.0,1.0
BD,BDPB,2024-01-01,2024,1,5,1436.0,1.25,308,6712.0,5.82,481,1153,0.2671,0.4172,164,1125,1,1125.0,0,12,6936.0,7713.0,14649.0,42.333333333333336,21.166666666666668,21.166666666666668,4,15.0,7.5,7.5,2212.0,2181.0,4393.0,0.0,0.0,48.0,0.0,0.0,3.6167930283944214,0.07419354860140111,0.006115591353786889,0.0013440859914627126,18.53666709667893,33.73306362282845,3.700462381230287,3.687384420404992,0.07997311864008186,0.003857526938200638,0.0013306451315480855,18.691475093204488,34.807740924178916,3.78388983890244,1,0.0323,8.0,22.0,0.263,1,0.0,0.0,0.0,0.0,0.0,0.0,0.0,0.0,1.0,1,0.49999999999999994,0.8660254037844387,0.0,1.0
EHV,TB,2024-02-01,2024,2,37,656.0,0.59,227,10200.0,9.18,313,1111,0.2043,0.2817,78,1160,1,1160.0,0,13,9126.0,11731.0,20857.0,33.14285714285714,15.0,18.142857142857142,9,30.8,17.8,13.0,9337.0,6703.0,16040.0,1.0,0.09090909090909091,117.0,0.5138983423697507,0.14285714285714285,7.931632294276751,0.17887931181139302,0.0,0.0,16.72177018139554,32.92603351741001,7.561086280250001,7.918002760150181,0.19885057607001957,0.0005028735653593622,0.0,18.36264716688244,34.79275769269329,7.545229848088889,0,0.0,8.0,21.0,0.263,1,0.6021602,0.3969397,0.0,0.00090009003,0.602,0.397,0.0,0.001,0.0,1,0.8660254037844386,0.5000000000000001,0.0,0.0
ASHD,ASB,2024-02-01,2024,2,1,834.0,0.62,178,7745.0,5.79,382,1338,0.133,0.2855,4,1484,1,1484.0,0,4,3009.0,3009.0,6018.0,5.0,2.5,2.5,21,23.072727272727274,11.272727272727273,11.8,8163.6,7446.7,15610.3,0.0,0.0,84.0,0.0,0.0,7.779997326112513,0.1859195409021501,0.000905172417646852,0.0,19.397305628691598,33.96051637400156,7.41505480189433,7.711299040285207,0.185775863006711,0.0012068965782721837,0.0,19.652092345144556,34.550688718242206,7.33888520249005,0,0.0,8.0,21.0,0.263,1,0.0,0.0,0.0,0.0,0.0,0.0,0.0,0.0,1.0,1,0.8660254037844386,0.5000000000000001,0.0,0.0
BHV,UTO,2024-02-01,2024,2,6,1393.0,0.73,548,2041.0,1.07,561,1902,0.2881,0.295,2,2018,1,2018.0,0,5,4008.2,3992.0,8000.2,13.166666666666666,8.666666666666666,4.5,8,18.266666666666666,8.6,9.666666666666666,7554.29,3763.0,11317.29,1.0,0.14285714285714285,40.0,1.4426950408889634,0.5,7.76695715182129,0.17298850681547118,0.0006034482998409491,0.0,18.6974703446887,35.08086110052021,7.454097929014557,7.805956917547289,0.17298850681547118,0.0006034482998409491,0.0,18.6974703446887,35.08086110052021,7.493097733834694,0,0.0,8.0,21.0,0.263,1,0.0,0.0,0.0,0.0,0.0,0.0,0.0,0.0,1.0,1,0.8660254037844386,0.5000000000000001,0.0,0.0
SSH,NVP,2024-02-01,2024,2,11,932.0,0.64,335,3873.0,2.65,409,1460,0.2295,0.2801,0,1417,1,1417.0,0,4,2841.0,2571.0,5412.0,19.0,9.5,9.5,4,16.0,8.0,8.0,2840.0,2840.0,5680.0,0.0,0.0,16.0,0.0,0.0,7.923781858692909,0.19870689765004249,0.0007040229915031072,0.0,20.98250385228245,37.80413692915577,7.564227247032626,7.897520173897688,0.1925287369809959,0.0014080460044159286,0.0,19.626304683329046,35.84379217747984,7.5702212720081725,0,0.0,8.0,21.0,0.263,1,0.0,0.0,0.0,0.0,0.0,0.0,0.0,0.0,1.0,1,0.8660254037844386,0.5000000000000001,0.0,0.0
OW,RS,2024-02-01,2024,2,11,3796.0,3.4,1013,9717.0,8.69,1094,1118,0.9061,0.9785,0,1183,1,1183.0,0,4,2326.0,2326.0,4652.0,12.0,6.0,6.0,4,17.0,8.5,8.5,2326.0,2326.0,4652.0,0.0,0.0,16.0,0.0,0.0,7.834445449191777,0.18333333454512316,0.0,0.0,18.586057848971464,33.99465421835581,7.479632203948909,7.899678092843307,0.18419540352348623,0.0,0.0,18.258417524397373,33.99206810641563,7.563614932284958,0,0.0,8.0,21.0,0.263,1,0.0,0.0,0.0,0.0,0.0,0.0,0.0,0.0,1.0,1,0.8660254037844386,0.5000000000000001,0.0,0.0
DDZD,ZLW,2024-02-01,2024,2,14,1392.0,0.72,712,8781.0,4.54,903,1935,0.368,0.4667,22,2060,1,2060.0,0,4,4134.0,2164.0,6298.0,15.0,7.5,7.5,11,30.0,16.0,14.0,4158.53,4172.0,8330.529999999999,1.0,0.14285714285714285,44.0,0.5138983423697507,0.14285714285714285,8.043212576844226,0.17787356423107029,0.00010057471307187245,0.0,19.651632561423312,35.57172318573656,7.655137923942215,8.035457089885899,0.18448275937859354,0.0002011494261437449,0.0,19.38358372723919,34.861550732590686,7.590557687584011,0,0.0,8.0,21.0,0.263,1,0.0082687335,0.0,0.0,0.0,0.008,0.0,0.0,0.0,0.992,1,0.8660254037844386,0.5000000000000001,0.0,0.0
EHV,GP,2024-02-01,2024,2,6,702.0,0.77,223,2435.0,2.67,237,911,0.2448,0.2602,71,904,1,904.0,0,13,9126.0,11731.0,20857.0,33.14285714285714,15.0,18.142857142857142,4,11.0,5.5,5.5,1820.0,1457.0,3277.0,0.0,0.0,52.0,0.0,0.0,7.931632294276751,0.17887931181139302,0.0,0.0,16.72177018139554,32.92603351741001,7.561086280250001,7.847132151732328,0.17887931181139302,0.0,0.0,16.72177018139554,32.92603351741001,7.476586192846298,0,0.0,8.0,21.0,0.263,0,0.0,0.0,0.0,0.0,0.0,0.0,0.0,0.0,1.0,1,0.8660254037844386,0.5000000000000001,0.0,0.0
SHL,ASB,2024-02-01,2024,2,17,4.0,0.36,2,150.0,13.64,5,11,0.1818,0.4545,11,4,8,0.5,0,17,15111.880000000001,12163.5,27275.38,44.65277777777778,22.77777777777778,21.875,21,23.072727272727274,11.272727272727273,11.8,8163.6,7446.7,15610.3,2.0,0.1111111111111111,357.0,0.9751430179754935,0.25757575757575757,7.797063449140767,0.18448275994595098,0.0008045976938701224,0.0,19.06484791328167,35.49982660460746,7.490454212002371,7.711299040285207,0.185775863006711,0.0012068965782721837,0.0,19.652092345144556,34.550688718242206,7.33888520249005,0,0.0,8.0,21.0,0.263,1,1.0,0.0,0.0,0.0,1.0,0.0,0.0,0.0,0.0,1,0.8660254037844386,0.5000000000000001,0.0,0.0
EHV,EHS,2024-02-01,2024,2,1,910.0,0.48,267,5229.0,2.78,642,1881,0.1419,0.3413,71,1897,1,1897.0,0,13,9126.0,11731.0,20857.0,33.14285714285714,15.0,18.142857142857142,4,10.0,5.0,5.0,3778.0,3342.0,7120.0,0.0,0.0,52.0,0.0,0.0,7.931632294276751,0.17887931181139302,0.0,0.0,16.72177018139554,32.92603351741001,7.561086280250001,7.866632096747729,0.17887931181139302,0.0,0.0,16.72177018139554,32.92603351741001,7.496086209327325,0,0.0,8.0,21.0,0.263,1,0.0,0.0,0.0,0.0,0.0,0.0,0.0,0.0,1.0,1,0.8660254037844386,0.5000000000000001,0.0,0.0
SHL,LEDN,2024-02-01,2024,2,29,4120.0,1.56,1173,14365.0,5.45,1182,2635,0.4452,0.4486,1811,2675,1,2675.0,0,17,15111.880000000001,12163.5,27275.38,44.65277777777778,22.77777777777778,21.875,18,35.33333333333333,18.444444444444443,16.88888888888889,12235.0,12890.0,25125.0,1.0,0.05555555555555555,306.0,0.4170323914242463,0.09090909090909091,7.797063449140767,0.18448275994595098,0.0008045976938701224,0.0,19.06484791328167,35.49982660460746,7.490454212002371,7.9042815178547094,0.19870689765004249,0.0007040229915031072,0.0,20.98250385228245,37.80413692915577,7.54472698391169,0,0.0,8.0,21.0,0.263,1,0.9996205,0.00037950664,0.0,0.0,1.0,0.0,0.0,0.0,0.0,1,0.8660254037844386,0.5000000000000001,0.0,0.0
SHL,ASDL,2024-02-01,2024,2,12,2722.0,1.47,733,6468.0,3.5,896,1848,0.3966,0.4848,1287,1697,1,1697.0,0,17,15111.880000000001,12163.5,27275.38,44.65277777777778,22.77777777777778,21.875,4,15.0,7.5,7.5,3438.0,3437.0,6875.0,1.0,0.1,68.0,0.45511961331341866,0.1111111111111111,7.797063449140767,0.18448275994595098,0.0008045976938701224,0.0,19.06484791328167,35.49982660460746,7.490454212002371,7.790563387592891,0.18448275994595098,0.0008045976938701224,0.0,19.06484791328167,35.49982660460746,7.483954205252658,0,0.0,8.0,21.0,0.263,1,0.0,0.0,0.0,0.0,0.0,0.0,0.0,0.0,1.0,1,0.8660254037844386,0.5000000000000001,0.0,0.0
SHL,ASD,2024-02-01,2024,2,19,101.0,1.23,29,456.0,5.56,32,82,0.3537,0.3902,69,105,1,105.0,0,17,15111.880000000001,12163.5,27275.38,44.65277777777778,22.77777777777778,21.875,17,37.77142857142857,18.571428571428573,19.2,11149.0,20098.0,31247.0,3.0,0.17647058823529413,289.0,1.3064464866409167,0.302020202020202,7.797063449140767,0.18448275994595098,0.0008045976938701224,0.0,19.06484791328167,35.49982660460746,7.490454212002371,7.7041838592582055,0.2002873577969684,0.001609195398445102,0.0,18.6796912191243,33.6486197381184,7.299657985054213,0,0.0,8.0,21.0,0.263,1,1.0,0.0,0.0,0.0,1.0,0.0,0.0,0.0,0.0,1,0.8660254037844386,0.5000000000000001,0.0,0.0
NS,HD,2024-01-01,2024,1,12,1609.0,1.45,555,3042.0,2.73,583,1113,0.4987,0.5238,0,1109,1,1109.0,0,4,2201.0,2203.0,4404.0,21.0,10.5,10.5,6,29.0,10.666666666666666,18.333333333333332,2232.0,2230.0,4462.0,0.0,0.0,24.0,0.0,0.0,3.420274151859665,0.08924731225656565,0.0019758064800532915,0.0017204300690722722,19.4930760589258,35.44645065646018,3.431833286619475,3.4465859923161246,0.09543010837809053,0.0037634408962662503,0.0017473117889015264,18.63419742389552,33.857418493558,3.404045689415427,1,0.0323,8.0,22.0,0.263,1,0.0,0.0,0.0,0.0,0.0,0.0,0.0,0.0,1.0,1,0.49999999999999994,0.8660254037844387,0.0,1.0
GDM,ZBM,2024-01-01,2024,1,9,4018.0,1.74,1271,9743.0,4.22,1816,2310,0.5502,0.7861,143,2258,1,2258.0,0,6,6359.0,6364.0,12723.0,18.0,9.0,9.0,6,38.0,19.0,19.0,3391.0,1131.33,4522.33,0.0,0.0,36.0,0.0,0.0,3.521782243509166,0.0826612907732206,0.005645161264285606,0.0017473117889015264,18.41470335375878,34.12596673734726,3.632736543118353,3.4708521802363896,0.08212365652684883,0.006397849509632716,0.0017607526488161536,18.222007303468644,32.277095967082566,3.5285806942991513,1,0.0323,8.0,22.0,0.263,1,0.0,0.0,0.0,0.0,0.0,0.0,0.0,0.0,1.0,1,0.49999999999999994,0.8660254037844387,0.0,1.0
HGV,BL,2024-01-01,2024,1,14,1553.0,1.36,369,5122.0,4.49,440,1140,0.3237,0.386,7,1095,1,1095.0,0,5,2178.0,2178.5,4356.5,44.33333333333333,17.0,27.333333333333332,4,30.0,15.0,15.0,2178.0,2178.0,4356.0,0.0,0.0,20.0,0.0,0.0,3.2101667320145473,0.10080645184323031,0.001693548414335456,0.0035080644377176802,18.831066230772645,33.81870875307309,3.0375860862669244,3.137470474446653,0.1100806456399701,0.0023521505276201875,0.0030107526208764763,19.7825988236294,35.11064430398326,3.0509113063084423,1,0.0323,8.0,22.0,0.263,1,0.08859649,0.0,0.0,0.0,0.089,0.0,0.0,0.0,0.911,1,0.49999999999999994,0.8660254037844387,0.0,1.0
VP,RH,2024-01-01,2024,1,4,535.0,0.54,139,1695.0,1.7,166,1000,0.139,0.166,0,958,1,958.0,0,4,1910.0,1910.0,3820.0,7.0,3.5,3.5,4,10.0,5.0,5.0,1910.0,1910.0,3820.0,0.0,0.0,16.0,0.0,0.0,3.22291120882797,0.09610215142890009,0.0030107527210186886,0.002231182745828103,18.21268786922578,34.02338611502801,3.453690792959664,3.17101348856444,0.09193548403920666,0.0014112903486176204,0.002231182745828103,18.17246506964007,33.90919269861713,3.4758521681300976,1,0.0323,8.0,22.0,0.263,0,0.062,0.0,0.0,0.0,0.062,0.0,0.0,0.0,0.938,1,0.49999999999999994,0.8660254037844387,0.0,1.0
CPS,RTA,2024-01-01,2024,1,1,1697.0,1.4,343,6081.0,5.03,445,1210,0.2835,0.3678,1,1124,1,1124.0,0,4,2431.0,2359.0,4790.0,5.0,2.5,2.5,7,14.166666666666668,7.5,6.666666666666667,5759.0,4216.0,9975.0,0.0,0.0,28.0,0.0,0.0,3.9574490530736823,0.08131720495199965,0.004233871005795976,0.0,19.442827911146225,34.72016040740475,3.859666766368494,3.9704489682811084,0.08131720495199965,0.004233871005795976,0.0,19.442827911146225,34.72016040740475,3.8726667194021367,1,0.0323,8.0,22.0,0.263,1,0.0,0.0,0.0,0.0,0.0,0.0,0.0,0.0,1.0,1,0.49999999999999994,0.8660254037844387,0.0,1.0
AH,AHP,2024-01-01,2024,1,1,499.0,0.5,120,2170.0,2.17,282,1000,0.12,0.282,41,958,1,958.0,0,14,7311.0,7682.0,14993.0,21.714285714285715,10.857142857142858,10.857142857142858,4,3.0,1.5,1.5,1910.0,1880.0,3790.0,0.0,0.0,56.0,0.0,0.0,3.112411327489842,0.09610215142890009,0.0030107527210186886,0.0028225805820716967,18.21268786922578,34.02338611502801,3.3431908805323864,3.1904112375191143,0.09610215142890009,0.0030107527210186886,0.0028225805820716967,18.21268786922578,34.02338611502801,3.421190840868099,1,0.0323,8.0,22.0,0.263,1,0.062,0.0,0.0,0.0,0.062,0.0,0.0,0.0,0.938,1,0.49999999999999994,0.8660254037844387,0.0,1.0
ALMB,ALM,2024-02-01,2024,2,6,28.0,0.3,12,554.0,6.02,26,92,0.1304,0.2826,0,58,1,58.0,0,7,3248.0,2844.0,6092.0,11.5,7.5,4.0,18,43.075,21.7,21.375,5726.139999999999,6613.38,12339.52,2.0,0.16666666666666666,126.0,2.0008056674402104,0.6666666666666666,7.631936967073158,0.17916666753804203,0.002715517359989128,0.00011494252616646646,20.93031816895323,37.72344718274029,7.316060540833693,7.79256603087502,0.1833333340098803,0.002614942614802684,1.4367815770808308e-05,20.71273012921728,36.31137834677751,7.492781589771139,0,0.0,8.0,21.0,0.263,1,1.0,0.0,0.0,0.0,1.0,0.0,0.0,0.0,0.0,1,0.8660254037844386,0.5000000000000001,0.0,0.0
RTB,RTD,2024-02-01,2024,2,1,5953.0,1.59,1954,22064.0,5.9,2312,3738,0.5227,0.6185,112,3996,1,3996.0,0,7,8703.0,7082.0,15785.0,14.416666666666668,6.75,7.666666666666667,15,54.7,27.2,27.5,11829.0,16484.0,28313.0,1.0,0.07692307692307693,105.0,0.5138983423697507,0.14285714285714285,7.977241608346331,0.1737068971704649,0.0024137930280860812,0.0,19.48743032107408,35.72896461925287,7.646781773402773,8.009741300353031,0.1737068971704649,0.0024137930280860812,0.0,19.48743032107408,35.72896461925287,7.679281567019978,0,0.0,8.0,21.0,0.263,1,0.541466,0.0,0.0,0.0,0.541,0.0,0.0,0.0,0.459,1,0.8660254037844386,0.5000000000000001,0.0,0.0
MAS,UTZL,2024-02-01,2024,2,5,360.0,0.26,155,3399.0,2.43,236,1396,0.111,0.1691,14,1451,1,1451.0,0,4,2922.0,1782.0,4704.0,10.0,5.0,5.0,6,22.666666666666668,11.333333333333334,11.333333333333334,2908.0,2726.0,5634.0,0.0,0.0,24.0,0.0,0.0,7.871879496194166,0.17255747165188365,0.0007040230022079643,0.0,19.6793867185198,34.59982663461532,7.513761722493446,7.799456702866431,0.17298850681547118,0.0006034482998409491,0.0,18.6974703446887,35.08086110052021,7.486597507849507,0,0.0,8.0,21.0,0.263,0,0.0,0.0,0.0,0.0028653296,0.0,0.0,0.0,0.003,0.997,1,0.8660254037844386,0.5000000000000001,0.0,0.0
VST,DVNK,2024-02-01,2024,2,2,1052.0,0.62,509,3232.0,1.92,561,1685,0.3021,0.3329,21,1688,1,1688.0,0,4,3445.0,3445.0,6890.0,8.0,4.0,4.0,4,5.0,2.5,2.5,3445.0,3445.0,6890.0,0.0,0.0,16.0,0.0,0.0,7.915233029839422,0.18764367936200452,0.0005028735546545051,0.0,20.01459210939791,35.99534391740273,7.624572067425169,7.915233029839422,0.18764367936200452,0.0005028735546545051,0.0,20.01459210939791,35.99534391740273,7.624572067425169,0,0.0,8.0,21.0,0.263,1,0.0,0.0,0.0,0.0,0.0,0.0,0.0,0.0,1.0,1,0.8660254037844386,0.5000000000000001,0.0,0.0
LLS,ALMB,2024-02-01,2024,2,18,31.0,0.34,13,540.0,5.87,17,92,0.1413,0.1848,0,58,1,58.0,0,9,2361.0,4751.0,7112.0,65.0,37.0,28.0,7,11.5,7.5,4.0,3248.0,2844.0,6092.0,2.0,0.25,63.0,1.876989522792215,0.6,7.538770004122079,0.16839080534061823,0.0016091953770353876,8.620689462484985e-05,19.946568917782827,34.791206025186625,7.1243304163217545,7.631936967073158,0.17916666753804203,0.002715517359989128,0.00011494252616646646,20.93031816895323,37.72344718274029,7.316060540833693,0,0.0,8.0,21.0,0.263,0,1.0,0.0,0.0,0.0,1.0,0.0,0.0,0.0,0.0,1,0.8660254037844386,0.5000000000000001,0.0,0.0
DMN,WP,2024-02-01,2024,2,7,1619.0,1.14,551,3521.0,2.49,590,1416,0.3891,0.4167,0,1543,1,1543.0,0,4,3136.0,3120.0,6256.0,9.0,4.5,4.5,10,20.4,10.0,10.4,6690.0,6687.0,13377.0,0.0,0.0,40.0,0.0,0.0,7.789299114874896,0.185775863006711,0.0012068965782721837,0.0,19.652092345144556,34.550688718242206,7.41688527800571,7.782799051012095,0.185775863006711,0.0012068965782721837,0.0,19.652092345144556,34.550688718242206,7.410385266802777,0,0.0,8.0,21.0,0.263,1,0.0,0.0,0.0,0.0,0.0,0.0,0.0,0.0,1.0,1,0.8660254037844386,0.5000000000000001,0.0,0.0
GDM,TPSW,2024-01-01,2024,1,10,4383.0,1.99,1146,10987.0,4.98,2144,2205,0.5197,0.9723,73,1863,1,1863.0,0,6,6359.0,6364.0,12723.0,18.0,9.0,9.0,3,16.0,6.0,10.0,2976.0,1112.0,4088.0,0.0,0.0,18.0,0.0,0.0,3.521782243509166,0.0826612907732206,0.005645161264285606,0.0017473117889015264,18.41470335375878,34.12596673734726,3.632736543118353,3.4771693854652828,0.07889784998711079,0.004233871055867082,0.0020967741466818316,18.886605698575256,34.301128083018845,3.5762957545743395,1,0.0323,8.0,22.0,0.263,1,0.0,0.0,0.0,0.0,0.0,0.0,0.0,0.0,1.0,1,0.49999999999999994,0.8660254037844387,0.0,1.0
HGV,ZL,2024-01-01,2024,1,48,32.0,5.33,4,134.0,22.33,6,6,0.6667,1.0,0,5,2,2.5,0,5,2178.0,2178.5,4356.5,44.33333333333333,17.0,27.333333333333332,14,85.42857142857143,47.285714285714285,38.142857142857146,5773.5,9869.0,15642.5,1.0,0.09090909090909091,70.0,0.7213475204444817,0.25,3.2101667320145473,0.10080645184323031,0.001693548414335456,0.0035080644377176802,18.831066230772645,33.81870875307309,3.0375860862669244,3.425806447963721,0.10080645219372805,0.005174731224855428,0.0017204300690722722,19.757889633697847,34.96499910918615,3.4853494669541076,1,0.0323,8.0,22.0,0.263,1,1.0,0.0,0.0,0.0,1.0,0.0,0.0,0.0,0.0,1,0.49999999999999994,0.8660254037844387,0.0,1.0
HAD,HIL,2024-01-01,2024,1,7,1011.0,0.91,358,2126.0,1.92,384,1110,0.3225,0.3459,1,1124,1,1124.0,0,6,5763.0,4609.0,10372.0,24.0,12.0,12.0,4,17.0,8.5,8.5,2283.0,2283.0,4566.0,0.0,0.0,24.0,0.0,0.0,4.4167715796589935,0.09233871038242053,0.006962365601011502,0.0,21.464343511289165,38.31580543902613,3.9070269215741864,5.199309078365644,0.09193548466008837,0.003857526948214859,0.0,28.40242210991921,39.057095810290306,6.472427254082055,1,0.0323,8.0,22.0,0.263,1,0.0018018018,0.0,0.0,0.0009009009,0.002,0.0,0.0,0.001,0.997,1,0.49999999999999994,0.8660254037844387,0.0,1.0
HAD,LEDN,2024-01-01,2024,1,25,2453.0,1.28,829,12221.0,6.39,1033,1912,0.4336,0.5403,0,1740,1,1740.0,0,6,5763.0,4609.0,10372.0,24.0,12.0,12.0,21,38.009090909090915,19.90909090909091,18.1,11970.0,12359.67,24329.67,1.0,0.07142857142857142,126.0,0.40242960438184466,0.08333333333333333,4.4167715796589935,0.09233871038242053,0.006962365601011502,0.0,21.464343511289165,38.31580543902613,3.9070269215741864,4.403252713507422,0.09448924850952882,0.004327956997659257,0.0,21.347878975893863,37.95628927728181,4.107284997124225,1,0.0323,8.0,22.0,0.263,1,1.0,0.0,0.0,0.0,1.0,0.0,0.0,0.0,0.0,1,0.49999999999999994,0.8660254037844387,0.0,1.0
AH,OTB,2024-01-01,2024,1,4,375.0,0.41,143,1290.0,1.42,29,908,0.1575,0.0319,54,863,1,863.0,0,14,7311.0,7682.0,14993.0,21.714285714285715,10.857142857142858,10.857142857142858,4,8.0,4.0,4.0,1701.0,868.0,2569.0,0.0,0.0,56.0,0.0,0.0,3.112411327489842,0.09610215142890009,0.0030107527210186886,0.0028225805820716967,18.21268786922578,34.02338611502801,3.3431908805323864,3.0840269322557154,0.09610215171931251,0.005551075212336997,0.0029435483213033405,17.95576629074671,33.95709591270775,3.270854877988978,1,0.0323,8.0,22.0,0.263,0,0.0011013215,0.0,0.0,0.0,0.001,0.0,0.0,0.0,0.999,1,0.49999999999999994,0.8660254037844387,0.0,1.0
AH,ED,2024-01-01,2024,1,17,1168.0,0.54,455,10917.0,5.0,766,2183,0.2084,0.3509,115,2031,1,2031.0,0,14,7311.0,7682.0,14993.0,21.714285714285715,10.857142857142858,10.857142857142858,9,44.1,23.5,20.6,4108.0,4476.0,8584.0,0.0,0.0,126.0,0.0,0.0,3.112411327489842,0.09610215142890009,0.0030107527210186886,0.0028225805820716967,18.21268786922578,34.02338611502801,3.3431908805323864,3.2422312177437287,0.09193548511072833,0.004892473129094929,0.0028360214419863236,17.877992964559986,33.122902318995486,3.26595434445327,1,0.0323,8.0,22.0,0.263,1,1.0,0.0,0.0,0.0,1.0,0.0,0.0,0.0,0.0,1,0.49999999999999994,0.8660254037844387,0.0,1.0
ZL,AMF,2024-01-01,2024,1,66,903.0,0.73,267,9366.0,7.59,570,1234,0.2164,0.4619,42,1198,1,1198.0,0,14,5773.5,9869.0,15642.5,85.42857142857143,47.285714285714285,38.142857142857146,15,46.10714285714286,23.857142857142858,22.25,11305.0,10810.0,22115.0,0.0,0.0,210.0,0.0,0.0,3.425806447963721,0.10080645219372805,0.005174731224855428,0.0017204300690722722,19.757889633697847,34.96499910918615,3.4853494669541076,3.519145186514824,0.08306451683603627,0.006962365580983059,0.0018279569483892891,18.494562417909663,34.376128144802585,3.4926666896139342,1,0.0323,8.0,22.0,0.263,1,1.0,0.0,0.0,0.0,1.0,0.0,0.0,0.0,0.0,1,0.49999999999999994,0.8660254037844387,0.0,1.0
AH,EST,2024-01-01,2024,1,11,81.0,1.09,29,471.0,6.36,41,74,0.3919,0.5541,11,77,1,77.0,0,14,7311.0,7682.0,14993.0,21.714285714285715,10.857142857142858,10.857142857142858,7,14.25,7.25,7.0,3040.0,2962.0,6002.0,2.0,0.2222222222222222,98.0,2.0640299754485754,0.7,3.112411327489842,0.09610215142890009,0.0030107527210186886,0.0028225805820716967,18.21268786922578,34.02338611502801,3.3431908805323864,3.2978520602168095,0.0935483878798863,0.004892473028952717,0.0027150537027546794,17.855394773906276,34.16661187109127,3.445432705143767,1,0.0323,8.0,22.0,0.263,1,1.0,0.0,0.0,0.0,1.0,0.0,0.0,0.0,0.0,1,0.49999999999999994,0.8660254037844387,0.0,1.0
AH,DR,2024-01-01,2024,1,16,851.0,0.74,184,7243.0,6.31,423,1148,0.1603,0.3685,45,1126,1,1126.0,0,14,7311.0,7682.0,14993.0,21.714285714285715,10.857142857142858,10.857142857142858,8,20.5,10.25,10.25,4206.0,4166.0,8372.0,0.0,0.0,112.0,0.0,0.0,3.112411327489842,0.09610215142890009,0.0030107527210186886,0.0028225805820716967,18.21268786922578,34.02338611502801,3.3431908805323864,3.185696124537317,0.08978494708376225,0.0011290322728855636,0.002123655866511086,18.400306002747627,32.86209588537934,3.4078063546800084,1,0.0323,8.0,22.0,0.263,1,1.0,0.0,0.0,0.0,1.0,0.0,0.0,0.0,0.0,1,0.49999999999999994,0.8660254037844387,0.0,1.0
HVSM,BSMZ,2024-02-01,2024,2,4,2195.0,1.47,830,4285.0,2.87,866,1491,0.5567,0.5808,1,1773,1,1773.0,0,5,3576.0,3549.0,7125.0,13.5,11.0,2.5,4,5.0,2.5,2.5,3551.0,3553.0,7104.0,0.0,0.0,20.0,0.0,0.0,7.720264346392333,0.1834770123013991,0.0010057471307187245,0.0,18.51564454184524,34.97172324513567,7.383339053597943,7.739764300742369,0.1834770123013991,0.0010057471307187245,0.0,18.51564454184524,34.97172324513567,7.402839062542751,0,0.0,8.0,21.0,0.263,1,0.0,0.0,0.0,0.0,0.0,0.0,0.0,0.0,1.0,1,0.8660254037844386,0.5000000000000001,0.0,0.0
EML,HD,2024-02-01,2024,2,4,841.0,0.81,321,1327.0,1.28,333,1034,0.3104,0.3221,0,1103,1,1103.0,0,4,2226.0,2225.0,4451.0,9.0,4.5,4.5,6,29.0,10.666666666666666,18.333333333333332,2246.0,2253.0,4499.0,0.0,0.0,24.0,0.0,0.0,7.564002898061412,0.19267241478009128,0.007844827544672051,0.0,18.331629160149344,34.614826704065,7.138356349420273,7.663275649492768,0.18376436967659612,0.005431034345308255,0.0,18.169869412036462,33.52551630447651,7.179798691779718,0,0.0,8.0,21.0,0.263,1,0.0,0.0,0.0,0.0,0.0,0.0,0.0,0.0,1.0,1,0.8660254037844386,0.5000000000000001,0.0,0.0
LW,AKM,2024-02-01,2024,2,18,3.0,0.75,2,0.0,0.0,0,4,0.5,0.0,0,4,8,0.5,0,3,0.0,2104.5,2104.5,20.0,0.0,20.0,5,19.333333333333336,11.333333333333334,8.0,1922.5,1922.0,3844.5,2.0,0.5,15.0,2.164042561333445,0.75,7.201189849292859,0.1742816105506372,0.005330459717875239,0.0001724137892496997,18.96358328817905,34.22017154337346,6.806362270966344,7.292428122854781,0.18994252998167757,0.006336206795069678,0.0001724137892496997,20.20754164320299,34.93861973080142,6.909094863581932,0,0.0,8.0,21.0,0.263,0,1.0,0.0,0.0,0.0,1.0,0.0,0.0,0.0,0.0,1,0.8660254037844386,0.5000000000000001,0.0,0.0
VST,GVM,2024-02-01,2024,2,6,1366.0,0.77,448,3595.0,2.03,498,1774,0.2525,0.2807,23,1757,1,1757.0,0,4,3445.0,3445.0,6890.0,8.0,4.0,4.0,4,9.0,4.5,4.5,3445.0,3578.0,7023.0,0.0,0.0,16.0,0.0,0.0,7.915233029839422,0.18764367936200452,0.0005028735546545051,0.0,20.01459210939791,35.99534391740273,7.624572067425169,7.996551722502229,0.19123563177926445,0.002614942518458969,0.0,21.263657430122638,38.63741283101597,7.7737787246018994,0,0.0,8.0,21.0,0.263,1,0.0,0.0,0.0,0.0,0.0,0.0,0.0,0.0,1.0,1,0.8660254037844386,0.5000000000000001,0.0,0.0
ALMB,ALMO,2024-02-01,2024,2,2,763.0,0.68,262,2349.0,2.11,296,1115,0.235,0.2655,0,1198,1,1198.0,0,7,3248.0,2844.0,6092.0,11.5,7.5,4.0,3,11.0,9.0,2.0,2449.0,1588.0,4037.0,1.0,0.2,21.0,0.5581106265512472,0.16666666666666666,7.631936967073158,0.17916666753804203,0.002715517359989128,0.00011494252616646646,20.93031816895323,37.72344718274029,7.316060540833693,7.6449367195025255,0.17916666753804203,0.002715517359989128,0.00011494252616646646,20.93031816895323,37.72344718274029,7.329060335782753,0,0.0,8.0,21.0,0.263,1,0.0,0.0,0.0,0.00089686096,0.0,0.0,0.0,0.001,0.999,1,0.8660254037844386,0.5000000000000001,0.0,0.0
RTB,DDR,2024-02-01,2024,2,19,1142.0,1.02,374,8553.0,7.65,569,1118,0.3345,0.5089,26,1167,1,1167.0,0,7,8703.0,7082.0,15785.0,14.416666666666668,6.75,7.666666666666667,13,35.35714285714286,17.857142857142858,17.5,2610.0,7363.0,9973.0,1.0,0.1,91.0,0.43429448190325176,0.1,7.977241608346331,0.1737068971704649,0.0024137930280860812,0.0,19.48743032107408,35.72896461925287,7.646781773402773,8.03671291367761,0.17787356423107029,0.00010057471307187245,0.0,19.651632561423312,35.57172318573656,7.648638158694081,0,0.0,8.0,21.0,0.263,1,1.0,0.0,0.0,0.0,1.0,0.0,0.0,0.0,0.0,1,0.8660254037844386,0.5000000000000001,0.0,0.0
LLS,ALMO,2024-02-01,2024,2,16,289.0,0.25,133,1560.0,1.35,41,1153,0.1154,0.0356,67,1251,1,1251.0,0,9,2361.0,4751.0,7112.0,65.0,37.0,28.0,3,11.0,9.0,2.0,2449.0,1588.0,4037.0,1.0,0.14285714285714285,27.0,0.7213475204444817,0.25,7.538770004122079,0.16839080534061823,0.0016091953770353876,8.620689462484985e-05,19.946568917782827,34.791206025186625,7.1243304163217545,7.6449367195025255,0.17916666753804203,0.002715517359989128,0.00011494252616646646,20.93031816895323,37.72344718274029,7.329060335782753,0,0.0,8.0,21.0,0.263,0,0.0,0.0,0.0,0.0,0.0,0.0,0.0,0.0,1.0,1,0.8660254037844386,0.5000000000000001,0.0,0.0
LLS,ZL,2024-02-01,2024,2,57,2297.0,2.28,485,6847.0,6.79,509,1008,0.4812,0.505,28,1132,1,1132.0,0,9,2361.0,4751.0,7112.0,65.0,37.0,28.0,16,96.0,52.0,44.0,6412.71,10156.14,16568.85,2.0,0.14285714285714285,144.0,1.344533708530089,0.43333333333333335,7.538770004122079,0.16839080534061823,0.0016091953770353876,8.620689462484985e-05,19.946568917782827,34.791206025186625,7.1243304163217545,7.550574714917389,0.17499999947118006,0.0035201148183523923,0.00011494252616646646,19.255094976860217,34.37534390167258,7.149066085788025,0,0.0,8.0,21.0,0.263,1,0.99900794,0.0,0.0,0.0009920635,0.999,0.0,0.0,0.001,0.0,1,0.8660254037844386,0.5000000000000001,0.0,0.0
UT,AMF,2024-02-01,2024,2,21,1245.0,0.6,326,8397.0,4.06,617,2068,0.1576,0.2984,208,2284,1,2284.0,0,31,22408.09,33103.8,55511.89,43.03846153846154,21.53846153846154,21.5,16,48.0,25.75,22.25,11060.8,10727.0,21787.8,1.0,0.037037037037037035,496.0,0.43429448190325176,0.1,7.762977176527867,0.1790229899102244,0.001910919526955862,0.0,18.63424655966375,34.2796542658203,7.414988690751723,7.71931898788731,0.18132184042284885,0.004827586088286734,0.0,18.541795207508677,34.77206808020328,7.339074735840161,0,0.0,8.0,21.0,0.263,1,1.0,0.0,0.0,0.0,1.0,0.0,0.0,0.0,0.0,1,0.8660254037844386,0.5000000000000001,0.0,0.0
UT,UTVR,2024-02-01,2024,2,1,2128.0,0.38,606,9028.0,1.63,403,5544,0.1093,0.0727,148,5836,1,5836.0,0,31,22408.09,33103.8,55511.89,43.03846153846154,21.53846153846154,21.5,6,7.333333333333333,3.6666666666666665,3.6666666666666665,9450.0,9347.0,18797.0,1.0,0.047619047619047616,186.0,0.9102392266268373,0.3333333333333333,7.762977176527867,0.1790229899102244,0.001910919526955862,0.0,18.63424655966375,34.2796542658203,7.414988690751723,7.801976939470603,0.1790229899102244,0.001910919526955862,0.0,18.63424655966375,34.2796542658203,7.453988500367636,0,0.0,8.0,21.0,0.263,0,0.0,0.0,0.0,0.0,0.0,0.0,0.0,0.0,1.0,1,0.8660254037844386,0.5000000000000001,0.0,0.0
UT,UTO,2024-02-01,2024,2,3,1539.0,0.42,547,3750.0,1.03,107,3641,0.1502,0.0294,154,3762,1,3762.0,0,31,22408.09,33103.8,55511.89,43.03846153846154,21.53846153846154,21.5,8,18.266666666666666,8.6,9.666666666666666,7554.29,3763.0,11317.29,1.0,0.043478260869565216,248.0,0.7213475204444817,0.25,7.762977176527867,0.1790229899102244,0.001910919526955862,0.0,18.63424655966375,34.2796542658203,7.414988690751723,7.805956917547289,0.17298850681547118,0.0006034482998409491,0.0,18.6974703446887,35.08086110052021,7.493097733834694,0,0.0,8.0,21.0,0.263,0,0.0,0.0,0.0,0.03076078,0.0,0.0,0.0,0.031,0.969,1,0.8660254037844386,0.5000000000000001,0.0,0.0
ZDK,ZD,2024-01-01,2024,1,3,717.0,0.7,367,2113.0,2.06,396,1026,0.3577,0.386,3,932,1,932.0,0,4,1858.0,1857.0,3715.0,13.0,6.5,6.5,11,25.866666666666667,12.2,13.666666666666666,8072.0,7932.0,16004.0,0.0,0.0,44.0,0.0,0.0,3.9488952346096036,0.08669354894789316,0.005080645253020589,0.0,19.396668416518036,33.946934637843924,2.839755399222736,3.892174805189052,0.08938172116114568,0.006962365540926174,0.0,18.942104511804157,33.40887008046591,2.8148898057669642,1,0.0323,8.0,22.0,0.263,1,0.031189084,0.0,0.0,0.0,0.031,0.0,0.0,0.0,0.969,1,0.49999999999999994,0.8660254037844387,0.0,1.0
ASB,ASD,2024-01-01,2024,1,10,143.0,2.23,46,545.0,8.52,52,64,0.7188,0.8125,3,64,1,64.0,0,16,7750.59,7360.0,15110.59,27.5,14.375,13.125,22,37.45,19.2,18.25,10612.78,19113.33,29726.11,5.0,0.2777777777777778,352.0,2.242267606976445,0.5415204678362573,3.7169301406610558,0.09247311911675879,0.004139784993904252,0.0,19.63019658833422,34.01661194011729,2.877682793670164,3.8271746891801075,0.08938172116114568,0.006962365540926174,0.0,18.942104511804157,33.40887008046591,2.7498897453920255,1,0.0323,8.0,22.0,0.263,1,1.0,0.0,0.0,0.0,1.0,0.0,0.0,0.0,0.0,1,0.49999999999999994,0.8660254037844387,0.0,1.0
SGN,HWD,2024-01-01,2024,1,14,1435.0,1.15,584,8298.0,6.64,743,1249,0.4676,0.5949,35,855,1,855.0,0,4,1704.0,2022.0,3726.0,23.0,11.5,11.5,6,17.333333333333332,8.666666666666666,8.666666666666666,3109.0,3109.0,6218.0,0.0,0.0,24.0,0.0,0.0,4.16625281717498,0.10174731231264529,0.0047983870971747625,0.0,19.63265979049667,34.53193454204067,3.302341491745044,4.201919437961913,0.09973118351071432,0.0028225806772067983,0.0,19.884610403289077,34.89774095243023,3.8374032535269778,1,0.0323,8.0,22.0,0.263,1,0.97518015,0.0,0.0,0.0,0.975,0.0,0.0,0.0,0.025,1,0.49999999999999994,0.8660254037844387,0.0,1.0
UTZL,MAS,2024-02-01,2024,2,5,598.0,0.44,226,3722.0,2.72,309,1366,0.1654,0.2262,0,1458,1,1458.0,0,6,2908.0,2726.0,5634.0,22.666666666666668,11.333333333333334,11.333333333333334,4,10.0,5.0,5.0,2922.0,1782.0,4704.0,0.0,0.0,24.0,0.0,0.0,7.799456702866431,0.17298850681547118,0.0006034482998409491,0.0,18.6974703446887,35.08086110052021,7.486597507849507,7.871879496194166,0.17255747165188365,0.0007040230022079643,0.0,19.6793867185198,34.59982663461532,7.513761722493446,0,0.0,8.0,21.0,0.263,0,0.0,0.0,0.0,0.0,0.0,0.0,0.0,0.0,1.0,1,0.8660254037844386,0.5000000000000001,0.0,0.0
RSW,GVMW,2024-02-01,2024,2,2,1494.0,0.82,427,4691.0,2.58,500,1816,0.2351,0.2753,1,1892,1,1892.0,0,4,3805.0,3805.0,7610.0,7.0,3.5,3.5,4,3.0,1.5,1.5,3805.0,3805.0,7610.0,0.0,0.0,16.0,0.0,0.0,7.996551722502229,0.19123563177926445,0.002614942518458969,0.0,21.263657430122638,38.63741283101597,7.7737787246018994,7.996551722502229,0.19123563177926445,0.002614942518458969,0.0,21.263657430122638,38.63741283101597,7.7737787246018994,0,0.0,8.0,21.0,0.263,1,0.0,0.0,0.0,0.0,0.0,0.0,0.0,0.0,1.0,1,0.8660254037844386,0.5000000000000001,0.0,0.0
UTG,CAS,2024-02-01,2024,2,4,1021.0,0.88,411,3005.0,2.59,285,1158,0.3549,0.2461,28,1209,1,1209.0,0,6,2441.0,3888.0,6329.0,8.0,4.0,4.0,10,25.2,12.6,12.6,5820.0,5396.83,11216.83,0.0,0.0,60.0,0.0,0.0,7.658261490134715,0.1981321859077133,0.001106321843790597,0.0,22.700928221317543,39.04137821375639,7.3362068867888945,7.658261490134715,0.1981321859077133,0.001106321843790597,0.0,22.700928221317543,39.04137821375639,7.3362068867888945,0,0.0,8.0,21.0,0.263,0,0.027633851,0.0,0.0,0.00086355786,0.028,0.0,0.0,0.001,0.971,1,0.8660254037844386,0.5000000000000001,0.0,0.0
HMH,HMBV,2024-02-01,2024,2,2,1364.0,1.49,511,3145.0,3.43,547,917,0.5573,0.5965,0,928,1,928.0,0,4,1848.0,1849.0,3697.0,3.0,1.5,1.5,4,12.0,6.0,6.0,1849.0,1819.0,3668.0,0.0,0.0,16.0,0.0,0.0,7.797083423612104,0.1745689662879911,0.0,0.0,17.15544297332051,32.564481927060534,7.409798884700084,7.837643670721044,0.17500000098056492,0.0,0.0,16.91680568298218,32.585688721174485,7.447270116586795,0,0.0,8.0,21.0,0.263,1,0.0010905125,0.0,0.0,0.0,0.001,0.0,0.0,0.0,0.999,1,0.8660254037844386,0.5000000000000001,0.0,0.0
VS,MDB,2024-02-01,2024,2,6,105.0,0.3,39,2640.0,7.59,85,348,0.1121,0.2443,12,301,1,301.0,0,2,0.0,1473.0,1473.0,3.5,0.0,3.5,7,17.833333333333336,8.5,9.333333333333334,2919.0,2624.0,5543.0,1.0,0.2,14.0,1.4426950408889634,0.5,8.210244143146207,0.17083333443379264,0.00010057471307187245,0.0,19.18658113411103,34.741550822367614,7.738189591758553,8.296298929158299,0.18290229930660162,0.0010057471307187245,0.0,22.884678865301197,42.08844723920713,8.039546028635968,0,0.0,8.0,21.0,0.263,0,1.0,0.0,0.0,0.0,1.0,0.0,0.0,0.0,0.0,1,0.8660254037844386,0.5000000000000001,0.0,0.0
AMRI,AML,2024-02-01,2024,2,2,197.0,1.04,56,253.0,1.34,58,189,0.2963,0.3069,0,206,1,206.0,0,4,387.0,387.0,774.0,9.0,4.5,4.5,8,30.0,15.0,15.0,2713.0,3491.0,6204.0,0.0,0.0,32.0,0.0,0.0,7.396014304039465,0.1665229887926373,0.0008045976938701224,0.0,17.75485605720816,32.99327502168458,6.9690747183972395,7.402514363521303,0.1665229887926373,0.0008045976938701224,8.620689462484985e-05,17.75485605720816,32.99327502168458,6.975574708361735,0,0.0,8.0,21.0,0.263,1,0.0,0.0,0.0,0.0,0.0,0.0,0.0,0.0,1.0,1,0.8660254037844386,0.5000000000000001,0.0,0.0
GS,ARN,2024-02-01,2024,2,15,2204.0,1.96,622,7804.0,6.94,752,1125,0.5529,0.6684,10,1152,1,1152.0,0,9,2919.0,2919.33,5838.33,36.4,19.0,17.4,4,19.0,9.5,9.5,2324.0,2324.0,4648.0,1.0,0.16666666666666666,36.0,0.7213475204444817,0.25,8.207620680332184,0.1714080465614967,0.0002011494261437449,0.0,22.437986214955647,39.28861959912311,7.911931003647289,8.26400862933918,0.16724138029305072,0.0012068965247478977,0.0,20.487850722910345,36.769136882376394,7.892169552287836,0,0.0,8.0,21.0,0.263,1,0.6986667,0.0,0.0,0.0017777778,0.699,0.0,0.0,0.002,0.299,1,0.8660254037844386,0.5000000000000001,0.0,0.0
KLP,DB,2024-01-01,2024,1,22,186.0,0.71,73,1548.0,5.89,107,263,0.2776,0.4068,0,335,1,335.0,0,6,2411.0,2362.0,4773.0,42.0,21.0,21.0,10,30.0,15.0,15.0,4494.0,4696.0,9190.0,2.0,0.3333333333333333,60.0,0.9609582064547204,0.25263157894736843,3.3267312269127096,0.09193548511072833,0.004892473129094929,0.0026344085432669167,17.877992964559986,33.122902318995486,3.3504543316510498,3.550760696201475,0.0912634415592077,0.007903225930227388,0.0019892472673648147,18.645406234328465,34.88370886925728,3.6739462164821486,1,0.0323,8.0,22.0,0.263,1,1.0,0.0,0.0,0.0,1.0,0.0,0.0,0.0,0.0,1,0.49999999999999994,0.8660254037844387,0.0,1.0
WDN,RSN,2024-01-01,2024,1,8,617.0,0.63,240,1906.0,1.93,276,986,0.2434,0.2799,3,925,1,925.0,0,4,1832.0,1078.0,2910.0,13.0,6.5,6.5,5,21.166666666666664,7.5,13.666666666666666,1832.0,1865.0,3697.0,0.0,0.0,20.0,0.0,0.0,3.124231242359446,0.10241935555372507,0.0013172043166974538,0.0017204300690722722,18.123256162770332,33.35564434047668,3.1681828146039317,3.1918789295064065,0.10026881828783982,0.004704300995155048,0.0017473117889015264,18.48914554362656,34.38919261706773,3.2162068975333287,1,0.0323,8.0,22.0,0.263,1,0.0010141988,0.0,0.0,0.0,0.001,0.0,0.0,0.0,0.999,1,0.49999999999999994,0.8660254037844387,0.0,1.0
CAS,BV,2024-01-01,2024,1,10,133.0,19.0,7,210.0,30.0,7,7,1.0,1.0,0,7,6,1.17,0,10,5530.0,5173.17,10703.17,22.6,12.6,10.0,8,24.25,10.75,13.5,2315.84,2315.84,4631.68,1.0,0.09090909090909091,80.0,0.9102392266268373,0.3333333333333333,4.572043021239581,0.09556451626121998,0.006491935561581325,0.0,23.706434238021092,40.421127988446145,4.160080645949409,4.511021501049199,0.09946236614218001,0.0034811828205341933,0.0,23.045490062124628,39.68370856200495,4.168212362720321,1,0.0323,8.0,22.0,0.263,1,1.0,0.0,0.0,0.0,1.0,0.0,0.0,0.0,0.0,1,0.49999999999999994,0.8660254037844387,0.0,1.0
CAS,UTG,2024-01-01,2024,1,4,1372.0,1.11,552,3913.0,3.16,602,1238,0.4459,0.4863,0,1217,1,1217.0,0,10,5530.0,5173.17,10703.17,22.6,12.6,10.0,6,8.0,4.0,4.0,2418.0,3826.0,6244.0,0.0,0.0,60.0,0.0,0.0,4.572043021239581,0.09556451626121998,0.006491935561581325,0.0,23.706434238021092,40.421127988446145,4.160080645949409,4.572043021239581,0.09556451626121998,0.006491935561581325,0.0,23.706434238021092,40.421127988446145,4.160080645949409,1,0.0323,8.0,22.0,0.263,1,0.00080775446,0.0,0.0,0.0,0.001,0.0,0.0,0.0,0.999,1,0.49999999999999994,0.8660254037844387,0.0,1.0
MP,ASN,2024-01-01,2024,1,50,53.0,5.3,5,360.0,36.0,9,10,0.5,0.9,1,4,1,4.0,0,7,6085.0,4943.0,11028.0,48.66666666666667,20.666666666666668,28.0,8,77.46666666666667,38.8,38.666666666666664,4340.0,3356.0,7696.0,1.0,0.125,56.0,0.45511961331341866,0.1111111111111111,3.33071236728981,0.10672043094671863,0.0030107527310329098,0.0035618278773761887,19.336175351613953,35.2519345706509,3.1930107548382254,3.142405908479686,0.09973118335048678,0.004139785023946916,0.0030645160605349848,19.35425455960375,35.12177325128227,2.934341391022768,1,0.0323,8.0,22.0,0.263,1,1.0,0.0,0.0,0.0,1.0,0.0,0.0,0.0,0.0,1,0.49999999999999994,0.8660254037844387,0.0,1.0
ASB,WD,2024-01-01,2024,1,36,50.0,0.75,17,127.0,1.9,31,67,0.2537,0.4627,3,0,12,0.0,1,16,7750.59,7360.0,15110.59,27.5,14.375,13.125,14,34.285714285714285,17.142857142857142,17.142857142857142,9195.25,9202.84,18398.09,1.0,0.06666666666666667,224.0,0.3396232718951086,0.05263157894736842,3.7169301406610558,0.09247311911675879,0.004139784993904252,0.0,19.63019658833422,34.01661194011729,2.877682793670164,3.667518868917219,0.08669354911813493,0.006868279639190884,0.0016666666294137638,19.06403665645148,33.3624184868669,3.6609328216572683,1,0.0323,8.0,22.0,0.263,1,1.0,0.0,0.0,0.0,1.0,0.0,0.0,0.0,0.0,1,0.49999999999999994,0.8660254037844387,0.0,1.0
ASB,ASDZ,2024-01-01,2024,1,6,1668.0,1.09,621,14114.0,9.19,960,1535,0.4046,0.6254,17,1639,1,1639.0,0,16,7750.59,7360.0,15110.59,27.5,14.375,13.125,12,26.333333333333332,13.166666666666666,13.166666666666666,10250.0,9102.25,19352.25,3.0,0.25,192.0,1.344533708530089,0.3222222222222222,3.7169301406610558,0.09247311911675879,0.004139784993904252,0.0,19.63019658833422,34.01661194011729,2.877682793670164,4.012314472407583,0.09099462491169732,0.00611559144391488,0.0,19.258847246527353,35.33419259517424,3.6768306135300106,1,0.0323,8.0,22.0,0.263,1,0.99869704,0.0,0.0,0.0013029316,0.999,0.0,0.0,0.001,0.0,1,0.49999999999999994,0.8660254037844387,0.0,1.0
HIL,VH,2024-02-01,2024,2,10,1051.0,1.02,509,1585.0,1.54,525,1026,0.4961,0.5117,0,1110,1,1110.0,0,4,2265.0,2265.0,4530.0,17.0,8.5,8.5,4,18.0,9.0,9.0,2265.0,1710.0,3975.0,0.0,0.0,16.0,0.0,0.0,7.6542730214952055,0.1955459776238121,0.0021120690494433217,0.0,26.074302640111966,34.696550733741674,6.663252609899675,7.930281537574255,0.19870689765004249,0.0007040229915031072,0.0,20.98250385228245,37.80413692915577,7.570727006799873,0,0.0,8.0,21.0,0.263,1,0.0,0.0,0.0,0.0,0.0,0.0,0.0,0.0,1.0,1,0.8660254037844386,0.5000000000000001,0.0,0.0
UTG,KMA,2024-02-01,2024,2,5,1056.0,0.72,367,7648.0,5.18,262,1476,0.2486,0.1775,104,1487,1,1487.0,0,6,2441.0,3888.0,6329.0,8.0,4.0,4.0,4,7.0,3.5,3.5,2979.0,1536.0,4515.0,0.0,0.0,24.0,0.0,0.0,7.658261490134715,0.1981321859077133,0.001106321843790597,0.0,22.700928221317543,39.04137821375639,7.3362068867888945,7.702798596294276,0.20014367976236616,0.0005028735653593622,0.0,22.140228504207972,38.44344732268103,7.397913594184251,0,0.0,8.0,21.0,0.263,0,0.0027100272,0.0,0.0,0.0,0.003,0.0,0.0,0.0,0.997,1,0.8660254037844386,0.5000000000000001,0.0,0.0
GS,MDB,2024-02-01,2024,2,19,872.0,2.53,243,3071.0,8.93,288,344,0.7064,0.8372,6,295,1,295.0,0,9,2919.0,2919.33,5838.33,36.4,19.0,17.4,7,17.833333333333336,8.5,9.333333333333334,2919.0,2624.0,5543.0,1.0,0.125,63.0,1.4426950408889634,0.5,8.207620680332184,0.1714080465614967,0.0002011494261437449,0.0,22.437986214955647,39.28861959912311,7.911931003647289,8.296298929158299,0.18290229930660162,0.0010057471307187245,0.0,22.884678865301197,42.08844723920713,8.039546028635968,0,0.0,8.0,21.0,0.263,1,1.0,0.0,0.0,0.0,1.0,0.0,0.0,0.0,0.0,1,0.8660254037844386,0.5000000000000001,0.0,0.0
TB,OT,2024-02-01,2024,2,8,1188.0,1.27,369,3174.0,3.38,472,939,0.393,0.5027,40,950,1,950.0,0,9,9337.0,6703.0,16040.0,30.8,17.8,13.0,4,17.0,8.5,8.5,1903.0,1903.0,3806.0,0.0,0.0,36.0,0.0,0.0,7.918002760150181,0.19885057607001957,0.0005028735653593622,0.0,18.36264716688244,34.79275769269329,7.545229848088889,7.934735552097361,0.19324712689709048,0.00010057471307187245,0.0,18.4745513745423,33.693102528309,7.505928145400409,0,0.0,8.0,21.0,0.263,1,0.0,0.0,0.0,0.0,0.0,0.0,0.0,0.0,1.0,1,0.8660254037844386,0.5000000000000001,0.0,0.0
UTG,HK,2024-02-01,2024,2,3,599.0,0.53,283,3379.0,3.0,495,1128,0.2509,0.4388,22,1192,1,1192.0,0,6,2441.0,3888.0,6329.0,8.0,4.0,4.0,4,6.0,3.0,3.0,2346.0,2346.0,4692.0,0.0,0.0,24.0,0.0,0.0,7.658261490134715,0.1981321859077133,0.001106321843790597,0.0,22.700928221317543,39.04137821375639,7.3362068867888945,7.69629889409775,0.20014367976236616,0.0005028735653593622,0.0,22.140228504207972,38.44344732268103,7.391413785774132,0,0.0,8.0,21.0,0.263,1,0.0,0.0,0.0,0.0,0.0,0.0,0.0,0.0,1.0,1,0.8660254037844386,0.5000000000000001,0.0,0.0
ZP,BMN,2024-02-01,2024,2,7,310.0,0.33,100,1014.0,1.08,37,940,0.1064,0.0394,4,993,1,993.0,0,6,2379.0,3383.0,5762.0,24.0,12.0,12.0,4,13.0,6.5,6.5,1993.0,1020.0,3013.0,1.0,0.25,24.0,0.7213475204444817,0.25,7.615468499261415,0.17557471388972354,0.001206896535452755,0.0,18.26987829239204,33.55913704839246,7.183500065029352,7.585655276759945,0.1775862075945084,0.00010057471307187245,0.0,18.05234090589929,32.44344738434101,7.261589137644603,0,0.0,8.0,21.0,0.263,0,0.05531915,0.0,0.0,0.0,0.055,0.0,0.0,0.0,0.945,1,0.8660254037844386,0.5000000000000001,0.0,0.0
GS,KRG,2024-02-01,2024,2,11,0.0,0.0,0,150.0,30.0,5,5,0.0,1.0,0,6,18,0.33,0,9,2919.0,2919.33,5838.33,36.4,19.0,17.4,6,21.0,8.0,13.0,2322.33,2323.88,4646.21,2.0,0.2857142857142857,54.0,2.164042561333445,0.75,8.207620680332184,0.1714080465614967,0.0002011494261437449,0.0,22.437986214955647,39.28861959912311,7.911931003647289,8.227120626931903,0.1714080465614967,0.0002011494261437449,0.0,22.437986214955647,39.28861959912311,7.931430994436659,0,0.0,8.0,21.0,0.263,1,1.0,0.0,0.0,0.0,1.0,0.0,0.0,0.0,0.0,1,0.8660254037844386,0.5000000000000001,0.0,0.0
GN,ASN,2024-01-01,2024,1,28,369.0,0.33,134,6750.0,6.02,212,1122,0.1194,0.1889,57,1068,1,1068.0,0,2,0.0,2291.0,2291.0,15.0,0.0,15.0,8,77.46666666666667,38.8,38.666666666666664,4340.0,3356.0,7696.0,0.0,0.0,16.0,0.0,0.0,3.343142560242565,0.09462365608221741,0.005645161324370933,0.0037096773364370867,20.363238953774975,37.12306345278217,3.194285018589868,3.142405908479686,0.09973118335048678,0.004139785023946916,0.0030645160605349848,19.35425455960375,35.12177325128227,2.934341391022768,1,0.0323,8.0,22.0,0.263,0,1.0,0.0,0.0,0.0,1.0,0.0,0.0,0.0,0.0,1,0.49999999999999994,0.8660254037844387,0.0,1.0
BHV,DLD,2024-01-01,2024,1,3,1214.0,0.61,453,3838.0,1.94,507,1974,0.2295,0.2568,0,1926,1,1926.0,0,4,3912.0,3903.0,7815.0,9.0,4.5,4.5,6,12.0,6.0,6.0,3912.0,3911.0,7823.0,0.0,0.0,24.0,0.0,0.0,3.5138145792047664,0.08508064558789614,0.00818548389580301,0.0017607526488161536,18.402671900327487,34.064515234962585,3.028061871196554,3.4801452298929054,0.08306451683603627,0.006962365580983059,0.0017607526488161536,18.494562417909663,34.376128144802585,3.4536667090630337,1,0.0323,8.0,22.0,0.263,0,0.0,0.0,0.0,0.0,0.0,0.0,0.0,0.0,1.0,1,0.49999999999999994,0.8660254037844387,0.0,1.0
ASDL,ASS,2024-01-01,2024,1,3,2685.0,1.58,918,7460.0,4.4,1030,1697,0.541,0.607,2,2131,1,2131.0,0,4,4303.0,4232.0,8535.0,15.0,7.5,7.5,17,28.51388888888889,13.625,14.88888888888889,21638.0,16571.67,38209.67,1.0,0.1,68.0,0.45511961331341866,0.1111111111111111,4.018814611258686,0.09099462491169732,0.00611559144391488,0.0,19.258847246527353,35.33419259517424,3.6833307303798697,3.833674811407603,0.08938172116114568,0.006962365540926174,0.0,18.942104511804157,33.40887008046591,2.7563898463993866,1,0.0323,8.0,22.0,0.263,1,0.0011785504,0.0,0.0,0.0005892752,0.001,0.0,0.0,0.001,0.998,1,0.49999999999999994,0.8660254037844387,0.0,1.0
EHV,TB,2024-01-01,2024,1,37,704.0,0.61,224,6000.0,5.17,178,1160,0.1931,0.1534,86,1183,1,1183.0,0,13,8328.0,10922.0,19250.0,33.14285714285714,15.0,18.142857142857142,9,30.8,17.8,13.0,8799.0,6550.0,15349.0,1.0,0.09090909090909091,117.0,0.5138983423697507,0.14285714285714285,3.309844106450797,0.0779569896578949,0.0052688172267329305,0.005161290207216816,16.5179996062671,32.13725709915161,3.4345752604465973,3.4484139942584098,0.07876344158324183,0.007809139688008575,0.0013978494311212212,18.121215117874964,34.0316119777259,3.5189113087691766,1,0.0323,8.0,22.0,0.263,0,0.5844827,0.41551724,0.0,0.0,0.584,0.416,0.0,0.0,0.0,1,0.49999999999999994,0.8660254037844387,0.0,1.0
ASHD,ASB,2024-01-01,2024,1,1,952.0,0.64,248,5918.0,3.99,367,1484,0.1671,0.2473,0,1557,1,1557.0,0,4,3075.0,3085.0,6160.0,5.0,2.5,2.5,16,27.5,14.375,13.125,7750.59,7360.0,15110.59,0.0,0.0,64.0,0.0,0.0,3.68627967827663,0.09180107608597765,0.0056451613043424905,0.00017473117889015266,19.08350794081406,32.91870880126953,2.8903119244227207,3.7169301406610558,0.09247311911675879,0.004139784993904252,0.0,19.63019658833422,34.01661194011729,2.877682793670164,1,0.0323,8.0,22.0,0.263,0,0.0,0.0,0.0,0.0,0.0,0.0,0.0,0.0,1.0,1,0.49999999999999994,0.8660254037844387,0.0,1.0
BHV,UTO,2024-01-01,2024,1,6,1842.0,0.91,703,4507.0,2.23,759,2018,0.3484,0.3761,1,1977,1,1977.0,0,4,3912.0,3903.0,7815.0,9.0,4.5,4.5,7,17.666666666666664,8.0,9.666666666666666,7213.0,3587.0,10800.0,0.0,0.0,28.0,0.0,0.0,3.5138145792047664,0.08508064558789614,0.00818548389580301,0.0017607526488161536,18.402671900327487,34.064515234962585,3.028061871196554,3.5528145317809394,0.08508064558789614,0.00818548389580301,0.0017338709289868993,18.402671900327487,34.064515234962585,3.0670618518526034,1,0.0323,8.0,22.0,0.263,1,0.0,0.0,0.0,0.0,0.0,0.0,0.0,0.0,1.0,1,0.49999999999999994,0.8660254037844387,0.0,1.0
SSH,NVP,2024-01-01,2024,1,11,831.0,0.59,300,4921.0,3.47,406,1417,0.2117,0.2865,1,1462,1,1462.0,0,4,2942.0,2571.0,5513.0,19.0,9.5,9.5,4,16.0,8.0,8.0,2942.0,2942.0,5884.0,0.0,0.0,16.0,0.0,0.0,4.4227527760880525,0.09448924850952882,0.004327956997659257,0.0,21.347878975893863,37.95628927728181,4.1267849904465015,4.300518774690347,0.09395161305143628,0.005739247346276878,0.0,19.86048964106588,35.91628940259257,4.092655849635541,1,0.0323,8.0,22.0,0.263,1,0.0014114326,0.0,0.0,0.0,0.001,0.0,0.0,0.0,0.999,1,0.49999999999999994,0.8660254037844387,0.0,1.0
OW,RS,2024-01-01,2024,1,11,2937.0,2.48,838,8959.0,7.57,953,1183,0.7084,0.8056,18,1121,1,1121.0,0,4,2205.0,2205.0,4410.0,12.0,6.0,6.0,4,17.0,8.5,8.5,2205.0,2205.0,4410.0,0.0,0.0,16.0,0.0,0.0,3.388825238547138,0.08077957016485994,0.005739247286191551,0.002110215006596459,18.719984260618045,33.91596685942783,3.5881531772338935,3.443634432517693,0.08427419376269144,0.006774193477085842,0.0018279569483892891,18.185909268997047,33.61983766927514,3.725825328051904,1,0.0323,8.0,22.0,0.263,1,0.0,0.0,0.0,0.0,0.0,0.0,0.0,0.0,1.0,1,0.49999999999999994,0.8660254037844387,0.0,1.0
DDZD,ZLW,2024-01-01,2024,1,14,1690.0,0.82,735,9268.0,4.5,914,2060,0.3568,0.4437,2,1991,1,1991.0,0,4,3984.0,2186.0,6170.0,15.0,7.5,7.5,10,28.0,14.0,14.0,4104.0,4103.0,8207.0,1.0,0.16666666666666666,40.0,0.5138983423697507,0.14285714285714285,3.8357715327267643,0.08481182868001602,0.0033870967285286996,0.0005645161164143394,19.167625067054583,34.48499909459904,3.8298575708602547,3.772502806272999,0.08172043068434602,0.004045698982012528,0.001290322551804204,18.885062604501684,33.66338620262761,3.669075362379312,1,0.0323,8.0,22.0,0.263,1,0.010679612,0.0,0.0,0.0,0.011,0.0,0.0,0.0,0.989,1,0.49999999999999994,0.8660254037844387,0.0,1.0
AMF,ZL,2024-02-01,2024,2,66,961.0,1.04,297,4353.0,4.72,281,923,0.3218,0.3044,31,1160,1,1160.0,0,16,11060.8,10727.0,21787.8,48.0,25.75,22.25,16,96.0,52.0,44.0,6412.71,10156.14,16568.85,0.0,0.0,256.0,0.0,0.0,7.71931898788731,0.18132184042284885,0.004827586088286734,0.0,18.541795207508677,34.77206808020328,7.339074735840161,7.550574714917389,0.17499999947118006,0.0035201148183523923,0.00011494252616646646,19.255094976860217,34.37534390167258,7.149066085788025,0,0.0,8.0,21.0,0.263,1,1.0,0.0,0.0,0.0,1.0,0.0,0.0,0.0,0.0,1,0.8660254037844386,0.5000000000000001,0.0,0.0
BR,HRT,2024-02-01,2024,2,10,1725.0,1.58,431,7277.0,6.66,570,1092,0.3947,0.522,6,1192,1,1192.0,0,3,2735.0,1192.0,3927.0,16.0,6.0,10.0,4,28.0,14.0,14.0,2851.0,2777.0,5628.0,0.0,0.0,12.0,0.0,0.0,7.890425084180188,0.15215517342861357,0.00030172414992047454,0.0,16.97270739489588,32.34155085717124,7.534749849431816,7.791882172558757,0.1645114952163107,0.00010057471307187245,0.0,16.82326145504398,32.67206805601887,7.404094831183039,0,0.0,8.0,21.0,0.263,1,1.0,0.0,0.0,0.0,1.0,0.0,0.0,0.0,0.0,1,0.8660254037844386,0.5000000000000001,0.0,0.0
NKK,HD,2024-02-01,2024,2,16,67.0,2.48,11,67.0,2.48,11,27,0.4074,0.4074,0,30,1,30.0,0,6,2255.0,2255.0,4510.0,17.0,7.666666666666667,9.333333333333334,6,29.0,10.666666666666666,18.333333333333332,2246.0,2253.0,4499.0,0.0,0.0,36.0,0.0,0.0,7.67747981364614,0.19195402402901787,0.007744252649617606,0.0,18.23156771029549,32.86034394680769,7.223528722750729,7.663275649492768,0.18376436967659612,0.005431034345308255,0.0,18.169869412036462,33.52551630447651,7.179798691779718,0,0.0,8.0,21.0,0.263,1,1.0,0.0,0.0,0.0,1.0,0.0,0.0,0.0,0.0,1,0.8660254037844386,0.5000000000000001,0.0,0.0
BD,TB,2024-02-01,2024,2,21,6476.0,2.47,1354,19711.0,7.51,1481,2623,0.5162,0.5646,662,2766,1,2766.0,0,12,7310.0,8030.0,15340.0,42.333333333333336,21.166666666666668,21.166666666666668,9,30.8,17.8,13.0,9337.0,6703.0,16040.0,0.0,0.0,108.0,0.0,0.0,8.006818978265784,0.2110632192450522,0.001307471280639199,0.0,18.898025424230372,34.66241292295785,7.615727035136058,7.918002760150181,0.19885057607001957,0.0005028735653593622,0.0,18.36264716688244,34.79275769269329,7.545229848088889,0,0.0,8.0,21.0,0.263,1,0.65688145,0.34273732,0.0,0.00038124286,0.657,0.343,0.0,0.0,0.0,1,0.8660254037844386,0.5000000000000001,0.0,0.0
EHV,GP,2024-01-01,2024,1,6,894.0,0.99,245,2864.0,3.17,244,904,0.271,0.2699,82,885,1,885.0,0,13,8328.0,10922.0,19250.0,33.14285714285714,15.0,18.142857142857142,4,11.0,5.5,5.5,1778.0,1475.0,3253.0,0.0,0.0,52.0,0.0,0.0,3.309844106450797,0.0779569896578949,0.0052688172267329305,0.005161290207216816,16.5179996062671,32.13725709915161,3.4345752604465973,3.225344066858612,0.0779569896578949,0.0052688172267329305,0.005403225685680105,16.5179996062671,32.13725709915161,3.350075255258269,1,0.0323,8.0,22.0,0.263,1,0.0,0.0,0.0,0.0,0.0,0.0,0.0,0.0,1.0,1,0.49999999999999994,0.8660254037844387,0.0,1.0
SHL,LEDN,2024-01-01,2024,1,29,6350.0,2.37,1503,21014.0,7.86,1414,2675,0.5619,0.5286,928,2625,1,2625.0,0,16,14532.0,12421.0,26953.0,44.682539682539684,22.11111111111111,22.571428571428573,21,38.009090909090915,19.90909090909091,18.1,11970.0,12359.67,24329.67,2.0,0.10526315789473684,336.0,1.2891624083167885,0.40476190476190477,4.025314567881005,0.09099462491169732,0.00611559144391488,0.0,19.258847246527353,35.33419259517424,3.689830669231953,4.403252713507422,0.09448924850952882,0.004327956997659257,0.0,21.347878975893863,37.95628927728181,4.107284997124225,1,0.0323,8.0,22.0,0.263,1,1.0,0.0,0.0,0.0,1.0,0.0,0.0,0.0,0.0,1,0.49999999999999994,0.8660254037844387,0.0,1.0
EHV,EHS,2024-01-01,2024,1,1,1240.0,0.65,372,7304.0,3.85,788,1897,0.1961,0.4154,145,1832,1,1832.0,0,13,8328.0,10922.0,19250.0,33.14285714285714,15.0,18.142857142857142,4,10.0,5.0,5.0,3665.0,3272.0,6937.0,0.0,0.0,52.0,0.0,0.0,3.309844106450797,0.0779569896578949,0.0052688172267329305,0.005161290207216816,16.5179996062671,32.13725709915161,3.4345752604465973,3.2448441125878125,0.0779569896578949,0.0052688172267329305,0.003521505297632307,16.5179996062671,32.13725709915161,3.3695753184672927,1,0.0323,8.0,22.0,0.263,1,0.0,0.0,0.0,0.0,0.0,0.0,0.0,0.0,1.0,1,0.49999999999999994,0.8660254037844387,0.0,1.0
SHL,ASDL,2024-01-01,2024,1,12,2044.0,1.2,646,6851.0,4.04,794,1697,0.3807,0.4679,1349,2130,1,2130.0,0,16,14532.0,12421.0,26953.0,44.682539682539684,22.11111111111111,22.571428571428573,4,15.0,7.5,7.5,4303.0,4232.0,8535.0,1.0,0.1,64.0,0.45511961331341866,0.1111111111111111,4.025314567881005,0.09099462491169732,0.00611559144391488,0.0,19.258847246527353,35.33419259517424,3.689830669231953,4.018814611258686,0.09099462491169732,0.00611559144391488,0.0,19.258847246527353,35.33419259517424,3.6833307303798697,1,0.0323,8.0,22.0,0.263,1,0.0011785504,0.0,0.0,0.0005892752,0.001,0.0,0.0,0.001,0.998,1,0.49999999999999994,0.8660254037844387,0.0,1.0
SHL,ASD,2024-01-01,2024,1,19,116.0,1.1,24,943.0,8.98,50,105,0.2286,0.4762,89,112,1,112.0,0,16,14532.0,12421.0,26953.0,44.682539682539684,22.11111111111111,22.571428571428573,22,37.45,19.2,18.25,10612.78,19113.33,29726.11,4.0,0.21052631578947367,352.0,1.7935671779716698,0.4305555555555555,4.025314567881005,0.09099462491169732,0.00611559144391488,0.0,19.258847246527353,35.33419259517424,3.689830669231953,3.8271746891801075,0.08938172116114568,0.006962365540926174,0.0,18.942104511804157,33.40887008046591,2.7498897453920255,1,0.0323,8.0,22.0,0.263,1,1.0,0.0,0.0,0.0,1.0,0.0,0.0,0.0,0.0,1,0.49999999999999994,0.8660254037844387,0.0,1.0
BD,ETN,2024-02-01,2024,2,11,1194.0,1.0,262,6484.0,5.44,588,1192,0.2198,0.4933,38,1216,1,1216.0,0,12,7310.0,8030.0,15340.0,42.333333333333336,21.166666666666668,21.166666666666668,4,30.5,12.0,18.5,2411.0,1195.53,3606.5299999999997,0.0,0.0,48.0,0.0,0.0,8.006818978265784,0.2110632192450522,0.001307471280639199,0.0,18.898025424230372,34.66241292295785,7.615727035136058,7.98944538199589,0.20100574823760095,0.0015086207067829438,0.0,19.154430833270496,34.93965422353525,7.591528704454159,0,0.0,8.0,21.0,0.263,1,1.0,0.0,0.0,0.0,1.0,0.0,0.0,0.0,0.0,1,0.8660254037844386,0.5000000000000001,0.0,0.0
BD,DDR,2024-02-01,2024,2,30,23.0,0.26,10,89.0,1.0,15,89,0.1124,0.1685,2,20,1,20.0,0,12,7310.0,8030.0,15340.0,42.333333333333336,21.166666666666668,21.166666666666668,13,35.35714285714286,17.857142857142858,17.5,2610.0,7363.0,9973.0,1.0,0.08333333333333333,156.0,0.43429448190325176,0.1,8.006818978265784,0.2110632192450522,0.001307471280639199,0.0,18.898025424230372,34.66241292295785,7.615727035136058,8.03671291367761,0.17787356423107029,0.00010057471307187245,0.0,19.651632561423312,35.57172318573656,7.648638158694081,0,0.0,8.0,21.0,0.263,0,1.0,0.0,0.0,0.0,1.0,0.0,0.0,0.0,0.0,1,0.8660254037844386,0.5000000000000001,0.0,0.0
AMF,NKK,2024-02-01,2024,2,11,61.0,2.26,12,56.0,2.07,8,27,0.4444,0.2963,1,30,1,30.0,0,16,11060.8,10727.0,21787.8,48.0,25.75,22.25,6,17.0,7.666666666666667,9.333333333333334,2255.0,2255.0,4510.0,0.0,0.0,96.0,0.0,0.0,7.71931898788731,0.18132184042284885,0.004827586088286734,0.0,18.541795207508677,34.77206808020328,7.339074735840161,7.67747981364614,0.19195402402901787,0.007744252649617606,0.0,18.23156771029549,32.86034394680769,7.223528722750729,0,0.0,8.0,21.0,0.263,1,1.0,0.0,0.0,0.0,1.0,0.0,0.0,0.0,0.0,1,0.8660254037844386,0.5000000000000001,0.0,0.0
BD,BDPB,2024-02-01,2024,2,5,1473.0,1.35,305,7436.0,6.8,484,1093,0.279,0.4428,146,1153,1,1153.0,0,12,7310.0,8030.0,15340.0,42.333333333333336,21.166666666666668,21.166666666666668,4,15.0,7.5,7.5,2256.0,2226.0,4482.0,0.0,0.0,48.0,0.0,0.0,8.006818978265784,0.2110632192450522,0.001307471280639199,0.0,18.898025424230372,34.66241292295785,7.615727035136058,8.024103367594124,0.2024425294614215,0.0017097701329266887,0.0,18.94098461701952,35.62034386122364,7.663543095876431,0,0.0,8.0,21.0,0.263,1,0.0,0.0,0.0,0.0,0.0,0.0,0.0,0.0,1.0,1,0.8660254037844386,0.5000000000000001,0.0,0.0
BSMZ,HVSM,2024-01-01,2024,1,4,2157.0,1.21,713,6713.0,3.77,805,1779,0.4008,0.4525,1,1722,1,1722.0,0,4,3389.0,3389.0,6778.0,5.0,2.5,2.5,5,13.5,11.0,2.5,3405.0,3390.0,6795.0,0.0,0.0,20.0,0.0,0.0,3.582612937801988,0.09663978551504432,0.006397849419504725,0.001693548349243018,18.345179287897004,34.04322479168574,2.9330161967294752,3.5631128771741305,0.09663978551504432,0.006397849419504725,0.0017473117889015264,18.345179287897004,34.04322479168574,2.913516118751979,1,0.0323,8.0,22.0,0.263,1,0.0,0.0,0.0,0.0,0.0,0.0,0.0,0.0,1.0,1,0.49999999999999994,0.8660254037844387,0.0,1.0
HRT,DN,2024-01-01,2024,1,18,3056.0,2.48,787,13982.0,11.33,1001,1234,0.6378,0.8112,0,1166,1,1166.0,0,5,2641.0,2573.0,5214.0,27.333333333333336,13.333333333333334,14.0,6,23.333333333333332,11.666666666666666,11.666666666666666,2641.24,3530.0,6171.24,0.0,0.0,30.0,0.0,0.0,3.0846102179568864,0.07379032314945293,0.005268817266789815,0.007244623493984021,16.652747303247452,32.052095963749835,3.1620967814808973,3.0792930298184436,0.07876344141300007,0.00611559144391488,0.0047983869895218845,16.65598711099035,32.23209592924323,3.212626366285227,1,0.0323,8.0,22.0,0.263,1,0.9910859,0.0,0.0,0.0,0.991,0.0,0.0,0.0,0.009,1,0.49999999999999994,0.8660254037844387,0.0,1.0
ED,DB,2024-01-01,2024,1,29,988.0,1.06,394,4711.0,5.08,486,928,0.4246,0.5237,19,792,1,792.0,0,9,4108.0,4476.0,8584.0,44.1,23.5,20.6,10,30.0,15.0,15.0,4494.0,4696.0,9190.0,2.0,0.25,90.0,1.249862498521946,0.38596491228070173,3.2422312177437287,0.09193548511072833,0.004892473129094929,0.0028360214419863236,17.877992964559986,33.122902318995486,3.26595434445327,3.550760696201475,0.0912634415592077,0.007903225930227388,0.0019892472673648147,18.645406234328465,34.88370886925728,3.6739462164821486,1,0.0323,8.0,22.0,0.263,1,1.0,0.0,0.0,0.0,1.0,0.0,0.0,0.0,0.0,1,0.49999999999999994,0.8660254037844387,0.0,1.0
KRG,BGN,2024-02-01,2024,2,26,38.0,9.5,4,90.0,22.5,3,4,1.0,0.75,1,30,16,1.88,0,6,2322.33,2323.88,4646.21,21.0,8.0,13.0,7,45.0,23.0,22.0,2920.88,2645.0,5565.88,1.0,0.14285714285714285,42.0,0.6213349345596119,0.2,8.227120626931903,0.1714080465614967,0.0002011494261437449,0.0,22.437986214955647,39.28861959912311,7.931430994436659,8.032933720497244,0.20344827726654624,0.0011063218652003113,0.0,18.31537908521192,34.31482670841546,7.647660713771294,0,0.0,8.0,21.0,0.263,1,0.75,0.0,0.0,0.25,0.75,0.0,0.0,0.25,0.0,1,0.8660254037844386,0.5000000000000001,0.0,0.0
GVMW,GV,2024-02-01,2024,2,1,1396.0,0.77,377,4595.0,2.53,451,1816,0.2076,0.2483,1,1892,1,1892.0,0,4,3805.0,3805.0,7610.0,3.0,1.5,1.5,11,19.53333333333333,8.333333333333334,11.2,9990.0,7695.0,17685.0,0.0,0.0,44.0,0.0,0.0,7.996551722502229,0.19123563177926445,0.002614942518458969,0.0,21.263657430122638,38.63741283101597,7.7737787246018994,7.957551967534611,0.19123563177926445,0.002614942518458969,0.0,21.263657430122638,38.63741283101597,7.734778938964865,0,0.0,8.0,21.0,0.263,0,0.0,0.0,0.0,0.0,0.0,0.0,0.0,0.0,1.0,1,0.8660254037844386,0.5000000000000001,0.0,0.0
HDRZ,ANA,2024-02-01,2024,2,11,494.0,0.43,220,4489.0,3.89,324,1155,0.1905,0.2805,10,1253,1,1253.0,0,3,2448.0,1253.0,3701.0,17.0,6.0,11.0,4,20.0,10.0,10.0,2448.0,2448.0,4896.0,0.0,0.0,12.0,0.0,0.0,7.65664961985473,0.18520115018319125,0.0030172414563853166,0.0,23.435662244371642,42.770171074346564,7.408804806484573,7.669649380548247,0.18520115018319125,0.0030172414563853166,0.0,23.435662244371642,42.770171074346564,7.421804602118744,0,0.0,8.0,21.0,0.263,1,0.9748918,0.0,0.0,0.0,0.975,0.0,0.0,0.0,0.025,1,0.8660254037844386,0.5000000000000001,0.0,0.0
OTB,WF,2024-02-01,2024,2,4,471.0,0.62,204,771.0,1.01,209,760,0.2684,0.275,0,908,1,908.0,0,4,1798.0,912.0,2710.0,8.0,4.0,4.0,4,13.0,6.5,6.5,1798.0,894.6,2692.6,0.0,0.0,16.0,0.0,0.0,7.456888023913763,0.189224138566903,0.002614942625507541,0.0,17.70775881572359,33.651723258111666,7.147117930410922,7.495887802892375,0.189224138566903,0.002614942625507541,0.0,17.70775881572359,33.651723258111666,7.186117758867384,0,0.0,8.0,21.0,0.263,1,0.005263158,0.0,0.0,0.0,0.005,0.0,0.0,0.0,0.995,1,0.8660254037844386,0.5000000000000001,0.0,0.0
BSMZ,NDB,2024-01-01,2024,1,1,2784.0,1.57,898,6767.0,3.81,970,1774,0.5062,0.5468,1,1667,1,1667.0,0,4,3389.0,3389.0,6778.0,5.0,2.5,2.5,8,19.0,9.5,9.5,5471.0,5470.0,10941.0,0.0,0.0,32.0,0.0,0.0,3.582612937801988,0.09663978551504432,0.006397849419504725,0.001693548349243018,18.345179287897004,34.04322479168574,2.9330161967294752,3.6086127909616397,0.09663978551504432,0.006397849419504725,0.001693548349243018,18.345179287897004,34.04322479168574,2.9590160415948477,1,0.0323,8.0,22.0,0.263,1,0.0,0.0,0.0,0.0,0.0,0.0,0.0,0.0,1.0,1,0.49999999999999994,0.8660254037844387,0.0,1.0
ED,KLP,2024-01-01,2024,1,7,1304.0,1.07,562,6584.0,5.42,666,1214,0.4629,0.5486,32,1191,1,1191.0,0,9,4108.0,4476.0,8584.0,44.1,23.5,20.6,6,42.0,21.0,21.0,2411.0,2362.0,4773.0,2.0,0.3333333333333333,54.0,0.9609582064547204,0.25263157894736843,3.2422312177437287,0.09193548511072833,0.004892473129094929,0.0028360214419863236,17.877992964559986,33.122902318995486,3.26595434445327,3.3267312269127096,0.09193548511072833,0.004892473129094929,0.0026344085432669167,17.877992964559986,33.122902318995486,3.3504543316510498,1,0.0323,8.0,22.0,0.263,1,1.0,0.0,0.0,0.0,1.0,0.0,0.0,0.0,0.0,1,0.49999999999999994,0.8660254037844387,0.0,1.0
DB,BNK,2024-01-01,2024,1,4,724.0,0.54,276,3911.0,2.91,330,1346,0.2051,0.2452,3,1277,1,1277.0,0,10,4494.0,4696.0,9190.0,30.0,15.0,15.0,4,11.0,5.5,5.5,2535.0,2371.0,4906.0,0.0,0.0,40.0,0.0,0.0,3.550760696201475,0.0912634415592077,0.007903225930227388,0.0019892472673648147,18.645406234328465,34.88370886925728,3.6739462164821486,3.5809328284900714,0.08750000020228726,0.007338709728692168,0.0017607526488161536,18.468390858301554,33.6870959292176,3.6324113558712465,1,0.0323,8.0,22.0,0.263,0,0.00074294204,0.0,0.0,0.0,0.001,0.0,0.0,0.0,0.999,1,0.49999999999999994,0.8660254037844387,0.0,1.0
KRG,KBD,2024-02-01,2024,2,7,1613.0,1.41,621,8079.0,7.04,770,1147,0.5414,0.6713,14,1172,1,1172.0,0,6,2322.33,2323.88,4646.21,21.0,8.0,13.0,4,10.0,5.0,5.0,2324.0,2322.0,4646.0,0.0,0.0,24.0,0.0,0.0,8.227120626931903,0.1714080465614967,0.0002011494261437449,0.0,22.437986214955647,39.28861959912311,7.931430994436659,8.179529012619764,0.18548850641296855,0.001609195398445102,0.0,19.90323837803698,34.2393094630077,7.7403766632765185,0,0.0,8.0,21.0,0.263,1,0.72362685,0.0,0.0,0.0008718396,0.724,0.0,0.0,0.001,0.275,1,0.8660254037844386,0.5000000000000001,0.0,0.0
GVMW,RSW,2024-02-01,2024,2,2,931.0,0.51,437,4125.0,2.25,512,1837,0.2379,0.2787,2,1913,1,1913.0,0,4,3805.0,3805.0,7610.0,3.0,1.5,1.5,4,7.0,3.5,3.5,3805.0,3805.0,7610.0,0.0,0.0,16.0,0.0,0.0,7.996551722502229,0.19123563177926445,0.002614942518458969,0.0,21.263657430122638,38.63741283101597,7.7737787246018994,7.996551722502229,0.19123563177926445,0.002614942518458969,0.0,21.263657430122638,38.63741283101597,7.7737787246018994,0,0.0,8.0,21.0,0.263,1,0.0,0.0,0.0,0.0,0.0,0.0,0.0,0.0,1.0,1,0.8660254037844386,0.5000000000000001,0.0,0.0
HVSP,HOR,2024-02-01,2024,2,5,1069.0,0.93,483,4075.0,3.56,546,1144,0.4222,0.4773,1,1214,1,1214.0,0,7,3582.0,3501.0,7083.0,15.916666666666668,9.25,6.666666666666667,4,14.0,7.0,7.0,2434.0,2430.0,4864.0,1.0,0.2,28.0,0.6213349345596119,0.2,7.742206831524234,0.1785919552818797,0.0015086207067829438,0.0,18.387631229970648,34.61275764922986,7.405425264575015,7.729207087407189,0.1785919552818797,0.0015086207067829438,0.0,18.387631229970648,34.61275764922986,7.392425478532396,0,0.0,8.0,21.0,0.263,1,0.0,0.0,0.0,0.00087412586,0.0,0.0,0.0,0.001,0.999,1,0.8660254037844386,0.5000000000000001,0.0,0.0
ASA,DVD,2024-02-01,2024,2,2,1486.0,1.01,565,8338.0,5.65,757,1475,0.3831,0.5132,2,1523,1,1523.0,0,10,9207.0,9107.0,18314.0,18.8,9.4,9.4,15,20.482142857142858,11.625,8.857142857142858,7929.0,7864.0,15793.0,2.0,0.18181818181818182,150.0,0.7566556633193549,0.14354066985645933,7.763299092404202,0.185775863006711,0.0012068965782721837,0.0,19.652092345144556,34.550688718242206,7.390885255117526,7.7242987892247905,0.185775863006711,0.0012068965782721837,0.0,19.652092345144556,34.550688718242206,7.351884994013556,0,0.0,8.0,21.0,0.263,1,0.0,0.0,0.0,0.0,0.0,0.0,0.0,0.0,1.0,1,0.8660254037844386,0.5000000000000001,0.0,0.0
AMRN,AMR,2024-02-01,2024,2,1,1065.0,0.51,415,7310.0,3.52,586,2077,0.1998,0.2821,0,2216,1,2216.0,0,4,4467.0,4420.0,8887.0,7.0,3.5,3.5,6,12.0,6.0,6.0,4399.0,5158.0,9557.0,0.0,0.0,24.0,0.0,0.0,7.61221575830667,0.19137931182637982,0.0012068965461576122,0.0,23.192754746511064,39.81465411802818,7.309342159793295,7.61221575830667,0.19137931182637982,0.0012068965461576122,0.0,23.192754746511064,39.81465411802818,7.309342159793295,0,0.0,8.0,21.0,0.263,1,0.5382764,0.0,0.0,0.0,0.538,0.0,0.0,0.0,0.462,1,0.8660254037844386,0.5000000000000001,0.0,0.0
HVSP,HVS,2024-02-01,2024,2,1,1822.0,1.32,862,4283.0,3.1,899,1380,0.6246,0.6514,0,1727,1,1727.0,0,7,3582.0,3501.0,7083.0,15.916666666666668,9.25,6.666666666666667,18,29.45,15.7,13.75,9067.6,7842.8,16910.4,1.0,0.07692307692307693,126.0,0.3396232718951086,0.05263157894736842,7.742206831524234,0.1785919552818797,0.0015086207067829438,0.0,18.387631229970648,34.61275764922986,7.405425264575015,7.73570715536995,0.1785919552818797,0.0015086207067829438,0.0,18.387631229970648,34.61275764922986,7.398925492133217,0,0.0,8.0,21.0,0.263,1,0.008695652,0.0,0.0,0.0,0.009,0.0,0.0,0.0,0.991,1,0.8660254037844386,0.5000000000000001,0.0,0.0
DVC,HON,2024-01-01,2024,1,15,1423.0,1.46,506,2861.0,2.94,535,972,0.5206,0.5504,1,907,1,907.0,0,4,1833.0,1740.0,3573.0,19.0,9.5,9.5,4,22.0,11.0,11.0,1832.0,1833.0,3665.0,0.0,0.0,16.0,0.0,0.0,3.2958387875859376,0.09852150560266548,0.004516129061499591,0.0017876343686454078,18.331987683170585,33.868063609446246,3.380180171130085,3.124978540520314,0.10846774259041395,0.0036693547241469864,0.0017473117889015264,17.85289161812554,33.52741850415865,3.139830657886842,1,0.0323,8.0,22.0,0.263,1,0.0030864198,0.0,0.0,0.0,0.003,0.0,0.0,0.0,0.997,1,0.49999999999999994,0.8660254037844387,0.0,1.0
KBD,KRG,2024-01-01,2024,1,7,1645.0,1.43,361,7462.0,6.49,504,1150,0.3139,0.4383,0,1712,1,1712.0,0,4,3462.0,3462.0,6924.0,10.0,5.0,5.0,4,13.0,6.5,6.5,3457.0,3462.0,6919.0,0.0,0.0,16.0,0.0,0.0,4.035319994639365,0.09663978504437593,0.0018817204681615676,0.0013306451315480855,19.421654312841355,33.13645065151235,3.8128737121449925,4.338459686461276,0.08615591498191959,0.001693548414335456,0.0012365591121456956,21.93343339684189,38.412579557588025,4.232276915352271,1,0.0323,8.0,22.0,0.263,1,0.7486957,0.0,0.0,0.0,0.749,0.0,0.0,0.0,0.251,1,0.49999999999999994,0.8660254037844387,0.0,1.0
ZLW,RSD,2024-01-01,2024,1,23,167.0,8.79,15,223.0,11.74,15,19,0.7895,0.7895,1,59,1,59.0,0,10,4104.0,4103.0,8207.0,28.0,14.0,14.0,8,43.46666666666667,24.666666666666668,18.8,2274.0,5215.0,7489.0,1.0,0.1111111111111111,80.0,0.5138983423697507,0.14285714285714285,3.772502806272999,0.08172043068434602,0.004045698982012528,0.001290322551804204,18.885062604501684,33.66338620262761,3.669075362379312,3.772360194033833,0.08588709715273112,0.005739247286191551,0.0013306451315480855,18.323154083182736,34.0437087708263,3.777064482063075,1,0.0323,8.0,22.0,0.263,1,1.0,0.0,0.0,0.0,1.0,0.0,0.0,0.0,0.0,1,0.49999999999999994,0.8660254037844387,0.0,1.0
ZVT,OVN,2024-01-01,2024,1,6,290.0,0.25,94,1890.0,1.65,53,1147,0.082,0.0462,63,1133,1,1133.0,0,1,0.0,1133.0,1133.0,6.0,0.0,6.0,3,6.0,4.0,2.0,2258.0,1108.0,3366.0,0.0,0.0,3.0,0.0,0.0,4.493134540728524,0.09260752761075573,0.007620967644196685,0.0,22.694373001975396,40.57645042352779,4.0915216159911685,4.460634372262184,0.09260752761075573,0.007620967644196685,0.0,22.694373001975396,40.57645042352779,4.059021471954521,1,0.0323,8.0,22.0,0.263,0,0.0,0.0,0.0,0.0,0.0,0.0,0.0,0.0,1.0,1,0.49999999999999994,0.8660254037844387,0.0,1.0
MRN,VNDW,2024-01-01,2024,1,14,1707.0,1.5,1048,4527.0,3.99,1091,1136,0.9225,0.9604,1,1127,1,1127.0,0,4,2275.0,2240.0,4515.0,22.0,11.0,11.0,4,15.0,7.5,7.5,2274.0,2274.0,4548.0,0.0,0.0,16.0,0.0,0.0,3.511760746940009,0.0912634415592077,0.007903225930227388,0.0021908601660842217,18.645406234328465,34.88370886925728,3.6349462421150296,3.430424693371019,0.08924731271721983,0.007809139768122345,0.0021908601660842217,18.46898420619708,33.55887008418319,3.4291477994267296,1,0.0323,8.0,22.0,0.263,1,0.0,0.0,0.0,0.0008802817,0.0,0.0,0.0,0.001,0.999,1,0.49999999999999994,0.8660254037844387,0.0,1.0
GP,HZE,2024-01-01,2024,1,5,1116.0,1.23,342,3257.0,3.6,392,904,0.3783,0.4336,0,885,1,885.0,0,4,1778.0,1475.0,3253.0,11.0,5.5,5.5,4,15.0,7.5,7.5,1778.0,1778.0,3556.0,0.0,0.0,16.0,0.0,0.0,3.225344066858612,0.0779569896578949,0.0052688172267329305,0.005403225685680105,16.5179996062671,32.13725709915161,3.350075255258269,3.1865565473594333,0.07795698958779534,0.007903225790028291,0.005403225685680105,16.584412390346166,32.664676465013976,3.372174811319158,1,0.0323,8.0,22.0,0.263,1,0.0,0.0,0.0,0.0,0.0,0.0,0.0,0.0,1.0,1,0.49999999999999994,0.8660254037844387,0.0,1.0
RTA,GD,2024-01-01,2024,1,14,2516.0,1.26,1162,12444.0,6.22,1383,2000,0.581,0.6915,1,1858,1,1858.0,0,7,5759.0,4216.0,9975.0,14.166666666666668,7.5,6.666666666666667,14,32.5,18.0,14.5,12615.25,9547.25,22162.5,0.0,0.0,98.0,0.0,0.0,3.9704489682811084,0.08131720495199965,0.004233871005795976,0.0,19.442827911146225,34.72016040740475,3.8726667194021367,3.9639490160249893,0.08131720495199965,0.004233871005795976,0.0,19.442827911146225,34.72016040740475,3.866166710628257,1,0.0323,8.0,22.0,0.263,1,1.0,0.0,0.0,0.0,1.0,0.0,0.0,0.0,0.0,1,0.49999999999999994,0.8660254037844387,0.0,1.0
APN,LDL,2024-02-01,2024,2,14,2735.0,1.15,438,8017.0,3.38,516,2370,0.1848,0.2177,91,2471,1,2471.0,0,4,3785.0,3806.0,7591.0,22.0,11.0,11.0,3,21.5,7.5,14.0,3806.0,1335.0,5141.0,0.0,0.0,12.0,0.0,0.0,7.9094140425153165,0.17600574805775934,0.0016091953770353876,0.0,19.058952175337694,34.45810251742944,7.5556783703551895,7.908732966287062,0.18764367936200452,0.0005028735546545051,0.0,20.01459210939791,35.99534391740273,7.618072054509459,0,0.0,8.0,21.0,0.263,0,0.0,0.0,0.0,0.0,0.0,0.0,0.0,0.0,1.0,1,0.8660254037844386,0.5000000000000001,0.0,0.0
VB,YPB,2024-02-01,2024,2,4,549.0,0.45,261,2198.0,1.78,309,1233,0.2117,0.2506,2,1356,1,1356.0,0,3,3815.0,1356.0,5171.0,7.5,3.5,4.0,4,9.0,4.5,4.5,3815.0,3815.0,7630.0,0.0,0.0,12.0,0.0,0.0,7.983551987211338,0.19123563177926445,0.002614942518458969,0.0,21.263657430122638,38.63741283101597,7.760778961853049,7.931074911782026,0.1893678170082898,0.00040229886299234695,0.0,19.571936633737607,35.16982663842453,7.617497348922423,0,0.0,8.0,21.0,0.263,0,0.0,0.0,0.0,0.0,0.0,0.0,0.0,0.0,1.0,1,0.8660254037844386,0.5000000000000001,0.0,0.0
NMD,WC,2024-02-01,2024,2,4,1186.0,1.09,620,7395.0,6.82,743,1084,0.572,0.6854,0,1151,1,1151.0,0,4,3531.0,2912.0,6443.0,6.0,3.0,3.0,4,11.0,5.5,5.5,2294.0,2912.0,5206.0,0.0,0.0,16.0,0.0,0.0,7.747776108488826,0.17729885182503996,0.0005028735546545051,0.0,17.99581133805472,33.45930944777083,7.4083364232518205,7.754275791140958,0.17729885182503996,0.0005028735546545051,0.0,17.99581133805472,33.45930944777083,7.414836211451169,0,0.0,8.0,21.0,0.263,1,0.0,0.0,0.0,0.0,0.0,0.0,0.0,0.0,1.0,1,0.8660254037844386,0.5000000000000001,0.0,0.0
HTN,HTNC,2024-02-01,2024,2,1,2378.0,0.56,1007,8259.0,1.96,1426,4224,0.2384,0.3376,0,4515,1,4515.0,0,4,6787.0,6787.0,13574.0,5.0,2.5,2.5,4,10.0,5.0,5.0,6787.0,6787.0,13574.0,0.0,0.0,16.0,0.0,0.0,7.795477269452879,0.1790229899102244,0.001910919526955862,0.0,18.63424655966375,34.2796542658203,7.447488722787506,7.815272893312376,0.18362068987569247,0.005229885101147081,0.0,18.467473913883342,33.34396458288719,7.454712632743791,0,0.0,8.0,21.0,0.263,1,0.0,0.0,0.0,0.0,0.0,0.0,0.0,0.0,1.0,1,0.8660254037844386,0.5000000000000001,0.0,0.0
ST,STZ,2024-02-01,2024,2,1,169.0,0.2,94,361.0,0.42,124,854,0.1101,0.1452,0,904,1,904.0,0,4,1785.0,1785.0,3570.0,2.0,1.0,1.0,4,7.0,3.5,3.5,1785.0,1785.0,3570.0,0.0,0.0,16.0,0.0,0.0,7.633382057953069,0.18836207069114022,0.0032183907861853467,0.0,17.92009743945352,33.657930124080046,7.192002812507509,7.678882424371724,0.18836207069114022,0.0032183907861853467,0.0,17.92009743945352,33.657930124080046,7.237503071797305,0,0.0,8.0,21.0,0.263,0,0.0,0.0,0.0,0.0,0.0,0.0,0.0,0.0,1.0,1,0.8660254037844386,0.5000000000000001,0.0,0.0
HZE,MZ,2024-02-01,2024,2,10,929.0,1.02,316,2715.0,2.98,357,911,0.3469,0.3919,1,904,1,904.0,0,4,1820.0,1820.0,3640.0,15.0,7.5,7.5,3,18.5,8.5,10.0,1820.0,916.0,2736.0,0.0,0.0,12.0,0.0,0.0,7.886396728306153,0.1681034498173615,0.0,0.0,16.842923554195753,33.52603360976296,7.54379615410306,7.881715603472515,0.15862069064858317,0.0002011494261437449,0.0,16.875221364457033,32.553102527541675,7.4697902387586135,0,0.0,8.0,21.0,0.263,1,0.0,0.0,0.0,0.0,0.0,0.0,0.0,0.0,1.0,1,0.8660254037844386,0.5000000000000001,0.0,0.0
VTN,UTT,2024-02-01,2024,2,2,426.0,0.31,125,3527.0,2.59,195,1364,0.0916,0.143,0,1376,1,1376.0,0,5,3884.0,3854.0,7738.0,11.5,6.0,5.5,4,4.0,2.0,2.0,3884.0,3884.0,7768.0,0.0,0.0,20.0,0.0,0.0,7.84587947339162,0.17255747165188365,0.0007040230022079643,0.0,19.6793867185198,34.59982663461532,7.4877616996052625,7.8653792801430855,0.17255747165188365,0.0007040230022079643,0.0,19.6793867185198,34.59982663461532,7.507261496850814,0,0.0,8.0,21.0,0.263,0,0.0,0.0,0.0,0.0,0.0,0.0,0.0,0.0,1.0,1,0.8660254037844386,0.5000000000000001,0.0,0.0
ALMP,ALMB,2024-02-01,2024,2,4,1413.0,1.0,453,3523.0,2.5,500,1412,0.3208,0.3541,0,1538,1,1538.0,0,4,3126.0,3126.0,6252.0,6.0,3.0,3.0,7,11.5,7.5,4.0,3248.0,2844.0,6092.0,1.0,0.2,28.0,0.43429448190325176,0.1,7.651436774552553,0.17916666753804203,0.002715517359989128,0.00011494252616646646,20.93031816895323,37.72344718274029,7.335560341847354,7.631936967073158,0.17916666753804203,0.002715517359989128,0.00011494252616646646,20.93031816895323,37.72344718274029,7.316060540833693,0,0.0,8.0,21.0,0.263,1,0.0,0.0,0.0,0.0007082153,0.0,0.0,0.0,0.001,0.999,1,0.8660254037844386,0.5000000000000001,0.0,0.0
HN,OBD,2024-02-01,2024,2,11,211.0,0.22,80,2341.0,2.46,71,952,0.084,0.0746,13,1006,1,1006.0,0,12,4111.25,4792.0,8903.25,40.333333333333336,20.166666666666668,20.166666666666668,4,17.0,8.5,8.5,2020.0,1041.25,3061.25,0.0,0.0,48.0,0.0,0.0,7.669545965536829,0.18074712761003395,0.0007040230022079643,2.8735631541616615e-05,19.979274317536547,35.323964620116115,7.334344804629512,7.640126632250867,0.18548850695891628,0.00241379307090551,2.8735631541616615e-05,19.299286642636375,34.390861211151915,7.283014565877531,0,0.0,8.0,21.0,0.263,0,0.0,0.0,0.0,0.0,0.0,0.0,0.0,0.0,1.0,1,0.8660254037844386,0.5000000000000001,0.0,0.0
ALM,DVD,2024-01-01,2024,1,25,30.0,0.52,11,337.0,5.81,22,58,0.1897,0.3793,0,151,1,151.0,0,16,6034.78,7160.0,13194.779999999999,31.396825396825395,15.11111111111111,16.285714285714285,16,20.07936507936508,11.222222222222221,8.857142857142858,8195.33,8181.0,16376.33,3.0,0.1875,256.0,1.392153421554617,0.3492063492063492,3.933755411155602,0.08884408642407707,0.0033870967685855845,0.0,20.91069567123408,36.282579628370144,2.906134478875526,3.7299300739741934,0.09247311911675879,0.004139784993904252,0.0,19.63019658833422,34.01661194011729,2.890682762083147,1,0.0323,8.0,22.0,0.263,1,1.0,0.0,0.0,0.0,1.0,0.0,0.0,0.0,0.0,1,0.49999999999999994,0.8660254037844387,0.0,1.0
ASSP,ASDM,2024-01-01,2024,1,1,2281.0,1.45,651,5235.0,3.32,715,1577,0.4128,0.4534,2,1734,1,1734.0,0,4,3441.0,3441.0,6882.0,3.0,1.5,1.5,6,4.666666666666667,2.3333333333333335,2.3333333333333335,6479.0,5757.0,12236.0,0.0,0.0,24.0,0.0,0.0,3.7689301700291216,0.09247311911675879,0.004139784993904252,0.0,19.63019658833422,34.01661194011729,2.929682820669866,3.7689301700291216,0.09247311911675879,0.004139784993904252,0.0,19.63019658833422,34.01661194011729,2.929682820669866,1,0.0323,8.0,22.0,0.263,1,0.0,0.0,0.0,0.0,0.0,0.0,0.0,0.0,1.0,1,0.49999999999999994,0.8660254037844387,0.0,1.0
NMGO,NM,2024-01-01,2024,1,3,1762.0,1.56,509,5575.0,4.94,593,1128,0.4512,0.5257,1,964,1,964.0,0,4,3395.0,2668.0,6063.0,5.0,2.5,2.5,9,22.75,11.75,11.0,4257.0,7014.0,11271.0,0.0,0.0,36.0,0.0,0.0,3.2795000798169083,0.08467742033623239,0.006774193396972072,0.0029166666014740863,18.204988177585346,33.62999914602567,3.546435573013119,3.250018865616131,0.08938172099090391,0.006115591383829552,0.0034408601381445444,17.493877294883934,33.70403132900115,3.2930968287651257,1,0.0323,8.0,22.0,0.263,1,0.0,0.0,0.0,0.0,0.0,0.0,0.0,0.0,1.0,1,0.49999999999999994,0.8660254037844387,0.0,1.0
ZLW,DDZD,2024-01-01,2024,1,14,2713.0,1.31,654,10444.0,5.04,834,2074,0.3153,0.4021,65,1993,1,1993.0,0,10,4104.0,4103.0,8207.0,28.0,14.0,14.0,4,15.0,7.5,7.5,3984.0,2186.0,6170.0,1.0,0.16666666666666666,40.0,0.5138983423697507,0.14285714285714285,3.772502806272999,0.08172043068434602,0.004045698982012528,0.001290322551804204,18.885062604501684,33.66338620262761,3.669075362379312,3.8357715327267643,0.08481182868001602,0.0033870967285286996,0.0005645161164143394,19.167625067054583,34.48499909459904,3.8298575708602547,1,0.0323,8.0,22.0,0.263,1,0.0033751205,0.0,0.0,0.0,0.003,0.0,0.0,0.0,0.997,1,0.49999999999999994,0.8660254037844387,0.0,1.0
BNK,DB,2024-01-01,2024,1,4,938.0,0.83,419,3692.0,3.25,480,1136,0.3688,0.4225,0,1094,1,1094.0,0,4,2535.0,2371.0,4906.0,11.0,5.5,5.5,10,30.0,15.0,15.0,4494.0,4696.0,9190.0,0.0,0.0,40.0,0.0,0.0,3.5809328284900714,0.08750000020228726,0.007338709728692168,0.0017607526488161536,18.468390858301554,33.6870959292176,3.6324113558712465,3.550760696201475,0.0912634415592077,0.007903225930227388,0.0019892472673648147,18.645406234328465,34.88370886925728,3.6739462164821486,1,0.0323,8.0,22.0,0.263,1,0.0,0.0,0.0,0.0008802817,0.0,0.0,0.0,0.001,0.999,1,0.49999999999999994,0.8660254037844387,0.0,1.0
DN,HMBH,2024-01-01,2024,1,8,1249.0,1.34,379,3213.0,3.45,105,930,0.4075,0.1129,10,889,1,889.0,0,6,2641.24,3530.0,6171.24,23.333333333333332,11.666666666666666,11.666666666666666,4,9.0,4.5,4.5,1781.0,889.24,2670.24,1.0,0.25,24.0,0.7213475204444817,0.25,3.0792930298184436,0.07876344141300007,0.00611559144391488,0.0047983869895218845,16.65598711099035,32.23209592924323,3.212626366285227,3.1991369804262275,0.07594086116640478,0.004610215093419757,0.004153225713619782,17.00263116100142,32.022095927628136,3.270843991992234,1,0.0323,8.0,22.0,0.263,0,0.011827957,0.0,0.0,0.0,0.012,0.0,0.0,0.0,0.988,1,0.49999999999999994,0.8660254037844387,0.0,1.0
ALM,ASB,2024-01-01,2024,1,27,0.0,0.0,0,0.0,0.0,0,53,0.0,0.0,1,24,1,24.0,0,16,6034.78,7160.0,13194.779999999999,31.396825396825395,15.11111111111111,16.285714285714285,16,27.5,14.375,13.125,7750.59,7360.0,15110.59,3.0,0.1875,256.0,1.392153421554617,0.3492063492063492,3.933755411155602,0.08884408642407707,0.0033870967685855845,0.0,20.91069567123408,36.282579628370144,2.906134478875526,3.7169301406610558,0.09247311911675879,0.004139784993904252,0.0,19.63019658833422,34.01661194011729,2.877682793670164,1,0.0323,8.0,22.0,0.263,0,1.0,0.0,0.0,0.0,1.0,0.0,0.0,0.0,0.0,1,0.49999999999999994,0.8660254037844387,0.0,1.0
HT,O,2024-01-01,2024,1,19,1298.0,1.1,362,7807.0,6.61,524,1181,0.3065,0.4437,82,1153,1,1153.0,0,14,10068.33,12079.0,22147.33,39.714285714285715,19.857142857142858,19.857142857142858,8,26.0,13.0,13.0,4490.0,4514.0,9004.0,0.0,0.0,112.0,0.0,0.0,3.464957064678592,0.08682795784245896,0.006680107515265224,0.0013709677112919668,18.203224191101647,33.09628944948155,3.7224167145648472,3.3758253045229902,0.08077957016485994,0.005739247286191551,0.002110215006596459,18.719984260618045,33.91596685942783,3.575153275750958,1,0.0323,8.0,22.0,0.263,1,1.0,0.0,0.0,0.0,1.0,0.0,0.0,0.0,0.0,1,0.49999999999999994,0.8660254037844387,0.0,1.0
HT,EHV,2024-01-01,2024,1,32,5809.0,1.72,1306,41633.0,12.34,2634,3373,0.3872,0.7809,476,2912,1,2912.0,0,14,10068.33,12079.0,22147.33,39.714285714285715,19.857142857142858,19.857142857142858,13,33.14285714285714,15.0,18.142857142857142,8328.0,10922.0,19250.0,1.0,0.07692307692307693,182.0,0.6213349345596119,0.2,3.464957064678592,0.08682795784245896,0.006680107515265224,0.0013709677112919668,18.203224191101647,33.09628944948155,3.7224167145648472,3.309844106450797,0.0779569896578949,0.0052688172267329305,0.005161290207216816,16.5179996062671,32.13725709915161,3.4345752604465973,1,0.0323,8.0,22.0,0.263,1,1.0,0.0,0.0,0.0,1.0,0.0,0.0,0.0,0.0,1,0.49999999999999994,0.8660254037844387,0.0,1.0
ALM,LLS,2024-01-01,2024,1,24,2403.0,2.08,573,8188.0,7.07,640,1158,0.4948,0.5527,29,1097,1,1097.0,0,16,6034.78,7160.0,13194.779999999999,31.396825396825395,15.11111111111111,16.285714285714285,8,63.333333333333336,35.333333333333336,28.0,2536.0,4682.0,7218.0,1.0,0.07142857142857142,128.0,0.7213475204444817,0.25,3.933755411155602,0.08884408642407707,0.0033870967685855845,0.0,20.91069567123408,36.282579628370144,2.906134478875526,3.67308602578217,0.10456989291975255,0.0015994623824152896,0.0016532257694991366,20.39001553369466,35.24032165542726,3.453865636781018,1,0.0323,8.0,22.0,0.263,1,1.0,0.0,0.0,0.0,1.0,0.0,0.0,0.0,0.0,1,0.49999999999999994,0.8660254037844387,0.0,1.0
HT,UT,2024-01-01,2024,1,48,3604.0,1.22,973,35307.0,11.91,1666,2964,0.3283,0.5621,247,2618,1,2618.0,0,14,10068.33,12079.0,22147.33,39.714285714285715,19.857142857142858,19.857142857142858,32,49.96031746031746,26.071428571428573,23.88888888888889,20729.67,30427.440000000002,51157.11,1.0,0.04,448.0,0.9102392266268373,0.3333333333333333,3.464957064678592,0.08682795784245896,0.006680107515265224,0.0013709677112919668,18.203224191101647,33.09628944948155,3.7224167145648472,3.541932883702459,0.08750000020228726,0.007338709728692168,0.0017338709289868993,18.468390858301554,33.6870959292176,3.593411382152549,1,0.0323,8.0,22.0,0.263,1,1.0,0.0,0.0,0.0,1.0,0.0,0.0,0.0,0.0,1,0.49999999999999994,0.8660254037844387,0.0,1.0
HT,TB,2024-01-01,2024,1,22,3010.0,1.29,862,16322.0,6.98,1373,2337,0.3688,0.5875,195,2258,1,2258.0,0,14,10068.33,12079.0,22147.33,39.714285714285715,19.857142857142858,19.857142857142858,9,30.8,17.8,13.0,8799.0,6550.0,15349.0,1.0,0.09090909090909091,126.0,0.5138983423697507,0.14285714285714285,3.464957064678592,0.08682795784245896,0.006680107515265224,0.0013709677112919668,18.203224191101647,33.09628944948155,3.7224167145648472,3.4484139942584098,0.07876344158324183,0.007809139688008575,0.0013978494311212212,18.121215117874964,34.0316119777259,3.5189113087691766,1,0.0323,8.0,22.0,0.263,1,0.516902,0.0,0.0,0.0,0.517,0.0,0.0,0.0,0.483,1,0.49999999999999994,0.8660254037844387,0.0,1.0
RTST,RTB,2024-02-01,2024,2,4,34.0,1.06,12,450.0,14.06,8,32,0.375,0.25,1,15,1,15.0,0,5,37.0,58.0,95.0,3.8333333333333335,1.5,2.3333333333333335,7,14.416666666666668,6.75,7.666666666666667,8703.0,7082.0,15785.0,1.0,0.16666666666666666,35.0,0.9102392266268373,0.3333333333333333,8.02274158858191,0.1737068971704649,0.0024137930280860812,0.0,19.48743032107408,35.72896461925287,7.692281814142206,7.977241608346331,0.1737068971704649,0.0024137930280860812,0.0,19.48743032107408,35.72896461925287,7.646781773402773,0,0.0,8.0,21.0,0.263,0,0.0625,0.0,0.0,0.9375,0.063,0.0,0.0,0.938,0.0,1,0.8660254037844386,0.5000000000000001,0.0,0.0
O,RVS,2024-02-01,2024,2,8,1135.0,1.05,350,6122.0,5.67,470,1079,0.3244,0.4356,14,1143,1,1143.0,0,8,4650.0,4682.0,9332.0,26.0,13.0,13.0,4,15.0,7.5,7.5,2294.0,2294.0,4588.0,0.0,0.0,32.0,0.0,0.0,7.821445320615138,0.18333333454512316,0.0,0.0,18.586057848971464,33.99465421835581,7.466632191477151,7.847445190563027,0.18333333454512316,0.0,0.0,18.586057848971464,33.99465421835581,7.492631988621306,0,0.0,8.0,21.0,0.263,1,0.0,0.0,0.0,0.00092678407,0.0,0.0,0.0,0.001,0.999,1,0.8660254037844386,0.5000000000000001,0.0,0.0
ASD,HVSM,2024-02-01,2024,2,28,12.0,1.71,5,0.0,0.0,0,7,0.7143,0.0,2,8,1,8.0,0,17,11149.0,20098.0,31247.0,37.77142857142857,18.571428571428573,19.2,5,13.5,11.0,2.5,3576.0,3549.0,7125.0,1.0,0.07692307692307693,85.0,0.43429448190325176,0.1,7.7041838592582055,0.2002873577969684,0.001609195398445102,0.0,18.6796912191243,33.6486197381184,7.299657985054213,7.720264346392333,0.1834770123013991,0.0010057471307187245,0.0,18.51564454184524,34.97172324513567,7.383339053597943,0,0.0,8.0,21.0,0.263,0,1.0,0.0,0.0,0.0,1.0,0.0,0.0,0.0,0.0,1,0.8660254037844386,0.5000000000000001,0.0,0.0
GD,UT,2024-02-01,2024,2,32,1563.0,0.78,532,8105.0,4.06,582,1998,0.2663,0.2913,37,2392,1,2392.0,0,14,14031.0,10490.0,24521.0,32.5,18.0,14.5,31,43.03846153846154,21.53846153846154,21.5,22408.09,33103.8,55511.89,1.0,0.038461538461538464,434.0,0.5581106265512472,0.16666666666666666,8.001655445701774,0.17241379418463884,0.0025143677625676683,0.0,20.040493045045043,36.05689569519854,7.717244484301271,7.762977176527867,0.1790229899102244,0.001910919526955862,0.0,18.63424655966375,34.2796542658203,7.414988690751723,0,0.0,8.0,21.0,0.263,1,1.0,0.0,0.0,0.0,1.0,0.0,0.0,0.0,0.0,1,0.8660254037844386,0.5000000000000001,0.0,0.0
O,HT,2024-02-01,2024,2,19,4316.0,3.79,1023,8423.0,7.4,1133,1138,0.8989,0.9956,5,1175,1,1175.0,0,8,4650.0,4682.0,9332.0,26.0,13.0,13.0,13,40.85714285714286,21.0,19.857142857142858,11021.0,13086.0,24107.0,0.0,0.0,104.0,0.0,0.0,7.821445320615138,0.18333333454512316,0.0,0.0,18.586057848971464,33.99465421835581,7.466632191477151,7.932258889849844,0.18275862130411397,0.0002011494261437449,0.0,18.33120644914693,33.59586120953505,7.569615160939337,0,0.0,8.0,21.0,0.263,1,1.0,0.0,0.0,0.0,1.0,0.0,0.0,0.0,0.0,1,0.8660254037844386,0.5000000000000001,0.0,0.0
ASD,ASS,2024-02-01,2024,2,4,9587.0,1.02,3493,35937.0,3.84,2231,9360,0.3732,0.2384,1253,10688,1,10688.0,0,17,11149.0,20098.0,31247.0,37.77142857142857,18.571428571428573,19.2,17,34.84722222222222,21.22222222222222,13.625,22050.0,17103.0,39153.0,1.0,0.05263157894736842,289.0,0.45511961331341866,0.1111111111111111,7.7041838592582055,0.2002873577969684,0.001609195398445102,0.0,18.6796912191243,33.6486197381184,7.299657985054213,7.710684075309285,0.2002873577969684,0.001609195398445102,0.0,18.6796912191243,33.6486197381184,7.3061582103542895,0,0.0,8.0,21.0,0.263,0,0.48482907,0.0,0.0,0.0,0.485,0.0,0.0,0.0,0.515,1,0.8660254037844386,0.5000000000000001,0.0,0.0
HN,ZD,2024-02-01,2024,2,33,31.0,0.4,13,93.0,1.21,6,77,0.1688,0.0779,1,5,1,5.0,0,12,4111.25,4792.0,8903.25,40.333333333333336,20.166666666666668,20.166666666666668,12,22.333333333333332,11.166666666666666,11.166666666666666,8412.09,7973.03,16385.12,1.0,0.09090909090909091,144.0,0.45511961331341866,0.1111111111111111,7.669545965536829,0.18074712761003395,0.0007040230022079643,2.8735631541616615e-05,19.979274317536547,35.323964620116115,7.334344804629512,7.769184184870843,0.2002873577969684,0.001609195398445102,0.0,18.6796912191243,33.6486197381184,7.364658257056927,0,0.0,8.0,21.0,0.263,0,1.0,0.0,0.0,0.0,1.0,0.0,0.0,0.0,0.0,1,0.8660254037844386,0.5000000000000001,0.0,0.0
GD,RTA,2024-02-01,2024,2,14,1740.0,1.02,574,6568.0,3.85,610,1708,0.3361,0.3571,33,2046,1,2046.0,0,14,14031.0,10490.0,24521.0,32.5,18.0,14.5,7,14.166666666666668,7.5,6.666666666666667,6467.0,4421.0,10888.0,0.0,0.0,98.0,0.0,0.0,8.001655445701774,0.17241379418463884,0.0025143677625676683,0.0,20.040493045045043,36.05689569519854,7.717244484301271,8.008155118117386,0.17241379418463884,0.0025143677625676683,0.0,20.040493045045043,36.05689569519854,7.723744238587631,0,0.0,8.0,21.0,0.263,1,1.0,0.0,0.0,0.0,1.0,0.0,0.0,0.0,0.0,1,0.8660254037844386,0.5000000000000001,0.0,0.0
ASD,ALM,2024-02-01,2024,2,30,10.0,0.14,8,1230.0,17.32,40,71,0.1127,0.5634,2,182,1,182.0,0,17,11149.0,20098.0,31247.0,37.77142857142857,18.571428571428573,19.2,18,43.075,21.7,21.375,5726.139999999999,6613.38,12339.52,1.0,0.05,306.0,0.5581106265512472,0.16666666666666666,7.7041838592582055,0.2002873577969684,0.001609195398445102,0.0,18.6796912191243,33.6486197381184,7.299657985054213,7.79256603087502,0.1833333340098803,0.002614942614802684,1.4367815770808308e-05,20.71273012921728,36.31137834677751,7.492781589771139,0,0.0,8.0,21.0,0.263,1,1.0,0.0,0.0,0.0,1.0,0.0,0.0,0.0,0.0,1,0.8660254037844386,0.5000000000000001,0.0,0.0
HN,PMO,2024-02-01,2024,2,18,186.0,0.2,79,2139.0,2.31,82,924,0.0855,0.0887,24,1028,1,1028.0,0,12,4111.25,4792.0,8903.25,40.333333333333336,20.166666666666668,20.166666666666668,4,19.0,9.5,9.5,2043.0,1684.0,3727.0,1.0,0.14285714285714285,48.0,0.7213475204444817,0.25,7.669545965536829,0.18074712761003395,0.0007040230022079643,2.8735631541616615e-05,19.979274317536547,35.323964620116115,7.334344804629512,7.716919481561615,0.18160919625654645,0.00442528728952353,2.8735631541616615e-05,21.740005351431755,36.89275757882787,7.419864929784303,0,0.0,8.0,21.0,0.263,0,0.03138528,0.0,0.0,0.0,0.031,0.0,0.0,0.0,0.969,1,0.8660254037844386,0.5000000000000001,0.0,0.0
GD,LLZM,2024-02-01,2024,2,13,1269.0,0.59,453,3124.0,1.44,349,2163,0.2094,0.1613,24,2459,1,2459.0,0,14,14031.0,10490.0,24521.0,32.5,18.0,14.5,4,15.0,7.5,7.5,3815.0,3815.0,7630.0,0.0,0.0,56.0,0.0,0.0,8.001655445701774,0.17241379418463884,0.0025143677625676683,0.0,20.040493045045043,36.05689569519854,7.717244484301271,7.970074517483791,0.1893678170082898,0.00040229886299234695,0.0,19.571936633737607,35.16982663842453,7.656496927313421,0,0.0,8.0,21.0,0.263,0,0.0,0.0,0.0,0.0,0.0,0.0,0.0,0.0,1.0,1,0.8660254037844386,0.5000000000000001,0.0,0.0
ASD,WP,2024-02-01,2024,2,14,1.0,0.1,1,0.0,0.0,0,10,0.1,0.0,1,15,1,15.0,0,17,11149.0,20098.0,31247.0,37.77142857142857,18.571428571428573,19.2,10,20.4,10.0,10.4,6690.0,6687.0,13377.0,1.0,0.0625,170.0,0.43429448190325176,0.1,7.7041838592582055,0.2002873577969684,0.001609195398445102,0.0,18.6796912191243,33.6486197381184,7.299657985054213,7.782799051012095,0.185775863006711,0.0012068965782721837,0.0,19.652092345144556,34.550688718242206,7.410385266802777,0,0.0,8.0,21.0,0.263,0,0.9,0.0,0.0,0.0,0.9,0.0,0.0,0.0,0.1,1,0.8660254037844386,0.5000000000000001,0.0,0.0
HN,HNK,2024-02-01,2024,2,1,860.0,0.77,168,5291.0,4.73,406,1118,0.1503,0.3631,17,1401,1,1401.0,0,12,4111.25,4792.0,8903.25,40.333333333333336,20.166666666666668,20.166666666666668,4,10.0,5.0,5.0,2845.0,3460.0,6305.0,0.0,0.0,48.0,0.0,0.0,7.669545965536829,0.18074712761003395,0.0007040230022079643,2.8735631541616615e-05,19.979274317536547,35.323964620116115,7.334344804629512,7.669545965536829,0.18074712761003395,0.0007040230022079643,2.8735631541616615e-05,19.979274317536547,35.323964620116115,7.334344804629512,0,0.0,8.0,21.0,0.263,1,0.940966,0.0,0.0,0.0,0.941,0.0,0.0,0.0,0.059,1,0.8660254037844386,0.5000000000000001,0.0,0.0
ASD,ASDM,2024-02-01,2024,2,4,2808.0,1.13,1043,10565.0,4.26,818,2479,0.4207,0.33,398,3082,1,3082.0,0,17,11149.0,20098.0,31247.0,37.77142857142857,18.571428571428573,19.2,7,5.583333333333334,2.3333333333333335,3.25,6143.0,5474.5,11617.5,2.0,0.15384615384615385,119.0,1.0383673259838582,0.2909090909090909,7.7041838592582055,0.2002873577969684,0.001609195398445102,0.0,18.6796912191243,33.6486197381184,7.299657985054213,7.763299092404202,0.185775863006711,0.0012068965782721837,0.0,19.652092345144556,34.550688718242206,7.390885255117526,0,0.0,8.0,21.0,0.263,1,0.0,0.0,0.0,0.0,0.0,0.0,0.0,0.0,1.0,1,0.8660254037844386,0.5000000000000001,0.0,0.0
