TrainPeriod,TestPeriod,TrueLabels,Predictions,Probabilities
2024-03,2024-03,"[1, 0, 1, 1, 0, 1, 1, 1, 1, 1, 1, 0, 1, 1, 0, 0, 0, 0, 1, 1, 1, 0, 1, 0, 1, 1, 1, 0, 1, 1, 1, 0, 1, 0, 1, 1, 1, 1, 1, 0, 1, 1, 1, 1, 1, 1, 0, 1, 1, 0, 1, 0, 1, 1, 1, 1, 1, 0, 0, 0, 1, 1, 1, 1, 1, 1, 1, 0, 1, 1, 1, 1, 1, 1, 1, 1, 1, 1, 0, 0, 1, 1, 1, 1, 0, 1, 0, 1, 1, 1, 1, 1, 0, 1, 1, 0, 1, 1, 1, 0, 0, 0, 1, 0, 1, 1, 1, 1, 1, 1, 0, 0, 1, 1, 0, 1, 1, 1, 1, 0, 0, 1, 1, 0, 1, 1, 0, 1, 1, 0, 1, 1, 1, 1, 1, 1, 0, 1, 0, 0, 0, 1, 0, 0, 1, 0, 1, 1, 0, 0, 1, 1, 1, 1, 1, 1, 0, 1, 0, 1, 1, 0, 1, 0, 1, 0, 1, 0, 1, 0, 1, 1, 1, 1, 1, 1, 1, 1, 0, 1, 0, 1, 1, 1, 1, 0, 0, 0, 1, 1, 1, 0, 1, 1, 1, 1, 1, 1, 1, 0, 1, 1, 0, 1, 0, 1, 0, 0, 0, 1, 0, 0, 1, 0]","[1, 0, 0, 1, 1, 0, 0, 0, 1, 1, 0, 0, 0, 1, 1, 1, 0, 1, 0, 1, 1, 0, 0, 0, 0, 0, 1, 1, 1, 1, 1, 1, 1, 0, 0, 0, 0, 1, 1, 0, 1, 1, 1, 1, 1, 1, 1, 0, 1, 0, 1, 1, 0, 0, 1, 1, 0, 1, 1, 1, 1, 0, 0, 1, 1, 1, 1, 1, 1, 1, 1, 1, 1, 0, 1, 1, 1, 1, 1, 1, 1, 1, 1, 0, 0, 1, 0, 1, 1, 0, 1, 1, 0, 0, 1, 0, 1, 0, 0, 1, 0, 0, 1, 0, 1, 0, 1, 0, 1, 0, 1, 0, 0, 1, 1, 1, 1, 1, 0, 0, 0, 0, 1, 1, 1, 1, 1, 1, 1, 1, 1, 1, 1, 1, 0, 1, 0, 1, 1, 1, 0, 1, 1, 1, 0, 0, 1, 1, 0, 1, 1, 0, 1, 1, 1, 1, 1, 1, 1, 1, 1, 0, 1, 0, 1, 1, 0, 1, 1, 0, 1, 1, 1, 0, 1, 1, 1, 1, 1, 1, 1, 0, 1, 1, 1, 1, 1, 1, 1, 1, 1, 1, 1, 1, 1, 1, 1, 1, 1, 1, 1, 1, 1, 1, 0, 1, 1, 1, 1, 1, 0, 0, 1, 0]","[0.87, 0.09, 0.36, 0.84, 0.88, 0.49, 0.42, 0.3, 0.89, 0.95, 0.19, 0.48, 0.43, 0.87, 0.9, 0.7789124068252934, 0.05, 0.92, 0.2424355445670551, 0.83, 0.88, 0.45, 0.23, 0.23, 0.48, 0.07, 0.78, 0.69, 0.99, 0.92, 0.74, 0.87, 0.92, 0.5, 0.15, 0.46, 0.24, 0.76, 0.97, 0.1, 0.7, 0.54, 0.73, 0.85, 0.83, 0.96, 0.93, 0.35, 0.98, 0.5, 0.71, 0.82, 0.49, 0.18, 0.7585945743351121, 0.93, 0.36344671246259097, 0.59, 0.83, 0.85, 0.66, 0.4, 0.4, 0.65, 0.89, 0.58, 0.66, 0.56, 0.92, 0.86, 0.82, 0.65, 0.6, 0.41, 0.89, 0.66, 0.8465203142800278, 0.7161565836298932, 0.66, 0.99, 0.8493973151907975, 0.91, 0.9, 0.42, 0.46, 0.91, 0.44, 0.81, 0.94, 0.4, 0.87, 0.65, 0.49, 0.19, 0.8815109170305676, 0.2, 0.96, 0.3503283582089552, 0.36, 0.65, 0.34, 0.26, 0.66, 0.47, 0.79, 0.22, 0.8272713654625775, 0.49, 0.86, 0.2, 0.79, 0.26, 0.4, 0.65, 0.91, 0.87, 0.97, 0.91, 0.2821071863580999, 0.2, 0.42, 0.15, 0.97, 0.85, 0.98, 0.71, 0.76, 0.89, 0.9355880716699712, 0.73, 0.73, 0.8534808853118713, 0.79, 0.59, 0.26, 0.92, 0.43, 0.71, 0.68, 0.53, 0.36, 0.62, 0.75, 0.75, 0.3, 0.1, 0.98, 0.95, 0.08, 0.86, 0.74, 0.18, 0.97, 0.99, 0.9, 0.6234808853118712, 0.93, 0.79, 0.7, 0.56, 0.52, 0.37, 0.99, 0.34, 0.8696267092338504, 0.89, 0.04151091703056768, 0.74, 0.9, 0.1, 0.64, 0.75, 0.84, 0.09, 0.83, 0.71, 0.98, 0.8205798740124101, 0.84, 0.84, 0.8, 0.12, 0.91, 0.81, 0.56, 0.8, 0.51, 0.87, 0.99, 0.51, 0.87, 0.71, 0.78, 0.71, 0.82, 0.88, 0.72, 0.82, 0.9734808853118713, 0.66, 0.54, 0.99, 0.91, 0.9690689569818423, 0.23, 0.76, 0.64, 0.58, 0.91, 0.54, 0.18, 0.25, 0.69, 0.41]"
2024-03,2024-05,"[1, 0, 1, 1, 1, 1, 0, 1, 0, 1, 1, 1, 1, 1, 0, 1, 1, 0, 1, 1, 1, 0, 1, 0, 1, 1, 1, 0, 0, 1, 1, 1, 1, 1, 1, 1, 1, 1, 1, 1, 1, 0, 1, 1, 0, 1, 1, 1, 0, 1, 0, 1, 1, 1, 1, 0, 0, 1, 0, 0, 1, 1, 0, 1, 1, 1, 1, 1, 1, 1, 1, 1, 1, 0, 0, 1, 1, 0, 1, 1, 1, 1, 1, 1, 1, 1, 0, 1, 1, 1, 1, 1, 0, 1, 0, 1, 1, 0, 1, 1, 1, 1, 0, 0, 0, 1, 0, 1, 1, 1, 1, 0, 1, 0, 0, 0, 0, 1, 1, 0, 1, 0, 1, 1, 0, 1, 1, 1, 1, 1, 0, 1, 1, 0, 0, 1, 0, 1, 1, 0, 1, 0, 1, 1, 1, 1, 1, 1, 1, 1, 1, 1, 1, 1, 0, 0, 1, 1, 1, 0, 1, 1, 1, 0, 1, 1, 1, 0, 1, 1, 1, 1, 1, 1, 1, 0, 1, 1, 0, 1, 0, 1, 1, 0, 1, 1, 1, 1, 1, 1, 1, 0, 0, 1, 1, 1, 1, 1, 1, 0, 0, 1, 0, 0, 1, 0, 1, 0, 1, 0, 0, 0]","[1, 0, 1, 1, 1, 0, 0, 0, 0, 1, 0, 0, 1, 1, 1, 1, 0, 1, 1, 1, 1, 1, 1, 1, 1, 1, 1, 1, 1, 1, 1, 0, 1, 0, 1, 1, 1, 0, 1, 0, 1, 1, 1, 1, 0, 1, 1, 1, 1, 0, 1, 1, 0, 1, 1, 1, 1, 1, 0, 1, 1, 1, 0, 0, 1, 1, 1, 0, 1, 1, 1, 1, 1, 1, 0, 1, 1, 1, 1, 1, 1, 1, 1, 1, 1, 1, 1, 1, 1, 1, 1, 1, 1, 1, 1, 1, 1, 1, 1, 1, 1, 1, 1, 1, 0, 1, 1, 1, 1, 1, 1, 1, 1, 1, 1, 1, 1, 1, 1, 1, 1, 1, 1, 1, 1, 1, 1, 1, 1, 1, 1, 1, 0, 1, 1, 0, 1, 1, 0, 1, 0, 1, 1, 1, 0, 1, 0, 1, 1, 1, 1, 1, 0, 0, 1, 0, 1, 0, 1, 1, 0, 0, 1, 1, 0, 1, 0, 1, 1, 1, 1, 1, 1, 0, 1, 0, 1, 1, 1, 1, 0, 1, 1, 1, 1, 0, 1, 1, 1, 1, 1, 0, 1, 0, 0, 1, 1, 0, 1, 0, 0, 1, 1, 1, 1, 1, 0, 1, 1, 1, 1, 1]","[0.56, 0.41, 0.56, 0.56, 0.56, 0.4521071863580999, 0.41, 0.4121071863580999, 0.4321071863580999, 0.56, 0.41, 0.4121071863580999, 0.56, 0.56, 0.56, 0.56, 0.4821071863580999, 0.56, 0.56, 0.56, 0.56, 0.56, 0.56, 0.56, 0.56, 0.56, 0.56, 0.56, 0.6, 0.56, 0.56, 0.4221071863580999, 0.56, 0.41, 0.56, 0.62, 0.56, 0.49, 0.56, 0.4321071863580999, 0.56, 0.56, 0.56, 0.56, 0.49, 0.56, 0.56, 0.56, 0.56, 0.4221071863580999, 0.56, 0.56, 0.47, 0.56, 0.56, 0.56, 0.56, 0.56, 0.4, 0.56, 0.56, 0.56, 0.4221071863580999, 0.4221071863580999, 0.56, 0.56, 0.56, 0.45, 0.56, 0.56, 0.56, 0.56, 0.56, 0.56, 0.4, 0.56, 0.56, 0.56, 0.56, 0.56, 0.56, 0.56, 0.56, 0.56, 0.56, 0.56, 0.56, 0.56, 0.56, 0.56, 0.56, 0.56, 0.56, 0.56, 0.53, 0.56, 0.56, 0.56, 0.56, 0.56, 0.56, 0.5021071863580999, 0.56, 0.56, 0.42, 0.56, 0.56, 0.56, 0.56, 0.56, 0.56, 0.56, 0.56, 0.56, 0.56, 0.56, 0.56, 0.56, 0.56, 0.56, 0.56, 0.56, 0.56, 0.56, 0.56, 0.56, 0.56, 0.56, 0.56, 0.56, 0.56, 0.56, 0.45, 0.56, 0.56, 0.38, 0.56, 0.56, 0.48, 0.56, 0.38, 0.56, 0.56, 0.56, 0.48, 0.56, 0.45, 0.56, 0.56, 0.56, 0.56, 0.56, 0.49, 0.5, 0.56, 0.4321071863580999, 0.56, 0.36, 0.56, 0.56, 0.47, 0.4, 0.56, 0.56, 0.4221071863580999, 0.56, 0.4, 0.56, 0.56, 0.56, 0.56, 0.56, 0.56, 0.4, 0.56, 0.4, 0.56, 0.56, 0.56, 0.56, 0.3921071863580999, 0.56, 0.56, 0.56, 0.56, 0.49, 0.56, 0.56, 0.56, 0.56, 0.56, 0.4721071863580999, 0.56, 0.47, 0.47, 0.56, 0.56, 0.38, 0.56, 0.4, 0.4021071863580999, 0.56, 0.56, 0.56, 0.56, 0.55, 0.47, 0.56, 0.56, 0.56, 0.56, 0.56]"
2024-03,2024-04,"[1, 1, 1, 0, 0, 1, 0, 0, 1, 1, 1, 1, 0, 1, 0, 1, 1, 1, 0, 1, 1, 0, 0, 0, 1, 1, 1, 0, 1, 0, 1, 0, 1, 0, 1, 0, 1, 0, 1, 0, 0, 0, 1, 0, 1, 1, 0, 1, 1, 1, 0, 1, 1, 0, 1, 1, 0, 1, 0, 1, 1, 1, 1, 1, 1, 1, 1, 1, 1, 1, 1, 0, 0, 1, 1, 1, 1, 0, 1, 0, 1, 1, 0, 0, 1, 0, 1, 1, 1, 0, 0, 1, 0, 0, 1, 1, 0, 1, 0, 1, 1, 1, 0, 1, 1, 1, 1, 0, 1, 1, 1, 1, 0, 1, 0, 1, 1, 1, 1, 1, 0, 0, 1, 1, 1, 1, 1, 1, 0, 0, 1, 0, 1, 1, 0, 1, 0, 0, 1, 1, 1, 1, 1, 0, 1, 1, 0, 1, 1, 0, 0, 1, 0, 1, 0, 1, 1, 1, 1, 1, 1, 0, 1, 0, 1, 1, 1, 0, 0, 1, 0, 1, 1, 0, 1, 0, 1, 1, 0, 1, 0, 1, 0, 1, 1, 1, 1, 0, 1, 1, 1, 1, 1, 1, 1, 0, 1, 0, 0, 1, 1, 0, 0, 0, 0, 0, 1, 1, 0, 0, 0]","[1, 1, 1, 1, 1, 1, 1, 1, 1, 1, 1, 1, 1, 1, 1, 1, 1, 1, 1, 1, 1, 1, 1, 1, 1, 1, 1, 1, 1, 1, 1, 1, 1, 1, 1, 1, 1, 1, 1, 1, 1, 1, 1, 1, 1, 1, 1, 1, 1, 1, 1, 1, 1, 1, 1, 1, 1, 1, 1, 1, 1, 1, 1, 1, 1, 1, 1, 1, 1, 1, 1, 1, 1, 1, 1, 1, 1, 1, 1, 1, 1, 1, 1, 1, 1, 1, 1, 1, 1, 1, 1, 1, 1, 1, 1, 1, 1, 1, 1, 1, 1, 1, 1, 1, 1, 1, 1, 1, 1, 1, 1, 1, 1, 1, 1, 1, 1, 1, 1, 1, 1, 1, 1, 1, 1, 1, 1, 1, 1, 1, 1, 1, 1, 1, 1, 1, 1, 1, 1, 1, 1, 1, 1, 1, 1, 1, 1, 1, 1, 1, 1, 1, 1, 1, 1, 1, 1, 1, 1, 1, 1, 1, 1, 1, 1, 1, 1, 1, 1, 1, 1, 1, 1, 1, 1, 1, 1, 1, 1, 1, 1, 1, 1, 1, 1, 1, 1, 1, 1, 1, 1, 1, 1, 1, 1, 1, 1, 1, 1, 1, 1, 1, 1, 1, 1, 1, 1, 1, 1, 1, 1]","[0.64, 0.77, 0.71, 0.71, 0.71, 0.73, 0.7, 0.67, 0.69, 0.78, 0.78, 0.74, 0.77, 0.71, 0.7, 0.68, 0.71, 0.76, 0.73, 0.72, 0.72, 0.68, 0.68, 0.78, 0.73, 0.67, 0.73, 0.68, 0.67, 0.68, 0.7, 0.72, 0.7, 0.77, 0.69, 0.68, 0.76, 0.71, 0.68, 0.71, 0.71, 0.78, 0.79, 0.76, 0.73, 0.7, 0.76, 0.71, 0.71, 0.56, 0.69, 0.68, 0.67, 0.67, 0.73, 0.77, 0.75, 0.75, 0.73, 0.77, 0.74, 0.72, 0.7, 0.61, 0.78, 0.77, 0.77, 0.76, 0.7, 0.78, 0.77, 0.73, 0.72, 0.6, 0.77, 0.67, 0.76, 0.76, 0.68, 0.75, 0.71, 0.73, 0.71, 0.76, 0.71, 0.7, 0.67, 0.66, 0.61, 0.7, 0.73, 0.65, 0.71, 0.62, 0.78, 0.71, 0.72, 0.66, 0.77, 0.68, 0.73, 0.63, 0.66, 0.77, 0.7, 0.68, 0.68, 0.66, 0.73, 0.72, 0.68, 0.75, 0.76, 0.78, 0.73, 0.72, 0.69, 0.7, 0.64, 0.67, 0.71, 0.73, 0.71, 0.73, 0.72, 0.73, 0.77, 0.76, 0.71, 0.73, 0.62, 0.71, 0.79, 0.76, 0.71, 0.77, 0.67, 0.69, 0.65, 0.77, 0.68, 0.71, 0.7, 0.69, 0.7, 0.76, 0.78, 0.79, 0.67, 0.62, 0.64, 0.65, 0.72, 0.73, 0.76, 0.76, 0.74, 0.69, 0.67, 0.75, 0.73, 0.76, 0.71, 0.76, 0.76, 0.73, 0.77, 0.68, 0.76, 0.7, 0.73, 0.75, 0.67, 0.69, 0.77, 0.76, 0.74, 0.71, 0.77, 0.72, 0.77, 0.7, 0.75, 0.75, 0.69, 0.76, 0.67, 0.76, 0.62, 0.73, 0.76, 0.75, 0.76, 0.7, 0.66, 0.78, 0.78, 0.77, 0.71, 0.71, 0.72, 0.72, 0.78, 0.74, 0.66, 0.74, 0.76, 0.77, 0.66, 0.65, 0.69]"
2024-03,2024-01,"[1, 1, 1, 1, 1, 1, 1, 1, 1, 1, 1, 1, 1, 1, 1, 0, 1, 0, 1, 1, 1, 1, 1, 1, 1, 0, 0, 0, 0, 0, 1, 1, 1, 0, 1, 1, 1, 1, 1, 0, 1, 1, 1, 0, 1, 0, 1, 1, 1, 0, 1, 1, 0, 1, 1, 1, 1, 1, 0, 1, 1, 1, 1, 1, 1, 0, 1, 1, 1, 0, 0, 0, 1, 0, 0, 0, 1, 0, 1, 1, 0, 1, 1, 1, 1, 1, 1, 1, 1, 1, 1, 1, 1, 1, 1, 1, 0, 1, 1, 1, 1, 1, 1, 1, 1, 1, 1, 1, 1, 1, 1, 1, 0, 1, 1, 1, 1, 0, 1, 1, 1, 1, 0, 0, 1, 1, 0, 1, 1, 1, 1, 0, 1, 1, 1, 0, 0, 1, 1, 0, 0, 1, 1, 1, 1, 1, 0, 1, 1, 0, 1, 1, 1, 1, 1, 1, 1, 1, 1, 1, 1, 1, 1, 1, 0, 1, 1, 1, 1, 1, 1, 1, 1, 1, 1, 1, 1, 0, 1, 0, 0, 1, 1, 1, 1, 1, 1, 1, 1, 1, 0, 1, 1, 1, 1, 1, 1, 1, 1, 0, 1, 1, 1, 1, 1, 1, 1, 0, 1, 1, 0]","[1, 1, 1, 1, 1, 1, 1, 1, 1, 1, 1, 0, 1, 1, 1, 1, 1, 1, 1, 1, 1, 1, 1, 1, 1, 1, 1, 1, 1, 1, 1, 1, 1, 1, 1, 1, 1, 1, 1, 1, 1, 1, 1, 1, 1, 1, 1, 1, 1, 1, 1, 1, 1, 1, 1, 1, 1, 1, 1, 1, 1, 1, 1, 1, 1, 1, 1, 1, 1, 1, 1, 1, 1, 1, 1, 1, 1, 1, 1, 1, 1, 1, 1, 1, 1, 1, 1, 1, 1, 1, 1, 1, 1, 1, 1, 1, 1, 1, 1, 1, 1, 1, 1, 1, 1, 1, 1, 1, 1, 1, 1, 1, 1, 1, 1, 1, 1, 1, 1, 1, 1, 1, 1, 1, 1, 1, 1, 1, 1, 1, 1, 1, 1, 1, 1, 1, 1, 1, 1, 1, 1, 1, 1, 1, 1, 1, 1, 1, 1, 1, 1, 1, 1, 1, 1, 1, 1, 1, 1, 1, 1, 1, 1, 1, 1, 1, 0, 1, 1, 0, 1, 1, 1, 1, 1, 1, 1, 1, 1, 1, 1, 0, 1, 1, 1, 1, 1, 1, 1, 1, 1, 1, 1, 1, 1, 1, 1, 1, 1, 1, 1, 1, 1, 1, 1, 1, 1, 1, 1, 1, 1]","[0.58, 0.53, 0.57, 0.59, 0.61, 0.55, 0.55, 0.53, 0.59, 0.56, 0.58, 0.48, 0.57, 0.58, 0.56, 0.56, 0.54, 0.58, 0.56, 0.56, 0.56, 0.55, 0.55, 0.56, 0.6, 0.59, 0.59, 0.57, 0.58, 0.59, 0.55, 0.57, 0.57, 0.55, 0.63, 0.57, 0.56, 0.6, 0.54, 0.57, 0.56, 0.54, 0.63, 0.62, 0.62, 0.56, 0.56, 0.63, 0.56, 0.58, 0.55, 0.59, 0.52, 0.6, 0.56, 0.52, 0.55, 0.57, 0.6, 0.55, 0.56, 0.56, 0.6, 0.55, 0.56, 0.58, 0.6, 0.56, 0.55, 0.6, 0.55, 0.63, 0.56, 0.56, 0.55, 0.56, 0.57, 0.58, 0.55, 0.56, 0.58, 0.54, 0.61, 0.57, 0.52, 0.6, 0.6, 0.63, 0.54, 0.6, 0.56, 0.59, 0.52, 0.6, 0.54, 0.53, 0.54, 0.56, 0.57, 0.56, 0.56, 0.6, 0.56, 0.53, 0.55, 0.57, 0.55, 0.55, 0.54, 0.56, 0.51, 0.56, 0.52, 0.56, 0.54, 0.56, 0.51, 0.57, 0.56, 0.57, 0.55, 0.54, 0.57, 0.58, 0.53, 0.53, 0.56, 0.52, 0.52, 0.56, 0.55, 0.52, 0.59, 0.59, 0.59, 0.53, 0.53, 0.53, 0.57, 0.6, 0.6, 0.56, 0.58, 0.59, 0.57, 0.55, 0.51, 0.57, 0.55, 0.54, 0.58, 0.54, 0.53, 0.59, 0.59, 0.55, 0.59, 0.56, 0.54, 0.51, 0.56, 0.55, 0.55, 0.52, 0.54, 0.53, 0.5, 0.57, 0.53, 0.5, 0.56, 0.53, 0.52, 0.55, 0.51, 0.56, 0.52, 0.58, 0.51, 0.52, 0.57, 0.5, 0.51, 0.55, 0.55, 0.54, 0.58, 0.55, 0.55, 0.55, 0.55, 0.57, 0.57, 0.55, 0.54, 0.61, 0.55, 0.57, 0.52, 0.53, 0.56, 0.51, 0.54, 0.54, 0.56, 0.51, 0.54, 0.52, 0.59, 0.55, 0.56]"
2024-03,2024-09,"[0, 1, 0, 1, 1, 1, 0, 1, 1, 1, 0, 1, 0, 0, 1, 1, 1, 1, 1, 1, 1, 1, 1, 0, 1, 0, 1, 1, 1, 1, 1, 1, 1, 1, 1, 1, 1, 1, 1, 0, 1, 0, 0, 1, 1, 1, 0, 1, 1, 0, 1, 1, 1, 1, 1, 1, 1, 1, 1, 1, 1, 1, 1, 1, 1, 1, 1, 1, 1, 1, 0, 1, 0, 0, 1, 1, 0, 1, 0, 1, 1, 1, 0, 1, 1, 1, 0, 0, 1, 0, 1, 0, 0, 0, 1, 1, 1, 0, 0, 1, 0, 1, 1, 1, 1, 1, 0, 0, 1, 1, 1, 1, 1, 1, 0, 1, 0, 1, 1, 1, 1, 1, 1, 1, 1, 1, 1, 1, 1, 1, 1, 1, 1, 1, 0, 1, 1, 0, 1, 1, 1, 1, 0, 1, 1, 0, 1, 0, 1, 0, 1, 1, 1, 0, 1, 1, 1, 1, 1, 1, 1, 1, 1, 1, 0, 0, 1, 0, 0, 1, 1, 0, 1, 1, 1, 1, 1, 1, 1, 1, 1, 0, 0, 0, 1, 0, 1, 0, 1, 1, 1, 1, 0, 1, 0, 1, 1, 0, 1, 1, 1, 1, 1, 1, 1, 1, 0, 1, 1, 1, 1, 1, 1, 1, 0]","[0, 1, 0, 0, 0, 0, 0, 0, 0, 0, 0, 0, 0, 0, 0, 0, 1, 1, 0, 1, 1, 0, 0, 0, 1, 1, 1, 0, 0, 0, 0, 0, 0, 0, 0, 0, 0, 1, 0, 0, 0, 0, 0, 1, 0, 0, 0, 0, 0, 0, 0, 0, 0, 0, 0, 0, 0, 0, 0, 1, 0, 0, 0, 0, 0, 0, 0, 0, 1, 0, 1, 0, 0, 1, 0, 0, 0, 0, 0, 0, 0, 0, 0, 0, 0, 1, 0, 0, 0, 0, 0, 0, 0, 0, 0, 1, 0, 0, 0, 0, 0, 0, 0, 0, 0, 0, 0, 0, 0, 1, 0, 0, 0, 0, 0, 0, 0, 0, 1, 0, 0, 0, 0, 0, 0, 0, 0, 0, 0, 0, 0, 0, 1, 0, 0, 0, 0, 0, 0, 0, 0, 0, 0, 0, 0, 0, 0, 1, 1, 0, 0, 0, 0, 0, 0, 0, 0, 1, 0, 0, 0, 0, 0, 1, 0, 1, 0, 0, 1, 0, 0, 1, 0, 0, 0, 0, 0, 0, 0, 0, 0, 1, 0, 0, 0, 0, 0, 0, 0, 0, 0, 0, 0, 0, 0, 0, 0, 1, 0, 0, 0, 1, 0, 0, 0, 1, 1, 1, 0, 0, 0, 0, 1, 1, 0]","[0.3432848582437364, 0.52, 0.43, 0.37, 0.4, 0.4121071863580999, 0.4021071863580999, 0.42, 0.44210718635809987, 0.3521071863580999, 0.4021071863580999, 0.42, 0.3621071863580999, 0.37, 0.45, 0.4121071863580999, 0.58, 0.51, 0.39, 0.51, 0.57, 0.41, 0.3721071863580999, 0.36, 0.62, 0.56, 0.57, 0.39, 0.38210718635809987, 0.3721071863580999, 0.41, 0.44, 0.39, 0.4021071863580999, 0.39, 0.3721071863580999, 0.4021071863580999, 0.51, 0.38210718635809987, 0.38210718635809987, 0.3721071863580999, 0.48, 0.39, 0.55, 0.41, 0.38210718635809987, 0.4021071863580999, 0.45, 0.3521071863580999, 0.3521071863580999, 0.44, 0.38210718635809987, 0.38210718635809987, 0.39, 0.38210718635809987, 0.4121071863580999, 0.4221071863580999, 0.3511776718856365, 0.3721071863580999, 0.54, 0.39, 0.38210718635809987, 0.41, 0.38210718635809987, 0.41, 0.38, 0.4, 0.41, 0.6, 0.46, 0.52, 0.41, 0.36, 0.56, 0.36, 0.3721071863580999, 0.36, 0.3621071863580999, 0.4221071863580999, 0.42, 0.48, 0.3621071863580999, 0.3621071863580999, 0.3921071863580999, 0.38210718635809987, 0.62, 0.3721071863580999, 0.44, 0.48, 0.38210718635809987, 0.43, 0.36, 0.44, 0.39, 0.3921071863580999, 0.57, 0.4021071863580999, 0.4, 0.3421071863580999, 0.37, 0.46, 0.37, 0.43, 0.3721071863580999, 0.45, 0.3621071863580999, 0.3721071863580999, 0.44210718635809987, 0.38210718635809987, 0.57, 0.4021071863580999, 0.3721071863580999, 0.3621071863580999, 0.4221071863580999, 0.43, 0.38, 0.44, 0.38, 0.58, 0.4, 0.41, 0.43, 0.43328485824373636, 0.4, 0.34, 0.3721071863580999, 0.38210718635809987, 0.45, 0.37, 0.3621071863580999, 0.3421071863580999, 0.41, 0.62, 0.36, 0.41, 0.46, 0.4221071863580999, 0.4021071863580999, 0.41, 0.3721071863580999, 0.38, 0.36, 0.3721071863580999, 0.36, 0.46, 0.47, 0.48, 0.55, 0.52, 0.48, 0.36, 0.48, 0.48, 0.47, 0.37, 0.47, 0.38210718635809987, 0.58, 0.3621071863580999, 0.38210718635809987, 0.3921071863580999, 0.3621071863580999, 0.3521071863580999, 0.56, 0.48, 0.62, 0.44, 0.48, 0.58, 0.3721071863580999, 0.38210718635809987, 0.53, 0.38210718635809987, 0.46, 0.4, 0.4711776718856365, 0.4, 0.4221071863580999, 0.41, 0.41, 0.48, 0.52, 0.43, 0.41, 0.3721071863580999, 0.38210718635809987, 0.45, 0.35, 0.44, 0.38210718635809987, 0.44, 0.38328485824373637, 0.3921071863580999, 0.37, 0.3721071863580999, 0.39, 0.44, 0.52, 0.4021071863580999, 0.36, 0.48, 0.52, 0.3521071863580999, 0.3721071863580999, 0.3721071863580999, 0.55, 0.52, 0.52, 0.37, 0.42, 0.41, 0.4, 0.56, 0.51, 0.3721071863580999]"
2024-03,2024-10,"[0, 1, 1, 1, 0, 1, 0, 1, 1, 1, 1, 0, 0, 0, 1, 1, 1, 1, 1, 1, 1, 0, 1, 1, 1, 1, 1, 1, 1, 1, 1, 1, 1, 1, 1, 0, 1, 0, 1, 0, 1, 1, 1, 1, 1, 0, 1, 0, 1, 1, 1, 0, 1, 0, 1, 0, 0, 1, 1, 1, 1, 1, 1, 1, 1, 1, 1, 1, 1, 1, 0, 1, 1, 1, 1, 0, 1, 1, 1, 1, 0, 1, 1, 1, 0, 1, 1, 1, 1, 0, 1, 1, 1, 1, 1, 1, 0, 1, 1, 1, 1, 1, 1, 0, 0, 1, 1, 0, 0, 1, 0, 1, 0, 0, 1, 0, 1, 1, 0, 0, 0, 0, 1, 0, 1, 1, 1, 1, 1, 1, 1, 1, 1, 1, 1, 1, 1, 1, 1, 1, 1, 0, 0, 0, 1, 0, 1, 1, 1, 1, 1, 1, 1, 1, 1, 0, 1, 1, 1, 0, 0, 1, 1, 1, 1, 1, 1, 1, 1, 0, 1, 0, 1, 1, 0, 1, 1, 1, 1, 1, 1, 1, 1, 0, 1, 1, 0, 1, 1, 1, 0, 1, 0, 1, 1, 1, 1, 0, 0, 0, 1, 1, 1, 1, 1, 0, 1, 1, 0, 1, 1, 1, 1, 1]","[1, 1, 1, 1, 1, 0, 1, 1, 1, 1, 1, 1, 1, 0, 1, 1, 1, 1, 1, 0, 0, 1, 1, 1, 0, 1, 1, 1, 0, 1, 0, 1, 1, 1, 1, 1, 0, 1, 1, 1, 0, 0, 1, 1, 1, 1, 1, 1, 0, 1, 1, 0, 0, 1, 0, 1, 1, 1, 1, 0, 1, 1, 1, 1, 1, 1, 1, 1, 1, 1, 1, 1, 0, 1, 1, 0, 1, 1, 1, 1, 1, 1, 1, 1, 0, 0, 1, 0, 0, 1, 1, 1, 1, 0, 1, 1, 0, 0, 0, 0, 0, 1, 1, 0, 1, 1, 1, 1, 0, 0, 1, 1, 1, 1, 1, 0, 0, 1, 1, 1, 1, 0, 1, 1, 1, 1, 1, 1, 0, 1, 1, 1, 0, 1, 1, 0, 1, 1, 1, 1, 1, 1, 1, 1, 0, 1, 1, 1, 1, 0, 0, 1, 1, 1, 1, 1, 0, 1, 1, 1, 1, 1, 0, 1, 0, 1, 0, 1, 1, 0, 1, 1, 1, 1, 1, 1, 1, 1, 1, 1, 1, 0, 1, 1, 1, 1, 0, 1, 1, 1, 1, 1, 0, 0, 0, 1, 1, 0, 0, 0, 1, 1, 0, 1, 0, 1, 0, 1, 1, 1, 1, 1, 1, 1]","[0.54, 0.57, 0.53, 0.57, 0.5111776718856365, 0.48, 0.5211776718856365, 0.62, 0.56, 0.56, 0.5211776718856365, 0.5111776718856365, 0.5511776718856365, 0.48, 0.58, 0.55, 0.56, 0.6, 0.5411776718856365, 0.45, 0.44210718635809987, 0.5311776718856365, 0.56, 0.5411776718856365, 0.48, 0.54, 0.52, 0.5311776718856365, 0.48, 0.5211776718856365, 0.3, 0.51, 0.53, 0.52, 0.56, 0.52, 0.49, 0.62, 0.5211776718856365, 0.62, 0.47, 0.3, 0.53, 0.58, 0.5011776718856364, 0.5111776718856365, 0.63, 0.53, 0.46, 0.51, 0.56, 0.3932848582437364, 0.38210718635809987, 0.57, 0.3921071863580999, 0.56, 0.56, 0.57, 0.5111776718856365, 0.4, 0.63, 0.52, 0.57, 0.53, 0.51, 0.62, 0.58, 0.58, 0.57, 0.64, 0.56, 0.57, 0.43, 0.63, 0.53, 0.3, 0.58, 0.5311776718856365, 0.5211776718856365, 0.62, 0.56, 0.63, 0.52, 0.51, 0.49, 0.49, 0.53, 0.5, 0.48, 0.57, 0.53, 0.5311776718856365, 0.58, 0.46, 0.57, 0.5211776718856365, 0.49, 0.4711776718856365, 0.3, 0.46117767188563646, 0.5, 0.54, 0.57, 0.49, 0.57, 0.53, 0.57, 0.56, 0.49, 0.49, 0.56, 0.54, 0.59, 0.54, 0.54, 0.4311776718856365, 0.5, 0.5111776718856365, 0.56, 0.55, 0.52, 0.46, 0.52, 0.56, 0.5011776718856364, 0.5511776718856365, 0.5211776718856365, 0.53, 0.5, 0.51, 0.58, 0.64, 0.45, 0.5011776718856364, 0.5111776718856365, 0.3, 0.55, 0.53, 0.58, 0.53, 0.5211776718856365, 0.5211776718856365, 0.53, 0.5211776718856365, 0.46, 0.64, 0.59, 0.61, 0.53, 0.49, 0.48, 0.56, 0.5411776718856365, 0.54, 0.55, 0.62, 0.46, 0.5411776718856365, 0.55, 0.56, 0.56, 0.59, 0.45, 0.5211776718856365, 0.48, 0.51, 0.49, 0.59, 0.56, 0.49, 0.64, 0.5211776718856365, 0.6, 0.5511776718856365, 0.53, 0.5111776718856365, 0.53, 0.55, 0.57, 0.53, 0.56, 0.49, 0.54, 0.56, 0.57, 0.56, 0.5, 0.57, 0.62, 0.51, 0.57, 0.64, 0.45, 0.5, 0.5, 0.64, 0.5111776718856365, 0.49, 0.45, 0.5, 0.51, 0.57, 0.5, 0.52, 0.5, 0.57, 0.45, 0.58, 0.58, 0.58, 0.55, 0.52, 0.52, 0.59]"
2024-03,2024-08,"[1, 0, 1, 1, 1, 1, 0, 1, 0, 1, 1, 0, 1, 0, 1, 0, 1, 0, 0, 1, 1, 0, 0, 0, 0, 1, 0, 1, 0, 0, 0, 1, 1, 1, 1, 1, 1, 1, 1, 1, 1, 0, 1, 1, 1, 1, 0, 0, 1, 1, 0, 1, 0, 1, 1, 1, 0, 1, 0, 0, 1, 1, 1, 1, 0, 0, 1, 1, 1, 1, 0, 0, 1, 1, 0, 0, 1, 0, 1, 1, 0, 1, 1, 1, 0, 0, 0, 0, 1, 1, 1, 0, 1, 0, 0, 1, 0, 0, 0, 1, 1, 0, 1, 0, 1, 0, 0, 1, 1, 0, 0, 1, 0, 1, 1, 1, 1, 1, 0, 0, 1, 1, 1, 0, 1, 0, 1, 0, 0, 1, 0, 0, 1, 1, 0, 1, 1, 1, 0, 1, 0, 0, 0, 0, 0, 1, 1, 1, 1, 0, 1, 0, 1, 1, 1, 1, 1, 0, 1, 0, 1, 0, 1, 1, 1, 1, 0, 1, 1, 0, 1, 1, 0, 1, 0, 1, 1, 1, 0, 0, 1, 1, 1, 1, 0, 0, 1, 1, 1, 0, 1, 0, 0, 1, 1, 0, 1, 0, 0, 0, 1, 1, 1, 1, 0, 0, 0, 0, 0, 1, 0, 0, 0, 1, 0]","[1, 0, 0, 1, 1, 1, 0, 1, 0, 1, 1, 0, 1, 1, 1, 1, 0, 1, 1, 0, 1, 0, 1, 1, 1, 1, 1, 0, 0, 1, 1, 1, 1, 0, 0, 0, 0, 1, 1, 0, 1, 0, 1, 0, 1, 0, 1, 0, 0, 0, 1, 0, 1, 1, 1, 1, 0, 1, 1, 1, 0, 1, 1, 0, 1, 0, 1, 1, 1, 1, 1, 0, 1, 0, 0, 1, 1, 0, 1, 0, 1, 1, 1, 1, 1, 0, 1, 1, 0, 0, 0, 1, 0, 1, 0, 0, 1, 1, 1, 1, 1, 1, 0, 0, 1, 0, 0, 1, 0, 1, 1, 0, 1, 1, 0, 1, 1, 0, 1, 1, 1, 0, 0, 0, 0, 1, 0, 1, 1, 1, 1, 1, 0, 1, 1, 0, 0, 0, 0, 0, 0, 1, 0, 1, 1, 1, 1, 0, 1, 1, 1, 1, 0, 1, 1, 1, 1, 1, 0, 1, 1, 0, 0, 1, 0, 0, 1, 1, 0, 1, 1, 1, 1, 0, 1, 1, 1, 1, 0, 0, 1, 1, 1, 1, 0, 1, 0, 1, 1, 0, 0, 0, 1, 1, 1, 1, 1, 0, 0, 1, 1, 0, 0, 1, 1, 0, 1, 1, 0, 1, 0, 1, 1, 1, 1]","[0.6, 0.41, 0.4221071863580999, 0.6, 0.57, 0.5311776718856365, 0.41, 0.52, 0.47, 0.59, 0.5411776718856365, 0.42, 0.54, 0.64, 0.56, 0.56, 0.49, 0.52, 0.56, 0.42, 0.61, 0.49, 0.63, 0.58, 0.56, 0.65, 0.6, 0.43, 0.48, 0.52, 0.57, 0.5511776718856365, 0.56, 0.4021071863580999, 0.4711776718856365, 0.44, 0.49, 0.56, 0.56, 0.4811776718856365, 0.57, 0.5, 0.52, 0.46, 0.56, 0.4911776718856365, 0.56, 0.47, 0.4711776718856365, 0.49, 0.61, 0.4, 0.64, 0.62, 0.65, 0.55, 0.44, 0.56, 0.55, 0.57, 0.45, 0.64, 0.61, 0.4, 0.64, 0.4, 0.57, 0.51, 0.58, 0.51, 0.59, 0.33, 0.62, 0.33, 0.49, 0.54, 0.54, 0.44, 0.52, 0.42, 0.56, 0.62, 0.52, 0.57, 0.54, 0.45, 0.58, 0.58, 0.4911776718856365, 0.43, 0.4711776718856365, 0.56, 0.5, 0.61, 0.38210718635809987, 0.47, 0.55, 0.61, 0.56, 0.55, 0.62, 0.56, 0.42, 0.4811776718856365, 0.58, 0.4, 0.4711776718856365, 0.5611776718856365, 0.5, 0.62, 0.64, 0.48, 0.6, 0.57, 0.43, 0.61, 0.57, 0.3521071863580999, 0.56, 0.56, 0.51, 0.3721071863580999, 0.49, 0.5, 0.47, 0.56, 0.4, 0.54, 0.56, 0.63, 0.54, 0.52, 0.46117767188563646, 0.58, 0.5232848582437364, 0.38, 0.47, 0.46117767188563646, 0.38210718635809987, 0.47, 0.3932848582437364, 0.54, 0.42, 0.6, 0.56, 0.5211776718856365, 0.54, 0.34, 0.59, 0.52, 0.61, 0.56, 0.48, 0.51, 0.5211776718856365, 0.55, 0.55, 0.53, 0.4811776718856365, 0.57, 0.64, 0.43, 0.37, 0.51, 0.43, 0.48, 0.56, 0.57, 0.38, 0.54, 0.56, 0.63, 0.58, 0.5, 0.56, 0.55, 0.53, 0.56, 0.44, 0.46, 0.5232848582437364, 0.5711776718856365, 0.5111776718856365, 0.64, 0.49, 0.53, 0.45, 0.59, 0.59, 0.43, 0.33, 0.5, 0.6, 0.64, 0.63, 0.55, 0.65, 0.48, 0.4, 0.54, 0.55, 0.44, 0.49, 0.54, 0.51, 0.46, 0.55, 0.58, 0.49, 0.63, 0.47, 0.55, 0.55, 0.52, 0.54]"
2024-03,2024-02,"[0, 1, 1, 0, 0, 1, 1, 1, 0, 1, 1, 1, 0, 1, 1, 1, 0, 0, 0, 0, 1, 1, 1, 1, 0, 1, 1, 0, 1, 1, 1, 1, 0, 1, 1, 0, 1, 0, 1, 1, 1, 1, 1, 1, 1, 0, 1, 1, 1, 1, 1, 1, 1, 0, 1, 1, 0, 0, 1, 1, 1, 1, 1, 1, 0, 0, 1, 0, 1, 1, 0, 1, 1, 1, 1, 1, 1, 1, 0, 1, 0, 1, 0, 1, 1, 1, 0, 1, 1, 1, 0, 0, 0, 0, 0, 0, 1, 1, 0, 1, 0, 1, 1, 0, 1, 1, 1, 0, 0, 1, 1, 1, 1, 1, 0, 1, 1, 1, 1, 1, 1, 1, 1, 1, 1, 1, 1, 1, 0, 1, 1, 1, 1, 1, 0, 1, 1, 0, 0, 1, 1, 1, 1, 1, 1, 0, 0, 0, 0, 0, 1, 1, 1, 0, 0, 1, 0, 1, 1, 0, 0, 0, 1, 1, 1, 0, 1, 1, 1, 0, 1, 1, 1, 1, 1, 1, 1, 1, 1, 0, 1, 1, 0, 1, 1, 0, 1, 1, 0, 1, 1, 0, 0, 0, 1, 0, 0, 0, 1, 0, 0, 1, 1, 0, 1, 1, 0, 1, 1, 1, 1, 0]","[1, 1, 1, 1, 1, 1, 1, 1, 1, 1, 1, 1, 1, 1, 1, 1, 1, 1, 1, 1, 1, 1, 1, 1, 1, 1, 1, 1, 1, 1, 1, 1, 1, 1, 1, 1, 1, 1, 1, 1, 1, 1, 1, 1, 1, 1, 1, 1, 1, 1, 1, 1, 1, 1, 1, 1, 1, 1, 1, 1, 1, 1, 1, 1, 1, 1, 1, 1, 1, 1, 1, 1, 1, 1, 1, 1, 1, 1, 1, 1, 1, 1, 1, 1, 1, 1, 1, 1, 1, 1, 1, 1, 1, 1, 1, 1, 1, 1, 1, 1, 1, 1, 1, 1, 1, 1, 1, 1, 1, 1, 1, 1, 1, 1, 1, 1, 1, 1, 1, 1, 1, 1, 1, 1, 1, 1, 1, 1, 1, 1, 1, 1, 1, 1, 1, 1, 1, 1, 1, 1, 1, 1, 1, 1, 1, 1, 1, 1, 1, 1, 1, 1, 1, 1, 1, 1, 1, 1, 1, 1, 1, 1, 1, 1, 1, 1, 1, 1, 1, 1, 1, 1, 1, 1, 1, 1, 1, 1, 1, 1, 1, 1, 1, 1, 1, 1, 1, 1, 1, 1, 1, 1, 1, 1, 1, 1, 1, 1, 1, 1, 1, 1, 1, 1, 1, 1, 1, 1, 1, 1, 1, 1]","[0.65, 0.64, 0.63, 0.62, 0.59, 0.61, 0.61, 0.64, 0.62, 0.65, 0.65, 0.6, 0.65, 0.6, 0.65, 0.61, 0.63, 0.63, 0.64, 0.62, 0.5934808853118713, 0.65, 0.58, 0.6, 0.5734808853118712, 0.5934808853118713, 0.65, 0.63, 0.61, 0.61, 0.6034808853118713, 0.62, 0.61, 0.63, 0.64, 0.65, 0.65, 0.65, 0.65, 0.63, 0.65, 0.61, 0.63, 0.61, 0.58, 0.59, 0.6, 0.65, 0.65, 0.65, 0.65, 0.61, 0.64, 0.63, 0.63, 0.57, 0.62, 0.65, 0.62, 0.65, 0.67, 0.64, 0.62, 0.64, 0.63, 0.6, 0.61, 0.58, 0.62, 0.79, 0.62, 0.61, 0.71, 0.61, 0.62, 0.63, 0.61, 0.63, 0.64, 0.6, 0.63, 0.61, 0.62, 0.64, 0.62, 0.61, 0.62, 0.64, 0.67, 0.62, 0.62, 0.63, 0.63, 0.59, 0.66, 0.73, 0.62, 0.59, 0.63, 0.63, 0.64, 0.63, 0.64, 0.63, 0.64, 0.63, 0.65, 0.62, 0.63, 0.57, 0.6, 0.61, 0.63, 0.6, 0.62, 0.57, 0.6, 0.64, 0.61, 0.65, 0.6, 0.6, 0.64, 0.7, 0.61, 0.59, 0.65, 0.6, 0.65, 0.58, 0.71, 0.65, 0.57, 0.6, 0.59, 0.57, 0.56, 0.61, 0.59, 0.64, 0.59, 0.63, 0.56, 0.62, 0.58, 0.57, 0.65, 0.58, 0.74, 0.65, 0.6, 0.61, 0.61, 0.6, 0.73, 0.58, 0.61, 0.65, 0.61, 0.61, 0.6034808853118713, 0.61, 0.61, 0.59, 0.61, 0.63, 0.62, 0.64, 0.6, 0.62, 0.62, 0.64, 0.63, 0.62, 0.6034808853118713, 0.61, 0.65, 0.6, 0.65, 0.64, 0.63, 0.65, 0.65, 0.65, 0.65, 0.61, 0.62, 0.65, 0.62, 0.64, 0.59, 0.6, 0.58, 0.59, 0.62, 0.62, 0.63, 0.63, 0.61, 0.6, 0.64, 0.57, 0.62, 0.63, 0.61, 0.6, 0.64, 0.57, 0.57, 0.65, 0.63, 0.63]"
2024-03,2024-11,"[1, 1, 1, 1, 1, 1, 1, 0, 1, 1, 1, 1, 1, 1, 1, 1, 1, 1, 0, 1, 1, 1, 1, 1, 1, 1, 1, 1, 1, 1, 1, 1, 1, 1, 1, 1, 1, 1, 1, 1, 1, 1, 1, 1, 0, 1, 1, 1, 1, 1, 1, 1, 1, 1, 1, 0, 1, 1, 0, 1, 1, 1, 1, 0, 1, 1, 1, 1, 1, 1, 1, 1, 1, 0, 1, 1, 1, 1, 1, 1, 1, 0, 1, 1, 1, 1, 1, 1, 1, 1, 0, 1, 1, 1, 0, 0, 1, 1, 0, 0, 1, 0, 1, 1, 0, 1, 1, 0, 0, 1, 0, 1, 1, 1, 1, 1, 1, 1, 1, 1, 0, 1, 1, 1, 1, 1, 1, 1, 1, 1, 1, 1, 1, 0, 1, 1, 1, 1, 1, 1, 1, 0, 1, 0, 1, 1, 1, 1, 1, 1, 1, 1, 1, 1, 1, 1, 1, 1, 1, 1, 1, 1, 1, 1, 1, 1, 1, 1, 0, 1, 1, 1, 1, 1, 1, 1, 1, 1, 1, 1, 0, 1, 1, 1, 1, 1, 1, 1, 1, 1, 1, 1, 1, 0, 1, 1, 0, 1, 0, 1, 1, 1, 1, 1, 1, 1, 1, 1, 1, 0, 1, 1, 1, 0, 1]","[1, 0, 1, 1, 0, 0, 0, 0, 0, 0, 1, 1, 0, 1, 1, 1, 1, 0, 0, 1, 1, 0, 1, 1, 0, 1, 1, 1, 0, 0, 0, 0, 0, 0, 1, 1, 1, 1, 1, 0, 0, 0, 1, 1, 0, 1, 1, 1, 0, 0, 0, 0, 0, 1, 0, 0, 1, 0, 1, 0, 1, 0, 1, 1, 1, 0, 1, 1, 0, 0, 0, 1, 0, 1, 1, 0, 1, 0, 0, 0, 1, 1, 0, 0, 1, 0, 0, 0, 0, 1, 0, 0, 0, 1, 1, 1, 0, 0, 0, 1, 1, 1, 1, 0, 1, 1, 1, 1, 0, 1, 1, 1, 0, 1, 0, 0, 1, 0, 0, 1, 0, 0, 1, 0, 0, 1, 1, 0, 1, 1, 0, 0, 0, 1, 0, 0, 0, 1, 0, 1, 0, 0, 1, 0, 0, 0, 1, 1, 1, 1, 0, 1, 0, 1, 0, 0, 1, 0, 0, 0, 0, 0, 0, 0, 0, 0, 0, 0, 0, 0, 0, 0, 0, 1, 1, 1, 0, 1, 1, 0, 1, 1, 1, 1, 0, 1, 1, 0, 0, 1, 0, 0, 0, 1, 0, 0, 0, 0, 0, 0, 0, 1, 1, 0, 0, 0, 0, 0, 1, 1, 1, 0, 1, 0, 1]","[0.64, 0.5, 0.66, 0.56, 0.47, 0.39, 0.41, 0.37, 0.49, 0.5, 0.59, 0.52, 0.48, 0.73, 0.55, 0.62, 0.51, 0.49, 0.4, 0.63, 0.71, 0.39, 0.57, 0.52, 0.5, 0.52, 0.67, 0.61, 0.48, 0.4, 0.4, 0.38, 0.48, 0.49, 0.53, 0.6, 0.51, 0.65, 0.57, 0.48, 0.48, 0.4, 0.51, 0.65, 0.42, 0.53, 0.55, 0.69, 0.48, 0.48, 0.48, 0.48, 0.48, 0.68, 0.49, 0.47, 0.79, 0.48, 0.52, 0.36, 0.66, 0.42, 0.53, 0.55, 0.52, 0.37, 0.55, 0.62, 0.36, 0.48, 0.49, 0.67, 0.41, 0.58, 0.7, 0.43, 0.52, 0.41, 0.43, 0.44, 0.51, 0.52, 0.41, 0.41, 0.51, 0.37, 0.35, 0.41, 0.41, 0.68, 0.5, 0.38, 0.46, 0.51, 0.58, 0.63, 0.49, 0.48, 0.41, 0.6, 0.53, 0.58, 0.57, 0.49, 0.51, 0.57, 0.51, 0.64, 0.5, 0.61, 0.52, 0.51, 0.44, 0.52, 0.41, 0.41, 0.51, 0.4, 0.39, 0.51, 0.49, 0.41, 0.67, 0.41, 0.29, 0.52, 0.52, 0.38, 0.51, 0.52, 0.36, 0.4, 0.41, 0.64, 0.49, 0.36, 0.48, 0.51, 0.41, 0.52, 0.34, 0.39, 0.51, 0.4, 0.43, 0.41, 0.63, 0.52, 0.58, 0.52, 0.46, 0.67, 0.38, 0.52, 0.37, 0.48, 0.52, 0.48, 0.42, 0.42, 0.41, 0.4, 0.47, 0.5, 0.4, 0.38, 0.4, 0.42, 0.39, 0.42, 0.41, 0.47, 0.4, 0.75, 0.69, 0.62, 0.38, 0.52, 0.56, 0.48, 0.65, 0.68, 0.61, 0.52, 0.41, 0.53, 0.61, 0.48, 0.48, 0.64, 0.5, 0.43, 0.49, 0.54, 0.42, 0.47, 0.5, 0.43, 0.5, 0.42, 0.32, 0.53, 0.53, 0.33, 0.5, 0.49, 0.29, 0.39, 0.51, 0.51, 0.52, 0.29, 0.57, 0.5, 0.51]"
2024-03,2024-07,"[1, 1, 0, 0, 1, 0, 0, 0, 0, 1, 0, 1, 1, 1, 1, 0, 1, 1, 1, 0, 0, 0, 0, 1, 0, 1, 0, 0, 0, 1, 0, 0, 1, 1, 0, 1, 1, 1, 1, 1, 0, 0, 1, 0, 1, 1, 1, 1, 1, 0, 1, 1, 0, 1, 1, 1, 1, 0, 1, 0, 1, 0, 0, 1, 1, 0, 1, 1, 0, 1, 1, 1, 0, 0, 0, 0, 0, 1, 0, 0, 1, 0, 1, 1, 1, 0, 0, 0, 1, 1, 1, 0, 1, 1, 0, 0, 1, 0, 1, 1, 0, 1, 1, 1, 0, 1, 1, 0, 0, 1, 1, 1, 1, 1, 1, 0, 1, 1, 0, 1, 1, 0, 1, 0, 0, 1, 0, 1, 1, 0, 0, 0, 1, 1, 0, 1, 1, 0, 1, 0, 0, 0, 0, 0, 0, 0, 0, 1, 1, 1, 0, 1, 0, 1, 1, 1, 1, 1, 1, 1, 1, 1, 1, 1, 1, 1, 1, 1, 1, 1, 0, 0, 0, 0, 0, 0, 1, 0, 0, 0, 0, 1, 0, 0, 0, 1, 1, 0, 1, 0, 1, 1, 1, 0, 1, 1, 1, 1, 1, 0, 1, 1, 1, 1, 1, 0, 1, 0, 1, 1, 1, 1, 1, 0, 1]","[1, 0, 1, 0, 0, 1, 1, 1, 1, 0, 0, 0, 0, 0, 1, 0, 0, 1, 0, 0, 0, 0, 0, 1, 1, 1, 0, 0, 1, 1, 0, 0, 0, 1, 0, 0, 0, 0, 0, 0, 0, 1, 0, 0, 0, 0, 0, 0, 1, 1, 0, 0, 0, 1, 0, 0, 1, 1, 0, 1, 0, 0, 0, 0, 1, 0, 1, 0, 0, 0, 0, 0, 1, 0, 0, 0, 0, 0, 0, 1, 1, 0, 0, 0, 0, 0, 0, 0, 0, 0, 0, 1, 0, 0, 1, 1, 1, 1, 1, 0, 0, 0, 1, 0, 0, 1, 0, 0, 0, 0, 0, 0, 0, 1, 1, 0, 0, 0, 0, 0, 0, 0, 0, 0, 0, 0, 0, 0, 1, 0, 1, 0, 1, 0, 0, 0, 0, 1, 1, 0, 0, 1, 1, 0, 1, 0, 1, 0, 1, 1, 1, 0, 1, 0, 0, 0, 0, 1, 0, 0, 0, 0, 0, 0, 0, 0, 1, 0, 0, 0, 0, 0, 0, 1, 0, 0, 0, 1, 1, 0, 0, 0, 0, 0, 0, 0, 0, 1, 1, 1, 0, 1, 0, 1, 0, 0, 0, 0, 1, 0, 0, 1, 1, 0, 0, 0, 0, 0, 0, 1, 0, 0, 1, 0, 0]","[0.51, 0.38210718635809987, 0.56, 0.5, 0.3921071863580999, 0.56, 0.54, 0.56, 0.56, 0.3921071863580999, 0.38210718635809987, 0.36, 0.38, 0.4121071863580999, 0.58, 0.41, 0.4, 0.58, 0.37, 0.43328485824373636, 0.4121071863580999, 0.42, 0.4721071863580999, 0.56, 0.55, 0.55, 0.38210718635809987, 0.3621071863580999, 0.56, 0.55, 0.3921071863580999, 0.39, 0.39, 0.56, 0.38210718635809987, 0.38210718635809987, 0.38, 0.3721071863580999, 0.3721071863580999, 0.41, 0.4121071863580999, 0.56, 0.41, 0.4221071863580999, 0.48, 0.38210718635809987, 0.3721071863580999, 0.4, 0.56, 0.51, 0.36, 0.36, 0.45, 0.56, 0.37, 0.36, 0.56, 0.56, 0.45, 0.56, 0.38210718635809987, 0.4, 0.37, 0.4, 0.56, 0.3621071863580999, 0.56, 0.47, 0.4, 0.47, 0.38210718635809987, 0.4, 0.56, 0.47, 0.4, 0.37, 0.4, 0.43, 0.48, 0.54, 0.54, 0.4, 0.4721071863580999, 0.4621071863580999, 0.48, 0.4721071863580999, 0.4021071863580999, 0.44, 0.39, 0.44, 0.3721071863580999, 0.56, 0.38210718635809987, 0.45, 0.54, 0.55, 0.55, 0.56, 0.56, 0.38210718635809987, 0.4, 0.43, 0.56, 0.42, 0.4521071863580999, 0.61, 0.4, 0.42, 0.36, 0.39, 0.3721071863580999, 0.4821071863580999, 0.4, 0.56, 0.56, 0.39, 0.38210718635809987, 0.38210718635809987, 0.4121071863580999, 0.4521071863580999, 0.46, 0.38210718635809987, 0.39, 0.4021071863580999, 0.44210718635809987, 0.5, 0.4121071863580999, 0.4221071863580999, 0.55, 0.4021071863580999, 0.55, 0.38210718635809987, 0.55, 0.39, 0.39, 0.38, 0.38, 0.56, 0.56, 0.38, 0.3921071863580999, 0.51, 0.56, 0.4221071863580999, 0.51, 0.5, 0.56, 0.3921071863580999, 0.56, 0.63, 0.56, 0.3721071863580999, 0.56, 0.43, 0.3921071863580999, 0.36, 0.36, 0.56, 0.44328485824373637, 0.45, 0.4, 0.37, 0.45, 0.38210718635809987, 0.41, 0.38210718635809987, 0.51, 0.41, 0.36, 0.38210718635809987, 0.38210718635809987, 0.38, 0.3721071863580999, 0.56, 0.39, 0.46, 0.43, 0.56, 0.56, 0.42, 0.42, 0.48, 0.4, 0.42, 0.46, 0.4, 0.45, 0.61, 0.52, 0.56, 0.38210718635809987, 0.62, 0.43, 0.52, 0.4621071863580999, 0.38210718635809987, 0.41, 0.3921071863580999, 0.56, 0.44, 0.38210718635809987, 0.56, 0.62, 0.48, 0.46, 0.42, 0.3921071863580999, 0.41, 0.38210718635809987, 0.62, 0.39, 0.46, 0.55, 0.38210718635809987, 0.46]"
2024-03,2024-06,"[1, 0, 1, 0, 1, 1, 1, 1, 0, 1, 1, 1, 1, 0, 0, 0, 0, 1, 0, 0, 1, 1, 1, 1, 1, 0, 0, 1, 0, 0, 1, 0, 1, 1, 0, 0, 1, 1, 1, 0, 1, 0, 1, 0, 0, 1, 0, 1, 1, 0, 1, 0, 0, 1, 1, 1, 1, 0, 1, 1, 0, 1, 0, 1, 0, 0, 1, 0, 1, 1, 0, 0, 1, 0, 0, 0, 0, 0, 1, 1, 1, 1, 1, 1, 1, 1, 0, 0, 0, 0, 0, 1, 1, 1, 1, 1, 1, 1, 1, 1, 1, 1, 1, 0, 0, 0, 1, 1, 0, 1, 0, 0, 0, 0, 1, 0, 1, 1, 0, 0, 1, 0, 0, 1, 1, 0, 1, 1, 1, 0, 1, 0, 1, 0, 0, 0, 1, 1, 1, 1, 1, 0, 0, 1, 0, 1, 1, 1, 1, 0, 0, 1, 1, 0, 1, 1, 1, 0, 1, 1, 1, 1, 1, 0, 1, 1, 1, 1, 0, 0, 1, 1, 1, 1, 1, 1, 1, 1, 0, 1, 1, 1, 1, 1, 1, 1, 1, 1, 0, 1, 0, 0, 1, 1, 0, 0, 0, 0, 1, 1, 0, 1, 1, 1, 0, 0, 1, 0]","[0, 1, 0, 0, 0, 0, 0, 1, 1, 1, 1, 0, 1, 0, 0, 0, 0, 0, 1, 1, 0, 0, 0, 0, 1, 1, 1, 0, 0, 1, 1, 0, 0, 0, 1, 1, 1, 0, 1, 0, 1, 0, 0, 0, 1, 1, 1, 1, 0, 0, 1, 0, 0, 0, 0, 1, 1, 0, 1, 0, 0, 1, 0, 0, 0, 0, 0, 0, 0, 1, 1, 0, 1, 0, 0, 0, 0, 0, 0, 0, 0, 0, 0, 0, 0, 1, 1, 0, 0, 1, 1, 0, 0, 0, 1, 0, 0, 0, 0, 0, 0, 0, 1, 0, 1, 0, 0, 1, 0, 1, 0, 0, 0, 0, 1, 1, 0, 1, 0, 0, 1, 0, 0, 0, 0, 0, 1, 1, 1, 0, 0, 0, 0, 0, 0, 0, 0, 0, 1, 0, 1, 1, 1, 1, 1, 1, 0, 0, 0, 0, 0, 0, 0, 0, 1, 0, 0, 0, 1, 0, 0, 0, 0, 0, 0, 0, 0, 0, 1, 0, 0, 0, 0, 0, 1, 1, 1, 1, 1, 0, 0, 0, 0, 0, 0, 0, 0, 1, 0, 0, 0, 0, 0, 1, 1, 0, 1, 0, 0, 1, 0, 1, 1, 0, 1, 0, 0, 1]","[0.39, 0.54, 0.4, 0.37, 0.46, 0.49, 0.42, 0.6, 0.6, 0.56, 0.56, 0.44, 0.57, 0.5, 0.4, 0.4021071863580999, 0.44, 0.48, 0.51, 0.53, 0.44, 0.41, 0.4, 0.38210718635809987, 0.62, 0.56, 0.6, 0.4221071863580999, 0.37, 0.57, 0.55, 0.45, 0.45, 0.5, 0.56, 0.59, 0.57, 0.45, 0.54, 0.45, 0.51, 0.45, 0.41, 0.48, 0.55, 0.5311776718856365, 0.52, 0.54, 0.4, 0.5, 0.51, 0.40117767188563647, 0.49, 0.5, 0.4521071863580999, 0.55, 0.55, 0.4, 0.51, 0.38, 0.45117767188563646, 0.52, 0.42, 0.38, 0.44, 0.42, 0.47, 0.37, 0.41, 0.55, 0.56, 0.43, 0.51, 0.45, 0.45, 0.4311776718856365, 0.43, 0.4, 0.41, 0.46, 0.4311776718856365, 0.44117767188563645, 0.46, 0.46, 0.46, 0.57, 0.53, 0.44, 0.38, 0.56, 0.61, 0.35, 0.45, 0.39, 0.52, 0.44, 0.4, 0.37, 0.46, 0.43, 0.42, 0.43, 0.54, 0.43, 0.52, 0.46, 0.37, 0.56, 0.45, 0.52, 0.42, 0.42, 0.45, 0.49, 0.51, 0.52, 0.41, 0.61, 0.4211776718856365, 0.4121071863580999, 0.51, 0.39, 0.4311776718856365, 0.44, 0.4, 0.44, 0.51, 0.56, 0.52, 0.4121071863580999, 0.37, 0.32, 0.36, 0.36, 0.36, 0.49, 0.41, 0.41, 0.51, 0.44, 0.52, 0.55, 0.56, 0.62, 0.53, 0.62, 0.49, 0.38, 0.4521071863580999, 0.46, 0.4, 0.47, 0.44, 0.44, 0.57, 0.4321071863580999, 0.43, 0.37, 0.62, 0.45, 0.42, 0.4111776718856365, 0.37, 0.4321071863580999, 0.34, 0.34, 0.36, 0.5, 0.52, 0.3921071863580999, 0.42, 0.4, 0.39, 0.49, 0.55, 0.62, 0.56, 0.59, 0.53, 0.49, 0.44, 0.46, 0.46, 0.49, 0.42, 0.49, 0.4121071863580999, 0.54, 0.46, 0.36, 0.4021071863580999, 0.4, 0.46, 0.57, 0.51, 0.4211776718856365, 0.56, 0.4311776718856365, 0.48, 0.62, 0.44, 0.56, 0.62, 0.44, 0.62, 0.43, 0.5, 0.54]"
2024-05,2024-05,"[1, 0, 1, 1, 1, 1, 0, 1, 0, 1, 1, 1, 1, 1, 0, 1, 1, 0, 1, 1, 1, 0, 1, 0, 1, 1, 1, 0, 0, 1, 1, 1, 1, 1, 1, 1, 1, 1, 1, 1, 1, 0, 1, 1, 0, 1, 1, 1, 0, 1, 0, 1, 1, 1, 1, 0, 0, 1, 0, 0, 1, 1, 0, 1, 1, 1, 1, 1, 1, 1, 1, 1, 1, 0, 0, 1, 1, 0, 1, 1, 1, 1, 1, 1, 1, 1, 0, 1, 1, 1, 1, 1, 0, 1, 0, 1, 1, 0, 1, 1, 1, 1, 0, 0, 0, 1, 0, 1, 1, 1, 1, 0, 1, 0, 0, 0, 0, 1, 1, 0, 1, 0, 1, 1, 0, 1, 1, 1, 1, 1, 0, 1, 1, 0, 0, 1, 0, 1, 1, 0, 1, 0, 1, 1, 1, 1, 1, 1, 1, 1, 1, 1, 1, 1, 0, 0, 1, 1, 1, 0, 1, 1, 1, 0, 1, 1, 1, 0, 1, 1, 1, 1, 1, 1, 1, 0, 1, 1, 0, 1, 0, 1, 1, 0, 1, 1, 1, 1, 1, 1, 1, 0, 0, 1, 1, 1, 1, 1, 1, 0, 0, 1, 0, 0, 1, 0, 1, 0, 1, 0, 0, 0]","[1, 1, 0, 1, 1, 1, 1, 0, 1, 1, 1, 1, 1, 0, 0, 1, 1, 1, 1, 1, 1, 1, 1, 1, 1, 1, 1, 1, 0, 1, 1, 1, 1, 1, 1, 0, 1, 1, 1, 1, 1, 1, 0, 0, 1, 1, 1, 1, 1, 1, 0, 1, 1, 1, 1, 0, 1, 1, 0, 1, 1, 1, 1, 1, 1, 1, 1, 1, 1, 0, 1, 1, 1, 1, 1, 1, 1, 1, 1, 1, 0, 1, 1, 1, 1, 0, 1, 1, 1, 1, 0, 1, 0, 1, 1, 1, 1, 1, 0, 1, 0, 1, 1, 0, 1, 1, 1, 1, 0, 1, 1, 1, 1, 0, 1, 1, 0, 1, 1, 1, 1, 1, 1, 1, 1, 0, 1, 1, 0, 1, 0, 0, 1, 0, 1, 1, 1, 1, 1, 1, 1, 1, 1, 1, 1, 0, 1, 1, 1, 1, 1, 1, 0, 1, 1, 1, 1, 1, 1, 1, 0, 1, 1, 0, 1, 1, 0, 0, 1, 1, 1, 1, 0, 1, 0, 1, 1, 0, 1, 1, 1, 1, 0, 1, 1, 1, 1, 1, 1, 0, 1, 1, 0, 1, 1, 1, 1, 1, 1, 0, 1, 1, 0, 1, 1, 1, 1, 1, 1, 1, 0, 1]","[0.7, 0.84, 0.25, 0.8, 0.9, 0.6871551358234297, 0.85, 0.48, 0.76, 0.93, 0.85, 0.63, 0.98, 0.46, 0.32, 0.9913333333333333, 0.7758064516129032, 0.95, 0.98, 0.85, 0.68, 0.75, 0.74, 0.77, 0.74, 0.6, 0.8, 0.74, 0.48, 0.84, 0.98, 0.9, 0.98, 1.0, 0.98, 0.45, 0.9913333333333333, 0.92, 0.58, 0.9063157894736843, 0.7, 0.67, 0.31, 0.28, 0.88, 0.83, 0.59, 0.92, 0.72, 0.94, 0.46, 0.81, 0.85, 0.6443583024852435, 0.77, 0.49, 0.62, 0.61, 0.14, 0.89, 0.75, 0.62, 0.96, 0.7931578947368422, 0.74, 0.96, 0.84, 0.6547999999999999, 0.78, 0.5, 0.73, 0.83, 0.83, 0.67, 0.84, 0.98, 0.98, 0.97, 0.99, 0.69, 0.43, 0.86, 0.98, 0.73, 0.57, 0.30133333333333334, 0.65, 0.79, 0.79, 0.71, 0.25, 0.77, 0.19, 0.98, 0.91, 0.94, 0.55, 0.52, 0.34, 0.91, 0.46, 0.5832083333333333, 0.85, 0.29, 0.8971551358234293, 0.79, 0.53, 0.94, 0.49, 0.77, 0.84, 0.84, 0.77, 0.29, 0.53, 0.76, 0.36, 0.97, 0.95, 0.64, 0.74, 0.51, 0.951875, 1.0, 0.96, 0.46, 0.97, 0.76, 0.44, 0.91, 0.31, 0.47, 0.8331578947368422, 0.48, 0.51, 0.99, 0.75, 0.87, 0.8974007108287961, 0.75, 0.99, 0.97, 0.75, 0.69, 0.81, 0.49, 0.6, 0.9277115467421088, 0.88, 0.82, 0.6782249691519102, 0.91, 0.34, 0.82, 0.86, 0.8144912280701755, 0.85, 0.69, 0.62, 0.75, 0.48, 0.89, 0.93, 0.46, 0.55375, 0.95, 0.1562180654338549, 0.28, 1.0, 0.99, 0.92, 0.98, 0.17, 0.5654043859649122, 0.37, 0.7731223684210526, 0.7963157894736841, 0.48, 0.76, 0.76, 0.98, 0.83, 0.48, 0.8, 0.93, 0.7, 0.82, 0.96, 0.59, 0.41, 0.53, 0.8374315789473684, 0.39, 0.7, 0.6, 0.78, 0.8960694414789507, 0.9531578947368421, 0.75, 0.29, 0.83, 0.72, 0.36, 0.75, 0.67, 0.61, 0.7060673774954629, 0.8, 0.92, 0.67, 0.44, 0.67]"
2024-05,2024-04,"[1, 1, 1, 0, 0, 1, 0, 0, 1, 1, 1, 1, 0, 1, 0, 1, 1, 1, 0, 1, 1, 0, 0, 0, 1, 1, 1, 0, 1, 0, 1, 0, 1, 0, 1, 0, 1, 0, 1, 0, 0, 0, 1, 0, 1, 1, 0, 1, 1, 1, 0, 1, 1, 0, 1, 1, 0, 1, 0, 1, 1, 1, 1, 1, 1, 1, 1, 1, 1, 1, 1, 0, 0, 1, 1, 1, 1, 0, 1, 0, 1, 1, 0, 0, 1, 0, 1, 1, 1, 0, 0, 1, 0, 0, 1, 1, 0, 1, 0, 1, 1, 1, 0, 1, 1, 1, 1, 0, 1, 1, 1, 1, 0, 1, 0, 1, 1, 1, 1, 1, 0, 0, 1, 1, 1, 1, 1, 1, 0, 0, 1, 0, 1, 1, 0, 1, 0, 0, 1, 1, 1, 1, 1, 0, 1, 1, 0, 1, 1, 0, 0, 1, 0, 1, 0, 1, 1, 1, 1, 1, 1, 0, 1, 0, 1, 1, 1, 0, 0, 1, 0, 1, 1, 0, 1, 0, 1, 1, 0, 1, 0, 1, 0, 1, 1, 1, 1, 0, 1, 1, 1, 1, 1, 1, 1, 0, 1, 0, 0, 1, 1, 0, 0, 0, 0, 0, 1, 1, 0, 0, 0]","[1, 1, 1, 1, 1, 1, 1, 1, 1, 1, 1, 1, 1, 1, 1, 1, 1, 1, 1, 1, 1, 1, 0, 1, 1, 1, 1, 1, 1, 1, 1, 1, 1, 1, 1, 1, 1, 1, 1, 1, 1, 1, 1, 1, 1, 1, 1, 1, 1, 1, 1, 1, 1, 1, 1, 1, 1, 1, 1, 1, 1, 1, 1, 1, 1, 1, 1, 1, 1, 1, 1, 1, 1, 1, 1, 1, 1, 1, 1, 1, 1, 1, 1, 1, 1, 1, 1, 1, 1, 1, 1, 1, 1, 1, 1, 1, 1, 1, 1, 1, 1, 1, 1, 1, 1, 1, 1, 1, 1, 1, 1, 1, 1, 1, 1, 1, 1, 1, 1, 1, 1, 1, 1, 1, 1, 1, 1, 1, 1, 1, 1, 1, 1, 1, 1, 1, 1, 1, 1, 1, 0, 1, 1, 1, 1, 1, 1, 1, 1, 1, 1, 1, 1, 1, 1, 1, 1, 1, 1, 1, 1, 1, 1, 1, 1, 1, 1, 1, 1, 1, 1, 1, 1, 1, 1, 1, 1, 1, 1, 1, 1, 1, 1, 1, 1, 1, 1, 1, 1, 1, 1, 1, 1, 1, 1, 1, 1, 1, 1, 1, 1, 1, 1, 1, 1, 1, 1, 1, 1, 1, 1]","[0.54375, 0.56375, 0.57375, 0.5650833333333334, 0.661875, 0.57375, 0.57375, 0.5550833333333334, 0.58375, 0.571875, 0.591875, 0.59375, 0.56375, 0.5450833333333334, 0.57375, 0.5350833333333334, 0.5650833333333334, 0.56375, 0.5750833333333333, 0.56375, 0.54375, 0.54375, 0.4950833333333333, 0.5450833333333334, 0.5250833333333333, 0.6013333333333333, 0.5450833333333334, 0.54375, 0.57375, 0.581875, 0.581875, 0.55375, 0.581875, 0.56375, 0.5350833333333334, 0.54375, 0.56375, 0.57375, 0.5450833333333334, 0.57375, 0.56375, 0.57375, 0.601875, 0.5450833333333334, 0.58375, 0.651875, 0.5550833333333334, 0.5350833333333334, 0.631875, 0.6413333333333333, 0.65, 0.661875, 0.57375, 0.64, 0.55375, 0.661875, 0.661875, 0.57375, 0.5550833333333334, 0.56375, 0.5550833333333334, 0.57375, 0.561875, 0.62375, 0.5650833333333334, 0.571875, 0.5450833333333334, 0.57375, 0.581875, 0.58375, 0.57375, 0.5450833333333334, 0.56375, 0.601875, 0.58375, 0.56375, 0.5550833333333334, 0.5550833333333334, 0.5350833333333334, 0.581875, 0.55375, 0.5850833333333333, 0.5450833333333334, 0.5550833333333334, 0.5350833333333334, 0.5150833333333333, 0.5450833333333334, 0.6213333333333333, 0.5450833333333334, 0.591875, 0.5250833333333333, 0.56375, 0.57375, 0.5550833333333334, 0.591875, 0.5650833333333334, 0.57375, 0.57375, 0.571875, 0.5450833333333334, 0.57375, 0.55375, 0.6013333333333333, 0.571875, 0.5250833333333333, 0.56375, 0.551875, 0.5750833333333333, 0.6413333333333333, 0.5450833333333334, 0.551875, 0.5650833333333334, 0.55375, 0.5250833333333333, 0.55375, 0.57375, 0.5632083333333333, 0.57375, 0.5550833333333334, 0.551875, 0.5450833333333334, 0.5350833333333334, 0.5550833333333334, 0.57375, 0.5750833333333333, 0.5350833333333334, 0.56375, 0.5550833333333334, 0.5350833333333334, 0.54375, 0.5950833333333333, 0.60375, 0.591875, 0.5550833333333334, 0.5250833333333333, 0.551875, 0.57375, 0.65, 0.611875, 0.671875, 0.4950833333333333, 0.5650833333333334, 0.5350833333333334, 0.65, 0.5450833333333334, 0.5550833333333334, 0.5450833333333334, 0.561875, 0.64, 0.5550833333333334, 0.56375, 0.5950833333333333, 0.56375, 0.5550833333333334, 0.5450833333333334, 0.5550833333333334, 0.6050833333333333, 0.5650833333333334, 0.5450833333333334, 0.5732083333333333, 0.5650833333333334, 0.57375, 0.5350833333333334, 0.57375, 0.5732083333333333, 0.57375, 0.56375, 0.57375, 0.57375, 0.57375, 0.55375, 0.5350833333333334, 0.5450833333333334, 0.5050833333333333, 0.56375, 0.5750833333333333, 0.59375, 0.5550833333333334, 0.5250833333333333, 0.5450833333333334, 0.5250833333333333, 0.5250833333333333, 0.57375, 0.55375, 0.5550833333333334, 0.5550833333333334, 0.5450833333333334, 0.56375, 0.5550833333333334, 0.5850833333333333, 0.57375, 0.581875, 0.56375, 0.57375, 0.63, 0.55375, 0.571875, 0.57375, 0.57375, 0.58375, 0.55375, 0.5350833333333334, 0.57375, 0.5650833333333334, 0.5250833333333333, 0.5350833333333334, 0.57375, 0.57375, 0.5350833333333334, 0.581875, 0.56375]"
2024-05,2024-01,"[1, 1, 1, 1, 1, 1, 1, 1, 1, 1, 1, 1, 1, 1, 1, 0, 1, 0, 1, 1, 1, 1, 1, 1, 1, 0, 0, 0, 0, 0, 1, 1, 1, 0, 1, 1, 1, 1, 1, 0, 1, 1, 1, 0, 1, 0, 1, 1, 1, 0, 1, 1, 0, 1, 1, 1, 1, 1, 0, 1, 1, 1, 1, 1, 1, 0, 1, 1, 1, 0, 0, 0, 1, 0, 0, 0, 1, 0, 1, 1, 0, 1, 1, 1, 1, 1, 1, 1, 1, 1, 1, 1, 1, 1, 1, 1, 0, 1, 1, 1, 1, 1, 1, 1, 1, 1, 1, 1, 1, 1, 1, 1, 0, 1, 1, 1, 1, 0, 1, 1, 1, 1, 0, 0, 1, 1, 0, 1, 1, 1, 1, 0, 1, 1, 1, 0, 0, 1, 1, 0, 0, 1, 1, 1, 1, 1, 0, 1, 1, 0, 1, 1, 1, 1, 1, 1, 1, 1, 1, 1, 1, 1, 1, 1, 0, 1, 1, 1, 1, 1, 1, 1, 1, 1, 1, 1, 1, 0, 1, 0, 0, 1, 1, 1, 1, 1, 1, 1, 1, 1, 0, 1, 1, 1, 1, 1, 1, 1, 1, 0, 1, 1, 1, 1, 1, 1, 1, 0, 1, 1, 0]","[0, 0, 0, 1, 0, 0, 0, 0, 0, 0, 0, 0, 0, 0, 0, 0, 0, 0, 0, 0, 0, 0, 0, 0, 0, 0, 0, 0, 0, 0, 0, 0, 0, 0, 0, 0, 0, 0, 0, 0, 0, 0, 0, 0, 0, 0, 0, 0, 0, 0, 0, 0, 0, 0, 0, 0, 0, 0, 0, 0, 0, 0, 0, 0, 0, 0, 0, 0, 0, 0, 0, 0, 0, 0, 0, 0, 0, 0, 0, 0, 0, 0, 0, 0, 0, 0, 0, 0, 0, 0, 0, 0, 1, 0, 0, 0, 0, 0, 0, 0, 0, 0, 0, 0, 0, 0, 0, 0, 0, 0, 0, 0, 0, 0, 0, 0, 0, 0, 0, 0, 0, 0, 0, 0, 0, 0, 0, 0, 0, 0, 0, 0, 0, 0, 0, 0, 0, 0, 0, 0, 0, 0, 0, 0, 0, 0, 0, 0, 0, 0, 0, 0, 0, 0, 0, 0, 0, 0, 0, 0, 0, 0, 0, 0, 0, 0, 0, 0, 0, 0, 0, 0, 0, 0, 0, 0, 0, 0, 0, 0, 0, 0, 0, 0, 0, 0, 0, 0, 0, 0, 0, 0, 0, 0, 0, 0, 0, 0, 0, 0, 0, 0, 0, 0, 0, 0, 0, 0, 0, 0, 0]","[0.4950833333333333, 0.4950833333333333, 0.4950833333333333, 0.5150833333333333, 0.4950833333333333, 0.4950833333333333, 0.4950833333333333, 0.4950833333333333, 0.4950833333333333, 0.4950833333333333, 0.4950833333333333, 0.4950833333333333, 0.4950833333333333, 0.4950833333333333, 0.4950833333333333, 0.4950833333333333, 0.4950833333333333, 0.4950833333333333, 0.4950833333333333, 0.4950833333333333, 0.4950833333333333, 0.4950833333333333, 0.4950833333333333, 0.4950833333333333, 0.4950833333333333, 0.4950833333333333, 0.4950833333333333, 0.4950833333333333, 0.4950833333333333, 0.4950833333333333, 0.4950833333333333, 0.4950833333333333, 0.4950833333333333, 0.4950833333333333, 0.4950833333333333, 0.4950833333333333, 0.4950833333333333, 0.4950833333333333, 0.4950833333333333, 0.4950833333333333, 0.4950833333333333, 0.4950833333333333, 0.4950833333333333, 0.4950833333333333, 0.4950833333333333, 0.4950833333333333, 0.4950833333333333, 0.4950833333333333, 0.4950833333333333, 0.4950833333333333, 0.4950833333333333, 0.4950833333333333, 0.4950833333333333, 0.4950833333333333, 0.4950833333333333, 0.4950833333333333, 0.4950833333333333, 0.4950833333333333, 0.4950833333333333, 0.4950833333333333, 0.4950833333333333, 0.4950833333333333, 0.4950833333333333, 0.4950833333333333, 0.4950833333333333, 0.4950833333333333, 0.4950833333333333, 0.4950833333333333, 0.4950833333333333, 0.4950833333333333, 0.4950833333333333, 0.4950833333333333, 0.4950833333333333, 0.4950833333333333, 0.4950833333333333, 0.4950833333333333, 0.4950833333333333, 0.4950833333333333, 0.4950833333333333, 0.4950833333333333, 0.4950833333333333, 0.4950833333333333, 0.4950833333333333, 0.4950833333333333, 0.4950833333333333, 0.4950833333333333, 0.4950833333333333, 0.4950833333333333, 0.4950833333333333, 0.4950833333333333, 0.4950833333333333, 0.4950833333333333, 0.5050833333333333, 0.4950833333333333, 0.4950833333333333, 0.4950833333333333, 0.4950833333333333, 0.4950833333333333, 0.4950833333333333, 0.4950833333333333, 0.4950833333333333, 0.4950833333333333, 0.4950833333333333, 0.4950833333333333, 0.4950833333333333, 0.4950833333333333, 0.4950833333333333, 0.4950833333333333, 0.4950833333333333, 0.4950833333333333, 0.4950833333333333, 0.4950833333333333, 0.4950833333333333, 0.4950833333333333, 0.4950833333333333, 0.4950833333333333, 0.4950833333333333, 0.4950833333333333, 0.4950833333333333, 0.4950833333333333, 0.4950833333333333, 0.4950833333333333, 0.4950833333333333, 0.4950833333333333, 0.4950833333333333, 0.4950833333333333, 0.4950833333333333, 0.4950833333333333, 0.4950833333333333, 0.4950833333333333, 0.4950833333333333, 0.4950833333333333, 0.4950833333333333, 0.4950833333333333, 0.4950833333333333, 0.4950833333333333, 0.4950833333333333, 0.4950833333333333, 0.4950833333333333, 0.4950833333333333, 0.4950833333333333, 0.4950833333333333, 0.4950833333333333, 0.4950833333333333, 0.4950833333333333, 0.4950833333333333, 0.4950833333333333, 0.4950833333333333, 0.4950833333333333, 0.4950833333333333, 0.4950833333333333, 0.4950833333333333, 0.4950833333333333, 0.4950833333333333, 0.4950833333333333, 0.4950833333333333, 0.4950833333333333, 0.4950833333333333, 0.4950833333333333, 0.4950833333333333, 0.4950833333333333, 0.4950833333333333, 0.4950833333333333, 0.4950833333333333, 0.4950833333333333, 0.4950833333333333, 0.4950833333333333, 0.4950833333333333, 0.4950833333333333, 0.4950833333333333, 0.4950833333333333, 0.4950833333333333, 0.4950833333333333, 0.4950833333333333, 0.4950833333333333, 0.4950833333333333, 0.4950833333333333, 0.4950833333333333, 0.4950833333333333, 0.4950833333333333, 0.4950833333333333, 0.4950833333333333, 0.4950833333333333, 0.4950833333333333, 0.4950833333333333, 0.4950833333333333, 0.4950833333333333, 0.4950833333333333, 0.4950833333333333, 0.4950833333333333, 0.4950833333333333, 0.4950833333333333, 0.4950833333333333, 0.4950833333333333, 0.4950833333333333, 0.4950833333333333, 0.4950833333333333, 0.4950833333333333, 0.4950833333333333, 0.4950833333333333, 0.4950833333333333, 0.4950833333333333, 0.4950833333333333, 0.4950833333333333, 0.4950833333333333, 0.4950833333333333, 0.4950833333333333, 0.4950833333333333, 0.4950833333333333, 0.4950833333333333, 0.4950833333333333]"
2024-05,2024-09,"[0, 1, 0, 1, 1, 1, 0, 1, 1, 1, 0, 1, 0, 0, 1, 1, 1, 1, 1, 1, 1, 1, 1, 0, 1, 0, 1, 1, 1, 1, 1, 1, 1, 1, 1, 1, 1, 1, 1, 0, 1, 0, 0, 1, 1, 1, 0, 1, 1, 0, 1, 1, 1, 1, 1, 1, 1, 1, 1, 1, 1, 1, 1, 1, 1, 1, 1, 1, 1, 1, 0, 1, 0, 0, 1, 1, 0, 1, 0, 1, 1, 1, 0, 1, 1, 1, 0, 0, 1, 0, 1, 0, 0, 0, 1, 1, 1, 0, 0, 1, 0, 1, 1, 1, 1, 1, 0, 0, 1, 1, 1, 1, 1, 1, 0, 1, 0, 1, 1, 1, 1, 1, 1, 1, 1, 1, 1, 1, 1, 1, 1, 1, 1, 1, 0, 1, 1, 0, 1, 1, 1, 1, 0, 1, 1, 0, 1, 0, 1, 0, 1, 1, 1, 0, 1, 1, 1, 1, 1, 1, 1, 1, 1, 1, 0, 0, 1, 0, 0, 1, 1, 0, 1, 1, 1, 1, 1, 1, 1, 1, 1, 0, 0, 0, 1, 0, 1, 0, 1, 1, 1, 1, 0, 1, 0, 1, 1, 0, 1, 1, 1, 1, 1, 1, 1, 1, 0, 1, 1, 1, 1, 1, 1, 1, 0]","[1, 1, 1, 1, 1, 1, 1, 1, 1, 1, 1, 1, 1, 1, 1, 1, 1, 1, 1, 1, 1, 1, 1, 1, 1, 1, 1, 1, 1, 1, 1, 1, 1, 1, 1, 1, 1, 1, 1, 1, 1, 1, 1, 1, 1, 1, 1, 1, 1, 1, 1, 1, 1, 1, 1, 1, 1, 1, 1, 1, 1, 1, 1, 1, 1, 1, 1, 1, 1, 1, 1, 1, 1, 1, 1, 1, 1, 1, 1, 1, 1, 1, 1, 1, 1, 1, 1, 1, 1, 1, 1, 1, 1, 1, 1, 1, 1, 1, 1, 1, 1, 1, 1, 1, 1, 1, 1, 1, 1, 1, 1, 1, 1, 1, 1, 1, 1, 1, 1, 1, 1, 1, 1, 1, 1, 1, 1, 1, 1, 1, 1, 1, 1, 1, 1, 1, 1, 1, 1, 1, 1, 1, 1, 1, 1, 1, 1, 1, 1, 1, 1, 1, 1, 1, 1, 1, 1, 1, 1, 1, 1, 1, 1, 1, 1, 1, 1, 1, 1, 1, 1, 1, 1, 1, 1, 1, 1, 1, 1, 1, 1, 1, 1, 1, 1, 1, 1, 1, 1, 1, 1, 1, 1, 1, 1, 1, 1, 1, 1, 1, 1, 1, 1, 1, 1, 1, 1, 1, 1, 1, 1, 1, 1, 1, 1]","[0.6931578947368421, 0.5827801358234296, 0.6508393463497453, 0.7250328947368421, 0.6608393463497453, 0.6958064516129032, 0.6658064516129032, 0.7031578947368421, 0.6931578947368421, 0.68, 0.6758064516129032, 0.6558722410865875, 0.6731578947368421, 0.6694736842105263, 0.6027801358234296, 0.62, 0.5827801358234296, 0.75, 0.6908393463497453, 0.75, 0.5827801358234296, 0.675032894736842, 0.6763157894736841, 0.695032894736842, 0.5291499556432494, 0.61, 0.5527801358234296, 0.6931578947368421, 0.62, 0.64, 0.6731578947368421, 0.5473502722323049, 0.5431578947368421, 0.6858064516129032, 0.5431578947368421, 0.6958064516129032, 0.6658064516129032, 0.743157894736842, 0.7, 0.5350328947368421, 0.6763157894736841, 0.5334745170467581, 0.5531578947368421, 0.75, 0.675032894736842, 0.62, 0.6658064516129032, 0.5521222410865874, 0.61, 0.6031578947368421, 0.5211157894736842, 0.6231578947368421, 0.64, 0.623157894736842, 0.7, 0.65, 0.68, 0.723157894736842, 0.64, 0.733157894736842, 0.643157894736842, 0.6611157894736841, 0.653157894736842, 0.67, 0.675032894736842, 0.643157894736842, 0.617957894736842, 0.6631578947368421, 0.74, 0.6963157894736841, 0.5827801358234296, 0.685032894736842, 0.6731578947368421, 0.72, 0.6731578947368421, 0.66, 0.6731578947368421, 0.62, 0.68, 0.6663157894736841, 0.5250986842105264, 0.65, 0.7131578947368421, 0.6063157894736841, 0.5550328947368421, 0.5827801358234296, 0.6731578947368421, 0.6463157894736841, 0.5250986842105264, 0.64, 0.5998328947368421, 0.6742736842105262, 0.6563157894736841, 0.587350272232305, 0.6563157894736841, 0.5323078503800914, 0.71, 0.6763157894736841, 0.6431578947368422, 0.643157894736842, 0.5631578947368421, 0.653157894736842, 0.6329907894736841, 0.6658064516129032, 0.72, 0.6731578947368422, 0.6763157894736841, 0.733157894736842, 0.64, 0.77, 0.6863157894736841, 0.6763157894736841, 0.6731578947368421, 0.7031578947368421, 0.71, 0.65, 0.6463157894736841, 0.6596222410865874, 0.7, 0.6608393463497453, 0.653157894736842, 0.619266622309916, 0.723157894736842, 0.6608393463497453, 0.653157894736842, 0.733157894736842, 0.6658064516129032, 0.5561486842105263, 0.7089643463497453, 0.6958064516129032, 0.53, 0.6663157894736841, 0.5291499556432494, 0.6894736842105263, 0.6631578947368421, 0.75, 0.65, 0.6758064516129032, 0.6631578947368421, 0.6758064516129032, 0.6327143463497452, 0.6081907894736842, 0.5931578947368421, 0.6063157894736841, 0.5613486842105264, 0.5132236842105263, 0.5250986842105264, 0.68, 0.5978130305602717, 0.5250986842105264, 0.6350328947368421, 0.5426130305602715, 0.5250986842105264, 0.6019407894736842, 0.653157894736842, 0.5450986842105263, 0.64, 0.79, 0.603157894736842, 0.6563157894736841, 0.623157894736842, 0.6863157894736841, 0.5931578947368421, 0.7, 0.6439972410865874, 0.5291499556432494, 0.7031578947368421, 0.6731578947368421, 0.75, 0.6658064516129032, 0.66, 0.5386236398537756, 0.5750328947368422, 0.5350328947368421, 0.743157894736842, 0.733157894736842, 0.743157894736842, 0.63, 0.6163157894736842, 0.675032894736842, 0.6078130305602717, 0.76, 0.5629907894736842, 0.743157894736842, 0.6558064516129032, 0.5455108359133127, 0.5963157894736841, 0.6732236842105263, 0.6246551358234296, 0.6831578947368421, 0.6358722410865874, 0.6931578947368421, 0.5979578947368421, 0.6694736842105263, 0.6663157894736841, 0.6063157894736841, 0.5721222410865874, 0.5827801358234296, 0.6458064516129032, 0.6631578947368421, 0.5250986842105264, 0.5827801358234296, 0.633157894736842, 0.66, 0.6631578947368422, 0.76, 0.5827801358234296, 0.76, 0.643157894736842, 0.5921222410865874, 0.559225272232305, 0.743157894736842, 0.73, 0.74, 0.6658064516129032]"
2024-05,2024-10,"[0, 1, 1, 1, 0, 1, 0, 1, 1, 1, 1, 0, 0, 0, 1, 1, 1, 1, 1, 1, 1, 0, 1, 1, 1, 1, 1, 1, 1, 1, 1, 1, 1, 1, 1, 0, 1, 0, 1, 0, 1, 1, 1, 1, 1, 0, 1, 0, 1, 1, 1, 0, 1, 0, 1, 0, 0, 1, 1, 1, 1, 1, 1, 1, 1, 1, 1, 1, 1, 1, 0, 1, 1, 1, 1, 0, 1, 1, 1, 1, 0, 1, 1, 1, 0, 1, 1, 1, 1, 0, 1, 1, 1, 1, 1, 1, 0, 1, 1, 1, 1, 1, 1, 0, 0, 1, 1, 0, 0, 1, 0, 1, 0, 0, 1, 0, 1, 1, 0, 0, 0, 0, 1, 0, 1, 1, 1, 1, 1, 1, 1, 1, 1, 1, 1, 1, 1, 1, 1, 1, 1, 0, 0, 0, 1, 0, 1, 1, 1, 1, 1, 1, 1, 1, 1, 0, 1, 1, 1, 0, 0, 1, 1, 1, 1, 1, 1, 1, 1, 0, 1, 0, 1, 1, 0, 1, 1, 1, 1, 1, 1, 1, 1, 0, 1, 1, 0, 1, 1, 1, 0, 1, 0, 1, 1, 1, 1, 0, 0, 0, 1, 1, 1, 1, 1, 0, 1, 1, 0, 1, 1, 1, 1, 1]","[1, 1, 1, 1, 1, 1, 1, 1, 1, 1, 1, 1, 1, 1, 1, 1, 1, 1, 1, 1, 1, 1, 1, 1, 1, 1, 1, 1, 1, 1, 1, 1, 1, 1, 1, 1, 1, 1, 1, 1, 1, 1, 1, 1, 1, 1, 1, 1, 1, 1, 1, 1, 1, 1, 1, 1, 1, 1, 1, 1, 1, 1, 1, 1, 1, 1, 1, 1, 1, 1, 1, 1, 1, 1, 1, 1, 1, 1, 1, 1, 1, 1, 1, 1, 1, 1, 0, 1, 1, 1, 1, 1, 1, 1, 1, 1, 1, 1, 1, 1, 1, 1, 1, 1, 1, 1, 1, 1, 1, 1, 1, 1, 1, 1, 1, 1, 1, 1, 1, 1, 1, 1, 1, 1, 1, 1, 1, 1, 1, 1, 1, 1, 1, 1, 1, 1, 1, 1, 1, 1, 1, 1, 1, 1, 1, 1, 1, 1, 1, 1, 1, 1, 1, 1, 0, 1, 1, 1, 1, 1, 1, 1, 1, 1, 1, 1, 1, 1, 1, 1, 1, 1, 1, 1, 1, 1, 1, 1, 1, 1, 1, 1, 1, 1, 1, 1, 1, 1, 1, 1, 1, 1, 1, 1, 1, 1, 1, 1, 1, 1, 1, 1, 1, 1, 1, 1, 1, 1, 1, 1, 1, 1, 1, 1]","[0.64, 0.68, 0.67, 0.65, 0.68, 0.67, 0.68, 0.67, 0.71, 0.72, 0.68, 0.69, 0.69, 0.69, 0.66, 0.67, 0.67, 0.68, 0.67, 0.571875, 0.65, 0.71, 0.73, 0.7, 0.64, 0.66, 0.61, 0.551875, 0.68, 0.71, 0.6013333333333333, 0.67, 0.5450833333333334, 0.64, 0.541875, 0.69, 0.5450833333333334, 0.67, 0.68, 0.72, 0.67, 0.6013333333333333, 0.66, 0.7, 0.68, 0.68, 0.67, 0.66, 0.571875, 0.61, 0.67, 0.67, 0.64, 0.65, 0.67, 0.66, 0.73, 0.65, 0.68, 0.6213333333333333, 0.66, 0.601875, 0.65, 0.65, 0.59, 0.67, 0.66, 0.7, 0.66, 0.66, 0.72, 0.64, 0.5732083333333333, 0.67, 0.66, 0.6013333333333333, 0.7, 0.68, 0.67, 0.67, 0.74, 0.66, 0.67, 0.68, 0.5450833333333334, 0.55375, 0.4950833333333333, 0.581875, 0.58, 0.56, 0.66, 0.551875, 0.65, 0.5150833333333333, 0.64, 0.68, 0.581875, 0.69, 0.6013333333333333, 0.65, 0.511875, 0.65, 0.66, 0.581875, 0.64, 0.65, 0.69, 0.65, 0.68, 0.581875, 0.66, 0.65, 0.68, 0.65, 0.65, 0.69, 0.66, 0.69, 0.71, 0.67, 0.581875, 0.67, 0.69, 0.71, 0.69, 0.68, 0.66, 0.66, 0.581875, 0.67, 0.71, 0.66, 0.64, 0.62, 0.68, 0.6013333333333333, 0.5332083333333333, 0.66, 0.65, 0.66, 0.68, 0.69, 0.68, 0.68, 0.67, 0.68, 0.66, 0.66, 0.68, 0.571875, 0.68, 0.65, 0.69, 0.67, 0.4950833333333333, 0.67, 0.62, 0.67, 0.66, 0.67, 0.74, 0.541875, 0.63, 0.68, 0.53375, 0.67, 0.63, 0.63, 0.64, 0.68, 0.66, 0.65, 0.64, 0.71, 0.64, 0.68, 0.66, 0.7, 0.65, 0.66, 0.67, 0.67, 0.69, 0.67, 0.65, 0.65, 0.65, 0.65, 0.69, 0.6, 0.71, 0.65, 0.571875, 0.581875, 0.511875, 0.65, 0.62, 0.571875, 0.571875, 0.581875, 0.68, 0.6, 0.581875, 0.69, 0.581875, 0.6, 0.571875, 0.66, 0.63, 0.67, 0.75, 0.67, 0.64, 0.63]"
2024-05,2024-08,"[1, 0, 1, 1, 1, 1, 0, 1, 0, 1, 1, 0, 1, 0, 1, 0, 1, 0, 0, 1, 1, 0, 0, 0, 0, 1, 0, 1, 0, 0, 0, 1, 1, 1, 1, 1, 1, 1, 1, 1, 1, 0, 1, 1, 1, 1, 0, 0, 1, 1, 0, 1, 0, 1, 1, 1, 0, 1, 0, 0, 1, 1, 1, 1, 0, 0, 1, 1, 1, 1, 0, 0, 1, 1, 0, 0, 1, 0, 1, 1, 0, 1, 1, 1, 0, 0, 0, 0, 1, 1, 1, 0, 1, 0, 0, 1, 0, 0, 0, 1, 1, 0, 1, 0, 1, 0, 0, 1, 1, 0, 0, 1, 0, 1, 1, 1, 1, 1, 0, 0, 1, 1, 1, 0, 1, 0, 1, 0, 0, 1, 0, 0, 1, 1, 0, 1, 1, 1, 0, 1, 0, 0, 0, 0, 0, 1, 1, 1, 1, 0, 1, 0, 1, 1, 1, 1, 1, 0, 1, 0, 1, 0, 1, 1, 1, 1, 0, 1, 1, 0, 1, 1, 0, 1, 0, 1, 1, 1, 0, 0, 1, 1, 1, 1, 0, 0, 1, 1, 1, 0, 1, 0, 0, 1, 1, 0, 1, 0, 0, 0, 1, 1, 1, 1, 0, 0, 0, 0, 0, 1, 0, 0, 0, 1, 0]","[1, 1, 1, 1, 1, 1, 1, 1, 1, 1, 1, 1, 1, 1, 1, 0, 1, 1, 1, 1, 1, 1, 0, 1, 1, 1, 1, 1, 1, 1, 1, 1, 1, 1, 1, 1, 1, 1, 1, 1, 1, 1, 1, 1, 1, 1, 1, 1, 1, 1, 0, 1, 1, 1, 0, 1, 1, 1, 1, 1, 1, 1, 1, 1, 1, 1, 1, 1, 1, 1, 1, 1, 0, 1, 1, 1, 1, 1, 1, 1, 1, 1, 1, 1, 1, 1, 1, 1, 1, 1, 1, 0, 1, 0, 1, 1, 1, 1, 1, 1, 0, 1, 1, 1, 1, 1, 1, 1, 1, 1, 1, 1, 1, 1, 1, 1, 1, 1, 1, 1, 1, 1, 1, 1, 1, 1, 1, 1, 1, 1, 1, 1, 1, 1, 1, 1, 1, 1, 1, 1, 1, 1, 1, 1, 1, 1, 1, 1, 1, 1, 1, 0, 1, 1, 1, 1, 1, 1, 1, 1, 1, 1, 1, 1, 1, 1, 1, 1, 1, 1, 1, 0, 1, 1, 1, 1, 1, 1, 1, 1, 1, 1, 1, 1, 1, 1, 1, 0, 0, 1, 1, 1, 1, 1, 0, 1, 1, 1, 1, 1, 1, 1, 1, 1, 1, 1, 1, 1, 1, 1, 1, 1, 1, 1, 1]","[0.62, 0.6408763987671882, 0.763157894736842, 0.66, 0.76, 0.6030412280701755, 0.6408763987671882, 0.6393570175438597, 0.6261991228070175, 0.75, 0.6261991228070175, 0.7131578947368421, 0.6361991228070175, 0.61, 0.68, 0.49, 0.7131578947368421, 0.6499491228070176, 0.75, 0.6146263987671882, 0.64, 0.763157894736842, 0.48, 0.73, 0.59, 0.72, 0.74, 0.7031578947368421, 0.733157894736842, 0.5995935040303461, 0.78, 0.7131578947368421, 0.74, 0.6931578947368421, 0.6611662280701753, 0.7228022759601707, 0.7131578947368421, 0.74, 0.74, 0.7131578947368421, 0.5995935040303461, 0.733157894736842, 0.6095935040303461, 0.7263157894736841, 0.6048, 0.733157894736842, 0.74, 0.733157894736842, 0.653157894736842, 0.7131578947368421, 0.43, 0.763157894736842, 0.53, 0.56, 0.38, 0.77, 0.6146263987671882, 0.61, 0.64, 0.76, 0.6929907894736842, 0.54, 0.79, 0.723157894736842, 0.55, 0.723157894736842, 0.76, 0.679832894736842, 0.51, 0.6398328947368421, 0.57, 0.6408763987671882, 0.48, 0.6499491228070176, 0.6112320175438596, 0.6030412280701755, 0.73, 0.6146263987671882, 0.5995935040303461, 0.6146263987671882, 0.63, 0.55, 0.763157894736842, 0.52, 0.73, 0.76, 0.52, 0.74, 0.733157894736842, 0.733157894736842, 0.723157894736842, 0.5, 0.733157894736842, 0.43, 0.6763157894736841, 0.733157894736842, 0.7, 0.73, 0.53, 0.75, 0.35, 0.72, 0.6146263987671882, 0.743157894736842, 0.52, 0.723157894736842, 0.773157894736842, 0.773157894736842, 0.5961991228070176, 0.66, 0.71, 0.723157894736842, 0.77, 0.6046263987671882, 0.6408763987671882, 0.79, 0.53, 0.7031578947368421, 0.53, 0.58, 0.753157894736842, 0.7031578947368421, 0.7931578947368421, 0.733157894736842, 0.7363157894736841, 0.58, 0.723157894736842, 0.64, 0.76, 0.69, 0.61, 0.6998328947368421, 0.723157894736842, 0.68, 0.5780741228070175, 0.6558435040303462, 0.7029907894736841, 0.723157894736842, 0.653157894736842, 0.7228022759601707, 0.6731578947368421, 0.61, 0.6963157894736841, 0.76, 0.78, 0.723157894736842, 0.7411157894736842, 0.6943241228070175, 0.77, 0.5995935040303461, 0.7176022759601708, 0.48, 0.653157894736842, 0.723157894736842, 0.723157894736842, 0.733157894736842, 0.7363157894736841, 0.733157894736842, 0.7131578947368421, 0.6532272759601707, 0.58, 0.6408763987671882, 0.5995935040303461, 0.7131578947368421, 0.723157894736842, 0.7179578947368421, 0.6, 0.5995935040303461, 0.6231070175438596, 0.58, 0.55, 0.47, 0.56, 0.7163157894736841, 0.69, 0.61, 0.733157894736842, 0.63, 0.6146263987671882, 0.6349820175438596, 0.5780741228070175, 0.5599491228070176, 0.7031578947368421, 0.79, 0.6361991228070175, 0.7363157894736841, 0.733157894736842, 0.35, 0.44, 0.7211157894736842, 0.6408763987671882, 0.753157894736842, 0.76, 0.53, 0.39, 0.733157894736842, 0.61, 0.7031578947368421, 0.723157894736842, 0.7263157894736841, 0.7076022759601708, 0.6146263987671882, 0.7131578947368421, 0.7411157894736842, 0.7211157894736842, 0.7176022759601708, 0.7379578947368421, 0.56, 0.79, 0.58, 0.6911157894736841, 0.79, 0.78, 0.79, 0.79]"
2024-05,2024-02,"[0, 1, 1, 0, 0, 1, 1, 1, 0, 1, 1, 1, 0, 1, 1, 1, 0, 0, 0, 0, 1, 1, 1, 1, 0, 1, 1, 0, 1, 1, 1, 1, 0, 1, 1, 0, 1, 0, 1, 1, 1, 1, 1, 1, 1, 0, 1, 1, 1, 1, 1, 1, 1, 0, 1, 1, 0, 0, 1, 1, 1, 1, 1, 1, 0, 0, 1, 0, 1, 1, 0, 1, 1, 1, 1, 1, 1, 1, 0, 1, 0, 1, 0, 1, 1, 1, 0, 1, 1, 1, 0, 0, 0, 0, 0, 0, 1, 1, 0, 1, 0, 1, 1, 0, 1, 1, 1, 0, 0, 1, 1, 1, 1, 1, 0, 1, 1, 1, 1, 1, 1, 1, 1, 1, 1, 1, 1, 1, 0, 1, 1, 1, 1, 1, 0, 1, 1, 0, 0, 1, 1, 1, 1, 1, 1, 0, 0, 0, 0, 0, 1, 1, 1, 0, 0, 1, 0, 1, 1, 0, 0, 0, 1, 1, 1, 0, 1, 1, 1, 0, 1, 1, 1, 1, 1, 1, 1, 1, 1, 0, 1, 1, 0, 1, 1, 0, 1, 1, 0, 1, 1, 0, 0, 0, 1, 0, 0, 0, 1, 0, 0, 1, 1, 0, 1, 1, 0, 1, 1, 1, 1, 0]","[1, 1, 1, 1, 1, 1, 1, 1, 1, 1, 1, 1, 1, 1, 1, 1, 1, 1, 1, 1, 1, 1, 1, 1, 1, 1, 1, 1, 1, 1, 1, 1, 1, 1, 1, 1, 1, 1, 1, 1, 1, 1, 1, 1, 1, 1, 1, 1, 1, 1, 1, 1, 1, 1, 1, 1, 1, 1, 1, 1, 1, 1, 1, 1, 1, 1, 1, 1, 1, 1, 1, 1, 1, 1, 1, 1, 1, 1, 1, 1, 1, 1, 1, 1, 1, 1, 1, 1, 1, 1, 1, 1, 1, 1, 1, 1, 1, 1, 1, 1, 1, 1, 1, 1, 1, 1, 1, 1, 1, 1, 1, 1, 1, 1, 1, 1, 1, 1, 1, 1, 1, 1, 1, 1, 1, 1, 1, 1, 1, 1, 1, 1, 1, 1, 1, 1, 1, 1, 1, 1, 1, 1, 1, 1, 1, 1, 1, 1, 1, 1, 1, 1, 1, 1, 1, 1, 1, 1, 1, 1, 1, 1, 1, 1, 1, 1, 1, 1, 1, 1, 1, 1, 1, 1, 1, 1, 1, 1, 1, 1, 1, 1, 1, 1, 1, 1, 1, 1, 1, 1, 1, 1, 1, 1, 1, 1, 1, 1, 1, 1, 1, 1, 1, 1, 1, 1, 1, 1, 1, 1, 1, 1]","[0.651875, 0.651875, 0.661875, 0.631875, 0.651875, 0.651875, 0.661875, 0.651875, 0.661875, 0.651875, 0.661875, 0.661875, 0.661875, 0.631875, 0.661875, 0.651875, 0.651875, 0.661875, 0.651875, 0.661875, 0.621875, 0.641875, 0.631875, 0.661875, 0.651875, 0.58375, 0.631875, 0.661875, 0.671875, 0.641875, 0.651875, 0.661875, 0.661875, 0.651875, 0.671875, 0.651875, 0.651875, 0.651875, 0.661875, 0.661875, 0.651875, 0.591875, 0.671875, 0.661875, 0.641875, 0.661875, 0.641875, 0.661875, 0.661875, 0.661875, 0.661875, 0.651875, 0.671875, 0.651875, 0.661875, 0.631875, 0.671875, 0.661875, 0.651875, 0.661875, 0.671875, 0.661875, 0.631875, 0.641875, 0.651875, 0.641875, 0.651875, 0.631875, 0.671875, 0.651875, 0.661875, 0.651875, 0.611875, 0.661875, 0.661875, 0.661875, 0.661875, 0.671875, 0.651875, 0.671875, 0.671875, 0.651875, 0.661875, 0.671875, 0.681875, 0.641875, 0.671875, 0.661875, 0.651875, 0.671875, 0.641875, 0.651875, 0.631875, 0.651875, 0.661875, 0.661875, 0.661875, 0.651875, 0.631875, 0.631875, 0.631875, 0.661875, 0.631875, 0.631875, 0.661875, 0.661875, 0.661875, 0.661875, 0.651875, 0.651875, 0.671875, 0.631875, 0.671875, 0.661875, 0.651875, 0.651875, 0.671875, 0.651875, 0.631875, 0.661875, 0.661875, 0.671875, 0.661875, 0.671875, 0.651875, 0.651875, 0.661875, 0.661875, 0.651875, 0.631875, 0.641875, 0.661875, 0.641875, 0.641875, 0.651875, 0.661875, 0.661875, 0.661875, 0.651875, 0.671875, 0.661875, 0.651875, 0.651875, 0.641875, 0.651875, 0.661875, 0.661875, 0.661875, 0.671875, 0.661875, 0.661875, 0.671875, 0.671875, 0.601875, 0.671875, 0.661875, 0.631875, 0.661875, 0.651875, 0.671875, 0.601875, 0.631875, 0.641875, 0.631875, 0.631875, 0.611875, 0.631875, 0.661875, 0.651875, 0.661875, 0.651875, 0.661875, 0.661875, 0.651875, 0.651875, 0.651875, 0.661875, 0.641875, 0.661875, 0.671875, 0.631875, 0.661875, 0.661875, 0.651875, 0.661875, 0.671875, 0.661875, 0.671875, 0.671875, 0.661875, 0.661875, 0.641875, 0.651875, 0.651875, 0.671875, 0.671875, 0.671875, 0.661875, 0.661875, 0.631875, 0.671875, 0.651875, 0.551875, 0.681875, 0.651875, 0.671875, 0.661875, 0.661875, 0.661875, 0.671875, 0.661875, 0.661875]"
2024-05,2024-11,"[1, 1, 1, 1, 1, 1, 1, 0, 1, 1, 1, 1, 1, 1, 1, 1, 1, 1, 0, 1, 1, 1, 1, 1, 1, 1, 1, 1, 1, 1, 1, 1, 1, 1, 1, 1, 1, 1, 1, 1, 1, 1, 1, 1, 0, 1, 1, 1, 1, 1, 1, 1, 1, 1, 1, 0, 1, 1, 0, 1, 1, 1, 1, 0, 1, 1, 1, 1, 1, 1, 1, 1, 1, 0, 1, 1, 1, 1, 1, 1, 1, 0, 1, 1, 1, 1, 1, 1, 1, 1, 0, 1, 1, 1, 0, 0, 1, 1, 0, 0, 1, 0, 1, 1, 0, 1, 1, 0, 0, 1, 0, 1, 1, 1, 1, 1, 1, 1, 1, 1, 0, 1, 1, 1, 1, 1, 1, 1, 1, 1, 1, 1, 1, 0, 1, 1, 1, 1, 1, 1, 1, 0, 1, 0, 1, 1, 1, 1, 1, 1, 1, 1, 1, 1, 1, 1, 1, 1, 1, 1, 1, 1, 1, 1, 1, 1, 1, 1, 0, 1, 1, 1, 1, 1, 1, 1, 1, 1, 1, 1, 0, 1, 1, 1, 1, 1, 1, 1, 1, 1, 1, 1, 1, 0, 1, 1, 0, 1, 0, 1, 1, 1, 1, 1, 1, 1, 1, 1, 1, 0, 1, 1, 1, 0, 1]","[1, 1, 1, 1, 1, 1, 1, 1, 1, 1, 0, 1, 1, 1, 1, 1, 1, 1, 1, 1, 1, 1, 0, 1, 1, 1, 1, 1, 1, 1, 1, 1, 1, 1, 1, 1, 1, 1, 1, 1, 1, 1, 1, 1, 1, 1, 1, 1, 1, 1, 1, 1, 1, 1, 1, 1, 1, 1, 1, 1, 1, 1, 1, 1, 1, 1, 1, 1, 1, 1, 1, 1, 1, 1, 1, 1, 1, 1, 1, 1, 1, 1, 1, 1, 1, 1, 1, 1, 1, 1, 1, 1, 1, 1, 1, 1, 1, 1, 1, 1, 1, 1, 1, 1, 1, 1, 1, 1, 1, 1, 1, 1, 1, 1, 1, 1, 1, 1, 1, 1, 1, 1, 1, 1, 1, 1, 1, 1, 1, 1, 1, 1, 1, 1, 1, 1, 1, 1, 1, 1, 1, 1, 1, 1, 1, 1, 1, 1, 1, 1, 1, 1, 1, 1, 1, 1, 1, 1, 1, 1, 1, 1, 1, 1, 1, 1, 1, 1, 1, 1, 1, 1, 1, 1, 1, 1, 1, 1, 1, 1, 1, 1, 1, 1, 1, 1, 1, 1, 1, 1, 1, 1, 1, 1, 1, 1, 1, 1, 1, 1, 1, 1, 1, 1, 1, 1, 1, 1, 1, 1, 1, 1, 1, 1, 1]","[0.6213333333333333, 0.62, 0.6113333333333333, 0.64, 0.63, 0.59, 0.59, 0.66, 0.61, 0.64, 0.4950833333333333, 0.66, 0.65, 0.65, 0.58, 0.57, 0.67, 0.6113333333333333, 0.64, 0.54375, 0.5450833333333334, 0.67, 0.4950833333333333, 0.65, 0.62, 0.65, 0.5450833333333334, 0.66, 0.7, 0.61, 0.69, 0.61, 0.65, 0.6113333333333333, 0.67, 0.5050833333333333, 0.62, 0.6213333333333333, 0.6013333333333333, 0.65, 0.65, 0.68, 0.581875, 0.6213333333333333, 0.62, 0.64, 0.571875, 0.5350833333333334, 0.7, 0.65, 0.65, 0.65, 0.65, 0.6213333333333333, 0.62, 0.63, 0.6613333333333332, 0.581875, 0.63, 0.6, 0.6513333333333332, 0.66, 0.571875, 0.59, 0.67, 0.59, 0.65, 0.62, 0.6, 0.61, 0.62, 0.5450833333333334, 0.66, 0.52375, 0.5550833333333334, 0.63, 0.63, 0.65, 0.62, 0.62, 0.62, 0.63, 0.66, 0.62, 0.64, 0.66, 0.63, 0.62, 0.66, 0.5350833333333334, 0.68, 0.63, 0.64, 0.64, 0.66, 0.6213333333333333, 0.61, 0.64, 0.6, 0.6613333333333332, 0.6513333333333332, 0.66, 0.5450833333333334, 0.66, 0.6313333333333333, 0.5450833333333334, 0.71, 0.65, 0.66, 0.63, 0.69, 0.64, 0.62, 0.65, 0.6, 0.65, 0.68, 0.64, 0.63, 0.62, 0.6113333333333333, 0.65, 0.57, 0.66, 0.66, 0.63, 0.64, 0.65, 0.64, 0.66, 0.59, 0.69, 0.63, 0.6213333333333333, 0.61, 0.6, 0.65, 0.63, 0.69, 0.66, 0.61, 0.65, 0.64, 0.64, 0.61, 0.65, 0.64, 0.71, 0.64, 0.66, 0.63, 0.5450833333333334, 0.61, 0.5332083333333333, 0.64, 0.65, 0.65, 0.62, 0.67, 0.62, 0.62, 0.67, 0.66, 0.68, 0.63, 0.68, 0.61, 0.67, 0.63, 0.62, 0.63, 0.65, 0.65, 0.5250833333333333, 0.5350833333333334, 0.6, 0.64, 0.66, 0.5732083333333333, 0.7, 0.6013333333333333, 0.6213333333333333, 0.66, 0.7, 0.65, 0.67, 0.5250833333333333, 0.65, 0.67, 0.66, 0.62, 0.63, 0.61, 0.5913333333333334, 0.61, 0.63, 0.65, 0.61, 0.63, 0.65, 0.66, 0.6613333333333332, 0.5232083333333333, 0.64, 0.68, 0.59, 0.66, 0.66, 0.63, 0.64, 0.63, 0.66, 0.61, 0.62, 0.65]"
2024-05,2024-07,"[1, 1, 0, 0, 1, 0, 0, 0, 0, 1, 0, 1, 1, 1, 1, 0, 1, 1, 1, 0, 0, 0, 0, 1, 0, 1, 0, 0, 0, 1, 0, 0, 1, 1, 0, 1, 1, 1, 1, 1, 0, 0, 1, 0, 1, 1, 1, 1, 1, 0, 1, 1, 0, 1, 1, 1, 1, 0, 1, 0, 1, 0, 0, 1, 1, 0, 1, 1, 0, 1, 1, 1, 0, 0, 0, 0, 0, 1, 0, 0, 1, 0, 1, 1, 1, 0, 0, 0, 1, 1, 1, 0, 1, 1, 0, 0, 1, 0, 1, 1, 0, 1, 1, 1, 0, 1, 1, 0, 0, 1, 1, 1, 1, 1, 1, 0, 1, 1, 0, 1, 1, 0, 1, 0, 0, 1, 0, 1, 1, 0, 0, 0, 1, 1, 0, 1, 1, 0, 1, 0, 0, 0, 0, 0, 0, 0, 0, 1, 1, 1, 0, 1, 0, 1, 1, 1, 1, 1, 1, 1, 1, 1, 1, 1, 1, 1, 1, 1, 1, 1, 0, 0, 0, 0, 0, 0, 1, 0, 0, 0, 0, 1, 0, 0, 0, 1, 1, 0, 1, 0, 1, 1, 1, 0, 1, 1, 1, 1, 1, 0, 1, 1, 1, 1, 1, 0, 1, 0, 1, 1, 1, 1, 1, 0, 1]","[1, 1, 1, 1, 1, 1, 1, 1, 1, 1, 1, 1, 1, 1, 1, 1, 1, 1, 1, 1, 1, 1, 1, 1, 1, 1, 1, 1, 1, 1, 1, 1, 1, 1, 1, 1, 1, 1, 1, 1, 1, 1, 1, 1, 1, 1, 1, 1, 1, 1, 1, 1, 1, 1, 1, 1, 1, 1, 1, 1, 1, 1, 1, 1, 1, 1, 1, 1, 1, 1, 1, 1, 1, 1, 1, 1, 1, 1, 1, 1, 1, 1, 1, 1, 1, 1, 1, 1, 1, 1, 1, 1, 1, 1, 1, 1, 1, 1, 1, 1, 1, 1, 1, 1, 1, 1, 1, 1, 1, 1, 1, 1, 1, 1, 1, 1, 1, 1, 1, 1, 1, 1, 1, 1, 1, 1, 1, 1, 1, 1, 1, 1, 1, 1, 1, 1, 1, 1, 1, 1, 1, 1, 1, 1, 1, 1, 1, 1, 1, 1, 1, 1, 1, 1, 1, 1, 1, 1, 1, 1, 1, 1, 1, 1, 1, 1, 1, 1, 1, 1, 1, 1, 1, 1, 1, 1, 1, 1, 1, 1, 1, 1, 1, 1, 1, 1, 1, 1, 1, 1, 1, 1, 1, 1, 1, 1, 1, 1, 1, 1, 1, 1, 1, 1, 1, 1, 1, 1, 1, 1, 1, 1, 1, 1, 1]","[0.6615193812233287, 0.73, 0.621475, 0.5756907894736842, 0.7, 0.64, 0.6648, 0.61, 0.77, 0.73, 0.73, 0.723157894736842, 0.705032894736842, 0.68, 0.62, 0.7, 0.633157894736842, 0.62, 0.72, 0.71, 0.6287972410865873, 0.6162649122807017, 0.6563157894736841, 0.7, 0.76, 0.7, 0.69, 0.67, 0.59, 0.56, 0.71, 0.6629907894736842, 0.6280236842105262, 0.68, 0.72, 0.7, 0.72, 0.72, 0.72, 0.626435609293504, 0.6663157894736841, 0.5596, 0.626435609293504, 0.6631578947368421, 0.74, 0.72, 0.7, 0.695032894736842, 0.7, 0.5827801358234296, 0.6493570175438595, 0.7, 0.6831578947368421, 0.68, 0.6493570175438595, 0.7, 0.77, 0.6244, 0.6831578947368421, 0.7, 0.66, 0.6831578947368421, 0.5919407894736842, 0.653157894736842, 0.68, 0.69, 0.64, 0.675032894736842, 0.6631578947368421, 0.7031578947368421, 0.7, 0.6261087275730739, 0.61, 0.6831578947368421, 0.695032894736842, 0.6763157894736841, 0.6261087275730739, 0.5759380305602717, 0.74, 0.56, 0.5361745170467581, 0.6261087275730739, 0.5220055744199208, 0.5927143463497453, 0.74, 0.5827143463497453, 0.6963157894736841, 0.5727143463497453, 0.599266622309916, 0.6127143463497453, 0.72, 0.75, 0.72, 0.6881907894736841, 0.6748000000000001, 0.73, 0.71, 0.69, 0.68, 0.73, 0.6731578947368421, 0.6458435040303462, 0.68, 0.6132884691567628, 0.6220055744199208, 0.533016622309916, 0.6515193812233286, 0.6063157894736841, 0.7031578947368421, 0.73, 0.7, 0.5545893463497453, 0.6815193812233287, 0.74, 0.66, 0.73, 0.7, 0.7, 0.69, 0.65, 0.72, 0.7, 0.685032894736842, 0.71, 0.66, 0.74, 0.7, 0.68, 0.68, 0.68, 0.76, 0.68, 0.74, 0.685032894736842, 0.69, 0.685032894736842, 0.675032894736842, 0.531475, 0.59, 0.72, 0.69, 0.74, 0.5396, 0.67, 0.5542995170467582, 0.7, 0.621475, 0.67, 0.6, 0.533016622309916, 0.5396, 0.72, 0.621475, 0.5759380305602717, 0.69, 0.705032894736842, 0.7131578947368421, 0.68, 0.72, 0.72, 0.645032894736842, 0.69, 0.72, 0.73, 0.7, 0.73, 0.5827801358234296, 0.685032894736842, 0.7, 0.73, 0.6663157894736841, 0.665032894736842, 0.6963157894736841, 0.68, 0.6280236842105262, 0.6833943812233286, 0.675032894736842, 0.68, 0.69, 0.72, 0.72, 0.75, 0.723157894736842, 0.71, 0.723157894736842, 0.723157894736842, 0.6669078947368421, 0.543016622309916, 0.71, 0.531475, 0.73, 0.64, 0.5785578503800914, 0.71, 0.5927143463497453, 0.73, 0.626435609293504, 0.73, 0.64, 0.7094736842105263, 0.69, 0.67, 0.69, 0.6363157894736842, 0.7031578947368421, 0.72, 0.6758064516129032, 0.616907894736842, 0.69, 0.56, 0.6708393463497453, 0.6615193812233287, 0.75, 0.66, 0.6103022759601707]"
2024-05,2024-06,"[1, 0, 1, 0, 1, 1, 1, 1, 0, 1, 1, 1, 1, 0, 0, 0, 0, 1, 0, 0, 1, 1, 1, 1, 1, 0, 0, 1, 0, 0, 1, 0, 1, 1, 0, 0, 1, 1, 1, 0, 1, 0, 1, 0, 0, 1, 0, 1, 1, 0, 1, 0, 0, 1, 1, 1, 1, 0, 1, 1, 0, 1, 0, 1, 0, 0, 1, 0, 1, 1, 0, 0, 1, 0, 0, 0, 0, 0, 1, 1, 1, 1, 1, 1, 1, 1, 0, 0, 0, 0, 0, 1, 1, 1, 1, 1, 1, 1, 1, 1, 1, 1, 1, 0, 0, 0, 1, 1, 0, 1, 0, 0, 0, 0, 1, 0, 1, 1, 0, 0, 1, 0, 0, 1, 1, 0, 1, 1, 1, 0, 1, 0, 1, 0, 0, 0, 1, 1, 1, 1, 1, 0, 0, 1, 0, 1, 1, 1, 1, 0, 0, 1, 1, 0, 1, 1, 1, 0, 1, 1, 1, 1, 1, 0, 1, 1, 1, 1, 0, 0, 1, 1, 1, 1, 1, 1, 1, 1, 0, 1, 1, 1, 1, 1, 1, 1, 1, 1, 0, 1, 0, 0, 1, 1, 0, 0, 0, 0, 1, 1, 0, 1, 1, 1, 0, 0, 1, 0]","[0, 1, 1, 1, 1, 0, 1, 1, 1, 1, 1, 1, 0, 1, 1, 1, 1, 1, 0, 1, 1, 1, 1, 1, 0, 1, 1, 1, 1, 1, 1, 0, 0, 0, 0, 1, 1, 0, 0, 0, 0, 0, 1, 0, 0, 0, 0, 1, 0, 1, 1, 1, 1, 1, 1, 1, 1, 1, 0, 1, 1, 0, 1, 1, 1, 1, 1, 1, 0, 1, 1, 1, 1, 1, 1, 1, 1, 1, 1, 1, 1, 1, 1, 1, 1, 0, 1, 1, 1, 1, 0, 1, 0, 0, 1, 1, 1, 1, 1, 1, 1, 1, 1, 1, 0, 1, 1, 1, 1, 1, 1, 1, 1, 1, 1, 1, 1, 1, 1, 1, 0, 1, 1, 1, 1, 1, 1, 1, 1, 1, 1, 1, 1, 1, 1, 0, 1, 1, 0, 1, 0, 1, 1, 1, 1, 0, 1, 1, 1, 1, 1, 1, 1, 1, 1, 1, 0, 1, 1, 1, 1, 1, 1, 1, 1, 1, 1, 1, 0, 1, 1, 1, 1, 1, 0, 1, 1, 1, 1, 1, 1, 1, 1, 1, 1, 1, 1, 1, 1, 1, 1, 1, 1, 1, 1, 1, 1, 1, 1, 1, 1, 1, 1, 1, 1, 1, 1, 0]","[0.4694883857702912, 0.55, 0.7194736842105263, 0.5743241228070175, 0.6807157894736843, 0.388815350877193, 0.7194736842105263, 0.63, 0.56, 0.58, 0.67, 0.6942736842105264, 0.37890614035087716, 0.6411157894736843, 0.7094736842105263, 0.6124995614035087, 0.7563959252971136, 0.6831578947368421, 0.37486535087719297, 0.71, 0.7563959252971136, 0.6325472410865874, 0.733157894736842, 0.7090736842105262, 0.4193739564428312, 0.66, 0.64, 0.6911157894736842, 0.743157894736842, 0.7, 0.58, 0.45300772837265585, 0.47616562310949795, 0.4247814125831821, 0.45, 0.62, 0.643157894736842, 0.4709656231094979, 0.36446535087719295, 0.47616562310949795, 0.42103141258318216, 0.46300772837265586, 0.7463157894736842, 0.44471562310949786, 0.3988403508771929, 0.48498201754385967, 0.37755745614035086, 0.64, 0.36057447801703696, 0.5874315789473684, 0.5135340441621294, 0.65, 0.6731578947368421, 0.661875, 0.6659157894736842, 0.666675, 0.631875, 0.5724221804511278, 0.41103141258318215, 0.5523324561403508, 0.69, 0.36362483363581366, 0.6994736842105262, 0.5475324561403508, 0.7042736842105264, 0.6022367737525632, 0.7111157894736843, 0.7063157894736841, 0.46922579380651064, 0.67, 0.68, 0.7063157894736841, 0.7131578947368421, 0.7263157894736841, 0.7263157894736841, 0.6579578947368421, 0.7031578947368421, 0.6559157894736842, 0.6063157894736841, 0.6811157894736843, 0.6579578947368421, 0.653157894736842, 0.6811157894736843, 0.6890736842105264, 0.6890736842105264, 0.4069653508771929, 0.68, 0.6842736842105264, 0.5006903508771929, 0.512906412583182, 0.422165350877193, 0.6779578947368421, 0.4478077283726558, 0.3776559739866909, 0.63, 0.6070315789473684, 0.7094736842105263, 0.6155142857142857, 0.6738736842105263, 0.7226315789473684, 0.5508574561403509, 0.7226315789473684, 0.66, 0.7226315789473684, 0.3591336055656382, 0.6738736842105263, 0.6931578947368421, 0.55, 0.7294736842105263, 0.7163157894736841, 0.6994736842105262, 0.6831578947368421, 0.7394736842105263, 0.78, 0.67, 0.68, 0.5794736842105263, 0.6948000000000001, 0.6711157894736843, 0.6063662280701755, 0.47336693889897147, 0.6776491228070175, 0.6831578947368421, 0.6890736842105264, 0.6448, 0.7151130305602716, 0.6348, 0.66, 0.62, 0.5963662280701755, 0.6444912280701754, 0.7363157894736841, 0.7176491228070175, 0.7144912280701754, 0.6244912280701754, 0.40795745614035084, 0.6163157894736842, 0.6324491228070176, 0.41103141258318215, 0.7011157894736842, 0.40111535087719297, 0.59, 0.73, 0.73, 0.65, 0.3871143073200241, 0.6631578947368421, 0.6008070175438597, 0.6811157894736843, 0.6959157894736842, 0.7011157894736841, 0.6111157894736842, 0.7500801358234294, 0.7011157894736842, 0.62, 0.6781907894736843, 0.4483998336358136, 0.6490736842105264, 0.72, 0.6556070175438597, 0.6394736842105263, 0.72, 0.7342736842105262, 0.6781907894736843, 0.6863157894736842, 0.6863157894736842, 0.5761486842105262, 0.71, 0.40111535087719297, 0.6779578947368421, 0.5286336885433528, 0.7094736842105263, 0.6613486842105263, 0.643157894736842, 0.380715350877193, 0.57, 0.64, 0.63, 0.6831578947368422, 0.5863157894736842, 0.6342736842105263, 0.6738736842105263, 0.723157894736842, 0.68, 0.7242736842105262, 0.7779578947368421, 0.7311157894736842, 0.6, 0.57, 0.7221222410865874, 0.6379578947368421, 0.5790736842105263, 0.6738736842105263, 0.63, 0.69, 0.6711157894736843, 0.72, 0.653157894736842, 0.7532380305602715, 0.61, 0.6994736842105262, 0.72, 0.63, 0.7563959252971136, 0.63, 0.5088307017543859, 0.73, 0.47892351784634]"
2024-04,2024-04,"[1, 1, 1, 0, 0, 1, 0, 0, 1, 1, 1, 1, 0, 1, 0, 1, 1, 1, 0, 1, 1, 0, 0, 0, 1, 1, 1, 0, 1, 0, 1, 0, 1, 0, 1, 0, 1, 0, 1, 0, 0, 0, 1, 0, 1, 1, 0, 1, 1, 1, 0, 1, 1, 0, 1, 1, 0, 1, 0, 1, 1, 1, 1, 1, 1, 1, 1, 1, 1, 1, 1, 0, 0, 1, 1, 1, 1, 0, 1, 0, 1, 1, 0, 0, 1, 0, 1, 1, 1, 0, 0, 1, 0, 0, 1, 1, 0, 1, 0, 1, 1, 1, 0, 1, 1, 1, 1, 0, 1, 1, 1, 1, 0, 1, 0, 1, 1, 1, 1, 1, 0, 0, 1, 1, 1, 1, 1, 1, 0, 0, 1, 0, 1, 1, 0, 1, 0, 0, 1, 1, 1, 1, 1, 0, 1, 1, 0, 1, 1, 0, 0, 1, 0, 1, 0, 1, 1, 1, 1, 1, 1, 0, 1, 0, 1, 1, 1, 0, 0, 1, 0, 1, 1, 0, 1, 0, 1, 1, 0, 1, 0, 1, 0, 1, 1, 1, 1, 0, 1, 1, 1, 1, 1, 1, 1, 0, 1, 0, 0, 1, 1, 0, 0, 0, 0, 0, 1, 1, 0, 0, 0]","[1, 1, 1, 1, 1, 1, 0, 1, 1, 1, 1, 1, 1, 1, 0, 0, 1, 1, 1, 1, 0, 1, 0, 1, 1, 1, 1, 1, 1, 1, 1, 1, 1, 1, 1, 1, 1, 1, 1, 1, 1, 1, 1, 1, 1, 0, 1, 1, 1, 1, 0, 1, 1, 0, 0, 1, 1, 1, 1, 1, 0, 0, 1, 1, 0, 1, 1, 0, 1, 1, 1, 1, 1, 1, 1, 1, 1, 1, 1, 1, 0, 0, 1, 1, 1, 1, 1, 1, 0, 1, 0, 1, 1, 0, 1, 1, 1, 1, 1, 1, 1, 0, 1, 1, 1, 1, 1, 0, 1, 1, 1, 1, 1, 1, 1, 1, 1, 1, 0, 1, 0, 0, 1, 1, 1, 0, 1, 1, 1, 1, 0, 0, 1, 1, 1, 0, 1, 0, 1, 1, 1, 1, 1, 0, 1, 1, 1, 1, 0, 0, 0, 0, 1, 1, 1, 1, 1, 0, 1, 1, 1, 1, 1, 0, 1, 1, 1, 1, 1, 1, 1, 0, 1, 0, 1, 0, 0, 0, 0, 1, 0, 0, 1, 1, 1, 1, 1, 1, 1, 1, 1, 1, 1, 1, 0, 1, 1, 1, 1, 1, 0, 0, 1, 1, 1, 0, 0, 1, 1, 1, 0]","[0.8460727272727273, 0.9, 0.89, 0.6046453210520282, 0.62, 0.8, 0.4234012219959267, 0.95, 0.86, 0.67, 0.7, 0.75, 0.84, 0.79, 0.3902036659877801, 0.16, 0.94, 0.94, 0.82, 0.66, 0.4350759878419453, 0.87, 0.4234012219959267, 0.94, 0.79, 0.59, 0.7410346370966775, 0.82, 0.88, 0.5020490797546012, 0.94, 0.88, 0.91, 0.8450759878419453, 0.8711414900888584, 0.81, 0.8534012219959267, 0.71, 0.97, 0.69, 0.55, 0.77, 0.61, 0.8144538011808732, 0.89, 0.48, 0.5520490797546013, 0.68, 0.82, 0.76, 0.08, 0.78, 0.75, 0.14, 0.42, 0.55, 0.55, 0.85, 0.83, 0.86, 0.41, 0.39, 0.65, 0.93, 0.34, 0.52, 0.52, 0.15, 0.96, 0.88, 0.97, 0.6, 0.62, 0.59, 0.94, 0.86, 0.83, 0.65, 0.5256165584886534, 0.59, 0.44, 0.46, 0.74, 0.65, 0.57, 0.52, 1.0, 0.6620490797546011, 0.24, 0.9, 0.3, 0.6501519756838906, 0.53, 0.22, 0.93, 0.71, 0.52, 0.88, 0.51, 0.55, 0.86, 0.41, 0.68, 0.75, 0.74, 0.71, 0.53, 0.41, 0.58, 0.7, 0.9, 0.83, 0.9120490797546011, 0.64, 0.7622527457423813, 0.61, 0.69, 0.8482382817171389, 0.49, 0.81, 0.36, 0.3, 0.66, 0.78, 0.56, 0.21204907975460124, 0.91, 0.5720490797546013, 0.6809006035010559, 0.56, 0.41, 0.14, 0.57, 0.81, 0.74, 0.4, 0.92, 0.08, 0.5314661984196664, 0.81, 0.5468024439918534, 0.79, 0.8620490797546012, 0.08, 0.94, 0.93, 0.95, 0.66, 0.26, 0.18, 0.4014661984196664, 0.44, 0.84, 0.89, 0.8144538011808732, 0.9, 0.59, 0.44, 0.95, 0.58, 0.95, 0.7, 0.84, 0.42, 0.63, 0.93, 0.89, 0.83, 0.69, 0.5434012219959267, 0.89, 0.37, 0.9017266950110353, 0.3634012219959267, 0.97, 0.15, 0.42, 0.2150759878419453, 0.23, 0.62, 0.23, 0.25, 0.98, 0.86, 0.78, 0.99, 1.0, 0.64, 0.67, 0.65, 0.97, 0.96, 0.64, 0.95, 0.44, 0.69, 0.67, 0.77, 0.61, 0.54, 0.34, 0.05, 0.75, 0.93, 0.7620490797546011, 0.44, 0.14, 0.96, 0.9, 0.95, 0.45204907975460124]"
2024-04,2024-01,"[1, 1, 1, 1, 1, 1, 1, 1, 1, 1, 1, 1, 1, 1, 1, 0, 1, 0, 1, 1, 1, 1, 1, 1, 1, 0, 0, 0, 0, 0, 1, 1, 1, 0, 1, 1, 1, 1, 1, 0, 1, 1, 1, 0, 1, 0, 1, 1, 1, 0, 1, 1, 0, 1, 1, 1, 1, 1, 0, 1, 1, 1, 1, 1, 1, 0, 1, 1, 1, 0, 0, 0, 1, 0, 0, 0, 1, 0, 1, 1, 0, 1, 1, 1, 1, 1, 1, 1, 1, 1, 1, 1, 1, 1, 1, 1, 0, 1, 1, 1, 1, 1, 1, 1, 1, 1, 1, 1, 1, 1, 1, 1, 0, 1, 1, 1, 1, 0, 1, 1, 1, 1, 0, 0, 1, 1, 0, 1, 1, 1, 1, 0, 1, 1, 1, 0, 0, 1, 1, 0, 0, 1, 1, 1, 1, 1, 0, 1, 1, 0, 1, 1, 1, 1, 1, 1, 1, 1, 1, 1, 1, 1, 1, 1, 0, 1, 1, 1, 1, 1, 1, 1, 1, 1, 1, 1, 1, 0, 1, 0, 0, 1, 1, 1, 1, 1, 1, 1, 1, 1, 0, 1, 1, 1, 1, 1, 1, 1, 1, 0, 1, 1, 1, 1, 1, 1, 1, 0, 1, 1, 0]","[1, 0, 0, 1, 1, 1, 1, 1, 1, 0, 0, 0, 0, 1, 1, 1, 0, 0, 1, 1, 0, 0, 0, 1, 1, 0, 1, 0, 0, 1, 1, 0, 0, 1, 1, 1, 1, 1, 0, 0, 1, 1, 1, 1, 1, 1, 1, 1, 0, 0, 1, 1, 1, 1, 0, 0, 1, 0, 1, 1, 0, 1, 1, 1, 1, 1, 1, 0, 1, 1, 1, 1, 0, 0, 1, 0, 0, 1, 1, 1, 0, 1, 1, 0, 1, 1, 1, 1, 0, 1, 1, 1, 0, 1, 0, 0, 1, 0, 1, 0, 1, 1, 0, 0, 1, 1, 1, 1, 1, 0, 0, 1, 0, 0, 0, 1, 0, 0, 1, 1, 1, 1, 0, 1, 1, 0, 0, 0, 1, 0, 1, 1, 1, 1, 1, 1, 1, 1, 1, 1, 1, 0, 0, 1, 0, 1, 0, 0, 0, 1, 0, 0, 1, 1, 1, 1, 1, 1, 1, 1, 0, 1, 1, 0, 1, 1, 0, 1, 1, 0, 1, 1, 0, 1, 0, 1, 0, 0, 1, 0, 0, 0, 1, 0, 1, 0, 1, 1, 1, 1, 0, 0, 1, 1, 0, 1, 1, 0, 0, 0, 0, 1, 0, 0, 0, 1, 0, 0, 1, 0, 1]","[0.6034012219959267, 0.5, 0.41, 0.61, 0.5934012219959267, 0.57, 0.57, 0.56, 0.63, 0.43, 0.45, 0.43, 0.45, 0.63, 0.58, 0.51, 0.39, 0.27, 0.5634012219959267, 0.5634012219959267, 0.39, 0.46, 0.45, 0.5734012219959267, 0.5534012219959267, 0.38, 0.63, 0.46, 0.2, 0.6134012219959267, 0.6434012219959268, 0.48, 0.42, 0.5368024439918533, 0.5634012219959267, 0.51, 0.54, 0.5234012219959268, 0.48, 0.48, 0.59, 0.5368024439918533, 0.5634012219959267, 0.5134012219959267, 0.5134012219959267, 0.51, 0.53, 0.5634012219959267, 0.45, 0.27, 0.57, 0.63, 0.51, 0.5234012219959268, 0.48, 0.43, 0.57, 0.46, 0.6134012219959267, 0.5534012219959267, 0.49, 0.7134012219959267, 0.6134012219959267, 0.5534012219959267, 0.6334012219959267, 0.6734012219959267, 0.6334012219959267, 0.48, 0.51, 0.5834012219959267, 0.6134012219959267, 0.5534012219959267, 0.48, 0.5, 0.51, 0.5, 0.5, 0.53, 0.63, 0.69, 0.41, 0.6, 0.68, 0.5, 0.56, 0.59, 0.5834012219959267, 0.65, 0.37, 0.6234012219959267, 0.6, 0.5934012219959267, 0.43, 0.6634012219959267, 0.34, 0.46, 0.5468024439918533, 0.48, 0.5734012219959267, 0.41, 0.53, 0.5834012219959267, 0.41, 0.45, 0.58, 0.5634012219959267, 0.57, 0.5534012219959267, 0.5468024439918533, 0.33, 0.42, 0.51, 0.42, 0.5, 0.37, 0.5034012219959267, 0.38, 0.49340122199592673, 0.5334012219959267, 0.5734012219959267, 0.56, 0.51, 0.5, 0.5934012219959267, 0.52, 0.44, 0.48, 0.42, 0.57, 0.48, 0.53, 0.56, 0.5934012219959267, 0.5934012219959267, 0.5934012219959267, 0.51, 0.53, 0.53, 0.5668024439918533, 0.5834012219959267, 0.6034012219959267, 0.46, 0.46, 0.6034012219959267, 0.4, 0.55, 0.31, 0.34, 0.46, 0.6, 0.45, 0.37, 0.56, 0.5834012219959267, 0.62, 0.6134012219959267, 0.6134012219959267, 0.6, 0.5734012219959267, 0.51, 0.48, 0.5368024439918533, 0.5534012219959267, 0.44, 0.5734012219959267, 0.57, 0.43, 0.5334012219959267, 0.58, 0.45, 0.6534012219959267, 0.55, 0.44, 0.6134012219959267, 0.43, 0.6034012219959267, 0.43, 0.5, 0.5634012219959267, 0.44, 0.48, 0.45, 0.5534012219959267, 0.5, 0.57, 0.45, 0.56, 0.5034012219959267, 0.57, 0.5554503017505279, 0.43, 0.5, 0.52, 0.5368024439918533, 0.41, 0.6134012219959267, 0.57, 0.45, 0.44, 0.41, 0.33, 0.5734012219959267, 0.48, 0.43, 0.43, 0.5634012219959267, 0.43, 0.4, 0.5934012219959267, 0.41, 0.6434012219959268]"
2024-04,2024-09,"[0, 1, 0, 1, 1, 1, 0, 1, 1, 1, 0, 1, 0, 0, 1, 1, 1, 1, 1, 1, 1, 1, 1, 0, 1, 0, 1, 1, 1, 1, 1, 1, 1, 1, 1, 1, 1, 1, 1, 0, 1, 0, 0, 1, 1, 1, 0, 1, 1, 0, 1, 1, 1, 1, 1, 1, 1, 1, 1, 1, 1, 1, 1, 1, 1, 1, 1, 1, 1, 1, 0, 1, 0, 0, 1, 1, 0, 1, 0, 1, 1, 1, 0, 1, 1, 1, 0, 0, 1, 0, 1, 0, 0, 0, 1, 1, 1, 0, 0, 1, 0, 1, 1, 1, 1, 1, 0, 0, 1, 1, 1, 1, 1, 1, 0, 1, 0, 1, 1, 1, 1, 1, 1, 1, 1, 1, 1, 1, 1, 1, 1, 1, 1, 1, 0, 1, 1, 0, 1, 1, 1, 1, 0, 1, 1, 0, 1, 0, 1, 0, 1, 1, 1, 0, 1, 1, 1, 1, 1, 1, 1, 1, 1, 1, 0, 0, 1, 0, 0, 1, 1, 0, 1, 1, 1, 1, 1, 1, 1, 1, 1, 0, 0, 0, 1, 0, 1, 0, 1, 1, 1, 1, 0, 1, 0, 1, 1, 0, 1, 1, 1, 1, 1, 1, 1, 1, 0, 1, 1, 1, 1, 1, 1, 1, 0]","[1, 1, 1, 1, 1, 1, 1, 1, 1, 1, 1, 1, 1, 1, 1, 1, 1, 1, 1, 1, 1, 1, 1, 1, 1, 1, 1, 1, 1, 1, 1, 1, 1, 1, 1, 1, 1, 1, 1, 1, 1, 1, 1, 1, 1, 1, 1, 1, 1, 1, 1, 1, 1, 1, 1, 1, 1, 1, 1, 1, 1, 1, 1, 1, 1, 1, 1, 1, 1, 1, 1, 1, 1, 1, 1, 1, 1, 1, 1, 1, 1, 1, 1, 1, 1, 1, 1, 1, 1, 1, 1, 1, 1, 1, 1, 1, 1, 1, 1, 1, 1, 1, 1, 1, 1, 1, 1, 1, 1, 1, 1, 1, 1, 1, 1, 1, 1, 0, 1, 1, 1, 1, 1, 1, 1, 1, 1, 1, 1, 1, 1, 1, 1, 1, 1, 1, 1, 1, 1, 1, 1, 1, 1, 1, 0, 0, 1, 1, 1, 1, 1, 1, 1, 0, 1, 0, 1, 1, 1, 1, 1, 1, 1, 1, 1, 1, 1, 1, 1, 1, 1, 1, 1, 0, 1, 1, 1, 1, 1, 1, 1, 1, 1, 1, 1, 1, 1, 1, 1, 1, 1, 1, 1, 1, 1, 1, 1, 1, 1, 1, 1, 1, 1, 1, 1, 1, 1, 1, 1, 1, 1, 1, 1, 1, 1]","[0.72, 0.56, 0.58, 0.55, 0.57, 0.5634012219959267, 0.5634012219959267, 0.628477209837872, 0.72, 0.6250759878419453, 0.5834012219959267, 0.61, 0.69, 0.59, 0.6050759878419453, 0.57, 0.69, 0.71, 0.58, 0.71, 0.63, 0.59, 0.6134012219959267, 0.6134012219959267, 0.5834012219959267, 0.72, 0.5877615353118536, 0.6350759878419453, 0.57, 0.5934012219959267, 0.57, 0.6, 0.57, 0.56, 0.57, 0.57, 0.6, 0.71, 0.58, 0.69, 0.6134012219959267, 0.6034012219959267, 0.57, 0.71, 0.59, 0.5834012219959267, 0.59, 0.6, 0.57, 0.57, 0.59, 0.59, 0.57, 0.59, 0.58, 0.57, 0.58, 0.71, 0.6550759878419453, 0.71, 0.6434012219959268, 0.5734012219959267, 0.57, 0.5434012219959267, 0.59, 0.58, 0.6250759878419453, 0.57, 0.71, 0.69, 0.56, 0.58, 0.69, 0.72, 0.7, 0.5534012219959267, 0.7, 0.6650759878419453, 0.55, 0.5734012219959267, 0.51, 0.5434012219959267, 0.72, 0.5734012219959267, 0.69, 0.72, 0.7, 0.6034012219959267, 0.51, 0.5834012219959267, 0.6, 0.6034012219959267, 0.6034012219959267, 0.58, 0.68, 0.6368024439918534, 0.58, 0.5734012219959267, 0.58, 0.6, 0.61, 0.58, 0.69, 0.57, 0.61, 0.57, 0.6634012219959267, 0.71, 0.5834012219959267, 0.71, 0.5934012219959267, 0.6134012219959267, 0.69, 0.72, 0.59, 0.6, 0.6034012219959267, 0.4634012219959267, 0.71, 0.57, 0.57, 0.5434012219959267, 0.71, 0.57, 0.6, 0.71, 0.57, 0.6, 0.59, 0.53, 0.6, 0.66, 0.5834012219959267, 0.6734012219959267, 0.57, 0.71, 0.57, 0.56, 0.57, 0.57, 0.5534012219959267, 0.7, 0.7, 0.67, 0.48, 0.5, 0.51, 0.59, 0.58, 0.51, 0.55, 0.58, 0.51, 0.48, 0.57, 0.5, 0.5834012219959267, 0.71, 0.69, 0.6134012219959267, 0.69, 0.6434012219959268, 0.66, 0.72, 0.65, 0.5834012219959267, 0.69, 0.72, 0.71, 0.57, 0.5734012219959267, 0.6134012219959267, 0.57, 0.49, 0.71, 0.71, 0.71, 0.57, 0.55, 0.59, 0.55, 0.72, 0.68, 0.54, 0.57, 0.55, 0.57, 0.5834012219959267, 0.53, 0.7, 0.61, 0.7, 0.5634012219959267, 0.6434012219959268, 0.6134012219959267, 0.59, 0.61, 0.56, 0.6, 0.69, 0.51, 0.56, 0.6834012219959267, 0.57, 0.57, 0.72, 0.56, 0.72, 0.6, 0.55, 0.57, 0.71, 0.72, 0.72, 0.57]"
2024-04,2024-10,"[0, 1, 1, 1, 0, 1, 0, 1, 1, 1, 1, 0, 0, 0, 1, 1, 1, 1, 1, 1, 1, 0, 1, 1, 1, 1, 1, 1, 1, 1, 1, 1, 1, 1, 1, 0, 1, 0, 1, 0, 1, 1, 1, 1, 1, 0, 1, 0, 1, 1, 1, 0, 1, 0, 1, 0, 0, 1, 1, 1, 1, 1, 1, 1, 1, 1, 1, 1, 1, 1, 0, 1, 1, 1, 1, 0, 1, 1, 1, 1, 0, 1, 1, 1, 0, 1, 1, 1, 1, 0, 1, 1, 1, 1, 1, 1, 0, 1, 1, 1, 1, 1, 1, 0, 0, 1, 1, 0, 0, 1, 0, 1, 0, 0, 1, 0, 1, 1, 0, 0, 0, 0, 1, 0, 1, 1, 1, 1, 1, 1, 1, 1, 1, 1, 1, 1, 1, 1, 1, 1, 1, 0, 0, 0, 1, 0, 1, 1, 1, 1, 1, 1, 1, 1, 1, 0, 1, 1, 1, 0, 0, 1, 1, 1, 1, 1, 1, 1, 1, 0, 1, 0, 1, 1, 0, 1, 1, 1, 1, 1, 1, 1, 1, 0, 1, 1, 0, 1, 1, 1, 0, 1, 0, 1, 1, 1, 1, 0, 0, 0, 1, 1, 1, 1, 1, 0, 1, 1, 0, 1, 1, 1, 1, 1]","[1, 1, 1, 1, 1, 1, 1, 1, 1, 1, 1, 1, 1, 1, 1, 1, 1, 1, 1, 1, 1, 1, 1, 1, 1, 1, 1, 1, 1, 1, 1, 1, 1, 1, 1, 1, 1, 1, 1, 1, 1, 1, 1, 1, 1, 1, 1, 1, 1, 1, 1, 1, 1, 1, 1, 1, 1, 1, 1, 1, 1, 1, 1, 1, 1, 1, 1, 1, 1, 1, 1, 1, 1, 1, 1, 1, 1, 1, 1, 1, 1, 1, 1, 1, 1, 1, 1, 1, 1, 1, 1, 1, 1, 1, 1, 1, 1, 1, 1, 1, 1, 1, 1, 1, 1, 1, 1, 1, 1, 1, 1, 1, 1, 1, 1, 1, 1, 1, 1, 1, 1, 1, 1, 1, 1, 1, 1, 1, 1, 1, 1, 1, 1, 1, 1, 1, 1, 1, 1, 1, 1, 1, 1, 1, 1, 1, 1, 1, 1, 1, 1, 1, 1, 1, 1, 1, 1, 1, 1, 1, 1, 1, 1, 1, 1, 1, 1, 1, 1, 1, 1, 1, 1, 1, 1, 1, 1, 1, 1, 1, 1, 1, 1, 1, 1, 1, 1, 1, 1, 1, 1, 1, 1, 1, 1, 1, 1, 1, 1, 1, 1, 1, 1, 1, 1, 1, 1, 1, 1, 1, 1, 1, 1, 1]","[0.71, 0.71, 0.71, 0.71, 0.71, 0.71, 0.71, 0.71, 0.69, 0.7, 0.71, 0.71, 0.71, 0.71, 0.71, 0.71, 0.71, 0.71, 0.71, 0.71, 0.71, 0.71, 0.72, 0.71, 0.71, 0.71, 0.71, 0.6501519756838906, 0.71, 0.71, 0.67, 0.71, 0.71, 0.71, 0.66, 0.71, 0.6850759878419452, 0.71, 0.71, 0.71, 0.71, 0.67, 0.71, 0.71, 0.71, 0.71, 0.71, 0.71, 0.71, 0.71, 0.71, 0.71, 0.71, 0.71, 0.71, 0.71, 0.7, 0.71, 0.71, 0.71, 0.71, 0.71, 0.71, 0.71, 0.71, 0.71, 0.71, 0.69, 0.71, 0.71, 0.58, 0.71, 0.66, 0.71, 0.71, 0.67, 0.69, 0.71, 0.71, 0.71, 0.7, 0.71, 0.71, 0.71, 0.6850759878419452, 0.6401519756838906, 0.68, 0.71, 0.71, 0.71, 0.71, 0.6501519756838906, 0.71, 0.6701519756838905, 0.71, 0.71, 0.71, 0.71, 0.67, 0.71, 0.66, 0.71, 0.71, 0.71, 0.71, 0.71, 0.71, 0.71, 0.71, 0.71, 0.71, 0.71, 0.71, 0.71, 0.71, 0.71, 0.71, 0.71, 0.5934012219959267, 0.71, 0.71, 0.71, 0.71, 0.5934012219959267, 0.71, 0.71, 0.71, 0.71, 0.71, 0.71, 0.71, 0.71, 0.71, 0.71, 0.71, 0.67, 0.6501519756838906, 0.71, 0.71, 0.71, 0.71, 0.71, 0.71, 0.71, 0.71, 0.71, 0.71, 0.71, 0.71, 0.71, 0.71, 0.71, 0.71, 0.71, 0.7, 0.71, 0.71, 0.71, 0.72, 0.69, 0.7, 0.66, 0.71, 0.71, 0.69, 0.71, 0.71, 0.71, 0.71, 0.71, 0.71, 0.71, 0.71, 0.71, 0.71, 0.71, 0.71, 0.71, 0.71, 0.71, 0.54, 0.71, 0.71, 0.69, 0.71, 0.71, 0.71, 0.71, 0.69, 0.71, 0.71, 0.71, 0.71, 0.71, 0.66, 0.71, 0.71, 0.71, 0.71, 0.71, 0.71, 0.71, 0.71, 0.71, 0.71, 0.71, 0.71, 0.71, 0.71, 0.71, 0.72, 0.71, 0.71, 0.71]"
2024-04,2024-08,"[1, 0, 1, 1, 1, 1, 0, 1, 0, 1, 1, 0, 1, 0, 1, 0, 1, 0, 0, 1, 1, 0, 0, 0, 0, 1, 0, 1, 0, 0, 0, 1, 1, 1, 1, 1, 1, 1, 1, 1, 1, 0, 1, 1, 1, 1, 0, 0, 1, 1, 0, 1, 0, 1, 1, 1, 0, 1, 0, 0, 1, 1, 1, 1, 0, 0, 1, 1, 1, 1, 0, 0, 1, 1, 0, 0, 1, 0, 1, 1, 0, 1, 1, 1, 0, 0, 0, 0, 1, 1, 1, 0, 1, 0, 0, 1, 0, 0, 0, 1, 1, 0, 1, 0, 1, 0, 0, 1, 1, 0, 0, 1, 0, 1, 1, 1, 1, 1, 0, 0, 1, 1, 1, 0, 1, 0, 1, 0, 0, 1, 0, 0, 1, 1, 0, 1, 1, 1, 0, 1, 0, 0, 0, 0, 0, 1, 1, 1, 1, 0, 1, 0, 1, 1, 1, 1, 1, 0, 1, 0, 1, 0, 1, 1, 1, 1, 0, 1, 1, 0, 1, 1, 0, 1, 0, 1, 1, 1, 0, 0, 1, 1, 1, 1, 0, 0, 1, 1, 1, 0, 1, 0, 0, 1, 1, 0, 1, 0, 0, 0, 1, 1, 1, 1, 0, 0, 0, 0, 0, 1, 0, 0, 0, 1, 0]","[1, 1, 1, 1, 1, 1, 1, 1, 1, 1, 1, 1, 1, 1, 1, 1, 1, 1, 1, 1, 1, 1, 1, 1, 1, 1, 1, 1, 1, 1, 1, 1, 1, 1, 1, 1, 1, 1, 1, 1, 1, 1, 1, 1, 1, 1, 1, 1, 1, 1, 1, 1, 1, 1, 1, 1, 1, 1, 1, 1, 1, 1, 1, 1, 1, 1, 1, 1, 1, 1, 1, 1, 1, 1, 1, 1, 1, 1, 1, 1, 1, 1, 1, 1, 1, 1, 1, 1, 1, 1, 1, 1, 1, 1, 1, 1, 1, 1, 1, 1, 1, 1, 1, 1, 1, 1, 1, 1, 1, 1, 1, 1, 1, 1, 1, 1, 1, 1, 1, 1, 1, 1, 1, 1, 1, 1, 1, 1, 1, 1, 1, 1, 1, 1, 1, 1, 1, 1, 1, 1, 1, 1, 1, 1, 1, 1, 1, 1, 1, 1, 1, 1, 1, 1, 1, 1, 1, 1, 1, 1, 1, 1, 1, 1, 1, 1, 1, 1, 1, 1, 1, 1, 1, 1, 1, 1, 1, 1, 1, 1, 1, 1, 1, 1, 1, 1, 1, 1, 1, 1, 1, 1, 1, 1, 1, 1, 1, 1, 1, 1, 1, 1, 1, 1, 1, 1, 1, 1, 1, 1, 1, 1, 1, 1, 1]","[0.71, 0.71, 0.71, 0.71, 0.71, 0.66, 0.71, 0.69, 0.71, 0.71, 0.69, 0.72, 0.69, 0.71, 0.72, 0.6450759878419453, 0.71, 0.6601519756838905, 0.71, 0.7050759878419453, 0.71, 0.71, 0.71, 0.71, 0.7, 0.71, 0.71, 0.69, 0.71, 0.71, 0.71, 0.71, 0.71, 0.7, 0.71, 0.71, 0.71, 0.71, 0.71, 0.71, 0.67, 0.71, 0.7, 0.71, 0.5434012219959267, 0.71, 0.71, 0.71, 0.71, 0.71, 0.71, 0.71, 0.71, 0.71, 0.71, 0.71, 0.6701519756838905, 0.71, 0.71, 0.71, 0.71, 0.71, 0.71, 0.71, 0.71, 0.71, 0.71, 0.71, 0.71, 0.69, 0.71, 0.71, 0.71, 0.68, 0.7001519756838905, 0.66, 0.69, 0.6701519756838905, 0.71, 0.7050759878419453, 0.71, 0.71, 0.71, 0.71, 0.71, 0.71, 0.71, 0.71, 0.71, 0.71, 0.71, 0.71, 0.71, 0.71, 0.62, 0.71, 0.71, 0.71, 0.69, 0.71, 0.71, 0.71, 0.6950759878419452, 0.71, 0.71, 0.71, 0.71, 0.71, 0.6901519756838905, 0.71, 0.71, 0.71, 0.71, 0.69, 0.69, 0.71, 0.71, 0.72, 0.69, 0.5834012219959267, 0.71, 0.72, 0.71, 0.71, 0.71, 0.6550759878419453, 0.71, 0.71, 0.71, 0.71, 0.71, 0.71, 0.71, 0.71, 0.6501519756838906, 0.69, 0.71, 0.71, 0.69, 0.71, 0.72, 0.71, 0.68, 0.71, 0.71, 0.71, 0.71, 0.71, 0.71, 0.71, 0.72, 0.6450759878419453, 0.6334012219959267, 0.71, 0.71, 0.71, 0.71, 0.71, 0.71, 0.69, 0.71, 0.67, 0.66, 0.71, 0.71, 0.71, 0.72, 0.67, 0.65, 0.72, 0.72, 0.71, 0.71, 0.71, 0.56, 0.71, 0.71, 0.56, 0.6701519756838905, 0.6501519756838906, 0.6501519756838906, 0.6501519756838906, 0.71, 0.71, 0.71, 0.71, 0.71, 0.71, 0.71, 0.71, 0.71, 0.71, 0.69, 0.71, 0.71, 0.71, 0.71, 0.71, 0.71, 0.69, 0.72, 0.6701519756838905, 0.71, 0.71, 0.71, 0.71, 0.71, 0.71, 0.71, 0.71, 0.65, 0.71, 0.71, 0.71, 0.71]"
2024-04,2024-02,"[0, 1, 1, 0, 0, 1, 1, 1, 0, 1, 1, 1, 0, 1, 1, 1, 0, 0, 0, 0, 1, 1, 1, 1, 0, 1, 1, 0, 1, 1, 1, 1, 0, 1, 1, 0, 1, 0, 1, 1, 1, 1, 1, 1, 1, 0, 1, 1, 1, 1, 1, 1, 1, 0, 1, 1, 0, 0, 1, 1, 1, 1, 1, 1, 0, 0, 1, 0, 1, 1, 0, 1, 1, 1, 1, 1, 1, 1, 0, 1, 0, 1, 0, 1, 1, 1, 0, 1, 1, 1, 0, 0, 0, 0, 0, 0, 1, 1, 0, 1, 0, 1, 1, 0, 1, 1, 1, 0, 0, 1, 1, 1, 1, 1, 0, 1, 1, 1, 1, 1, 1, 1, 1, 1, 1, 1, 1, 1, 0, 1, 1, 1, 1, 1, 0, 1, 1, 0, 0, 1, 1, 1, 1, 1, 1, 0, 0, 0, 0, 0, 1, 1, 1, 0, 0, 1, 0, 1, 1, 0, 0, 0, 1, 1, 1, 0, 1, 1, 1, 0, 1, 1, 1, 1, 1, 1, 1, 1, 1, 0, 1, 1, 0, 1, 1, 0, 1, 1, 0, 1, 1, 0, 0, 0, 1, 0, 0, 0, 1, 0, 0, 1, 1, 0, 1, 1, 0, 1, 1, 1, 1, 0]","[1, 1, 1, 1, 0, 0, 0, 1, 1, 1, 1, 1, 1, 1, 1, 1, 1, 1, 1, 1, 0, 1, 0, 1, 0, 0, 1, 1, 1, 1, 0, 1, 1, 1, 1, 1, 1, 1, 1, 1, 1, 0, 1, 1, 0, 0, 1, 1, 1, 1, 1, 1, 1, 1, 1, 0, 1, 1, 1, 1, 1, 1, 1, 1, 1, 0, 1, 0, 1, 1, 1, 1, 1, 0, 1, 1, 0, 1, 1, 1, 1, 1, 0, 1, 1, 1, 1, 1, 1, 1, 1, 1, 1, 0, 1, 1, 1, 0, 1, 1, 1, 1, 1, 1, 1, 1, 1, 1, 1, 1, 0, 1, 0, 1, 1, 0, 0, 1, 1, 1, 1, 0, 1, 1, 0, 0, 1, 0, 1, 0, 1, 1, 0, 0, 0, 1, 1, 0, 0, 1, 1, 1, 1, 1, 0, 1, 1, 0, 1, 1, 0, 1, 1, 0, 1, 1, 0, 1, 0, 1, 0, 1, 1, 1, 0, 1, 1, 1, 1, 1, 1, 1, 1, 0, 0, 1, 1, 0, 1, 1, 1, 1, 1, 1, 1, 1, 1, 1, 1, 1, 1, 1, 1, 0, 1, 1, 1, 1, 1, 1, 1, 0, 1, 1, 0, 0, 1, 1, 1, 1, 1, 1]","[0.6, 0.6, 0.65, 0.6, 0.42, 0.45, 0.49, 0.59, 0.58, 0.6, 0.72, 0.55, 0.72, 0.59, 0.6, 0.51, 0.57, 0.62, 0.59, 0.62, 0.46, 0.66, 0.46, 0.54, 0.47, 0.5, 0.7, 0.6, 0.68, 0.58, 0.49, 0.58, 0.7, 0.6, 0.62, 0.6, 0.65, 0.63, 0.64, 0.63, 0.6, 0.4, 0.72, 0.55, 0.5, 0.33, 0.61, 0.6, 0.58, 0.6, 0.6, 0.58, 0.64, 0.62, 0.61, 0.45, 0.55, 0.64, 0.62, 0.59, 0.54, 0.57, 0.55, 0.61, 0.61, 0.4, 0.63, 0.46, 0.6, 0.73, 0.6, 0.55, 0.71, 0.5, 0.51, 0.59, 0.48, 0.54, 0.59, 0.74, 0.65, 0.63, 0.48, 0.64, 0.59, 0.65, 0.51, 0.59, 0.64, 0.58, 0.67, 0.62, 0.65, 0.49, 0.61, 0.53, 0.72, 0.49, 0.65, 0.65, 0.66, 0.58, 0.66, 0.65, 0.64, 0.64, 0.56, 0.65, 0.57, 0.55, 0.47, 0.56, 0.49, 0.54, 0.63, 0.47, 0.49, 0.59, 0.56, 0.61, 0.54, 0.49, 0.59, 0.56, 0.44, 0.43, 0.65, 0.49, 0.6, 0.46, 0.67, 0.6, 0.47, 0.44, 0.46, 0.51, 0.52, 0.47, 0.49, 0.64, 0.51, 0.61, 0.52, 0.62, 0.47, 0.52, 0.72, 0.46, 0.72, 0.72, 0.43, 0.61, 0.54, 0.44, 0.72, 0.58, 0.48, 0.6, 0.48, 0.68, 0.48, 0.53, 0.52, 0.52, 0.48, 0.65, 0.57, 0.55, 0.55, 0.58, 0.54, 0.76, 0.72, 0.48, 0.49, 0.67, 0.6, 0.46, 0.6, 0.59, 0.6, 0.6, 0.67, 0.6, 0.6, 0.64, 0.59, 0.54, 0.63, 0.66, 0.51, 0.51, 0.52, 0.49, 0.55, 0.65, 0.52, 0.63, 0.58, 0.59, 0.64, 0.45, 0.56, 0.66, 0.48, 0.44, 0.55, 0.56, 0.56, 0.64, 0.59, 0.55]"
2024-04,2024-11,"[1, 1, 1, 1, 1, 1, 1, 0, 1, 1, 1, 1, 1, 1, 1, 1, 1, 1, 0, 1, 1, 1, 1, 1, 1, 1, 1, 1, 1, 1, 1, 1, 1, 1, 1, 1, 1, 1, 1, 1, 1, 1, 1, 1, 0, 1, 1, 1, 1, 1, 1, 1, 1, 1, 1, 0, 1, 1, 0, 1, 1, 1, 1, 0, 1, 1, 1, 1, 1, 1, 1, 1, 1, 0, 1, 1, 1, 1, 1, 1, 1, 0, 1, 1, 1, 1, 1, 1, 1, 1, 0, 1, 1, 1, 0, 0, 1, 1, 0, 0, 1, 0, 1, 1, 0, 1, 1, 0, 0, 1, 0, 1, 1, 1, 1, 1, 1, 1, 1, 1, 0, 1, 1, 1, 1, 1, 1, 1, 1, 1, 1, 1, 1, 0, 1, 1, 1, 1, 1, 1, 1, 0, 1, 0, 1, 1, 1, 1, 1, 1, 1, 1, 1, 1, 1, 1, 1, 1, 1, 1, 1, 1, 1, 1, 1, 1, 1, 1, 0, 1, 1, 1, 1, 1, 1, 1, 1, 1, 1, 1, 0, 1, 1, 1, 1, 1, 1, 1, 1, 1, 1, 1, 1, 0, 1, 1, 0, 1, 0, 1, 1, 1, 1, 1, 1, 1, 1, 1, 1, 0, 1, 1, 1, 0, 1]","[0, 0, 0, 0, 0, 0, 0, 0, 0, 0, 0, 0, 0, 0, 0, 0, 0, 0, 0, 0, 1, 0, 0, 0, 0, 0, 0, 0, 0, 0, 0, 0, 0, 0, 0, 0, 0, 0, 0, 0, 0, 0, 0, 0, 0, 0, 0, 0, 0, 0, 0, 0, 0, 0, 0, 0, 1, 0, 0, 0, 0, 0, 0, 0, 0, 0, 0, 0, 0, 0, 0, 0, 0, 0, 0, 0, 0, 0, 0, 0, 0, 0, 0, 0, 0, 0, 0, 0, 0, 1, 0, 0, 0, 0, 0, 0, 0, 0, 0, 0, 0, 0, 0, 0, 0, 0, 0, 0, 0, 0, 0, 0, 0, 0, 0, 0, 0, 0, 0, 0, 0, 0, 0, 0, 0, 0, 0, 0, 0, 0, 0, 0, 0, 0, 0, 0, 0, 0, 0, 0, 0, 0, 0, 0, 0, 0, 0, 0, 0, 0, 0, 0, 0, 0, 0, 0, 0, 0, 0, 0, 0, 0, 0, 0, 0, 0, 0, 0, 0, 0, 0, 0, 0, 0, 1, 0, 0, 0, 0, 0, 0, 0, 0, 0, 0, 0, 0, 0, 0, 0, 0, 0, 0, 0, 0, 0, 0, 0, 0, 0, 0, 0, 0, 0, 0, 0, 0, 0, 0, 0, 0, 0, 0, 0, 0]","[0.31, 0.41, 0.31, 0.41, 0.41, 0.41, 0.41, 0.41, 0.41, 0.41, 0.37, 0.39, 0.41, 0.36, 0.39, 0.37, 0.41, 0.41, 0.42, 0.36, 0.5534012219959267, 0.41, 0.38, 0.41, 0.41, 0.41, 0.4, 0.36, 0.41, 0.41, 0.41, 0.4, 0.41, 0.41, 0.37, 0.36, 0.41, 0.31, 0.32, 0.41, 0.41, 0.41, 0.41, 0.31, 0.42, 0.39, 0.37, 0.38, 0.41, 0.41, 0.41, 0.41, 0.41, 0.31, 0.41, 0.4, 0.53, 0.41, 0.41, 0.41, 0.38, 0.41, 0.41, 0.41, 0.36, 0.41, 0.41, 0.41, 0.41, 0.41, 0.41, 0.4, 0.41, 0.36, 0.4, 0.41, 0.41, 0.41, 0.41, 0.41, 0.41, 0.41, 0.41, 0.41, 0.41, 0.41, 0.41, 0.41, 0.41, 0.6334012219959267, 0.41, 0.41, 0.41, 0.41, 0.32, 0.41, 0.41, 0.41, 0.41, 0.37, 0.39, 0.32, 0.36, 0.41, 0.42, 0.36, 0.41, 0.34, 0.41, 0.34, 0.34, 0.39, 0.41, 0.41, 0.41, 0.41, 0.41, 0.41, 0.41, 0.41, 0.41, 0.41, 0.34, 0.41, 0.41, 0.41, 0.41, 0.41, 0.41, 0.41, 0.41, 0.41, 0.41, 0.31, 0.41, 0.41, 0.41, 0.41, 0.41, 0.41, 0.41, 0.41, 0.41, 0.41, 0.41, 0.41, 0.39, 0.41, 0.41, 0.41, 0.41, 0.4, 0.4, 0.37, 0.41, 0.41, 0.41, 0.41, 0.41, 0.41, 0.41, 0.41, 0.41, 0.41, 0.41, 0.4, 0.41, 0.41, 0.41, 0.41, 0.41, 0.41, 0.41, 0.36, 0.6334012219959267, 0.38, 0.4, 0.41, 0.43, 0.41, 0.39, 0.31, 0.36, 0.41, 0.41, 0.37, 0.36, 0.41, 0.41, 0.39, 0.41, 0.41, 0.41, 0.41, 0.41, 0.41, 0.41, 0.41, 0.41, 0.41, 0.41, 0.42, 0.37, 0.41, 0.41, 0.41, 0.41, 0.41, 0.41, 0.41, 0.41, 0.41, 0.39, 0.41, 0.41]"
2024-04,2024-07,"[1, 1, 0, 0, 1, 0, 0, 0, 0, 1, 0, 1, 1, 1, 1, 0, 1, 1, 1, 0, 0, 0, 0, 1, 0, 1, 0, 0, 0, 1, 0, 0, 1, 1, 0, 1, 1, 1, 1, 1, 0, 0, 1, 0, 1, 1, 1, 1, 1, 0, 1, 1, 0, 1, 1, 1, 1, 0, 1, 0, 1, 0, 0, 1, 1, 0, 1, 1, 0, 1, 1, 1, 0, 0, 0, 0, 0, 1, 0, 0, 1, 0, 1, 1, 1, 0, 0, 0, 1, 1, 1, 0, 1, 1, 0, 0, 1, 0, 1, 1, 0, 1, 1, 1, 0, 1, 1, 0, 0, 1, 1, 1, 1, 1, 1, 0, 1, 1, 0, 1, 1, 0, 1, 0, 0, 1, 0, 1, 1, 0, 0, 0, 1, 1, 0, 1, 1, 0, 1, 0, 0, 0, 0, 0, 0, 0, 0, 1, 1, 1, 0, 1, 0, 1, 1, 1, 1, 1, 1, 1, 1, 1, 1, 1, 1, 1, 1, 1, 1, 1, 0, 0, 0, 0, 0, 0, 1, 0, 0, 0, 0, 1, 0, 0, 0, 1, 1, 0, 1, 0, 1, 1, 1, 0, 1, 1, 1, 1, 1, 0, 1, 1, 1, 1, 1, 0, 1, 0, 1, 1, 1, 1, 1, 0, 1]","[1, 1, 1, 1, 1, 1, 1, 1, 1, 1, 1, 1, 1, 1, 1, 1, 1, 1, 1, 1, 1, 1, 1, 1, 1, 1, 1, 1, 1, 1, 1, 1, 1, 1, 1, 1, 1, 1, 1, 1, 1, 1, 1, 1, 1, 1, 1, 1, 1, 1, 1, 1, 1, 1, 1, 1, 1, 1, 1, 1, 1, 1, 1, 1, 1, 1, 1, 1, 1, 1, 1, 1, 1, 1, 1, 1, 1, 1, 1, 1, 1, 1, 1, 1, 1, 1, 1, 1, 1, 1, 1, 1, 1, 1, 1, 1, 1, 1, 1, 1, 1, 1, 1, 1, 1, 1, 1, 1, 1, 1, 1, 1, 1, 1, 1, 1, 1, 1, 1, 1, 1, 1, 1, 1, 1, 1, 1, 1, 1, 1, 1, 1, 1, 1, 1, 1, 1, 1, 1, 1, 1, 1, 1, 1, 1, 1, 1, 1, 1, 1, 1, 1, 1, 1, 1, 1, 1, 1, 1, 1, 1, 1, 1, 1, 1, 1, 1, 1, 1, 1, 1, 1, 1, 1, 1, 1, 1, 1, 1, 1, 1, 1, 1, 1, 1, 1, 1, 1, 1, 1, 1, 1, 1, 1, 1, 1, 1, 1, 1, 1, 1, 1, 1, 1, 1, 1, 1, 1, 1, 1, 1, 1, 1, 1, 1]","[0.66, 0.56, 0.59, 0.6372770432804371, 0.57, 0.7, 0.59, 0.6334012219959267, 0.72, 0.57, 0.57, 0.56, 0.6250759878419453, 0.55, 0.71, 0.6350759878419453, 0.55, 0.71, 0.58, 0.6650759878419453, 0.6034012219959267, 0.65, 0.6434012219959268, 0.72, 0.71, 0.72, 0.58, 0.58, 0.65, 0.71, 0.6250759878419453, 0.72, 0.6734012219959267, 0.69, 0.57, 0.54, 0.57, 0.57, 0.57, 0.7, 0.6734012219959267, 0.59, 0.7, 0.68, 0.71, 0.57, 0.58, 0.6150759878419453, 0.69, 0.5350759878419453, 0.68, 0.59, 0.72, 0.69, 0.6734012219959267, 0.59, 0.72, 0.55, 0.72, 0.6334012219959267, 0.59, 0.72, 0.59, 0.69, 0.6834012219959267, 0.58, 0.72, 0.59, 0.7, 0.72, 0.54, 0.56, 0.7, 0.72, 0.6150759878419453, 0.5834012219959267, 0.56, 0.59, 0.71, 0.72, 0.57, 0.56, 0.5434012219959267, 0.59, 0.71, 0.59, 0.63, 0.59, 0.59, 0.57, 0.58, 0.72, 0.56, 0.7, 0.55, 0.69, 0.6634012219959267, 0.6134012219959267, 0.7, 0.57, 0.69, 0.69, 0.67, 0.6034012219959267, 0.5934012219959267, 0.6088515237464547, 0.59, 0.55, 0.5934012219959267, 0.57, 0.58, 0.5201519756838906, 0.6450759878419453, 0.57, 0.69, 0.57, 0.54, 0.54, 0.6350759878419453, 0.6350759878419453, 0.6650759878419453, 0.54, 0.58, 0.5534012219959267, 0.57, 0.71, 0.5834012219959267, 0.59, 0.7, 0.58, 0.71, 0.59, 0.69, 0.58, 0.58, 0.6, 0.6250759878419453, 0.59, 0.6434012219959268, 0.57, 0.6250759878419453, 0.64, 0.55, 0.55, 0.5650759878419452, 0.6434012219959268, 0.59, 0.58, 0.6834012219959267, 0.59, 0.55, 0.58, 0.59, 0.59, 0.6650759878419453, 0.6350759878419453, 0.57, 0.67, 0.6650759878419453, 0.57, 0.59, 0.56, 0.57, 0.57, 0.6350759878419453, 0.57, 0.5350759878419453, 0.57, 0.59, 0.57, 0.5834012219959267, 0.55, 0.5834012219959267, 0.7, 0.6734012219959267, 0.6650759878419453, 0.55, 0.68, 0.6634012219959267, 0.69, 0.69, 0.71, 0.65, 0.69, 0.64, 0.65, 0.56, 0.58, 0.72, 0.59, 0.57, 0.69, 0.67, 0.72, 0.59, 0.57, 0.7, 0.57, 0.6450759878419453, 0.6034012219959267, 0.6034012219959267, 0.69, 0.69, 0.6434012219959268, 0.72, 0.69, 0.58, 0.55, 0.58, 0.69, 0.58, 0.55, 0.71, 0.59, 0.6050759878419453]"
2024-04,2024-06,"[1, 0, 1, 0, 1, 1, 1, 1, 0, 1, 1, 1, 1, 0, 0, 0, 0, 1, 0, 0, 1, 1, 1, 1, 1, 0, 0, 1, 0, 0, 1, 0, 1, 1, 0, 0, 1, 1, 1, 0, 1, 0, 1, 0, 0, 1, 0, 1, 1, 0, 1, 0, 0, 1, 1, 1, 1, 0, 1, 1, 0, 1, 0, 1, 0, 0, 1, 0, 1, 1, 0, 0, 1, 0, 0, 0, 0, 0, 1, 1, 1, 1, 1, 1, 1, 1, 0, 0, 0, 0, 0, 1, 1, 1, 1, 1, 1, 1, 1, 1, 1, 1, 1, 0, 0, 0, 1, 1, 0, 1, 0, 0, 0, 0, 1, 0, 1, 1, 0, 0, 1, 0, 0, 1, 1, 0, 1, 1, 1, 0, 1, 0, 1, 0, 0, 0, 1, 1, 1, 1, 1, 0, 0, 1, 0, 1, 1, 1, 1, 0, 0, 1, 1, 0, 1, 1, 1, 0, 1, 1, 1, 1, 1, 0, 1, 1, 1, 1, 0, 0, 1, 1, 1, 1, 1, 1, 1, 1, 0, 1, 1, 1, 1, 1, 1, 1, 1, 1, 0, 1, 0, 0, 1, 1, 0, 0, 0, 0, 1, 1, 0, 1, 1, 1, 0, 0, 1, 0]","[1, 1, 1, 1, 1, 1, 1, 1, 1, 1, 1, 1, 1, 1, 1, 1, 1, 1, 1, 1, 1, 1, 1, 1, 1, 1, 1, 1, 1, 1, 1, 1, 1, 1, 1, 1, 1, 1, 1, 1, 1, 1, 1, 1, 1, 1, 1, 1, 1, 1, 1, 1, 1, 1, 1, 1, 1, 1, 1, 1, 1, 1, 1, 1, 1, 1, 1, 1, 1, 1, 1, 1, 1, 1, 1, 1, 1, 1, 1, 1, 1, 1, 1, 1, 1, 1, 1, 1, 1, 1, 1, 1, 1, 1, 1, 1, 1, 1, 1, 1, 1, 1, 1, 1, 1, 1, 1, 1, 1, 1, 1, 1, 1, 1, 1, 1, 1, 1, 1, 1, 1, 1, 1, 1, 1, 1, 1, 1, 1, 1, 1, 1, 1, 1, 1, 1, 1, 1, 1, 1, 1, 1, 1, 1, 1, 1, 1, 1, 1, 1, 1, 1, 1, 1, 1, 1, 1, 1, 1, 1, 1, 1, 1, 1, 1, 1, 1, 1, 1, 1, 1, 1, 1, 1, 1, 1, 1, 1, 1, 1, 1, 1, 1, 1, 1, 1, 1, 1, 1, 1, 1, 1, 1, 1, 1, 1, 1, 1, 1, 1, 1, 1, 1, 1, 1, 1, 1, 1]","[0.67, 0.71, 0.71, 0.7, 0.71, 0.7135531976798173, 0.71, 0.71, 0.71, 0.72, 0.69, 0.71, 0.71, 0.71, 0.71, 0.71, 0.71, 0.71, 0.6950759878419452, 0.71, 0.71, 0.7, 0.71, 0.72, 0.65, 0.69, 0.71, 0.71, 0.71, 0.71, 0.71, 0.67, 0.67, 0.6301519756838906, 0.71, 0.71, 0.71, 0.67, 0.7150759878419453, 0.67, 0.6950759878419452, 0.67, 0.71, 0.69, 0.69, 0.66, 0.6950759878419452, 0.71, 0.68, 0.71, 0.66, 0.71, 0.71, 0.6650759878419453, 0.71, 0.57, 0.6350759878419453, 0.6350759878419453, 0.6950759878419452, 0.71, 0.71, 0.6650759878419453, 0.71, 0.7, 0.71, 0.6, 0.71, 0.71, 0.6735531976798173, 0.71, 0.69, 0.71, 0.69, 0.71, 0.71, 0.71, 0.71, 0.71, 0.7, 0.71, 0.71, 0.71, 0.71, 0.71, 0.71, 0.7434012219959267, 0.72, 0.71, 0.65, 0.5934012219959267, 0.6934012219959267, 0.7, 0.67, 0.6734012219959267, 0.71, 0.7, 0.71, 0.5834012219959267, 0.71, 0.71, 0.69, 0.71, 0.71, 0.71, 0.6650759878419453, 0.71, 0.71, 0.72, 0.71, 0.71, 0.71, 0.71, 0.71, 0.71, 0.71, 0.71, 0.69, 0.63, 0.71, 0.72, 0.66, 0.72, 0.71, 0.71, 0.72, 0.71, 0.71, 0.69, 0.72, 0.72, 0.72, 0.72, 0.72, 0.72, 0.7, 0.6850759878419452, 0.7, 0.73, 0.6950759878419452, 0.71, 0.6650759878419453, 0.72, 0.71, 0.69, 0.72, 0.67, 0.71, 0.69, 0.71, 0.71, 0.71, 0.71, 0.71, 0.71, 0.71, 0.71, 0.69, 0.69, 0.69, 0.73, 0.71, 0.71, 0.71, 0.71, 0.7, 0.7, 0.71, 0.7, 0.6650759878419453, 0.72, 0.7, 0.71, 0.71, 0.71, 0.6850759878419452, 0.71, 0.71, 0.71, 0.71, 0.71, 0.7, 0.71, 0.71, 0.72, 0.71, 0.71, 0.72, 0.71, 0.72, 0.72, 0.72, 0.7, 0.71, 0.71, 0.71, 0.71, 0.69, 0.71, 0.71, 0.69, 0.71, 0.69, 0.71, 0.71, 0.71, 0.66, 0.72, 0.66]"
2024-01,2024-01,"[1, 1, 1, 1, 1, 1, 1, 1, 1, 1, 1, 1, 1, 1, 1, 0, 1, 0, 1, 1, 1, 1, 1, 1, 1, 0, 0, 0, 0, 0, 1, 1, 1, 0, 1, 1, 1, 1, 1, 0, 1, 1, 1, 0, 1, 0, 1, 1, 1, 0, 1, 1, 0, 1, 1, 1, 1, 1, 0, 1, 1, 1, 1, 1, 1, 0, 1, 1, 1, 0, 0, 0, 1, 0, 0, 0, 1, 0, 1, 1, 0, 1, 1, 1, 1, 1, 1, 1, 1, 1, 1, 1, 1, 1, 1, 1, 0, 1, 1, 1, 1, 1, 1, 1, 1, 1, 1, 1, 1, 1, 1, 1, 0, 1, 1, 1, 1, 0, 1, 1, 1, 1, 0, 0, 1, 1, 0, 1, 1, 1, 1, 0, 1, 1, 1, 0, 0, 1, 1, 0, 0, 1, 1, 1, 1, 1, 0, 1, 1, 0, 1, 1, 1, 1, 1, 1, 1, 1, 1, 1, 1, 1, 1, 1, 0, 1, 1, 1, 1, 1, 1, 1, 1, 1, 1, 1, 1, 0, 1, 0, 0, 1, 1, 1, 1, 1, 1, 1, 1, 1, 0, 1, 1, 1, 1, 1, 1, 1, 1, 0, 1, 1, 1, 1, 1, 1, 1, 0, 1, 1, 0]","[1, 1, 1, 1, 1, 1, 1, 1, 1, 1, 1, 1, 1, 1, 1, 1, 1, 0, 1, 1, 1, 1, 1, 1, 1, 0, 1, 0, 1, 1, 1, 1, 1, 0, 1, 1, 1, 1, 1, 1, 1, 1, 0, 1, 1, 0, 0, 1, 1, 0, 1, 1, 1, 1, 1, 1, 1, 1, 0, 1, 1, 1, 1, 0, 1, 1, 1, 1, 1, 1, 1, 1, 1, 0, 1, 0, 0, 1, 1, 1, 0, 1, 1, 0, 1, 1, 1, 1, 0, 1, 1, 1, 1, 1, 1, 1, 0, 1, 0, 1, 1, 1, 1, 1, 1, 0, 1, 0, 0, 1, 1, 1, 1, 1, 0, 0, 0, 1, 1, 1, 1, 1, 0, 1, 1, 1, 1, 1, 1, 1, 1, 1, 1, 1, 1, 1, 0, 1, 1, 1, 1, 1, 1, 1, 1, 1, 0, 1, 1, 1, 1, 1, 1, 0, 1, 1, 1, 1, 1, 1, 1, 1, 1, 1, 1, 1, 1, 1, 1, 1, 1, 1, 1, 1, 1, 1, 1, 0, 1, 1, 1, 1, 1, 1, 1, 1, 1, 1, 1, 1, 1, 1, 1, 1, 1, 1, 1, 1, 1, 0, 1, 1, 1, 1, 1, 1, 1, 1, 1, 1, 1]","[0.99, 0.97, 1.0, 0.76, 0.95, 0.81, 0.94, 0.99, 0.81, 0.51, 0.76, 0.6, 0.88, 0.8104462983487183, 0.718878646269626, 0.7552901597981497, 0.96, 0.48, 0.8, 0.9313821138211382, 0.96, 0.52, 0.89, 0.89, 0.95, 0.06, 0.88, 0.39, 0.97, 0.84, 0.84, 0.64, 0.97, 0.39, 0.51, 0.68, 0.59, 0.79, 0.64, 0.89, 0.8, 0.74, 0.32, 0.7549038461538461, 0.8449038461538462, 0.45, 0.29, 0.96, 0.98, 0.48, 1.0, 0.9, 0.78, 0.9, 0.99, 0.99, 1.0, 0.98, 0.42, 0.79, 0.91, 0.9, 0.84, 0.44, 0.95, 0.98, 0.75, 0.99, 0.57, 0.93, 0.94, 0.9, 0.98, 0.2, 0.69, 0.18, 0.41, 0.8, 0.93, 1.0, 0.26, 1.0, 0.83, 0.39, 0.99, 0.92, 0.71, 0.94, 0.45, 0.89, 0.95, 0.8, 0.53, 0.96, 0.76, 1.0, 0.44, 1.0, 0.33, 0.85, 0.87, 0.9, 0.85, 0.99, 0.95, 0.4724285714285714, 1.0, 0.48334101643550953, 0.39, 0.69, 0.69, 0.87, 0.79, 0.94, 0.35, 0.27, 0.31, 0.77, 0.62, 0.61, 0.95, 0.94, 0.5, 0.65, 0.99, 0.88, 0.8824285714285715, 0.66, 0.96, 0.8841902294596595, 1.0, 0.96, 0.9639080459770115, 0.87, 0.9639080459770115, 0.58, 0.3, 0.72, 0.61, 0.94, 0.9, 0.9824285714285714, 0.83, 0.89, 0.9, 0.96, 0.48, 0.8, 0.8513821138211383, 0.97, 0.82, 0.97, 0.91, 0.35, 0.91, 1.0, 0.85, 0.95, 0.89, 0.96, 0.98, 0.84, 0.93, 0.94, 0.91, 0.94, 0.91, 0.92, 0.97, 0.94, 0.98, 0.94, 0.95, 1.0, 0.9, 0.73, 0.85, 0.43, 0.56, 0.77, 0.87, 0.85, 0.88, 0.69, 1.0, 0.71, 0.56, 0.91, 0.83, 0.7924285714285714, 0.55, 0.92, 0.69, 0.92, 0.68, 0.68, 1.0, 0.93, 0.99, 0.48, 0.69, 0.61, 0.66, 0.73, 0.71, 0.72, 0.9, 0.98, 1.0, 0.65, 0.92]"
2024-01,2024-09,"[0, 1, 0, 1, 1, 1, 0, 1, 1, 1, 0, 1, 0, 0, 1, 1, 1, 1, 1, 1, 1, 1, 1, 0, 1, 0, 1, 1, 1, 1, 1, 1, 1, 1, 1, 1, 1, 1, 1, 0, 1, 0, 0, 1, 1, 1, 0, 1, 1, 0, 1, 1, 1, 1, 1, 1, 1, 1, 1, 1, 1, 1, 1, 1, 1, 1, 1, 1, 1, 1, 0, 1, 0, 0, 1, 1, 0, 1, 0, 1, 1, 1, 0, 1, 1, 1, 0, 0, 1, 0, 1, 0, 0, 0, 1, 1, 1, 0, 0, 1, 0, 1, 1, 1, 1, 1, 0, 0, 1, 1, 1, 1, 1, 1, 0, 1, 0, 1, 1, 1, 1, 1, 1, 1, 1, 1, 1, 1, 1, 1, 1, 1, 1, 1, 0, 1, 1, 0, 1, 1, 1, 1, 0, 1, 1, 0, 1, 0, 1, 0, 1, 1, 1, 0, 1, 1, 1, 1, 1, 1, 1, 1, 1, 1, 0, 0, 1, 0, 0, 1, 1, 0, 1, 1, 1, 1, 1, 1, 1, 1, 1, 0, 0, 0, 1, 0, 1, 0, 1, 1, 1, 1, 0, 1, 0, 1, 1, 0, 1, 1, 1, 1, 1, 1, 1, 1, 0, 1, 1, 1, 1, 1, 1, 1, 0]","[1, 1, 1, 1, 1, 1, 1, 1, 1, 1, 1, 1, 1, 1, 1, 1, 1, 1, 1, 1, 1, 1, 1, 1, 1, 1, 1, 1, 1, 1, 1, 1, 1, 1, 1, 1, 1, 1, 1, 1, 1, 1, 1, 1, 1, 1, 1, 1, 1, 1, 1, 1, 1, 1, 1, 1, 1, 1, 1, 1, 1, 1, 1, 1, 1, 1, 1, 1, 1, 1, 1, 1, 1, 1, 1, 1, 1, 1, 1, 1, 1, 1, 1, 1, 1, 1, 1, 1, 1, 1, 1, 1, 1, 1, 1, 1, 1, 1, 1, 1, 1, 1, 1, 1, 1, 1, 1, 1, 1, 1, 1, 1, 1, 1, 1, 1, 1, 1, 1, 1, 1, 1, 1, 1, 1, 1, 1, 1, 1, 1, 1, 1, 1, 1, 1, 1, 1, 1, 1, 1, 1, 1, 1, 1, 1, 1, 1, 1, 1, 1, 1, 1, 1, 1, 1, 1, 1, 1, 1, 1, 1, 1, 1, 1, 1, 1, 1, 1, 1, 1, 1, 1, 1, 1, 1, 1, 1, 1, 1, 1, 1, 1, 1, 1, 1, 1, 1, 1, 1, 1, 1, 1, 1, 1, 1, 1, 1, 1, 1, 1, 1, 1, 1, 1, 1, 1, 1, 1, 1, 1, 1, 1, 1, 1, 1]","[0.78, 0.79, 0.79, 0.79, 0.79, 0.79, 0.79, 0.79, 0.79, 0.79, 0.79, 0.79, 0.79, 0.79, 0.79, 0.79, 0.8, 0.78, 0.79, 0.78, 0.79, 0.79, 0.79, 0.79, 0.75, 0.79, 0.78, 0.79, 0.79, 0.79, 0.79, 0.79, 0.79, 0.79, 0.79, 0.79, 0.79, 0.78, 0.79, 0.79, 0.79, 0.79, 0.79, 0.78, 0.79, 0.79, 0.79, 0.79, 0.79, 0.79, 0.79, 0.79, 0.79, 0.79, 0.79, 0.79, 0.79, 0.77, 0.79, 0.78, 0.79, 0.79, 0.79, 0.79, 0.79, 0.79, 0.79, 0.79, 0.79, 0.78, 0.79, 0.79, 0.79, 0.79, 0.79, 0.79, 0.79, 0.79, 0.79, 0.79, 0.79, 0.79, 0.79, 0.79, 0.79, 0.76, 0.79, 0.79, 0.79, 0.79, 0.79, 0.79, 0.79, 0.79, 0.79, 0.77, 0.79, 0.79, 0.79, 0.79, 0.79, 0.79, 0.79, 0.79, 0.79, 0.79, 0.79, 0.79, 0.79, 0.78, 0.79, 0.79, 0.79, 0.79, 0.79, 0.79, 0.79, 0.79, 0.79, 0.79, 0.79, 0.79, 0.78, 0.79, 0.79, 0.78, 0.79, 0.79, 0.79, 0.79, 0.79, 0.79, 0.75, 0.79, 0.79, 0.78, 0.79, 0.79, 0.79, 0.79, 0.79, 0.79, 0.79, 0.79, 0.79, 0.79, 0.79, 0.79, 0.79, 0.79, 0.79, 0.79, 0.79, 0.79, 0.79, 0.79, 0.79, 0.78, 0.79, 0.79, 0.79, 0.79, 0.79, 0.79, 0.79, 0.75, 0.79, 0.79, 0.79, 0.79, 0.79, 0.79, 0.79, 0.79, 0.78, 0.78, 0.78, 0.79, 0.79, 0.79, 0.79, 0.79, 0.79, 0.79, 0.79, 0.79, 0.79, 0.79, 0.79, 0.79, 0.79, 0.78, 0.79, 0.79, 0.79, 0.79, 0.79, 0.79, 0.79, 0.79, 0.79, 0.79, 0.79, 0.79, 0.79, 0.79, 0.79, 0.79, 0.79, 0.79, 0.79, 0.78, 0.79, 0.78, 0.79]"
2024-01,2024-10,"[0, 1, 1, 1, 0, 1, 0, 1, 1, 1, 1, 0, 0, 0, 1, 1, 1, 1, 1, 1, 1, 0, 1, 1, 1, 1, 1, 1, 1, 1, 1, 1, 1, 1, 1, 0, 1, 0, 1, 0, 1, 1, 1, 1, 1, 0, 1, 0, 1, 1, 1, 0, 1, 0, 1, 0, 0, 1, 1, 1, 1, 1, 1, 1, 1, 1, 1, 1, 1, 1, 0, 1, 1, 1, 1, 0, 1, 1, 1, 1, 0, 1, 1, 1, 0, 1, 1, 1, 1, 0, 1, 1, 1, 1, 1, 1, 0, 1, 1, 1, 1, 1, 1, 0, 0, 1, 1, 0, 0, 1, 0, 1, 0, 0, 1, 0, 1, 1, 0, 0, 0, 0, 1, 0, 1, 1, 1, 1, 1, 1, 1, 1, 1, 1, 1, 1, 1, 1, 1, 1, 1, 0, 0, 0, 1, 0, 1, 1, 1, 1, 1, 1, 1, 1, 1, 0, 1, 1, 1, 0, 0, 1, 1, 1, 1, 1, 1, 1, 1, 0, 1, 0, 1, 1, 0, 1, 1, 1, 1, 1, 1, 1, 1, 0, 1, 1, 0, 1, 1, 1, 0, 1, 0, 1, 1, 1, 1, 0, 0, 0, 1, 1, 1, 1, 1, 0, 1, 1, 0, 1, 1, 1, 1, 1]","[1, 1, 1, 1, 1, 1, 1, 1, 1, 1, 1, 1, 1, 1, 1, 1, 1, 1, 1, 1, 1, 1, 1, 1, 1, 1, 1, 1, 1, 1, 1, 1, 1, 1, 1, 1, 1, 1, 1, 1, 1, 1, 1, 1, 1, 1, 1, 1, 1, 1, 1, 1, 1, 1, 1, 1, 1, 1, 1, 1, 1, 1, 1, 1, 1, 1, 1, 1, 1, 1, 1, 1, 1, 1, 1, 1, 1, 1, 1, 1, 1, 1, 1, 1, 1, 1, 1, 1, 1, 1, 1, 1, 1, 1, 1, 1, 1, 1, 1, 1, 1, 1, 1, 1, 1, 1, 1, 1, 1, 1, 1, 1, 1, 1, 1, 1, 1, 1, 1, 1, 1, 1, 1, 1, 1, 1, 1, 1, 1, 1, 1, 1, 1, 1, 1, 1, 1, 1, 1, 1, 1, 1, 1, 1, 1, 1, 1, 1, 1, 1, 1, 1, 1, 1, 1, 1, 1, 1, 1, 1, 1, 1, 1, 1, 1, 1, 1, 1, 1, 1, 1, 1, 1, 1, 1, 1, 1, 1, 1, 1, 1, 1, 1, 1, 1, 1, 1, 1, 1, 1, 1, 1, 1, 1, 1, 1, 1, 1, 1, 1, 1, 1, 1, 1, 1, 1, 1, 1, 1, 1, 1, 1, 1, 1]","[0.75, 0.77, 0.76, 0.76, 0.74, 0.77, 0.75, 0.76, 0.79, 0.79, 0.75, 0.79, 0.78, 0.76, 0.75, 0.75, 0.77, 0.76, 0.75, 0.75, 0.79, 0.75, 0.79, 0.75, 0.75, 0.75, 0.78, 0.79, 0.76, 0.74, 0.78, 0.76, 0.78, 0.75, 0.74, 0.78, 0.8, 0.76, 0.75, 0.74, 0.75, 0.78, 0.74, 0.76, 0.79, 0.75, 0.75, 0.75, 0.79, 0.74, 0.77, 0.78, 0.79, 0.77, 0.8, 0.75, 0.79, 0.77, 0.74, 0.8, 0.78, 0.75, 0.77, 0.74, 0.79, 0.79, 0.79, 0.79, 0.76, 0.75, 0.79, 0.76, 0.78, 0.75, 0.75, 0.78, 0.79, 0.75, 0.76, 0.76, 0.79, 0.78, 0.74, 0.74, 0.8, 0.73, 0.74, 0.79, 0.76, 0.76, 0.75, 0.79, 0.77, 0.8, 0.76, 0.75, 0.78, 0.78, 0.78, 0.79, 0.75, 0.75, 0.76, 0.78, 0.76, 0.75, 0.76, 0.76, 0.76, 0.77, 0.75, 0.76, 0.75, 0.75, 0.75, 0.79, 0.76, 0.79, 0.79, 0.75, 0.75, 0.8, 0.76, 0.79, 0.74, 0.75, 0.78, 0.75, 0.79, 0.76, 0.79, 0.75, 0.79, 0.74, 0.74, 0.78, 0.76, 0.75, 0.76, 0.75, 0.75, 0.75, 0.75, 0.75, 0.78, 0.76, 0.78, 0.78, 0.75, 0.79, 0.76, 0.76, 0.74, 0.75, 0.79, 0.76, 0.76, 0.75, 0.78, 0.79, 0.79, 0.78, 0.78, 0.75, 0.8, 0.75, 0.76, 0.76, 0.77, 0.77, 0.75, 0.76, 0.77, 0.75, 0.74, 0.8, 0.75, 0.76, 0.77, 0.75, 0.79, 0.76, 0.75, 0.79, 0.76, 0.76, 0.77, 0.76, 0.76, 0.73, 0.78, 0.78, 0.75, 0.79, 0.75, 0.78, 0.78, 0.79, 0.75, 0.79, 0.76, 0.75, 0.79, 0.76, 0.79, 0.75, 0.74, 0.76, 0.75, 0.77, 0.79, 0.76, 0.76, 0.76]"
2024-01,2024-08,"[1, 0, 1, 1, 1, 1, 0, 1, 0, 1, 1, 0, 1, 0, 1, 0, 1, 0, 0, 1, 1, 0, 0, 0, 0, 1, 0, 1, 0, 0, 0, 1, 1, 1, 1, 1, 1, 1, 1, 1, 1, 0, 1, 1, 1, 1, 0, 0, 1, 1, 0, 1, 0, 1, 1, 1, 0, 1, 0, 0, 1, 1, 1, 1, 0, 0, 1, 1, 1, 1, 0, 0, 1, 1, 0, 0, 1, 0, 1, 1, 0, 1, 1, 1, 0, 0, 0, 0, 1, 1, 1, 0, 1, 0, 0, 1, 0, 0, 0, 1, 1, 0, 1, 0, 1, 0, 0, 1, 1, 0, 0, 1, 0, 1, 1, 1, 1, 1, 0, 0, 1, 1, 1, 0, 1, 0, 1, 0, 0, 1, 0, 0, 1, 1, 0, 1, 1, 1, 0, 1, 0, 0, 0, 0, 0, 1, 1, 1, 1, 0, 1, 0, 1, 1, 1, 1, 1, 0, 1, 0, 1, 0, 1, 1, 1, 1, 0, 1, 1, 0, 1, 1, 0, 1, 0, 1, 1, 1, 0, 0, 1, 1, 1, 1, 0, 0, 1, 1, 1, 0, 1, 0, 0, 1, 1, 0, 1, 0, 0, 0, 1, 1, 1, 1, 0, 0, 0, 0, 0, 1, 0, 0, 0, 1, 0]","[1, 1, 1, 1, 1, 1, 1, 1, 1, 1, 1, 1, 1, 1, 1, 1, 1, 1, 1, 1, 1, 1, 1, 1, 1, 1, 1, 1, 1, 1, 1, 1, 1, 1, 1, 1, 1, 1, 1, 1, 1, 1, 1, 1, 1, 1, 1, 1, 1, 1, 1, 1, 1, 1, 1, 1, 1, 1, 1, 1, 1, 1, 1, 1, 1, 1, 1, 1, 1, 1, 1, 1, 1, 1, 1, 1, 1, 1, 1, 1, 1, 1, 1, 1, 1, 1, 1, 1, 1, 1, 1, 1, 1, 1, 1, 1, 1, 1, 1, 1, 1, 1, 1, 1, 1, 1, 1, 1, 1, 1, 1, 1, 1, 1, 1, 1, 1, 1, 1, 1, 1, 1, 1, 1, 1, 1, 1, 1, 1, 1, 1, 1, 1, 1, 1, 1, 1, 1, 1, 1, 1, 1, 1, 1, 1, 1, 1, 1, 1, 1, 1, 1, 1, 1, 1, 1, 1, 1, 1, 1, 1, 1, 1, 1, 1, 1, 1, 1, 1, 1, 1, 1, 1, 1, 1, 1, 1, 1, 1, 1, 1, 1, 1, 1, 1, 1, 1, 1, 1, 1, 1, 1, 1, 1, 1, 1, 1, 1, 1, 1, 1, 1, 1, 1, 1, 1, 1, 1, 1, 1, 1, 1, 1, 1, 1]","[0.75, 0.75, 0.79, 0.77, 0.74, 0.77, 0.75, 0.75, 0.72, 0.75, 0.77, 0.78, 0.76, 0.75, 0.79, 0.79, 0.75, 0.73, 0.76, 0.75, 0.76, 0.79, 0.75, 0.76, 0.79, 0.75, 0.74, 0.79, 0.78, 0.74, 0.77, 0.72, 0.78, 0.79, 0.75, 0.79, 0.75, 0.78, 0.77, 0.77, 0.74, 0.76, 0.75, 0.79, 0.79, 0.74, 0.77, 0.72, 0.76, 0.75, 0.79, 0.79, 0.77, 0.74, 0.75, 0.78, 0.74, 0.79, 0.78, 0.76, 0.79, 0.75, 0.76, 0.76, 0.75, 0.76, 0.76, 0.79, 0.77, 0.76, 0.77, 0.79, 0.75, 0.75, 0.75, 0.76, 0.75, 0.74, 0.74, 0.75, 0.79, 0.75, 0.75, 0.76, 0.77, 0.78, 0.76, 0.77, 0.74, 0.79, 0.76, 0.79, 0.75, 0.79, 0.79, 0.72, 0.78, 0.8, 0.79, 0.77, 0.78, 0.77, 0.79, 0.76, 0.79, 0.76, 0.76, 0.75, 0.79, 0.79, 0.78, 0.75, 0.73, 0.77, 0.75, 0.76, 0.76, 0.79, 0.79, 0.79, 0.76, 0.78, 0.76, 0.75, 0.75, 0.79, 0.76, 0.79, 0.76, 0.79, 0.78, 0.75, 0.74, 0.78, 0.77, 0.75, 0.75, 0.74, 0.79, 0.75, 0.79, 0.78, 0.79, 0.75, 0.78, 0.76, 0.75, 0.78, 0.78, 0.74, 0.74, 0.79, 0.79, 0.76, 0.76, 0.75, 0.74, 0.79, 0.77, 0.78, 0.75, 0.75, 0.79, 0.75, 0.76, 0.8, 0.79, 0.74, 0.79, 0.79, 0.79, 0.75, 0.75, 0.75, 0.79, 0.76, 0.79, 0.79, 0.74, 0.76, 0.77, 0.72, 0.76, 0.79, 0.76, 0.75, 0.8, 0.78, 0.77, 0.76, 0.79, 0.76, 0.79, 0.79, 0.78, 0.75, 0.79, 0.76, 0.76, 0.75, 0.76, 0.74, 0.75, 0.75, 0.78, 0.82, 0.75, 0.75, 0.79, 0.75, 0.79, 0.79, 0.78, 0.78, 0.8]"
2024-01,2024-02,"[0, 1, 1, 0, 0, 1, 1, 1, 0, 1, 1, 1, 0, 1, 1, 1, 0, 0, 0, 0, 1, 1, 1, 1, 0, 1, 1, 0, 1, 1, 1, 1, 0, 1, 1, 0, 1, 0, 1, 1, 1, 1, 1, 1, 1, 0, 1, 1, 1, 1, 1, 1, 1, 0, 1, 1, 0, 0, 1, 1, 1, 1, 1, 1, 0, 0, 1, 0, 1, 1, 0, 1, 1, 1, 1, 1, 1, 1, 0, 1, 0, 1, 0, 1, 1, 1, 0, 1, 1, 1, 0, 0, 0, 0, 0, 0, 1, 1, 0, 1, 0, 1, 1, 0, 1, 1, 1, 0, 0, 1, 1, 1, 1, 1, 0, 1, 1, 1, 1, 1, 1, 1, 1, 1, 1, 1, 1, 1, 0, 1, 1, 1, 1, 1, 0, 1, 1, 0, 0, 1, 1, 1, 1, 1, 1, 0, 0, 0, 0, 0, 1, 1, 1, 0, 0, 1, 0, 1, 1, 0, 0, 0, 1, 1, 1, 0, 1, 1, 1, 0, 1, 1, 1, 1, 1, 1, 1, 1, 1, 0, 1, 1, 0, 1, 1, 0, 1, 1, 0, 1, 1, 0, 0, 0, 1, 0, 0, 0, 1, 0, 0, 1, 1, 0, 1, 1, 0, 1, 1, 1, 1, 0]","[1, 1, 1, 1, 1, 1, 1, 1, 1, 1, 1, 1, 1, 1, 1, 1, 1, 1, 1, 1, 1, 1, 1, 1, 1, 1, 1, 1, 1, 1, 1, 1, 1, 1, 1, 1, 1, 1, 1, 1, 1, 1, 1, 1, 1, 1, 1, 1, 1, 1, 1, 1, 1, 1, 1, 1, 1, 1, 1, 1, 1, 1, 1, 1, 1, 1, 1, 1, 1, 1, 1, 1, 1, 1, 1, 1, 1, 1, 1, 1, 1, 1, 1, 1, 1, 1, 1, 1, 1, 1, 1, 1, 1, 1, 1, 1, 1, 1, 1, 1, 1, 1, 1, 1, 1, 1, 1, 1, 1, 1, 1, 1, 1, 1, 1, 1, 1, 1, 1, 1, 1, 1, 1, 1, 1, 1, 1, 1, 1, 1, 1, 1, 1, 1, 1, 1, 1, 1, 1, 1, 1, 1, 1, 1, 1, 1, 1, 1, 1, 1, 1, 1, 1, 1, 1, 1, 1, 1, 1, 1, 1, 1, 1, 1, 1, 1, 1, 1, 1, 1, 1, 1, 1, 1, 1, 1, 1, 1, 1, 1, 1, 1, 1, 1, 1, 1, 1, 1, 1, 1, 1, 1, 1, 1, 1, 1, 1, 1, 1, 1, 1, 1, 1, 1, 1, 1, 1, 1, 1, 1, 1, 1]","[0.71, 0.76, 0.69, 0.77, 0.77, 0.781761658031088, 0.79, 0.76, 0.78, 0.71, 0.66, 0.74, 0.66, 0.79, 0.76, 0.8, 0.78, 0.79, 0.85, 0.69, 0.8, 0.74, 0.78, 0.781761658031088, 0.76, 0.8, 0.69, 0.77, 0.75, 0.74, 0.77, 0.801761658031088, 0.73, 0.86, 0.74, 0.71, 0.69, 0.73, 0.78, 0.73, 0.71, 0.78, 0.75, 0.78, 0.79, 0.79, 0.78, 0.76, 0.78, 0.77, 0.76, 0.78, 0.74, 0.79, 0.66, 0.74, 0.71, 0.78, 0.7524285714285713, 0.7, 0.75, 0.8, 0.7, 0.78, 0.83, 0.76, 0.791761658031088, 0.78, 0.811761658031088, 0.69, 0.87, 0.81, 0.69, 0.711761658031088, 0.75, 0.76, 0.761761658031088, 0.751761658031088, 0.76, 0.67, 0.74, 0.84, 0.771761658031088, 0.74, 0.74, 0.75, 0.781761658031088, 0.74, 0.75, 0.74, 0.74, 0.74, 0.71, 0.791761658031088, 0.83, 0.75, 0.67, 0.791761658031088, 0.71, 0.71, 0.75, 0.75, 0.75, 0.71, 0.75, 0.72, 0.77, 0.72, 0.78, 0.72, 0.78, 0.81, 0.771761658031088, 0.781761658031088, 0.81, 0.78, 0.78, 0.76, 0.82, 0.7417616580310881, 0.781761658031088, 0.78, 0.74, 0.8, 0.79, 0.8, 0.72, 0.81, 0.71, 0.78, 0.71, 0.76, 0.8, 0.82, 0.83, 0.75, 0.75, 0.761761658031088, 0.791761658031088, 0.74, 0.781761658031088, 0.7, 0.78, 0.74, 0.74, 0.72, 0.69, 0.79, 0.71, 0.66, 0.75, 0.77, 0.73, 0.79, 0.71, 0.78, 0.76, 0.76, 0.79, 0.75, 0.82, 0.77, 0.73, 0.79, 0.76, 0.78, 0.78, 0.8, 0.781761658031088, 0.721761658031088, 0.81, 0.69, 0.68, 0.81, 0.77, 0.75, 0.76, 0.751761658031088, 0.76, 0.76, 0.75, 0.76, 0.73, 0.71, 0.76, 0.83, 0.7417616580310881, 0.8, 0.8, 0.76, 0.78, 0.771761658031088, 0.771761658031088, 0.791761658031088, 0.78, 0.8, 0.77, 0.75, 0.7324285714285713, 0.79, 0.74, 0.78, 0.79, 0.74, 0.79, 0.78, 0.74, 0.77, 0.77, 0.74, 0.66, 0.76]"
2024-01,2024-11,"[1, 1, 1, 1, 1, 1, 1, 0, 1, 1, 1, 1, 1, 1, 1, 1, 1, 1, 0, 1, 1, 1, 1, 1, 1, 1, 1, 1, 1, 1, 1, 1, 1, 1, 1, 1, 1, 1, 1, 1, 1, 1, 1, 1, 0, 1, 1, 1, 1, 1, 1, 1, 1, 1, 1, 0, 1, 1, 0, 1, 1, 1, 1, 0, 1, 1, 1, 1, 1, 1, 1, 1, 1, 0, 1, 1, 1, 1, 1, 1, 1, 0, 1, 1, 1, 1, 1, 1, 1, 1, 0, 1, 1, 1, 0, 0, 1, 1, 0, 0, 1, 0, 1, 1, 0, 1, 1, 0, 0, 1, 0, 1, 1, 1, 1, 1, 1, 1, 1, 1, 0, 1, 1, 1, 1, 1, 1, 1, 1, 1, 1, 1, 1, 0, 1, 1, 1, 1, 1, 1, 1, 0, 1, 0, 1, 1, 1, 1, 1, 1, 1, 1, 1, 1, 1, 1, 1, 1, 1, 1, 1, 1, 1, 1, 1, 1, 1, 1, 0, 1, 1, 1, 1, 1, 1, 1, 1, 1, 1, 1, 0, 1, 1, 1, 1, 1, 1, 1, 1, 1, 1, 1, 1, 0, 1, 1, 0, 1, 0, 1, 1, 1, 1, 1, 1, 1, 1, 1, 1, 0, 1, 1, 1, 0, 1]","[1, 1, 1, 1, 1, 1, 1, 1, 1, 1, 1, 1, 1, 1, 1, 1, 1, 1, 1, 1, 1, 1, 1, 1, 1, 1, 1, 1, 1, 1, 1, 1, 1, 1, 1, 1, 1, 1, 1, 1, 1, 1, 1, 1, 1, 1, 1, 1, 1, 1, 1, 1, 1, 1, 1, 1, 1, 1, 1, 1, 1, 1, 1, 1, 1, 1, 1, 1, 1, 1, 1, 1, 1, 1, 1, 1, 1, 1, 1, 1, 1, 1, 1, 1, 1, 1, 1, 1, 1, 1, 1, 1, 1, 1, 1, 1, 1, 1, 1, 1, 1, 1, 1, 1, 1, 1, 1, 1, 1, 1, 1, 1, 1, 1, 1, 1, 1, 1, 1, 1, 1, 1, 1, 1, 1, 1, 1, 1, 1, 1, 1, 1, 1, 1, 1, 1, 1, 1, 1, 1, 1, 1, 1, 1, 1, 1, 1, 1, 1, 1, 1, 1, 1, 1, 1, 1, 1, 1, 1, 1, 1, 1, 1, 1, 1, 1, 1, 1, 1, 1, 1, 1, 1, 1, 1, 1, 1, 1, 1, 1, 1, 1, 1, 1, 1, 1, 1, 1, 1, 1, 1, 1, 1, 1, 1, 1, 1, 1, 1, 1, 1, 1, 1, 1, 1, 1, 1, 1, 1, 1, 1, 1, 1, 1, 1]","[0.77, 0.76, 0.77, 0.77, 0.78, 0.78, 0.79, 0.8, 0.76, 0.78, 0.73, 0.77, 0.77, 0.77, 0.76, 0.77, 0.76, 0.76, 0.7, 0.78, 0.83, 0.8, 0.76, 0.77, 0.76, 0.77, 0.74, 0.77, 0.77, 0.77, 0.76, 0.8, 0.77, 0.76, 0.77, 0.78, 0.77, 0.77, 0.77, 0.77, 0.78, 0.8, 0.78, 0.77, 0.8, 0.77, 0.78, 0.77, 0.77, 0.78, 0.77, 0.77, 0.78, 0.77, 0.77, 0.83, 0.74, 0.77, 0.77, 0.81, 0.77, 0.79, 0.75, 0.77, 0.77, 0.74, 0.77, 0.8, 0.81, 0.76, 0.76, 0.74, 0.83, 0.78, 0.75, 0.77, 0.77, 0.78, 0.76, 0.83, 0.77, 0.77, 0.79, 0.81, 0.77, 0.81, 0.79, 0.8, 0.75, 0.83, 0.77, 0.82, 0.79, 0.76, 0.77, 0.77, 0.76, 0.78, 0.82, 0.77, 0.77, 0.77, 0.77, 0.76, 0.76, 0.77, 0.76, 0.77, 0.76, 0.77, 0.77, 0.76, 0.77, 0.77, 0.8, 0.77, 0.76, 0.76, 0.78, 0.77, 0.76, 0.82, 0.77, 0.75, 0.79, 0.77, 0.77, 0.83, 0.76, 0.77, 0.81, 0.76, 0.81, 0.77, 0.76, 0.81, 0.78, 0.77, 0.76, 0.77, 0.78, 0.79, 0.76, 0.84, 0.8, 0.8, 0.77, 0.76, 0.79, 0.76, 0.78, 0.77, 0.8, 0.79, 0.81, 0.78, 0.77, 0.76, 0.76, 0.8, 0.81, 0.78, 0.77, 0.77, 0.78, 0.75, 0.76, 0.76, 0.73, 0.77, 0.78, 0.77, 0.78, 0.8, 0.83, 0.77, 0.77, 0.77, 0.75, 0.77, 0.78, 0.77, 0.77, 0.76, 0.76, 0.77, 0.77, 0.78, 0.77, 0.77, 0.77, 0.77, 0.76, 0.79, 0.8, 0.77, 0.76, 0.8, 0.76, 0.79, 0.79, 0.77, 0.77, 0.81, 0.77, 0.76, 0.78, 0.8, 0.76, 0.77, 0.77, 0.79, 0.76, 0.78, 0.77]"
2024-01,2024-07,"[1, 1, 0, 0, 1, 0, 0, 0, 0, 1, 0, 1, 1, 1, 1, 0, 1, 1, 1, 0, 0, 0, 0, 1, 0, 1, 0, 0, 0, 1, 0, 0, 1, 1, 0, 1, 1, 1, 1, 1, 0, 0, 1, 0, 1, 1, 1, 1, 1, 0, 1, 1, 0, 1, 1, 1, 1, 0, 1, 0, 1, 0, 0, 1, 1, 0, 1, 1, 0, 1, 1, 1, 0, 0, 0, 0, 0, 1, 0, 0, 1, 0, 1, 1, 1, 0, 0, 0, 1, 1, 1, 0, 1, 1, 0, 0, 1, 0, 1, 1, 0, 1, 1, 1, 0, 1, 1, 0, 0, 1, 1, 1, 1, 1, 1, 0, 1, 1, 0, 1, 1, 0, 1, 0, 0, 1, 0, 1, 1, 0, 0, 0, 1, 1, 0, 1, 1, 0, 1, 0, 0, 0, 0, 0, 0, 0, 0, 1, 1, 1, 0, 1, 0, 1, 1, 1, 1, 1, 1, 1, 1, 1, 1, 1, 1, 1, 1, 1, 1, 1, 0, 0, 0, 0, 0, 0, 1, 0, 0, 0, 0, 1, 0, 0, 0, 1, 1, 0, 1, 0, 1, 1, 1, 0, 1, 1, 1, 1, 1, 0, 1, 1, 1, 1, 1, 0, 1, 0, 1, 1, 1, 1, 1, 0, 1]","[1, 1, 1, 1, 1, 1, 1, 1, 1, 1, 1, 1, 1, 1, 1, 1, 1, 1, 1, 1, 1, 1, 1, 1, 1, 1, 1, 1, 1, 1, 1, 1, 1, 1, 1, 1, 1, 1, 1, 1, 1, 1, 1, 1, 1, 1, 1, 1, 1, 1, 1, 1, 1, 1, 1, 1, 1, 1, 1, 1, 1, 1, 1, 1, 1, 1, 1, 1, 1, 1, 1, 1, 1, 1, 1, 1, 1, 1, 1, 1, 1, 1, 1, 1, 1, 1, 1, 1, 1, 1, 1, 1, 1, 1, 1, 1, 1, 1, 1, 1, 1, 1, 1, 1, 1, 1, 1, 1, 1, 1, 1, 1, 1, 1, 1, 1, 1, 1, 1, 1, 1, 1, 1, 1, 1, 1, 1, 1, 1, 1, 1, 1, 1, 1, 1, 1, 1, 1, 1, 1, 1, 1, 1, 1, 1, 1, 1, 1, 1, 1, 1, 1, 1, 1, 1, 1, 1, 1, 1, 1, 1, 1, 1, 1, 1, 1, 1, 1, 1, 1, 1, 1, 1, 1, 1, 1, 1, 1, 1, 1, 1, 1, 1, 1, 1, 1, 1, 1, 1, 1, 1, 1, 1, 1, 1, 1, 1, 1, 1, 1, 1, 1, 1, 1, 1, 1, 1, 1, 1, 1, 1, 1, 1, 1, 1]","[0.81, 0.79, 0.79, 0.79, 0.79, 0.79, 0.79, 0.79, 0.79, 0.79, 0.79, 0.79, 0.79, 0.79, 0.77, 0.79, 0.79, 0.77, 0.79, 0.79, 0.79, 0.79, 0.79, 0.79, 0.79, 0.78, 0.79, 0.79, 0.79, 0.79, 0.79, 0.79, 0.79, 0.79, 0.79, 0.79, 0.79, 0.79, 0.79, 0.79, 0.79, 0.79, 0.79, 0.79, 0.79, 0.79, 0.79, 0.79, 0.79, 0.79, 0.79, 0.79, 0.79, 0.79, 0.79, 0.79, 0.79, 0.79, 0.79, 0.79, 0.79, 0.79, 0.79, 0.79, 0.79, 0.79, 0.79, 0.79, 0.79, 0.79, 0.79, 0.79, 0.79, 0.79, 0.79, 0.79, 0.79, 0.79, 0.79, 0.79, 0.79, 0.79, 0.79, 0.79, 0.79, 0.79, 0.79, 0.79, 0.79, 0.79, 0.79, 0.79, 0.79, 0.79, 0.79, 0.79, 0.79, 0.79, 0.79, 0.79, 0.79, 0.79, 0.79, 0.79, 0.79, 0.78, 0.79, 0.79, 0.79, 0.79, 0.79, 0.79, 0.79, 0.79, 0.79, 0.79, 0.79, 0.79, 0.79, 0.79, 0.79, 0.79, 0.79, 0.79, 0.79, 0.78, 0.79, 0.79, 0.79, 0.79, 0.79, 0.79, 0.79, 0.79, 0.79, 0.79, 0.79, 0.79, 0.79, 0.79, 0.79, 0.79, 0.79, 0.79, 0.79, 0.79, 0.79, 0.79, 0.79, 0.79, 0.79, 0.79, 0.79, 0.79, 0.79, 0.79, 0.79, 0.79, 0.79, 0.79, 0.79, 0.79, 0.79, 0.79, 0.79, 0.79, 0.79, 0.79, 0.79, 0.79, 0.79, 0.79, 0.79, 0.79, 0.79, 0.79, 0.79, 0.79, 0.79, 0.79, 0.79, 0.79, 0.79, 0.79, 0.79, 0.79, 0.79, 0.78, 0.78, 0.79, 0.79, 0.78, 0.79, 0.78, 0.79, 0.79, 0.79, 0.79, 0.79, 0.79, 0.79, 0.79, 0.79, 0.79, 0.79, 0.79, 0.79, 0.79, 0.79, 0.78, 0.79, 0.79, 0.79, 0.79, 0.79]"
2024-01,2024-06,"[1, 0, 1, 0, 1, 1, 1, 1, 0, 1, 1, 1, 1, 0, 0, 0, 0, 1, 0, 0, 1, 1, 1, 1, 1, 0, 0, 1, 0, 0, 1, 0, 1, 1, 0, 0, 1, 1, 1, 0, 1, 0, 1, 0, 0, 1, 0, 1, 1, 0, 1, 0, 0, 1, 1, 1, 1, 0, 1, 1, 0, 1, 0, 1, 0, 0, 1, 0, 1, 1, 0, 0, 1, 0, 0, 0, 0, 0, 1, 1, 1, 1, 1, 1, 1, 1, 0, 0, 0, 0, 0, 1, 1, 1, 1, 1, 1, 1, 1, 1, 1, 1, 1, 0, 0, 0, 1, 1, 0, 1, 0, 0, 0, 0, 1, 0, 1, 1, 0, 0, 1, 0, 0, 1, 1, 0, 1, 1, 1, 0, 1, 0, 1, 0, 0, 0, 1, 1, 1, 1, 1, 0, 0, 1, 0, 1, 1, 1, 1, 0, 0, 1, 1, 0, 1, 1, 1, 0, 1, 1, 1, 1, 1, 0, 1, 1, 1, 1, 0, 0, 1, 1, 1, 1, 1, 1, 1, 1, 0, 1, 1, 1, 1, 1, 1, 1, 1, 1, 0, 1, 0, 0, 1, 1, 0, 0, 0, 0, 1, 1, 0, 1, 1, 1, 0, 0, 1, 0]","[1, 1, 1, 1, 1, 1, 1, 1, 1, 1, 1, 1, 1, 1, 1, 1, 1, 1, 1, 1, 1, 1, 1, 1, 1, 1, 1, 1, 1, 1, 1, 1, 1, 1, 1, 1, 1, 1, 1, 1, 1, 1, 1, 1, 1, 1, 1, 1, 1, 1, 1, 1, 1, 1, 1, 1, 1, 1, 1, 1, 1, 1, 1, 1, 1, 1, 1, 1, 1, 1, 1, 1, 1, 1, 1, 1, 1, 1, 1, 1, 1, 1, 1, 1, 1, 1, 1, 1, 1, 1, 1, 1, 1, 1, 1, 1, 1, 1, 1, 1, 1, 1, 1, 1, 1, 1, 1, 1, 1, 1, 1, 1, 1, 1, 1, 1, 1, 1, 1, 1, 1, 1, 1, 1, 1, 1, 1, 1, 1, 1, 1, 1, 1, 1, 1, 1, 1, 1, 1, 1, 1, 1, 1, 1, 1, 1, 1, 1, 1, 1, 1, 1, 1, 1, 1, 1, 1, 1, 1, 1, 1, 1, 1, 1, 1, 1, 1, 1, 1, 1, 1, 1, 1, 1, 1, 1, 1, 1, 1, 1, 1, 1, 1, 1, 1, 1, 1, 1, 1, 1, 1, 1, 1, 1, 1, 1, 1, 1, 1, 1, 1, 1, 1, 1, 1, 1, 1, 1]","[0.75, 0.78, 0.78, 0.79, 0.78, 0.79, 0.79, 0.77, 0.78, 0.79, 0.79, 0.78, 0.78, 0.77, 0.77, 0.79, 0.77, 0.76, 0.79, 0.77, 0.77, 0.79, 0.78, 0.79, 0.77, 0.79, 0.78, 0.78, 0.77, 0.8, 0.79, 0.78, 0.77, 0.79, 0.79, 0.79, 0.79, 0.77, 0.79, 0.77, 0.79, 0.77, 0.78, 0.78, 0.78, 0.72, 0.79, 0.78, 0.73, 0.73, 0.77, 0.78, 0.81, 0.78, 0.79, 0.79, 0.79, 0.79, 0.79, 0.79, 0.77, 0.78, 0.78, 0.78, 0.78, 0.79, 0.81, 0.77, 0.78, 0.79, 0.79, 0.77, 0.76, 0.76, 0.76, 0.8, 0.78, 0.8, 0.79, 0.77, 0.8, 0.78, 0.77, 0.78, 0.78, 0.78, 0.79, 0.77, 0.79, 0.76, 0.78, 0.79, 0.78, 0.77, 0.78, 0.78, 0.78, 0.79, 0.78, 0.78, 0.79, 0.78, 0.79, 0.78, 0.78, 0.78, 0.77, 0.78, 0.8, 0.79, 0.78, 0.77, 0.8, 0.78, 0.81, 0.82, 0.79, 0.79, 0.82, 0.79, 0.77, 0.79, 0.8, 0.77, 0.79, 0.78, 0.76, 0.79, 0.78, 0.79, 0.78, 0.78, 0.78, 0.78, 0.79, 0.79, 0.79, 0.79, 0.79, 0.79, 0.78, 0.79, 0.77, 0.78, 0.78, 0.74, 0.81, 0.79, 0.79, 0.78, 0.78, 0.78, 0.78, 0.76, 0.78, 0.79, 0.77, 0.79, 0.79, 0.78, 0.78, 0.76, 0.78, 0.79, 0.79, 0.79, 0.78, 0.79, 0.78, 0.79, 0.78, 0.77, 0.79, 0.82, 0.78, 0.79, 0.79, 0.75, 0.78, 0.81, 0.77, 0.78, 0.77, 0.78, 0.78, 0.78, 0.79, 0.75, 0.79, 0.79, 0.79, 0.79, 0.78, 0.78, 0.78, 0.75, 0.79, 0.8, 0.78, 0.79, 0.79, 0.79, 0.79, 0.77, 0.79, 0.78, 0.82, 0.78]"
2024-09,2024-09,"[0, 1, 0, 1, 1, 1, 0, 1, 1, 1, 0, 1, 0, 0, 1, 1, 1, 1, 1, 1, 1, 1, 1, 0, 1, 0, 1, 1, 1, 1, 1, 1, 1, 1, 1, 1, 1, 1, 1, 0, 1, 0, 0, 1, 1, 1, 0, 1, 1, 0, 1, 1, 1, 1, 1, 1, 1, 1, 1, 1, 1, 1, 1, 1, 1, 1, 1, 1, 1, 1, 0, 1, 0, 0, 1, 1, 0, 1, 0, 1, 1, 1, 0, 1, 1, 1, 0, 0, 1, 0, 1, 0, 0, 0, 1, 1, 1, 0, 0, 1, 0, 1, 1, 1, 1, 1, 0, 0, 1, 1, 1, 1, 1, 1, 0, 1, 0, 1, 1, 1, 1, 1, 1, 1, 1, 1, 1, 1, 1, 1, 1, 1, 1, 1, 0, 1, 1, 0, 1, 1, 1, 1, 0, 1, 1, 0, 1, 0, 1, 0, 1, 1, 1, 0, 1, 1, 1, 1, 1, 1, 1, 1, 1, 1, 0, 0, 1, 0, 0, 1, 1, 0, 1, 1, 1, 1, 1, 1, 1, 1, 1, 0, 0, 0, 1, 0, 1, 0, 1, 1, 1, 1, 0, 1, 0, 1, 1, 0, 1, 1, 1, 1, 1, 1, 1, 1, 0, 1, 1, 1, 1, 1, 1, 1, 0]","[1, 1, 1, 1, 1, 1, 1, 1, 1, 1, 1, 1, 1, 0, 1, 1, 1, 1, 1, 1, 1, 1, 1, 1, 0, 0, 1, 1, 1, 0, 1, 1, 1, 1, 1, 1, 1, 1, 1, 0, 1, 0, 0, 1, 1, 0, 1, 1, 1, 0, 0, 1, 1, 0, 1, 1, 1, 1, 1, 1, 1, 1, 1, 1, 1, 1, 1, 1, 1, 1, 1, 0, 1, 0, 1, 1, 1, 0, 1, 1, 1, 1, 1, 1, 0, 1, 1, 0, 1, 1, 1, 1, 1, 1, 1, 0, 1, 0, 1, 1, 1, 1, 1, 1, 0, 1, 1, 1, 1, 1, 1, 0, 1, 1, 1, 1, 1, 0, 0, 1, 1, 1, 1, 1, 1, 1, 1, 1, 1, 1, 1, 1, 0, 1, 1, 1, 1, 1, 1, 1, 1, 1, 1, 1, 1, 1, 1, 1, 1, 0, 1, 1, 1, 1, 1, 1, 1, 1, 1, 1, 1, 1, 0, 0, 0, 0, 1, 0, 1, 1, 1, 1, 1, 1, 1, 1, 1, 1, 1, 1, 0, 1, 1, 1, 1, 1, 1, 1, 1, 1, 1, 1, 1, 1, 0, 1, 1, 1, 1, 1, 1, 1, 1, 1, 1, 1, 1, 1, 1, 1, 1, 1, 0, 1, 1]","[0.6213765642775883, 0.87, 0.86, 0.92, 1.0, 0.77, 0.75, 0.72, 0.88, 0.8124199999999999, 0.66, 0.97, 0.82, 0.29, 0.93, 0.99, 0.92, 0.74, 0.52, 0.56, 0.96, 0.78, 0.82, 0.7, 0.09389694041867955, 0.36, 1.0, 0.76, 0.94, 0.25, 0.98, 0.8, 0.63, 0.54, 0.58, 0.98, 0.77, 0.96, 0.69, 0.4, 0.8, 0.39, 0.33, 0.7, 0.97, 0.33, 0.82, 0.6, 0.67, 0.27, 0.35, 0.98, 0.98, 0.39, 0.76, 0.99, 0.87, 0.98, 0.57, 0.85, 0.7624199999999999, 0.91, 0.97, 0.75, 0.91, 0.96, 0.9, 0.98, 0.72, 0.8963169404186795, 0.85, 0.26, 0.56, 0.12, 0.59, 0.69, 0.65, 0.32, 0.77, 0.54, 0.63, 0.61, 0.93, 0.66, 0.48, 0.73, 0.88, 0.36, 0.88, 0.57, 0.99, 0.74, 0.53, 0.63, 0.95, 0.2277924394489752, 0.68, 0.38, 0.99, 0.89, 0.69, 0.97, 0.8424200000000001, 1.0, 0.49, 1.0, 0.84, 0.66, 0.8, 0.68242, 0.8, 0.39, 0.97, 0.97, 0.74, 0.75, 0.55, 0.3, 0.41349534889340606, 0.55, 1.0, 0.61, 0.9, 0.81, 0.87, 0.76, 0.93, 0.84, 0.76, 0.79, 0.83, 0.83, 0.19389694041867955, 0.88, 0.96, 0.58, 1.0, 0.57, 0.99, 1.0, 0.82, 0.89242, 0.77, 0.9, 0.88, 0.66, 0.82, 0.71242, 0.94, 0.14, 0.88, 1.0, 0.66, 0.78, 0.89, 0.64, 0.79, 0.5863676554247756, 0.56, 0.95, 0.9, 0.94, 0.37, 0.27, 0.39, 0.19389694041867955, 0.94, 0.33, 0.72242, 1.0, 0.95, 0.8056713087514297, 0.99, 0.94, 0.9, 0.96, 0.94, 1.0, 0.98, 0.79, 0.09, 0.89, 0.77, 0.63, 1.0, 0.63, 0.59, 0.64, 0.84, 0.78, 0.66, 0.88, 0.79, 0.81, 0.45, 0.77, 0.74, 0.89, 0.87, 0.55, 0.77, 0.89, 0.85242, 0.88, 1.0, 0.88, 0.59, 0.88, 0.89, 0.82, 0.94, 0.94, 0.44723250263999276, 0.7745893848977609, 0.99]"
2024-09,2024-10,"[0, 1, 1, 1, 0, 1, 0, 1, 1, 1, 1, 0, 0, 0, 1, 1, 1, 1, 1, 1, 1, 0, 1, 1, 1, 1, 1, 1, 1, 1, 1, 1, 1, 1, 1, 0, 1, 0, 1, 0, 1, 1, 1, 1, 1, 0, 1, 0, 1, 1, 1, 0, 1, 0, 1, 0, 0, 1, 1, 1, 1, 1, 1, 1, 1, 1, 1, 1, 1, 1, 0, 1, 1, 1, 1, 0, 1, 1, 1, 1, 0, 1, 1, 1, 0, 1, 1, 1, 1, 0, 1, 1, 1, 1, 1, 1, 0, 1, 1, 1, 1, 1, 1, 0, 0, 1, 1, 0, 0, 1, 0, 1, 0, 0, 1, 0, 1, 1, 0, 0, 0, 0, 1, 0, 1, 1, 1, 1, 1, 1, 1, 1, 1, 1, 1, 1, 1, 1, 1, 1, 1, 0, 0, 0, 1, 0, 1, 1, 1, 1, 1, 1, 1, 1, 1, 0, 1, 1, 1, 0, 0, 1, 1, 1, 1, 1, 1, 1, 1, 0, 1, 0, 1, 1, 0, 1, 1, 1, 1, 1, 1, 1, 1, 0, 1, 1, 0, 1, 1, 1, 0, 1, 0, 1, 1, 1, 1, 0, 0, 0, 1, 1, 1, 1, 1, 0, 1, 1, 0, 1, 1, 1, 1, 1]","[1, 1, 1, 1, 1, 1, 1, 1, 1, 1, 1, 1, 1, 1, 1, 1, 1, 1, 1, 1, 1, 1, 1, 1, 1, 1, 1, 1, 1, 1, 1, 1, 1, 1, 1, 1, 1, 1, 1, 1, 1, 1, 1, 1, 1, 1, 1, 1, 1, 1, 1, 1, 1, 1, 1, 1, 1, 1, 1, 1, 1, 1, 1, 1, 1, 1, 1, 1, 1, 1, 1, 1, 1, 1, 1, 1, 1, 1, 1, 1, 1, 1, 1, 1, 1, 1, 1, 1, 1, 1, 1, 1, 1, 1, 1, 1, 1, 1, 1, 1, 1, 1, 1, 1, 1, 1, 1, 1, 1, 1, 1, 1, 1, 1, 1, 1, 1, 1, 1, 1, 1, 1, 1, 1, 1, 1, 1, 1, 1, 1, 1, 1, 1, 1, 1, 1, 1, 1, 1, 1, 1, 1, 1, 1, 1, 1, 1, 1, 1, 1, 1, 1, 1, 1, 1, 1, 1, 1, 1, 1, 1, 1, 1, 1, 1, 1, 1, 1, 1, 1, 1, 1, 1, 1, 1, 1, 1, 1, 1, 1, 1, 1, 1, 1, 1, 1, 1, 1, 1, 1, 1, 1, 1, 1, 1, 1, 1, 1, 1, 1, 1, 1, 1, 1, 1, 1, 1, 1, 1, 1, 1, 1, 1, 1]","[0.7113765642775882, 0.7113765642775882, 0.6913765642775883, 0.6913765642775883, 0.6913765642775883, 0.7213765642775882, 0.7313765642775882, 0.6913765642775883, 0.69, 0.66, 0.7313765642775882, 0.7313765642775882, 0.7113765642775882, 0.7413765642775882, 0.71, 0.7013765642775883, 0.7113765642775882, 0.71, 0.7213765642775882, 0.61, 0.68, 0.7113765642775882, 0.68, 0.7113765642775882, 0.68, 0.72, 0.72, 0.5513765642775882, 0.7213765642775882, 0.6913765642775883, 0.53, 0.6813765642775883, 0.53, 0.7113765642775882, 0.6113765642775882, 0.7, 0.54, 0.6813765642775883, 0.6913765642775883, 0.6913765642775883, 0.6913765642775883, 0.53, 0.6713765642775883, 0.7, 0.7213765642775882, 0.7013765642775883, 0.6813765642775883, 0.6713765642775883, 0.57, 0.63, 0.71, 0.6913765642775883, 0.6713765642775883, 0.71, 0.7013765642775883, 0.6813765642775883, 0.66, 0.71, 0.7113765642775882, 0.53, 0.6713765642775883, 0.62, 0.71, 0.7013765642775883, 0.6, 0.6513765642775883, 0.7013765642775883, 0.65, 0.73, 0.6913765642775883, 0.66, 0.71, 0.51, 0.6813765642775883, 0.6713765642775883, 0.53, 0.64, 0.7213765642775882, 0.6713765642775883, 0.6913765642775883, 0.67, 0.6713765642775883, 0.7313765642775882, 0.7313765642775882, 0.54, 0.53, 0.5438969404186795, 0.56, 0.7, 0.67, 0.6713765642775883, 0.5513765642775882, 0.71, 0.55, 0.71, 0.6913765642775883, 0.62, 0.7513765642775881, 0.53, 0.78, 0.58, 0.7113765642775882, 0.73, 0.62, 0.73, 0.6513765642775883, 0.6913765642775883, 0.73, 0.7213765642775882, 0.66, 0.6813765642775883, 0.6913765642775883, 0.6913765642775883, 0.7113765642775882, 0.7113765642775882, 0.7313765642775882, 0.7013765642775883, 0.7313765642775882, 0.69, 0.7013765642775883, 0.54, 0.7013765642775883, 0.7113765642775882, 0.69, 0.7313765642775882, 0.6813765642775883, 0.7413765642775882, 0.6713765642775883, 0.56, 0.6813765642775883, 0.65, 0.6913765642775883, 0.6813765642775883, 0.5613765642775882, 0.7113765642775882, 0.53, 0.5113765642775882, 0.6713765642775883, 0.73, 0.6713765642775883, 0.6913765642775883, 0.6913765642775883, 0.7113765642775882, 0.7313765642775882, 0.7113765642775882, 0.6913765642775883, 0.6913765642775883, 0.6913765642775883, 0.7113765642775882, 0.54, 0.7113765642775882, 0.6813765642775883, 0.7113765642775882, 0.7013765642775883, 0.5638969404186795, 0.6913765642775883, 0.6413765642775883, 0.7213765642775882, 0.6913765642775883, 0.66, 0.66, 0.5613765642775882, 0.77, 0.7313765642775882, 0.53, 0.7013765642775883, 0.7, 0.7113765642775882, 0.6813765642775883, 0.7313765642775882, 0.6913765642775883, 0.7413765642775882, 0.6913765642775883, 0.7113765642775882, 0.7213765642775882, 0.7013765642775883, 0.6713765642775883, 0.7113765642775882, 0.71, 0.6713765642775883, 0.7, 0.7013765642775883, 0.7113765642775882, 0.66, 0.71, 0.6813765642775883, 0.7113765642775882, 0.71, 0.67, 0.5913765642775882, 0.7, 0.71, 0.61, 0.56, 0.58, 0.71, 0.5713765642775882, 0.54, 0.61, 0.56, 0.7013765642775883, 0.5813765642775882, 0.56, 0.7213765642775882, 0.56, 0.5813765642775882, 0.61, 0.6813765642775883, 0.71, 0.6913765642775883, 0.73, 0.7213765642775882, 0.7113765642775882, 0.6813765642775883]"
2024-09,2024-08,"[1, 0, 1, 1, 1, 1, 0, 1, 0, 1, 1, 0, 1, 0, 1, 0, 1, 0, 0, 1, 1, 0, 0, 0, 0, 1, 0, 1, 0, 0, 0, 1, 1, 1, 1, 1, 1, 1, 1, 1, 1, 0, 1, 1, 1, 1, 0, 0, 1, 1, 0, 1, 0, 1, 1, 1, 0, 1, 0, 0, 1, 1, 1, 1, 0, 0, 1, 1, 1, 1, 0, 0, 1, 1, 0, 0, 1, 0, 1, 1, 0, 1, 1, 1, 0, 0, 0, 0, 1, 1, 1, 0, 1, 0, 0, 1, 0, 0, 0, 1, 1, 0, 1, 0, 1, 0, 0, 1, 1, 0, 0, 1, 0, 1, 1, 1, 1, 1, 0, 0, 1, 1, 1, 0, 1, 0, 1, 0, 0, 1, 0, 0, 1, 1, 0, 1, 1, 1, 0, 1, 0, 0, 0, 0, 0, 1, 1, 1, 1, 0, 1, 0, 1, 1, 1, 1, 1, 0, 1, 0, 1, 0, 1, 1, 1, 1, 0, 1, 1, 0, 1, 1, 0, 1, 0, 1, 1, 1, 0, 0, 1, 1, 1, 1, 0, 0, 1, 1, 1, 0, 1, 0, 0, 1, 1, 0, 1, 0, 0, 0, 1, 1, 1, 1, 0, 0, 0, 0, 0, 1, 0, 0, 0, 1, 0]","[1, 1, 0, 1, 1, 1, 1, 1, 1, 1, 1, 1, 1, 1, 1, 1, 1, 1, 1, 1, 1, 1, 1, 1, 1, 1, 1, 1, 1, 1, 1, 1, 1, 1, 1, 1, 1, 1, 1, 1, 1, 1, 1, 1, 1, 1, 1, 1, 1, 1, 1, 1, 1, 1, 1, 1, 1, 1, 1, 1, 1, 1, 1, 1, 1, 1, 1, 1, 1, 1, 1, 1, 1, 1, 1, 1, 1, 1, 1, 1, 1, 1, 1, 1, 1, 1, 1, 1, 1, 1, 1, 1, 1, 1, 1, 1, 1, 1, 1, 1, 1, 1, 1, 1, 1, 1, 1, 1, 1, 1, 1, 1, 1, 1, 1, 1, 1, 1, 1, 1, 1, 1, 1, 1, 1, 0, 1, 1, 1, 1, 1, 1, 1, 1, 1, 1, 1, 1, 1, 1, 1, 1, 1, 1, 1, 1, 1, 1, 1, 1, 1, 1, 1, 1, 1, 1, 1, 1, 1, 1, 1, 1, 1, 1, 1, 1, 1, 1, 1, 1, 1, 1, 1, 1, 1, 1, 1, 1, 1, 1, 1, 1, 1, 1, 1, 1, 1, 1, 1, 1, 1, 1, 1, 1, 1, 1, 1, 1, 1, 1, 1, 1, 1, 1, 1, 1, 1, 1, 1, 1, 1, 1, 1, 1, 1]","[0.7324200000000001, 0.82, 0.41971191317099427, 0.67242, 0.75, 0.78, 0.82, 0.81, 0.82, 0.79, 0.78, 0.7475931285551763, 0.77, 0.66242, 0.5514900689738558, 0.5875931285551763, 0.79, 0.74, 0.5906418441971383, 0.7713765642775882, 0.66242, 0.6282218441971383, 0.66242, 0.7333818441971383, 0.5228365886709798, 0.6433818441971383, 0.7058018441971383, 0.77, 0.8, 0.78, 0.7924199999999999, 0.6724199999999999, 0.72, 0.6414900689738559, 0.62242, 0.79, 0.79, 0.72, 0.79, 0.76, 0.77, 0.8, 0.7713765642775882, 0.8, 0.5221187846158178, 0.79, 0.79, 0.79, 0.7448400000000001, 0.79, 0.66242, 0.65, 0.66242, 0.65242, 0.66242, 0.59242, 0.7813765642775882, 0.55484, 0.66242, 0.6606418441971382, 0.8, 0.66242, 0.7724199999999999, 0.82, 0.66242, 0.82, 0.6606418441971382, 0.77, 0.66242, 0.8, 0.66242, 0.82, 0.66242, 0.7913765642775882, 0.79, 0.8, 0.7, 0.7813765642775882, 0.78, 0.7713765642775882, 0.5562165642775881, 0.66242, 0.6282218441971383, 0.66242, 0.8, 0.61242, 0.66242, 0.81, 0.79, 0.8, 0.79, 0.66242, 0.76, 0.66242, 0.6337965642775881, 0.79, 0.5048719131709941, 0.6333818441971384, 0.6175931285551762, 0.6958018441971383, 0.66242, 0.6258018441971384, 0.7713765642775882, 0.8124199999999999, 0.66242, 0.82, 0.5982218441971383, 0.6424199999999999, 0.78, 0.6533818441971383, 0.6158018441971383, 0.83, 0.5982218441971383, 0.77, 0.82, 0.7724199999999999, 0.66242, 0.7551731285551763, 0.6175931285551762, 0.6348400000000001, 0.5182218441971382, 0.7451731285551763, 0.6748400000000001, 0.76, 0.79, 0.4409749727523147, 0.82, 0.58242, 0.6806418441971382, 0.68242, 0.58242, 0.81, 0.83, 0.68242, 0.77, 0.82, 0.78, 0.83, 0.6413765642775882, 0.81, 0.6114900689738559, 0.58242, 0.5184488535896737, 0.7924199999999999, 0.7624199999999999, 0.77, 0.74, 0.8, 0.6145387846158178, 0.78, 0.78, 0.5875931285551763, 0.5974738808373591, 0.75, 0.77, 0.75, 0.79, 0.6424199999999999, 0.78, 0.7, 0.66242, 0.82, 0.81, 0.79, 0.82, 0.81, 0.5762165642775882, 0.77, 0.8, 0.6037965642775882, 0.5762165642775882, 0.66242, 0.66242, 0.79, 0.6687369404186796, 0.66242, 0.6424199999999999, 0.6587369404186796, 0.7813765642775882, 0.79, 0.77, 0.6824199999999999, 0.6824199999999999, 0.5806418441971383, 0.81, 0.77, 0.83, 0.66242, 0.66242, 0.8013765642775881, 0.82, 0.5082218441971382, 0.6096987846158178, 0.66242, 0.66242, 0.75, 0.68242, 0.5824199999999999, 0.82, 0.78, 0.82, 0.7813765642775882, 0.79, 0.77, 0.81, 0.79, 0.76, 0.66242, 0.7824199999999999, 0.67242, 0.8, 0.5206418441971382, 0.7924199999999999, 0.7724199999999999, 0.7624199999999999]"
2024-09,2024-02,"[0, 1, 1, 0, 0, 1, 1, 1, 0, 1, 1, 1, 0, 1, 1, 1, 0, 0, 0, 0, 1, 1, 1, 1, 0, 1, 1, 0, 1, 1, 1, 1, 0, 1, 1, 0, 1, 0, 1, 1, 1, 1, 1, 1, 1, 0, 1, 1, 1, 1, 1, 1, 1, 0, 1, 1, 0, 0, 1, 1, 1, 1, 1, 1, 0, 0, 1, 0, 1, 1, 0, 1, 1, 1, 1, 1, 1, 1, 0, 1, 0, 1, 0, 1, 1, 1, 0, 1, 1, 1, 0, 0, 0, 0, 0, 0, 1, 1, 0, 1, 0, 1, 1, 0, 1, 1, 1, 0, 0, 1, 1, 1, 1, 1, 0, 1, 1, 1, 1, 1, 1, 1, 1, 1, 1, 1, 1, 1, 0, 1, 1, 1, 1, 1, 0, 1, 1, 0, 0, 1, 1, 1, 1, 1, 1, 0, 0, 0, 0, 0, 1, 1, 1, 0, 0, 1, 0, 1, 1, 0, 0, 0, 1, 1, 1, 0, 1, 1, 1, 0, 1, 1, 1, 1, 1, 1, 1, 1, 1, 0, 1, 1, 0, 1, 1, 0, 1, 1, 0, 1, 1, 0, 0, 0, 1, 0, 0, 0, 1, 0, 0, 1, 1, 0, 1, 1, 0, 1, 1, 1, 1, 0]","[1, 1, 1, 1, 1, 1, 1, 1, 1, 1, 1, 1, 1, 1, 1, 1, 1, 1, 1, 1, 1, 1, 1, 1, 1, 1, 1, 1, 1, 1, 1, 1, 1, 1, 1, 1, 1, 1, 1, 1, 1, 1, 1, 1, 0, 0, 1, 1, 1, 1, 1, 1, 1, 1, 1, 1, 1, 1, 1, 1, 1, 1, 1, 1, 1, 0, 1, 1, 1, 1, 1, 1, 1, 1, 1, 1, 1, 1, 1, 1, 1, 1, 1, 1, 1, 1, 1, 1, 1, 1, 1, 1, 1, 1, 1, 1, 1, 1, 1, 1, 1, 1, 1, 1, 1, 1, 1, 1, 1, 1, 1, 1, 1, 1, 1, 0, 1, 1, 1, 1, 1, 1, 1, 1, 1, 0, 1, 1, 1, 1, 1, 1, 1, 1, 1, 1, 1, 1, 1, 1, 1, 1, 1, 1, 1, 1, 1, 1, 1, 1, 1, 1, 1, 1, 1, 1, 1, 1, 1, 1, 1, 1, 1, 1, 1, 1, 1, 1, 1, 1, 1, 1, 1, 1, 1, 1, 1, 1, 1, 1, 1, 1, 1, 1, 1, 1, 1, 1, 1, 1, 1, 1, 1, 1, 1, 1, 1, 1, 1, 1, 1, 1, 1, 1, 1, 1, 1, 1, 1, 1, 1, 1]","[0.52, 0.55, 0.52, 0.53, 0.57, 0.52, 0.52, 0.55, 0.53, 0.52, 0.56, 0.53, 0.56, 0.54, 0.53, 0.54, 0.52, 0.53, 0.52, 0.52, 0.55, 0.53, 0.51, 0.53, 0.52, 0.54, 0.53, 0.54, 0.56, 0.53, 0.53, 0.52, 0.53, 0.53, 0.56, 0.52, 0.52, 0.53, 0.52, 0.52, 0.52, 0.57, 0.55, 0.52, 0.5, 0.5, 0.56, 0.53, 0.54, 0.53, 0.53, 0.57, 0.56, 0.55, 0.53, 0.51, 0.53, 0.52, 0.55, 0.52, 0.53, 0.52, 0.52, 0.53, 0.55, 0.5, 0.57, 0.51, 0.54, 0.56, 0.52, 0.53, 0.57, 0.52, 0.52, 0.55, 0.52, 0.55, 0.55, 0.53, 0.56, 0.56, 0.52, 0.56, 0.55, 0.57, 0.53, 0.52, 0.53, 0.58, 0.53, 0.55, 0.53, 0.52, 0.52, 0.53, 0.53, 0.52, 0.53, 0.53, 0.54, 0.56, 0.54, 0.53, 0.53, 0.53, 0.53, 0.56, 0.52, 0.53, 0.53, 0.53, 0.53, 0.53, 0.55, 0.5, 0.53, 0.55, 0.53, 0.54, 0.53, 0.53, 0.52, 0.54, 0.54, 0.49, 0.52, 0.52, 0.52, 0.51, 0.55, 0.53, 0.53, 0.52, 0.51, 0.52, 0.52, 0.52, 0.52, 0.56, 0.52, 0.53, 0.51, 0.56, 0.52, 0.52, 0.53, 0.55, 0.55, 0.56, 0.54, 0.53, 0.53, 0.55, 0.55, 0.53, 0.53, 0.53, 0.51, 0.56, 0.58, 0.53, 0.53, 0.53, 0.53, 0.53, 0.53, 0.52, 0.52, 0.52, 0.55, 0.56, 0.53, 0.54, 0.53, 0.52, 0.53, 0.53, 0.53, 0.55, 0.53, 0.53, 0.52, 0.52, 0.53, 0.54, 0.52, 0.56, 0.54, 0.54, 0.52, 0.53, 0.52, 0.52, 0.55, 0.52, 0.53, 0.52, 0.53, 0.54, 0.56, 0.53, 0.61, 0.55, 0.51, 0.54, 0.52, 0.53, 0.53, 0.56, 0.52, 0.52]"
2024-09,2024-11,"[1, 1, 1, 1, 1, 1, 1, 0, 1, 1, 1, 1, 1, 1, 1, 1, 1, 1, 0, 1, 1, 1, 1, 1, 1, 1, 1, 1, 1, 1, 1, 1, 1, 1, 1, 1, 1, 1, 1, 1, 1, 1, 1, 1, 0, 1, 1, 1, 1, 1, 1, 1, 1, 1, 1, 0, 1, 1, 0, 1, 1, 1, 1, 0, 1, 1, 1, 1, 1, 1, 1, 1, 1, 0, 1, 1, 1, 1, 1, 1, 1, 0, 1, 1, 1, 1, 1, 1, 1, 1, 0, 1, 1, 1, 0, 0, 1, 1, 0, 0, 1, 0, 1, 1, 0, 1, 1, 0, 0, 1, 0, 1, 1, 1, 1, 1, 1, 1, 1, 1, 0, 1, 1, 1, 1, 1, 1, 1, 1, 1, 1, 1, 1, 0, 1, 1, 1, 1, 1, 1, 1, 0, 1, 0, 1, 1, 1, 1, 1, 1, 1, 1, 1, 1, 1, 1, 1, 1, 1, 1, 1, 1, 1, 1, 1, 1, 1, 1, 0, 1, 1, 1, 1, 1, 1, 1, 1, 1, 1, 1, 0, 1, 1, 1, 1, 1, 1, 1, 1, 1, 1, 1, 1, 0, 1, 1, 0, 1, 0, 1, 1, 1, 1, 1, 1, 1, 1, 1, 1, 0, 1, 1, 1, 0, 1]","[1, 1, 1, 0, 1, 1, 1, 1, 1, 1, 1, 1, 1, 1, 1, 1, 1, 1, 1, 1, 1, 1, 1, 1, 1, 1, 1, 1, 1, 1, 1, 1, 1, 1, 1, 1, 1, 1, 1, 1, 1, 1, 1, 1, 1, 1, 1, 1, 1, 1, 1, 1, 1, 1, 1, 1, 1, 1, 1, 1, 1, 1, 1, 1, 1, 1, 0, 1, 1, 1, 1, 1, 1, 1, 1, 1, 1, 1, 1, 1, 1, 1, 1, 1, 1, 1, 1, 1, 1, 1, 1, 1, 1, 1, 1, 1, 1, 1, 1, 1, 1, 1, 1, 1, 1, 1, 1, 1, 1, 1, 1, 1, 1, 1, 1, 1, 1, 1, 1, 1, 1, 1, 1, 1, 1, 1, 1, 1, 1, 1, 1, 1, 1, 1, 1, 1, 1, 1, 1, 1, 1, 1, 1, 1, 1, 1, 1, 1, 1, 1, 1, 1, 1, 1, 1, 1, 1, 1, 1, 1, 1, 1, 1, 1, 1, 1, 1, 1, 1, 1, 1, 1, 1, 1, 1, 1, 1, 1, 1, 1, 0, 1, 1, 1, 1, 1, 0, 1, 1, 1, 1, 1, 1, 1, 1, 1, 1, 1, 1, 1, 1, 1, 0, 1, 1, 1, 1, 1, 1, 1, 1, 1, 1, 1, 1]","[0.59, 0.77, 0.58, 0.41, 0.73, 0.71, 0.72, 0.68, 0.73, 0.72, 0.5538969404186795, 0.72, 0.74, 0.69, 0.67, 0.69242, 0.73, 0.51, 0.7413765642775881, 0.53, 0.5438969404186795, 0.7413765642775881, 0.5338969404186795, 0.65, 0.72, 0.6113765642775882, 0.5338969404186795, 0.54, 0.7613765642775882, 0.73, 0.6713765642775883, 0.77, 0.72, 0.51, 0.72, 0.53, 0.67, 0.59, 0.53, 0.74, 0.76, 0.7113765642775882, 0.62, 0.59, 0.68, 0.72, 0.5113765642775882, 0.5738969404186796, 0.7613765642775882, 0.76, 0.74, 0.74, 0.76, 0.59, 0.76, 0.5013765642775883, 0.57, 0.56, 0.6813765642775883, 0.74, 0.57242, 0.7013765642775883, 0.54, 0.55, 0.7, 0.74, 0.42, 0.53, 0.74, 0.53, 0.5513765642775882, 0.5338969404186795, 0.73, 0.61, 0.5238969404186795, 0.72, 0.65, 0.72, 0.69, 0.73, 0.67, 0.65, 0.6813765642775883, 0.71, 0.62, 0.69, 0.6813765642775883, 0.71, 0.6813765642775883, 0.5138969404186795, 0.6913765642775883, 0.53, 0.5713765642775882, 0.75, 0.53, 0.59, 0.73, 0.73, 0.72, 0.56, 0.65, 0.53, 0.53, 0.72, 0.67, 0.53, 0.7113765642775882, 0.59, 0.74, 0.59, 0.69, 0.7, 0.72, 0.6113765642775882, 0.7, 0.6913765642775883, 0.75, 0.6713765642775883, 0.71, 0.68, 0.51, 0.6913765642775883, 0.66, 0.6813765642775883, 0.7, 0.65, 0.66, 0.72, 0.75, 0.69, 0.7, 0.7113765642775882, 0.77, 0.59, 0.73, 0.74, 0.76, 0.72, 0.7013765642775883, 0.69, 0.6913765642775883, 0.7013765642775883, 0.75, 0.75, 0.76, 0.7113765642775882, 0.57, 0.6913765642775883, 0.62, 0.67, 0.61, 0.5438969404186795, 0.77, 0.5413765642775882, 0.54, 0.76, 0.65, 0.68, 0.7113765642775882, 0.76, 0.7413765642775882, 0.7313765642775882, 0.7413765642775882, 0.6913765642775883, 0.7413765642775881, 0.7313765642775882, 0.7213765642775882, 0.7113765642775882, 0.7313765642775882, 0.69, 0.74, 0.7213765642775882, 0.7513765642775881, 0.53, 0.5138969404186795, 0.67242, 0.7413765642775882, 0.64, 0.65, 0.7613765642775882, 0.46, 0.59, 0.54, 0.7113765642775882, 0.69, 0.72, 0.41, 0.76, 0.7113765642775882, 0.6824199999999999, 0.73, 0.77, 0.75, 0.51, 0.74, 0.7513765642775881, 0.7513765642775881, 0.76, 0.7513765642775881, 0.6713765642775883, 0.6713765642775883, 0.6113765642775882, 0.42, 0.65, 0.6913765642775883, 0.66, 0.6613765642775883, 0.74, 0.6213765642775883, 0.7, 0.65, 0.7, 0.62, 0.73, 0.72]"
2024-09,2024-07,"[1, 1, 0, 0, 1, 0, 0, 0, 0, 1, 0, 1, 1, 1, 1, 0, 1, 1, 1, 0, 0, 0, 0, 1, 0, 1, 0, 0, 0, 1, 0, 0, 1, 1, 0, 1, 1, 1, 1, 1, 0, 0, 1, 0, 1, 1, 1, 1, 1, 0, 1, 1, 0, 1, 1, 1, 1, 0, 1, 0, 1, 0, 0, 1, 1, 0, 1, 1, 0, 1, 1, 1, 0, 0, 0, 0, 0, 1, 0, 0, 1, 0, 1, 1, 1, 0, 0, 0, 1, 1, 1, 0, 1, 1, 0, 0, 1, 0, 1, 1, 0, 1, 1, 1, 0, 1, 1, 0, 0, 1, 1, 1, 1, 1, 1, 0, 1, 1, 0, 1, 1, 0, 1, 0, 0, 1, 0, 1, 1, 0, 0, 0, 1, 1, 0, 1, 1, 0, 1, 0, 0, 0, 0, 0, 0, 0, 0, 1, 1, 1, 0, 1, 0, 1, 1, 1, 1, 1, 1, 1, 1, 1, 1, 1, 1, 1, 1, 1, 1, 1, 0, 0, 0, 0, 0, 0, 1, 0, 0, 0, 0, 1, 0, 0, 0, 1, 1, 0, 1, 0, 1, 1, 1, 0, 1, 1, 1, 1, 1, 0, 1, 1, 1, 1, 1, 0, 1, 0, 1, 1, 1, 1, 1, 0, 1]","[1, 1, 1, 1, 1, 0, 1, 1, 0, 1, 1, 1, 1, 1, 1, 1, 1, 1, 1, 1, 1, 1, 0, 1, 1, 1, 1, 1, 1, 1, 1, 1, 1, 0, 1, 1, 1, 1, 1, 1, 1, 1, 1, 1, 1, 1, 1, 1, 1, 1, 1, 1, 1, 0, 1, 1, 0, 1, 1, 0, 1, 1, 1, 1, 0, 1, 0, 1, 1, 1, 1, 1, 1, 1, 1, 1, 1, 1, 1, 1, 1, 1, 1, 1, 1, 1, 1, 1, 1, 1, 1, 0, 1, 1, 1, 1, 1, 0, 1, 1, 1, 1, 1, 1, 1, 1, 1, 1, 1, 1, 1, 1, 1, 1, 0, 1, 1, 1, 1, 0, 1, 1, 1, 1, 1, 0, 1, 1, 1, 1, 0, 1, 1, 1, 1, 1, 1, 1, 1, 1, 1, 1, 1, 1, 1, 1, 1, 1, 1, 1, 1, 1, 1, 1, 1, 1, 1, 0, 1, 1, 1, 1, 1, 1, 1, 1, 1, 1, 1, 1, 1, 1, 1, 1, 1, 1, 1, 1, 1, 1, 1, 0, 1, 1, 1, 1, 1, 1, 0, 1, 1, 1, 1, 0, 1, 1, 1, 1, 0, 1, 1, 0, 1, 1, 1, 1, 1, 1, 1, 1, 1, 1, 0, 1, 1]","[0.7, 0.73, 0.5370722893120855, 0.7, 0.71, 0.40487191317099425, 0.768636564277588, 0.5200131285551762, 0.43105656427758815, 0.77, 0.82, 0.75, 0.82, 0.83, 0.66242, 0.76, 0.82, 0.66242, 0.73, 0.81242, 0.77, 0.77, 0.4940104451149473, 0.6438096928327645, 0.55242, 0.5951731285551763, 0.84, 0.77, 0.6948400000000001, 0.58242, 0.78, 0.75, 0.75, 0.45625586298220916, 0.6513765642775882, 0.69, 0.8, 0.7213765642775881, 0.7213765642775881, 0.8, 0.6437965642775881, 0.6211569404186795, 0.8, 0.6813765642775881, 0.66242, 0.6513765642775882, 0.71, 0.7313765642775881, 0.5602270093925354, 0.76, 0.73, 0.75, 0.69242, 0.45625586298220916, 0.71, 0.75, 0.4775931285551763, 0.565915348893406, 0.69242, 0.4349854178672619, 0.8, 0.66726, 0.81, 0.68242, 0.39993892256352964, 0.83, 0.4609749727523147, 0.7313765642775881, 0.73, 0.5048400000000001, 0.69, 0.81, 0.5989696928327645, 0.7424200000000001, 0.7313765642775881, 0.75, 0.81, 0.84, 0.66242, 0.5451731285551763, 0.7913765642775882, 0.81, 0.74, 0.8, 0.66242, 0.84, 0.7113765642775881, 0.79, 0.79, 0.77, 0.76, 0.483495348893406, 0.81, 0.7227531285551763, 0.7713765642775882, 0.54242, 0.5555839742046066, 0.34277929870462104, 0.5192670337859271, 0.82, 0.74, 0.76, 0.7082920610336124, 0.73, 0.77, 0.72, 0.77, 0.81, 0.63, 0.78, 0.71, 0.8, 0.78, 0.5498122893120855, 0.49888235828594146, 0.78, 0.69, 0.69, 0.65, 0.49484, 0.6548400000000001, 0.69, 0.79, 0.78, 0.6424199999999999, 0.43484, 0.73, 0.77, 0.55484, 0.81, 0.44726, 0.85, 0.5824199999999999, 0.79, 0.8, 0.84, 0.82, 0.6162108212560385, 0.5614900689738558, 0.8, 0.78, 0.72, 0.6250538808373591, 0.79, 0.7513765642775881, 0.5438096928327645, 0.5370722893120855, 0.78, 0.5009749727523147, 0.57, 0.6250538808373591, 0.76, 0.5370722893120855, 0.84, 0.71242, 0.74, 0.72, 0.3488823582859415, 0.79242, 0.75, 0.83, 0.83, 0.75, 0.82, 0.76, 0.82, 0.76, 0.8, 0.75, 0.82, 0.75, 0.83, 0.7, 0.585286633251444, 0.75, 0.75, 0.84, 0.5375931285551763, 0.5775931285551763, 0.69, 0.69, 0.4587369404186796, 0.66, 0.7, 0.72, 0.74, 0.75, 0.68, 0.44624847744858237, 0.6162108212560385, 0.82, 0.7324200000000001, 0.8, 0.44624847744858237, 0.8, 0.82, 0.8, 0.77, 0.42876885358967376, 0.6600131285551762, 0.6313765642775881, 0.4250670093925355, 0.6145387846158178, 0.5349535046962677, 0.6748400000000001, 0.69, 0.84, 0.8, 0.75, 0.71242, 0.83, 0.82, 0.49242, 0.8, 0.74]"
2024-09,2024-06,"[1, 0, 1, 0, 1, 1, 1, 1, 0, 1, 1, 1, 1, 0, 0, 0, 0, 1, 0, 0, 1, 1, 1, 1, 1, 0, 0, 1, 0, 0, 1, 0, 1, 1, 0, 0, 1, 1, 1, 0, 1, 0, 1, 0, 0, 1, 0, 1, 1, 0, 1, 0, 0, 1, 1, 1, 1, 0, 1, 1, 0, 1, 0, 1, 0, 0, 1, 0, 1, 1, 0, 0, 1, 0, 0, 0, 0, 0, 1, 1, 1, 1, 1, 1, 1, 1, 0, 0, 0, 0, 0, 1, 1, 1, 1, 1, 1, 1, 1, 1, 1, 1, 1, 0, 0, 0, 1, 1, 0, 1, 0, 0, 0, 0, 1, 0, 1, 1, 0, 0, 1, 0, 0, 1, 1, 0, 1, 1, 1, 0, 1, 0, 1, 0, 0, 0, 1, 1, 1, 1, 1, 0, 0, 1, 0, 1, 1, 1, 1, 0, 0, 1, 1, 0, 1, 1, 1, 0, 1, 1, 1, 1, 1, 0, 1, 1, 1, 1, 0, 0, 1, 1, 1, 1, 1, 1, 1, 1, 0, 1, 1, 1, 1, 1, 1, 1, 1, 1, 0, 1, 0, 0, 1, 1, 0, 0, 0, 0, 1, 1, 0, 1, 1, 1, 0, 0, 1, 0]","[1, 1, 1, 1, 1, 1, 1, 1, 1, 1, 0, 1, 0, 1, 1, 1, 1, 1, 1, 1, 1, 1, 1, 1, 1, 1, 1, 1, 1, 1, 1, 1, 1, 1, 1, 1, 1, 1, 0, 1, 1, 1, 1, 1, 1, 1, 1, 1, 1, 1, 1, 1, 1, 1, 1, 1, 1, 1, 1, 0, 1, 1, 1, 1, 1, 1, 1, 1, 1, 1, 1, 1, 1, 1, 1, 1, 1, 1, 1, 1, 1, 1, 1, 1, 1, 1, 1, 1, 1, 1, 1, 1, 1, 1, 1, 1, 1, 1, 1, 1, 1, 1, 1, 1, 1, 1, 1, 1, 1, 1, 1, 1, 1, 1, 1, 1, 1, 1, 1, 1, 1, 1, 1, 0, 1, 1, 1, 0, 1, 1, 1, 1, 1, 1, 1, 1, 1, 1, 1, 1, 1, 1, 1, 1, 1, 1, 1, 1, 1, 1, 1, 1, 1, 1, 1, 1, 1, 1, 1, 1, 1, 1, 1, 1, 1, 1, 1, 0, 1, 1, 1, 1, 1, 1, 1, 1, 1, 1, 1, 1, 1, 1, 1, 1, 1, 1, 1, 1, 1, 1, 1, 1, 1, 1, 1, 1, 1, 1, 1, 1, 1, 1, 1, 1, 1, 1, 1, 1]","[0.72, 0.8, 0.79, 0.66, 0.71, 0.64, 0.81, 0.75, 0.77, 0.5875931285551763, 0.4413765642775882, 0.76, 0.48389694041867953, 0.71, 0.74, 0.53, 0.74, 0.85, 0.56, 0.8, 0.74, 0.52, 0.77, 0.67, 0.6238969404186796, 0.6438969404186795, 0.76, 0.77, 0.8, 0.81, 0.8, 0.73, 0.72, 0.61, 0.5962165642775882, 0.76, 0.81, 0.72, 0.48389694041867953, 0.73, 0.74, 0.73, 0.74, 0.54, 0.5238969404186795, 0.76, 0.5238969404186795, 0.6413765642775882, 0.64, 0.74, 0.71, 0.76, 0.82, 0.6813765642775883, 0.77, 0.69, 0.6213765642775883, 0.53, 0.71, 0.45, 0.78, 0.6, 0.74, 0.66, 0.75, 0.54, 0.73, 0.82, 0.72, 0.67, 0.54, 0.82, 0.7213765642775882, 0.83, 0.84, 0.79, 0.78, 0.77, 0.62, 0.66, 0.79, 0.86, 0.66, 0.7, 0.69, 0.6038969404186796, 0.63, 0.56, 0.6, 0.64, 0.6738969404186795, 0.71, 0.71, 0.7, 0.7176935046962677, 0.68, 0.8, 0.54, 0.72, 0.79, 0.63, 0.79, 0.6776935046962678, 0.79, 0.58, 0.72, 0.78, 0.6337965642775881, 0.84, 0.79, 0.82, 0.78, 0.84, 0.76, 0.81, 0.8, 0.66, 0.77, 0.79, 0.71, 0.64, 0.73, 0.79, 0.48, 0.82, 0.76, 0.76, 0.4313765642775882, 0.7327531285551763, 0.7, 0.67, 0.8, 0.82, 0.77, 0.77, 0.57, 0.56, 0.83, 0.71, 0.79, 0.59, 0.69, 0.83, 0.71, 0.7813765642775882, 0.6338969404186795, 0.77, 0.72, 0.78, 0.71, 0.74, 0.66, 0.77, 0.76, 0.78, 0.76, 0.62, 0.57, 0.7638969404186795, 0.68, 0.71, 0.79, 0.73, 0.74, 0.7, 0.7, 0.59, 0.47137656427758823, 0.59, 0.7, 0.7, 0.74, 0.68, 0.81, 0.52, 0.7224200000000001, 0.75, 0.77, 0.81, 0.74, 0.75, 0.72, 0.8, 0.7313765642775882, 0.78, 0.78, 0.72, 0.77, 0.77, 0.8, 0.63, 0.61, 0.71, 0.79242, 0.74, 0.82, 0.5952735046962677, 0.78, 0.76, 0.82242, 0.81, 0.5737965642775882, 0.8163169404186796, 0.74, 0.8338969404186796, 0.7, 0.79, 0.74]"
2024-10,2024-10,"[0, 1, 1, 1, 0, 1, 0, 1, 1, 1, 1, 0, 0, 0, 1, 1, 1, 1, 1, 1, 1, 0, 1, 1, 1, 1, 1, 1, 1, 1, 1, 1, 1, 1, 1, 0, 1, 0, 1, 0, 1, 1, 1, 1, 1, 0, 1, 0, 1, 1, 1, 0, 1, 0, 1, 0, 0, 1, 1, 1, 1, 1, 1, 1, 1, 1, 1, 1, 1, 1, 0, 1, 1, 1, 1, 0, 1, 1, 1, 1, 0, 1, 1, 1, 0, 1, 1, 1, 1, 0, 1, 1, 1, 1, 1, 1, 0, 1, 1, 1, 1, 1, 1, 0, 0, 1, 1, 0, 0, 1, 0, 1, 0, 0, 1, 0, 1, 1, 0, 0, 0, 0, 1, 0, 1, 1, 1, 1, 1, 1, 1, 1, 1, 1, 1, 1, 1, 1, 1, 1, 1, 0, 0, 0, 1, 0, 1, 1, 1, 1, 1, 1, 1, 1, 1, 0, 1, 1, 1, 0, 0, 1, 1, 1, 1, 1, 1, 1, 1, 0, 1, 0, 1, 1, 0, 1, 1, 1, 1, 1, 1, 1, 1, 0, 1, 1, 0, 1, 1, 1, 0, 1, 0, 1, 1, 1, 1, 0, 0, 0, 1, 1, 1, 1, 1, 0, 1, 1, 0, 1, 1, 1, 1, 1]","[1, 1, 1, 1, 1, 1, 1, 1, 1, 0, 1, 1, 1, 0, 1, 1, 1, 1, 1, 1, 1, 1, 1, 1, 1, 1, 1, 1, 1, 1, 0, 1, 1, 1, 1, 0, 1, 1, 1, 1, 1, 1, 1, 0, 1, 0, 1, 1, 1, 1, 1, 1, 1, 1, 1, 1, 1, 1, 1, 1, 1, 1, 1, 1, 0, 1, 1, 1, 1, 1, 1, 1, 1, 1, 0, 0, 1, 1, 1, 1, 1, 0, 1, 1, 1, 1, 1, 1, 1, 0, 1, 1, 1, 0, 1, 0, 1, 1, 0, 1, 1, 0, 1, 1, 1, 0, 0, 1, 1, 1, 0, 1, 0, 0, 0, 1, 1, 1, 1, 1, 1, 1, 1, 1, 1, 1, 1, 0, 1, 1, 0, 1, 1, 1, 1, 0, 1, 0, 1, 1, 0, 1, 0, 1, 1, 1, 1, 1, 0, 1, 1, 1, 1, 1, 1, 1, 1, 1, 1, 1, 1, 1, 1, 1, 1, 1, 1, 1, 1, 1, 1, 1, 1, 1, 1, 1, 1, 1, 1, 1, 0, 1, 1, 1, 1, 1, 1, 1, 1, 1, 1, 1, 1, 1, 1, 1, 1, 1, 1, 0, 1, 1, 1, 1, 1, 1, 1, 1, 1, 1, 1, 1, 1, 1]","[0.7928629032258064, 0.98, 0.8963943523106482, 0.7344514106583071, 0.65, 0.88, 0.83, 0.98, 0.7128629032258064, 0.4, 0.78, 0.85, 0.53, 0.5, 0.93, 0.79, 0.85, 0.52, 0.98, 0.9, 0.77, 0.92, 0.71, 0.91, 0.84, 0.86, 0.8628629032258064, 0.56, 0.89, 0.9, 0.03, 0.68, 0.84, 0.9, 0.79, 0.38, 0.6716705882352941, 0.84, 0.56, 0.96, 0.6616705882352941, 0.7766776404214718, 1.0, 0.48, 0.86, 0.49, 0.9816705882352941, 0.61, 0.84, 0.63, 0.84, 0.54, 0.7016705882352942, 0.67, 0.74, 0.5316705882352941, 0.93, 0.83, 0.9, 0.98, 0.65, 0.69, 0.82, 0.74, 0.15, 0.57, 0.73, 0.9455437617715085, 0.83, 0.93, 0.72, 0.91, 0.5411794019933555, 0.98, 0.39, 0.39, 0.8927710247754678, 0.92, 0.74, 0.96, 0.9344514106583073, 0.45, 0.87, 0.83, 0.6716705882352941, 0.97, 0.8273546364647589, 0.94, 0.8487609567099784, 0.29, 0.95, 0.56, 0.93, 0.48, 0.94, 0.48, 0.6388027149321267, 0.94, 0.33167058823529416, 0.91, 0.86, 0.33, 0.5728629032258064, 0.6188027149321267, 0.83, 0.48, 0.33, 0.8, 0.52, 0.82, 0.14, 0.53, 0.12, 0.25, 0.23, 0.74, 0.88, 0.93, 0.67, 0.81, 0.7, 0.81, 0.57, 0.64, 0.9, 0.83, 0.63, 0.36, 0.94, 0.76, 0.42115021293575594, 0.95, 0.89, 0.89, 0.94, 0.05, 0.6, 0.48, 0.91, 0.95, 0.48, 0.86, 0.47, 0.65, 0.65, 0.97, 0.92, 0.88, 0.15, 0.98, 0.75, 0.88, 0.82, 0.84, 0.7714848344556312, 0.95, 0.9, 0.91, 0.51, 0.66, 0.59, 0.8, 0.8044514106583073, 0.81, 0.7516705882352942, 0.7844514106583073, 0.7844514106583073, 0.95, 0.97, 0.88, 0.94, 0.58, 0.96, 0.86, 0.76, 0.81, 0.95, 0.61, 0.89, 0.65, 0.3, 0.94, 0.89, 0.8, 0.76, 0.93, 0.91, 0.78, 0.84, 0.76, 0.82, 0.6389028213166145, 0.89, 0.69, 0.85, 0.7044514106583073, 0.87, 0.55, 0.9, 0.24, 0.77, 0.61, 0.69, 0.81, 0.65, 0.61, 0.85, 0.83, 0.68, 0.98, 0.7602592979127135, 0.96, 0.95, 0.88]"
2024-10,2024-08,"[1, 0, 1, 1, 1, 1, 0, 1, 0, 1, 1, 0, 1, 0, 1, 0, 1, 0, 0, 1, 1, 0, 0, 0, 0, 1, 0, 1, 0, 0, 0, 1, 1, 1, 1, 1, 1, 1, 1, 1, 1, 0, 1, 1, 1, 1, 0, 0, 1, 1, 0, 1, 0, 1, 1, 1, 0, 1, 0, 0, 1, 1, 1, 1, 0, 0, 1, 1, 1, 1, 0, 0, 1, 1, 0, 0, 1, 0, 1, 1, 0, 1, 1, 1, 0, 0, 0, 0, 1, 1, 1, 0, 1, 0, 0, 1, 0, 0, 0, 1, 1, 0, 1, 0, 1, 0, 0, 1, 1, 0, 0, 1, 0, 1, 1, 1, 1, 1, 0, 0, 1, 1, 1, 0, 1, 0, 1, 0, 0, 1, 0, 0, 1, 1, 0, 1, 1, 1, 0, 1, 0, 0, 0, 0, 0, 1, 1, 1, 1, 0, 1, 0, 1, 1, 1, 1, 1, 0, 1, 0, 1, 0, 1, 1, 1, 1, 0, 1, 1, 0, 1, 1, 0, 1, 0, 1, 1, 1, 0, 0, 1, 1, 1, 1, 0, 0, 1, 1, 1, 0, 1, 0, 0, 1, 1, 0, 1, 0, 0, 0, 1, 1, 1, 1, 0, 0, 0, 0, 0, 1, 0, 0, 0, 1, 0]","[1, 1, 1, 1, 1, 1, 1, 1, 1, 1, 1, 1, 1, 1, 1, 1, 1, 1, 1, 1, 1, 1, 1, 1, 1, 1, 1, 1, 1, 1, 1, 1, 1, 1, 1, 1, 1, 1, 1, 1, 1, 1, 1, 1, 1, 1, 1, 1, 1, 1, 1, 1, 1, 1, 0, 1, 1, 1, 1, 1, 1, 1, 1, 1, 1, 1, 1, 1, 1, 1, 1, 1, 1, 1, 1, 1, 1, 1, 1, 1, 1, 1, 1, 1, 1, 1, 1, 1, 1, 1, 1, 1, 1, 1, 1, 1, 1, 1, 1, 1, 1, 1, 1, 1, 1, 1, 1, 1, 1, 1, 1, 1, 1, 1, 1, 1, 1, 1, 1, 1, 1, 1, 1, 1, 1, 1, 1, 1, 1, 1, 1, 1, 1, 1, 1, 1, 1, 1, 1, 1, 1, 1, 1, 1, 1, 1, 1, 1, 1, 1, 1, 1, 1, 1, 1, 1, 1, 1, 1, 1, 1, 1, 1, 1, 1, 1, 0, 1, 1, 1, 1, 1, 1, 1, 1, 1, 1, 1, 1, 1, 1, 1, 1, 1, 1, 1, 1, 1, 1, 1, 1, 1, 1, 1, 1, 1, 1, 1, 1, 1, 1, 1, 1, 1, 1, 1, 1, 1, 1, 1, 1, 1, 1, 1, 1]","[0.7421099554234769, 0.9, 0.6621099554234768, 0.7121099554234769, 0.8, 0.93, 0.9, 0.9, 0.88, 0.75, 0.89, 0.6821099554234769, 0.89, 0.58, 0.5321099554234769, 0.572109955423477, 0.83, 0.8844514106583072, 0.7821099554234769, 0.8044514106583072, 0.67, 0.8021099554234769, 0.52, 0.71, 0.59, 0.66, 0.71, 0.73, 0.68, 0.8246286277682273, 0.8121099554234769, 0.72, 0.79, 0.7121099554234769, 0.86, 0.81, 0.83, 0.79, 0.72, 0.82, 0.8246286277682273, 0.78, 0.8272272630039593, 0.74, 0.542109955423477, 0.78, 0.72, 0.77, 0.7921099554234768, 0.83, 0.57, 0.79, 0.69, 0.61, 0.45, 0.69, 0.8573143138841135, 0.5221099554234769, 0.7221099554234769, 0.7921099554234768, 0.89, 0.69, 0.6421099554234769, 0.78, 0.57, 0.78, 0.7921099554234768, 0.92, 0.72, 0.84, 0.7, 0.86, 0.58, 0.8544514106583071, 0.8744514106583072, 0.93, 0.7121099554234769, 0.8573143138841135, 0.8246286277682273, 0.8044514106583072, 0.5221099554234769, 0.64, 0.76, 0.7, 0.72, 0.78, 0.67, 0.68, 0.78, 0.71, 0.76, 0.73, 0.75, 0.57, 0.7, 0.77, 0.562109955423477, 0.7621099554234769, 0.582109955423477, 0.7721099554234769, 0.56, 0.7521099554234769, 0.8344514106583071, 0.7221099554234769, 0.75, 0.78, 0.7821099554234769, 0.75, 0.9044514106583073, 0.76, 0.73, 0.79, 0.7, 0.89017721710992, 0.9, 0.6421099554234769, 0.66, 0.7521099554234769, 0.582109955423477, 0.592109955423477, 0.7021099554234769, 0.6821099554234769, 0.8021099554234769, 0.75, 0.751670588235294, 0.562109955423477, 0.78, 0.592109955423477, 0.7921099554234768, 0.7621099554234769, 0.612109955423477, 0.88, 0.76, 0.6521099554234769, 0.88, 0.83, 0.85, 0.76, 0.71, 0.75, 0.76, 0.612109955423477, 0.7121099554234769, 0.6621099554234768, 0.6721099554234768, 0.77, 0.84, 0.88, 0.6421099554234769, 0.8246286277682273, 0.7328629032258064, 0.55, 0.6821099554234769, 0.81, 0.77, 0.76, 0.7128629032258064, 0.81, 0.74, 0.6944514106583071, 0.68, 0.89, 0.8644514106583071, 0.79, 0.7, 0.84, 0.47, 0.8246286277682273, 0.89, 0.55, 0.51, 0.55, 0.6721099554234768, 0.771670588235294, 0.582109955423477, 0.66, 0.81, 0.602109955423477, 0.8573143138841135, 0.91, 0.88, 0.8, 0.69, 0.7221099554234769, 0.91, 0.761670588235294, 0.77, 0.54, 0.55, 0.8, 0.86, 0.6921099554234769, 0.6721099554234768, 0.6921099554234769, 0.56, 0.76, 0.6621099554234768, 0.7, 0.78, 0.75, 0.8228629032258064, 0.8573143138841135, 0.83, 0.86, 0.84, 0.79, 0.82, 0.6721099554234768, 0.7721099554234769, 0.5221099554234769, 0.78, 0.6521099554234769, 0.7021099554234769, 0.6721099554234768, 0.8121099554234769]"
2024-10,2024-02,"[0, 1, 1, 0, 0, 1, 1, 1, 0, 1, 1, 1, 0, 1, 1, 1, 0, 0, 0, 0, 1, 1, 1, 1, 0, 1, 1, 0, 1, 1, 1, 1, 0, 1, 1, 0, 1, 0, 1, 1, 1, 1, 1, 1, 1, 0, 1, 1, 1, 1, 1, 1, 1, 0, 1, 1, 0, 0, 1, 1, 1, 1, 1, 1, 0, 0, 1, 0, 1, 1, 0, 1, 1, 1, 1, 1, 1, 1, 0, 1, 0, 1, 0, 1, 1, 1, 0, 1, 1, 1, 0, 0, 0, 0, 0, 0, 1, 1, 0, 1, 0, 1, 1, 0, 1, 1, 1, 0, 0, 1, 1, 1, 1, 1, 0, 1, 1, 1, 1, 1, 1, 1, 1, 1, 1, 1, 1, 1, 0, 1, 1, 1, 1, 1, 0, 1, 1, 0, 0, 1, 1, 1, 1, 1, 1, 0, 0, 0, 0, 0, 1, 1, 1, 0, 0, 1, 0, 1, 1, 0, 0, 0, 1, 1, 1, 0, 1, 1, 1, 0, 1, 1, 1, 1, 1, 1, 1, 1, 1, 0, 1, 1, 0, 1, 1, 0, 1, 1, 0, 1, 1, 0, 0, 0, 1, 0, 0, 0, 1, 0, 0, 1, 1, 0, 1, 1, 0, 1, 1, 1, 1, 0]","[1, 1, 1, 1, 1, 1, 1, 1, 1, 1, 1, 1, 1, 1, 1, 1, 1, 1, 1, 1, 1, 1, 1, 1, 1, 1, 1, 1, 1, 1, 1, 1, 1, 1, 1, 1, 1, 1, 1, 1, 1, 1, 1, 1, 1, 1, 1, 1, 1, 1, 1, 1, 1, 1, 1, 1, 1, 1, 1, 1, 1, 1, 1, 1, 1, 1, 1, 1, 1, 1, 1, 1, 1, 1, 1, 1, 1, 1, 1, 1, 1, 1, 1, 1, 1, 1, 1, 1, 1, 1, 1, 1, 1, 1, 1, 1, 1, 1, 1, 1, 1, 1, 1, 1, 1, 1, 1, 1, 1, 1, 1, 1, 1, 1, 1, 1, 1, 1, 1, 1, 1, 1, 1, 1, 1, 1, 1, 1, 1, 1, 1, 1, 1, 1, 1, 1, 1, 1, 1, 1, 1, 1, 1, 1, 1, 1, 1, 1, 1, 1, 1, 1, 1, 1, 1, 1, 1, 1, 1, 1, 1, 1, 1, 1, 1, 1, 1, 1, 1, 1, 1, 1, 1, 1, 1, 1, 1, 1, 1, 1, 1, 1, 1, 1, 1, 1, 1, 1, 1, 1, 1, 1, 1, 1, 1, 1, 1, 1, 1, 1, 1, 1, 1, 1, 1, 1, 1, 1, 1, 1, 1, 1]","[0.6, 0.6, 0.6, 0.6, 0.61, 0.6, 0.61, 0.6, 0.6, 0.6, 0.6, 0.6, 0.6, 0.61, 0.6, 0.6, 0.6, 0.62, 0.6, 0.6, 0.61, 0.6, 0.61, 0.6, 0.61, 0.62, 0.6, 0.6, 0.6, 0.6, 0.61, 0.6, 0.6, 0.6, 0.6, 0.6, 0.6, 0.6, 0.6, 0.6, 0.6, 0.61, 0.6, 0.6, 0.6, 0.61, 0.6, 0.6, 0.6, 0.6, 0.6, 0.6, 0.6, 0.61, 0.6, 0.61, 0.6, 0.6, 0.61, 0.6, 0.6, 0.6, 0.6, 0.6, 0.6, 0.61, 0.6, 0.61, 0.6, 0.6, 0.6, 0.6, 0.6, 0.6, 0.6, 0.6, 0.6, 0.6, 0.6, 0.6, 0.6, 0.6, 0.6, 0.6, 0.6, 0.61, 0.6, 0.6, 0.6, 0.6, 0.6, 0.6, 0.6, 0.6, 0.6, 0.62, 0.6, 0.6, 0.6, 0.6, 0.6, 0.6, 0.6, 0.6, 0.6, 0.6, 0.6, 0.6, 0.6, 0.6, 0.6, 0.61, 0.6, 0.6, 0.6, 0.61, 0.6, 0.6, 0.6, 0.6, 0.6, 0.6, 0.6, 0.6, 0.61, 0.61, 0.6, 0.6, 0.6, 0.61, 0.6, 0.6, 0.61, 0.61, 0.61, 0.6, 0.6, 0.6, 0.6, 0.6, 0.6, 0.6, 0.61, 0.6, 0.6, 0.61, 0.6, 0.61, 0.6, 0.6, 0.61, 0.61, 0.6, 0.61, 0.6, 0.6, 0.61, 0.6, 0.61, 0.6, 0.61, 0.6, 0.61, 0.6, 0.61, 0.6, 0.61, 0.6, 0.6, 0.6, 0.6, 0.6, 0.6, 0.6, 0.61, 0.6, 0.6, 0.6, 0.6, 0.6, 0.6, 0.6, 0.6, 0.6, 0.6, 0.6, 0.6, 0.6, 0.6, 0.6, 0.61, 0.6, 0.6, 0.6, 0.6, 0.6, 0.6, 0.6, 0.6, 0.61, 0.6, 0.61, 0.61, 0.6, 0.61, 0.61, 0.6, 0.6, 0.6, 0.6, 0.6, 0.6]"
2024-10,2024-11,"[1, 1, 1, 1, 1, 1, 1, 0, 1, 1, 1, 1, 1, 1, 1, 1, 1, 1, 0, 1, 1, 1, 1, 1, 1, 1, 1, 1, 1, 1, 1, 1, 1, 1, 1, 1, 1, 1, 1, 1, 1, 1, 1, 1, 0, 1, 1, 1, 1, 1, 1, 1, 1, 1, 1, 0, 1, 1, 0, 1, 1, 1, 1, 0, 1, 1, 1, 1, 1, 1, 1, 1, 1, 0, 1, 1, 1, 1, 1, 1, 1, 0, 1, 1, 1, 1, 1, 1, 1, 1, 0, 1, 1, 1, 0, 0, 1, 1, 0, 0, 1, 0, 1, 1, 0, 1, 1, 0, 0, 1, 0, 1, 1, 1, 1, 1, 1, 1, 1, 1, 0, 1, 1, 1, 1, 1, 1, 1, 1, 1, 1, 1, 1, 0, 1, 1, 1, 1, 1, 1, 1, 0, 1, 0, 1, 1, 1, 1, 1, 1, 1, 1, 1, 1, 1, 1, 1, 1, 1, 1, 1, 1, 1, 1, 1, 1, 1, 1, 0, 1, 1, 1, 1, 1, 1, 1, 1, 1, 1, 1, 0, 1, 1, 1, 1, 1, 1, 1, 1, 1, 1, 1, 1, 0, 1, 1, 0, 1, 0, 1, 1, 1, 1, 1, 1, 1, 1, 1, 1, 0, 1, 1, 1, 0, 1]","[1, 1, 1, 1, 1, 1, 1, 1, 1, 1, 1, 1, 1, 1, 1, 1, 1, 1, 1, 1, 1, 1, 1, 1, 1, 1, 1, 1, 1, 1, 1, 1, 1, 1, 1, 1, 1, 1, 1, 1, 1, 1, 0, 1, 1, 1, 1, 1, 1, 1, 1, 1, 1, 1, 1, 1, 1, 1, 0, 1, 1, 1, 1, 1, 1, 1, 1, 0, 1, 1, 0, 1, 1, 1, 1, 1, 1, 1, 1, 1, 1, 1, 1, 1, 1, 1, 1, 1, 1, 1, 1, 1, 1, 1, 1, 1, 1, 1, 1, 1, 1, 1, 1, 1, 1, 1, 1, 1, 1, 1, 1, 1, 1, 1, 1, 1, 1, 1, 1, 1, 1, 1, 1, 1, 1, 1, 1, 1, 1, 1, 1, 1, 1, 1, 1, 1, 1, 1, 1, 1, 1, 1, 1, 1, 1, 1, 1, 1, 1, 1, 1, 1, 1, 1, 1, 1, 1, 1, 1, 1, 1, 1, 1, 1, 1, 1, 1, 1, 1, 1, 1, 1, 1, 1, 1, 1, 1, 1, 1, 1, 1, 1, 1, 1, 1, 1, 1, 1, 1, 1, 1, 1, 1, 1, 1, 1, 1, 1, 1, 1, 1, 1, 1, 1, 1, 1, 1, 1, 1, 1, 1, 1, 1, 1, 1]","[0.57, 0.71, 0.61, 0.5116705882352941, 0.78, 0.63, 0.62, 0.7, 0.68, 0.67, 0.6, 0.63, 0.7, 0.63, 0.7028629032258064, 0.68, 0.7, 0.52, 0.67, 0.59, 0.59, 0.68, 0.61, 0.71, 0.74, 0.86, 0.62, 0.65, 0.78, 0.68, 0.72, 0.69, 0.75, 0.52, 0.74, 0.61, 0.71, 0.57, 0.55, 0.7, 0.73, 0.74, 0.5, 0.57, 0.7, 0.79, 0.6, 0.61, 0.78, 0.71, 0.7, 0.7, 0.71, 0.57, 0.69, 0.54, 0.63, 0.5016705882352941, 0.47, 0.67, 0.55, 0.62, 0.52, 0.52, 0.78, 0.72, 0.55, 0.5, 0.67, 0.51, 0.49, 0.62, 0.67, 0.61, 0.62, 0.5616705882352941, 0.69, 0.54, 0.73, 0.64, 0.77, 0.69, 0.76, 0.74, 0.72, 0.68, 0.69, 0.73, 0.76, 0.59, 0.71, 0.7, 0.67, 0.68, 0.56, 0.56, 0.68, 0.72, 0.66, 0.56, 0.65, 0.56, 0.57, 0.67, 0.65, 0.57, 0.72, 0.57, 0.68, 0.56, 0.64, 0.63, 0.63, 0.86, 0.73, 0.7, 0.74, 0.62, 0.75, 0.75, 0.52, 0.74, 0.7028629032258064, 0.76, 0.71, 0.69, 0.68, 0.73, 0.68, 0.63, 0.73, 0.66, 0.63, 0.57, 0.68, 0.67, 0.71, 0.72, 0.82, 0.63, 0.75, 0.78, 0.68, 0.52, 0.59, 0.69, 0.64, 0.71, 0.62, 0.66, 0.5916705882352941, 0.61, 0.69, 0.57, 0.6316705882352941, 0.71, 0.71, 0.65, 0.6, 0.7, 0.67, 0.69, 0.76, 0.71, 0.62, 0.67, 0.62, 0.6, 0.67, 0.5616705882352941, 0.63, 0.71, 0.63, 0.57, 0.59, 0.69, 0.64, 0.77, 0.62, 0.78, 0.57, 0.57, 0.65, 0.73, 0.64, 0.74, 0.6, 0.71, 0.71, 0.64, 0.69, 0.65, 0.69, 0.55, 0.6, 0.7, 0.76, 0.59, 0.73, 0.7, 0.7, 0.68, 0.59, 0.75, 0.71, 0.75, 0.74, 0.67, 0.6, 0.72, 0.69, 0.71, 0.56, 0.7, 0.72]"
2024-10,2024-07,"[1, 1, 0, 0, 1, 0, 0, 0, 0, 1, 0, 1, 1, 1, 1, 0, 1, 1, 1, 0, 0, 0, 0, 1, 0, 1, 0, 0, 0, 1, 0, 0, 1, 1, 0, 1, 1, 1, 1, 1, 0, 0, 1, 0, 1, 1, 1, 1, 1, 0, 1, 1, 0, 1, 1, 1, 1, 0, 1, 0, 1, 0, 0, 1, 1, 0, 1, 1, 0, 1, 1, 1, 0, 0, 0, 0, 0, 1, 0, 0, 1, 0, 1, 1, 1, 0, 0, 0, 1, 1, 1, 0, 1, 1, 0, 0, 1, 0, 1, 1, 0, 1, 1, 1, 0, 1, 1, 0, 0, 1, 1, 1, 1, 1, 1, 0, 1, 1, 0, 1, 1, 0, 1, 0, 0, 1, 0, 1, 1, 0, 0, 0, 1, 1, 0, 1, 1, 0, 1, 0, 0, 0, 0, 0, 0, 0, 0, 1, 1, 1, 0, 1, 0, 1, 1, 1, 1, 1, 1, 1, 1, 1, 1, 1, 1, 1, 1, 1, 1, 1, 0, 0, 0, 0, 0, 0, 1, 0, 0, 0, 0, 1, 0, 0, 0, 1, 1, 0, 1, 0, 1, 1, 1, 0, 1, 1, 1, 1, 1, 0, 1, 1, 1, 1, 1, 0, 1, 0, 1, 1, 1, 1, 1, 0, 1]","[1, 1, 1, 1, 1, 1, 1, 1, 1, 1, 1, 1, 1, 1, 1, 1, 1, 1, 1, 1, 1, 1, 1, 1, 1, 1, 1, 1, 1, 0, 1, 1, 1, 1, 1, 1, 1, 1, 1, 1, 1, 1, 1, 1, 1, 1, 1, 1, 1, 1, 1, 1, 1, 1, 1, 1, 1, 1, 1, 1, 1, 1, 1, 1, 1, 1, 1, 1, 1, 1, 1, 1, 1, 1, 1, 1, 1, 1, 1, 0, 1, 1, 1, 1, 1, 1, 1, 1, 1, 1, 1, 1, 1, 1, 1, 1, 1, 1, 1, 1, 1, 1, 1, 1, 1, 1, 1, 1, 1, 1, 1, 1, 1, 1, 1, 1, 1, 1, 1, 1, 1, 1, 1, 1, 1, 1, 1, 1, 1, 1, 1, 1, 1, 1, 1, 1, 1, 1, 1, 1, 1, 1, 1, 1, 1, 1, 1, 1, 1, 1, 1, 1, 1, 1, 1, 1, 1, 1, 1, 1, 1, 1, 1, 1, 1, 1, 1, 1, 1, 1, 1, 1, 1, 1, 1, 1, 1, 1, 1, 1, 1, 1, 1, 1, 1, 1, 1, 1, 1, 1, 1, 1, 1, 1, 1, 1, 1, 1, 1, 1, 1, 1, 1, 1, 1, 1, 1, 1, 1, 1, 1, 1, 1, 1, 1]","[0.67, 0.71, 0.64, 0.83, 0.71, 0.5221099554234769, 0.64, 0.602109955423477, 0.602109955423477, 0.74, 0.72, 0.75, 0.76, 0.74, 0.592109955423477, 0.7, 0.74, 0.592109955423477, 0.74, 0.66, 0.79, 0.84, 0.6921099554234769, 0.6221099554234769, 0.65, 0.572109955423477, 0.71, 0.7, 0.6321099554234769, 0.48, 0.73, 0.72, 0.8, 0.6821099554234769, 0.68, 0.71, 0.7, 0.68, 0.68, 0.78, 0.7021099554234769, 0.61, 0.78, 0.6921099554234769, 0.68, 0.68, 0.7, 0.681670588235294, 0.6821099554234769, 0.7944514106583072, 0.78, 0.71, 0.66, 0.6821099554234769, 0.78, 0.71, 0.602109955423477, 0.6, 0.66, 0.6221099554234769, 0.71, 0.67, 0.76, 0.73, 0.6921099554234769, 0.7, 0.5321099554234769, 0.63, 0.73, 0.66, 0.71, 0.8, 0.602109955423477, 0.66, 0.681670588235294, 0.7, 0.8, 0.8, 0.68, 0.44, 0.7744514106583071, 0.8, 0.8, 0.8, 0.68, 0.79, 0.71, 0.78, 0.8, 0.81, 0.71, 0.572109955423477, 0.72, 0.6621099554234768, 0.63, 0.64, 0.6821099554234769, 0.6621099554234768, 0.6421099554234769, 0.72, 0.71, 0.78, 0.6421099554234769, 0.81, 0.8, 0.7744514106583071, 0.7, 0.72, 0.71, 0.7, 0.7, 0.8, 0.66, 0.64, 0.6221099554234769, 0.7, 0.71, 0.71, 0.72, 0.71, 0.66, 0.71, 0.7, 0.71, 0.71, 0.67, 0.72, 0.72, 0.64, 0.72, 0.64, 0.71, 0.65, 0.7, 0.71, 0.72, 0.74, 0.64, 0.612109955423477, 0.7, 0.73, 0.7, 0.6, 0.76, 0.7844514106583071, 0.6821099554234769, 0.64, 0.71, 0.6221099554234769, 0.7644514106583071, 0.6, 0.71, 0.64, 0.8, 0.66, 0.73, 0.72, 0.6421099554234769, 0.69, 0.7, 0.71, 0.71, 0.7, 0.72, 0.7, 0.72, 0.7944514106583072, 0.73, 0.71, 0.72, 0.7, 0.73, 0.72, 0.562109955423477, 0.8, 0.72, 0.75, 0.6221099554234769, 0.6321099554234769, 0.72, 0.72, 0.67, 0.72, 0.74, 0.72, 0.72, 0.67, 0.7944514106583072, 0.6521099554234769, 0.64, 0.72, 0.6321099554234769, 0.82, 0.6521099554234769, 0.8, 0.72, 0.78, 0.74, 0.612109955423477, 0.7021099554234769, 0.7, 0.6321099554234769, 0.6621099554234768, 0.71, 0.66, 0.72, 0.73, 0.77, 0.7, 0.602109955423477, 0.73, 0.73, 0.64, 0.71, 0.78]"
2024-10,2024-06,"[1, 0, 1, 0, 1, 1, 1, 1, 0, 1, 1, 1, 1, 0, 0, 0, 0, 1, 0, 0, 1, 1, 1, 1, 1, 0, 0, 1, 0, 0, 1, 0, 1, 1, 0, 0, 1, 1, 1, 0, 1, 0, 1, 0, 0, 1, 0, 1, 1, 0, 1, 0, 0, 1, 1, 1, 1, 0, 1, 1, 0, 1, 0, 1, 0, 0, 1, 0, 1, 1, 0, 0, 1, 0, 0, 0, 0, 0, 1, 1, 1, 1, 1, 1, 1, 1, 0, 0, 0, 0, 0, 1, 1, 1, 1, 1, 1, 1, 1, 1, 1, 1, 1, 0, 0, 0, 1, 1, 0, 1, 0, 0, 0, 0, 1, 0, 1, 1, 0, 0, 1, 0, 0, 1, 1, 0, 1, 1, 1, 0, 1, 0, 1, 0, 0, 0, 1, 1, 1, 1, 1, 0, 0, 1, 0, 1, 1, 1, 1, 0, 0, 1, 1, 0, 1, 1, 1, 0, 1, 1, 1, 1, 1, 0, 1, 1, 1, 1, 0, 0, 1, 1, 1, 1, 1, 1, 1, 1, 0, 1, 1, 1, 1, 1, 1, 1, 1, 1, 0, 1, 0, 0, 1, 1, 0, 0, 0, 0, 1, 1, 0, 1, 1, 1, 0, 0, 1, 0]","[1, 1, 1, 1, 1, 1, 1, 1, 1, 0, 1, 1, 1, 1, 1, 1, 1, 1, 1, 1, 1, 1, 1, 1, 1, 1, 1, 1, 1, 1, 1, 1, 1, 1, 0, 1, 1, 1, 1, 1, 1, 1, 1, 1, 1, 1, 1, 1, 1, 1, 1, 1, 1, 1, 1, 1, 1, 1, 1, 1, 1, 1, 1, 1, 1, 1, 1, 1, 1, 1, 1, 1, 1, 1, 1, 1, 1, 1, 1, 1, 1, 1, 1, 1, 1, 1, 1, 1, 1, 1, 1, 1, 1, 1, 1, 1, 1, 1, 1, 1, 1, 1, 1, 1, 1, 1, 1, 0, 1, 1, 1, 1, 1, 1, 1, 1, 1, 1, 1, 1, 1, 1, 1, 1, 1, 1, 1, 1, 1, 1, 1, 1, 1, 1, 1, 1, 1, 1, 1, 1, 1, 1, 1, 1, 1, 1, 1, 1, 1, 1, 1, 1, 1, 1, 1, 1, 1, 1, 1, 1, 1, 1, 1, 1, 1, 1, 1, 1, 1, 1, 1, 1, 1, 1, 1, 1, 1, 1, 1, 1, 1, 1, 1, 1, 1, 1, 1, 1, 1, 1, 1, 1, 1, 1, 1, 1, 1, 1, 1, 1, 1, 1, 1, 1, 1, 1, 1, 1]","[0.88, 0.7, 0.72, 0.74, 0.72, 0.79, 0.78, 0.7821099554234769, 0.77, 0.49210995542347696, 0.6421099554234769, 0.77, 0.7644514106583071, 0.72, 0.76, 0.77, 0.78, 0.72, 0.7844514106583071, 0.74, 0.78, 0.78, 0.76, 0.7, 0.7689028213166144, 0.6421099554234769, 0.77, 0.76, 0.74, 0.79, 0.7521099554234769, 0.81, 0.81, 0.83, 0.34, 0.6521099554234769, 0.7621099554234769, 0.81, 0.7644514106583071, 0.81, 0.8044514106583072, 0.81, 0.78, 0.82, 0.7589028213166144, 0.83, 0.7589028213166144, 0.582109955423477, 0.84, 0.75, 0.83, 0.7121099554234769, 0.8, 0.62, 0.74, 0.63, 0.63, 0.76, 0.8044514106583072, 0.76, 0.71, 0.8044514106583072, 0.72, 0.75, 0.77, 0.76, 0.84, 0.74, 0.8044514106583072, 0.602109955423477, 0.6521099554234769, 0.78, 0.72, 0.73, 0.73, 0.8, 0.6921099554234769, 0.77, 0.74, 0.74, 0.8, 0.72, 0.74, 0.72, 0.72, 0.7444514106583071, 0.65, 0.77, 0.79, 0.84, 0.7844514106583071, 0.7, 0.81, 0.9044514106583071, 0.572109955423477, 0.75, 0.72, 0.77, 0.72, 0.72, 0.82, 0.72, 0.592109955423477, 0.72, 0.8044514106583072, 0.72, 0.74, 0.5, 0.8, 0.7421099554234769, 0.73, 0.6921099554234769, 0.8, 0.7021099554234769, 0.7821099554234769, 0.8021099554234769, 0.74, 0.7, 0.81, 0.76, 0.83, 0.671670588235294, 0.81, 0.77, 0.69, 0.77, 0.7321099554234769, 0.6421099554234769, 0.572109955423477, 0.76, 0.67, 0.7, 0.65, 0.65, 0.69, 0.7789028213166144, 0.74, 0.71, 0.8044514106583072, 0.74, 0.8044514106583072, 0.6321099554234769, 0.72, 0.6621099554234768, 0.6621099554234768, 0.7589028213166144, 0.77, 0.72, 0.74, 0.72, 0.76, 0.72, 0.75, 0.76, 0.612109955423477, 0.72, 0.83, 0.74, 0.6321099554234769, 0.61, 0.72, 0.82, 0.73, 0.72, 0.67, 0.67, 0.741670588235294, 0.7021099554234769, 0.8044514106583072, 0.71, 0.8, 0.76, 0.7216705882352941, 0.78, 0.7844514106583071, 0.5221099554234769, 0.7, 0.71, 0.78, 0.77, 0.73, 0.72, 0.83, 0.68, 0.79, 0.76, 0.72, 0.71, 0.68, 0.66, 0.71, 0.75, 0.72, 0.572109955423477, 0.6821099554234769, 0.78, 0.6921099554234769, 0.8, 0.79, 0.6221099554234769, 0.72, 0.6921099554234769, 0.5321099554234769, 0.78, 0.5321099554234769, 0.82, 0.7521099554234769, 0.81]"
2024-08,2024-08,"[1, 0, 1, 1, 1, 1, 0, 1, 0, 1, 1, 0, 1, 0, 1, 0, 1, 0, 0, 1, 1, 0, 0, 0, 0, 1, 0, 1, 0, 0, 0, 1, 1, 1, 1, 1, 1, 1, 1, 1, 1, 0, 1, 1, 1, 1, 0, 0, 1, 1, 0, 1, 0, 1, 1, 1, 0, 1, 0, 0, 1, 1, 1, 1, 0, 0, 1, 1, 1, 1, 0, 0, 1, 1, 0, 0, 1, 0, 1, 1, 0, 1, 1, 1, 0, 0, 0, 0, 1, 1, 1, 0, 1, 0, 0, 1, 0, 0, 0, 1, 1, 0, 1, 0, 1, 0, 0, 1, 1, 0, 0, 1, 0, 1, 1, 1, 1, 1, 0, 0, 1, 1, 1, 0, 1, 0, 1, 0, 0, 1, 0, 0, 1, 1, 0, 1, 1, 1, 0, 1, 0, 0, 0, 0, 0, 1, 1, 1, 1, 0, 1, 0, 1, 1, 1, 1, 1, 0, 1, 0, 1, 0, 1, 1, 1, 1, 0, 1, 1, 0, 1, 1, 0, 1, 0, 1, 1, 1, 0, 0, 1, 1, 1, 1, 0, 0, 1, 1, 1, 0, 1, 0, 0, 1, 1, 0, 1, 0, 0, 0, 1, 1, 1, 1, 0, 0, 0, 0, 0, 1, 0, 0, 0, 1, 0]","[1, 0, 0, 1, 1, 1, 0, 0, 1, 1, 1, 0, 1, 1, 0, 0, 1, 1, 0, 0, 1, 0, 1, 1, 0, 1, 1, 1, 1, 1, 0, 1, 0, 1, 1, 1, 1, 0, 1, 1, 1, 1, 0, 1, 1, 0, 1, 1, 1, 1, 1, 1, 1, 1, 1, 0, 0, 0, 0, 0, 0, 1, 1, 1, 1, 1, 1, 1, 1, 1, 1, 0, 1, 1, 1, 1, 1, 1, 0, 0, 0, 1, 1, 1, 0, 0, 1, 1, 0, 0, 1, 1, 0, 1, 0, 1, 0, 0, 0, 1, 1, 1, 1, 0, 1, 1, 1, 1, 1, 1, 1, 1, 1, 1, 1, 1, 1, 1, 0, 0, 0, 1, 0, 0, 1, 0, 0, 0, 1, 1, 0, 0, 1, 1, 1, 1, 1, 1, 0, 1, 1, 0, 0, 0, 1, 1, 1, 1, 0, 1, 1, 0, 0, 1, 1, 1, 1, 0, 1, 1, 1, 1, 1, 1, 1, 1, 0, 1, 1, 0, 0, 1, 1, 1, 0, 0, 1, 1, 1, 1, 1, 1, 0, 1, 0, 1, 0, 1, 1, 0, 0, 0, 1, 1, 1, 1, 0, 0, 1, 1, 1, 1, 0, 0, 1, 0, 1, 0, 0, 1, 1, 0, 0, 1, 0]","[0.59, 0.47, 0.1, 0.63, 0.76, 0.87, 0.37, 0.34, 0.72, 0.91, 0.76, 0.24, 0.57, 0.96, 0.15, 0.02, 0.99, 0.7438476953907815, 0.25, 0.2141691269119703, 0.69, 0.18, 0.79, 0.63, 0.16, 0.52, 0.67, 0.92, 0.6, 0.66, 0.47, 0.79, 0.31, 0.6, 0.87, 0.58, 0.96, 0.32, 0.54, 0.97, 0.77, 0.83, 0.32275304569385954, 0.99, 0.7238476953907815, 0.5, 0.58, 0.83, 0.58, 0.99, 0.88, 0.54, 0.69, 0.75, 0.79, 0.23, 0.24622982938581878, 0.04, 0.23, 0.46, 0.3, 0.91, 0.68, 0.82, 0.81, 0.83, 0.53, 0.64, 0.66, 0.86, 0.76, 0.26, 0.88, 0.9, 0.6138476953907815, 0.63, 0.87, 0.6263073541624191, 0.25, 0.36416912691197034, 0.4, 0.68, 0.98, 0.62, 0.32, 0.05, 0.89, 0.56, 0.42, 0.28, 0.92, 0.67, 0.29, 0.52, 0.49, 0.83, 0.41, 0.38, 0.02, 0.63, 0.57, 0.67, 0.65, 0.35, 0.87, 0.83, 0.59, 0.7438476953907815, 0.7538476953907814, 0.79, 0.92, 1.0, 0.88, 0.7655571635311144, 0.71, 0.61, 0.71, 0.78, 0.02, 0.34, 0.49, 0.78, 0.44, 0.45, 0.98, 0.3, 0.44, 0.23, 0.82, 0.86, 0.06, 0.48, 0.95, 0.89, 0.91, 0.86, 0.75, 0.87, 0.31, 0.77, 0.76, 0.28, 0.36, 0.5, 0.55, 0.97, 0.81, 0.98, 0.03, 0.65, 0.9138476953907815, 0.01, 0.34, 0.56, 0.98, 0.9, 1.0, 0.47, 0.97, 0.83, 0.8, 0.73, 0.8, 1.0, 0.8, 0.66, 0.15, 0.74, 0.93, 0.31, 0.3, 0.94, 0.55, 0.6139231778656135, 0.45, 0.45, 0.51, 0.63, 0.977695390781563, 0.8832525543126774, 0.82, 0.7665232163080408, 0.48, 0.53, 0.46, 0.69, 0.02, 0.73, 0.65, 0.39, 0.26, 0.38, 0.7, 0.86, 0.81, 0.83, 0.4, 0.27, 0.74, 0.73, 0.5838476953907815, 1.0, 0.26381160611857046, 0.08, 0.88, 0.34, 0.63, 0.29, 0.38, 0.57, 0.77, 0.24, 0.03, 0.63, 0.04]"
2024-08,2024-02,"[0, 1, 1, 0, 0, 1, 1, 1, 0, 1, 1, 1, 0, 1, 1, 1, 0, 0, 0, 0, 1, 1, 1, 1, 0, 1, 1, 0, 1, 1, 1, 1, 0, 1, 1, 0, 1, 0, 1, 1, 1, 1, 1, 1, 1, 0, 1, 1, 1, 1, 1, 1, 1, 0, 1, 1, 0, 0, 1, 1, 1, 1, 1, 1, 0, 0, 1, 0, 1, 1, 0, 1, 1, 1, 1, 1, 1, 1, 0, 1, 0, 1, 0, 1, 1, 1, 0, 1, 1, 1, 0, 0, 0, 0, 0, 0, 1, 1, 0, 1, 0, 1, 1, 0, 1, 1, 1, 0, 0, 1, 1, 1, 1, 1, 0, 1, 1, 1, 1, 1, 1, 1, 1, 1, 1, 1, 1, 1, 0, 1, 1, 1, 1, 1, 0, 1, 1, 0, 0, 1, 1, 1, 1, 1, 1, 0, 0, 0, 0, 0, 1, 1, 1, 0, 0, 1, 0, 1, 1, 0, 0, 0, 1, 1, 1, 0, 1, 1, 1, 0, 1, 1, 1, 1, 1, 1, 1, 1, 1, 0, 1, 1, 0, 1, 1, 0, 1, 1, 0, 1, 1, 0, 0, 0, 1, 0, 0, 0, 1, 0, 0, 1, 1, 0, 1, 1, 0, 1, 1, 1, 1, 0]","[0, 0, 0, 0, 0, 0, 0, 0, 0, 0, 0, 0, 0, 0, 0, 0, 0, 0, 0, 0, 0, 0, 0, 0, 0, 0, 0, 0, 0, 0, 0, 0, 0, 0, 0, 0, 0, 0, 0, 0, 0, 0, 0, 0, 0, 0, 0, 0, 0, 0, 0, 0, 0, 0, 0, 0, 0, 0, 0, 0, 0, 0, 0, 0, 0, 0, 0, 0, 0, 0, 0, 0, 0, 0, 0, 0, 0, 0, 0, 0, 0, 0, 0, 0, 0, 0, 0, 0, 0, 0, 0, 0, 0, 0, 0, 0, 0, 0, 0, 0, 0, 0, 0, 0, 0, 0, 0, 0, 0, 0, 0, 0, 0, 0, 0, 0, 0, 0, 0, 0, 0, 0, 0, 0, 0, 0, 0, 0, 0, 0, 0, 0, 0, 0, 0, 0, 0, 0, 0, 0, 0, 0, 0, 0, 0, 0, 0, 0, 0, 0, 0, 0, 0, 0, 0, 0, 0, 0, 0, 0, 0, 0, 0, 0, 0, 0, 0, 0, 0, 0, 0, 0, 0, 0, 0, 0, 0, 0, 0, 0, 0, 0, 0, 0, 0, 0, 0, 0, 0, 0, 0, 0, 0, 0, 0, 0, 0, 0, 0, 0, 0, 0, 0, 0, 0, 0, 0, 0, 0, 0, 0, 0]","[0.49, 0.49, 0.49, 0.49, 0.49, 0.49, 0.49, 0.49, 0.49, 0.49, 0.49, 0.49, 0.49, 0.49, 0.49, 0.49, 0.49, 0.5, 0.49, 0.49, 0.47, 0.49, 0.49, 0.49, 0.49, 0.47, 0.49, 0.49, 0.49, 0.49, 0.49, 0.49, 0.49, 0.49, 0.49, 0.49, 0.49, 0.49, 0.49, 0.49, 0.49, 0.49, 0.49, 0.49, 0.49, 0.49, 0.49, 0.49, 0.49, 0.49, 0.49, 0.49, 0.49, 0.49, 0.49, 0.49, 0.49, 0.49, 0.49, 0.49, 0.49, 0.49, 0.49, 0.49, 0.49, 0.49, 0.49, 0.49, 0.49, 0.49, 0.49, 0.49, 0.49, 0.49, 0.49, 0.49, 0.49, 0.49, 0.49, 0.49, 0.49, 0.49, 0.49, 0.49, 0.49, 0.49, 0.49, 0.49, 0.49, 0.49, 0.49, 0.49, 0.49, 0.49, 0.49, 0.5, 0.49, 0.49, 0.49, 0.49, 0.49, 0.49, 0.49, 0.49, 0.49, 0.49, 0.49, 0.49, 0.49, 0.49, 0.49, 0.49, 0.49, 0.49, 0.49, 0.49, 0.49, 0.49, 0.49, 0.49, 0.49, 0.49, 0.49, 0.49, 0.47, 0.47, 0.49, 0.49, 0.49, 0.49, 0.49, 0.49, 0.49, 0.47, 0.49, 0.49, 0.49, 0.49, 0.49, 0.49, 0.49, 0.49, 0.48, 0.49, 0.49, 0.49, 0.49, 0.49, 0.49, 0.49, 0.49, 0.49, 0.49, 0.49, 0.49, 0.49, 0.49, 0.49, 0.49, 0.49, 0.47, 0.49, 0.49, 0.49, 0.49, 0.49, 0.49, 0.49, 0.49, 0.49, 0.49, 0.49, 0.49, 0.49, 0.49, 0.49, 0.49, 0.49, 0.49, 0.49, 0.49, 0.49, 0.49, 0.49, 0.49, 0.49, 0.49, 0.49, 0.49, 0.49, 0.49, 0.49, 0.49, 0.49, 0.49, 0.49, 0.49, 0.49, 0.49, 0.49, 0.49, 0.49, 0.47, 0.49, 0.49, 0.47, 0.49, 0.49, 0.49, 0.49, 0.49, 0.49]"
2024-08,2024-11,"[1, 1, 1, 1, 1, 1, 1, 0, 1, 1, 1, 1, 1, 1, 1, 1, 1, 1, 0, 1, 1, 1, 1, 1, 1, 1, 1, 1, 1, 1, 1, 1, 1, 1, 1, 1, 1, 1, 1, 1, 1, 1, 1, 1, 0, 1, 1, 1, 1, 1, 1, 1, 1, 1, 1, 0, 1, 1, 0, 1, 1, 1, 1, 0, 1, 1, 1, 1, 1, 1, 1, 1, 1, 0, 1, 1, 1, 1, 1, 1, 1, 0, 1, 1, 1, 1, 1, 1, 1, 1, 0, 1, 1, 1, 0, 0, 1, 1, 0, 0, 1, 0, 1, 1, 0, 1, 1, 0, 0, 1, 0, 1, 1, 1, 1, 1, 1, 1, 1, 1, 0, 1, 1, 1, 1, 1, 1, 1, 1, 1, 1, 1, 1, 0, 1, 1, 1, 1, 1, 1, 1, 0, 1, 0, 1, 1, 1, 1, 1, 1, 1, 1, 1, 1, 1, 1, 1, 1, 1, 1, 1, 1, 1, 1, 1, 1, 1, 1, 0, 1, 1, 1, 1, 1, 1, 1, 1, 1, 1, 1, 0, 1, 1, 1, 1, 1, 1, 1, 1, 1, 1, 1, 1, 0, 1, 1, 0, 1, 0, 1, 1, 1, 1, 1, 1, 1, 1, 1, 1, 0, 1, 1, 1, 0, 1]","[0, 0, 0, 0, 0, 0, 0, 0, 0, 0, 0, 0, 0, 0, 0, 0, 0, 0, 0, 0, 0, 0, 0, 0, 0, 0, 0, 0, 0, 0, 0, 0, 0, 0, 0, 0, 0, 0, 0, 0, 0, 0, 0, 0, 0, 0, 0, 0, 0, 0, 0, 0, 0, 0, 0, 0, 0, 0, 0, 0, 0, 0, 0, 0, 0, 0, 0, 0, 0, 0, 0, 0, 0, 0, 0, 0, 0, 0, 0, 0, 0, 0, 0, 0, 0, 0, 0, 0, 0, 0, 0, 0, 0, 0, 0, 0, 0, 0, 0, 0, 0, 0, 0, 0, 0, 0, 0, 0, 0, 0, 0, 0, 0, 0, 0, 0, 0, 0, 0, 0, 0, 0, 0, 0, 0, 0, 0, 0, 0, 0, 0, 0, 0, 0, 0, 0, 0, 0, 0, 0, 0, 0, 0, 0, 0, 0, 0, 0, 0, 0, 0, 0, 0, 0, 0, 0, 0, 0, 0, 0, 0, 0, 0, 0, 0, 0, 0, 0, 0, 0, 0, 0, 0, 0, 0, 0, 0, 0, 0, 0, 0, 0, 0, 0, 0, 0, 0, 0, 0, 0, 0, 0, 0, 0, 0, 0, 0, 0, 0, 0, 0, 0, 0, 0, 0, 0, 0, 0, 0, 0, 0, 0, 0, 0, 0]","[0.45, 0.28, 0.46, 0.44, 0.27, 0.27, 0.28, 0.32, 0.26, 0.34, 0.49, 0.42, 0.35, 0.48, 0.4, 0.41, 0.36, 0.36, 0.33, 0.45, 0.5, 0.33, 0.46, 0.37, 0.34, 0.45, 0.5, 0.4, 0.38, 0.27, 0.3, 0.34, 0.38, 0.36, 0.3, 0.48, 0.33, 0.45, 0.45, 0.35, 0.35, 0.42, 0.4, 0.45, 0.38, 0.37, 0.47, 0.49, 0.38, 0.34, 0.35, 0.35, 0.34, 0.45, 0.24, 0.31, 0.48, 0.36, 0.31, 0.38, 0.46, 0.2, 0.37, 0.4, 0.34, 0.34, 0.4, 0.38, 0.38, 0.34, 0.33, 0.5, 0.3, 0.5, 0.48, 0.31, 0.3, 0.23, 0.38, 0.28, 0.38, 0.3, 0.33, 0.35, 0.33, 0.32, 0.41, 0.36, 0.32, 0.5, 0.4, 0.37, 0.36, 0.32, 0.44, 0.46, 0.26, 0.37, 0.29, 0.44, 0.46, 0.44, 0.48, 0.2, 0.41, 0.48, 0.25, 0.45, 0.25, 0.46, 0.46, 0.44, 0.29, 0.45, 0.31, 0.32, 0.36, 0.26, 0.33, 0.39, 0.36, 0.29, 0.41, 0.32, 0.32, 0.3, 0.33, 0.37, 0.32, 0.37, 0.41, 0.19, 0.25, 0.45, 0.26, 0.38, 0.34, 0.34, 0.33, 0.37, 0.43, 0.42, 0.32, 0.24, 0.23, 0.32, 0.43, 0.38, 0.43, 0.35, 0.42, 0.47, 0.34, 0.4, 0.37, 0.34, 0.37, 0.28, 0.24, 0.28, 0.29, 0.31, 0.35, 0.4, 0.28, 0.38, 0.32, 0.24, 0.3, 0.33, 0.23, 0.38, 0.26, 0.47, 0.5, 0.43, 0.39, 0.31, 0.47, 0.38, 0.44, 0.45, 0.4, 0.28, 0.27, 0.3, 0.47, 0.34, 0.3, 0.36, 0.27, 0.32, 0.28, 0.45, 0.28, 0.32, 0.35, 0.23, 0.34, 0.28, 0.37, 0.42, 0.45, 0.33, 0.4, 0.33, 0.39, 0.38, 0.34, 0.38, 0.3, 0.32, 0.43, 0.23, 0.38]"
2024-08,2024-07,"[1, 1, 0, 0, 1, 0, 0, 0, 0, 1, 0, 1, 1, 1, 1, 0, 1, 1, 1, 0, 0, 0, 0, 1, 0, 1, 0, 0, 0, 1, 0, 0, 1, 1, 0, 1, 1, 1, 1, 1, 0, 0, 1, 0, 1, 1, 1, 1, 1, 0, 1, 1, 0, 1, 1, 1, 1, 0, 1, 0, 1, 0, 0, 1, 1, 0, 1, 1, 0, 1, 1, 1, 0, 0, 0, 0, 0, 1, 0, 0, 1, 0, 1, 1, 1, 0, 0, 0, 1, 1, 1, 0, 1, 1, 0, 0, 1, 0, 1, 1, 0, 1, 1, 1, 0, 1, 1, 0, 0, 1, 1, 1, 1, 1, 1, 0, 1, 1, 0, 1, 1, 0, 1, 0, 0, 1, 0, 1, 1, 0, 0, 0, 1, 1, 0, 1, 1, 0, 1, 0, 0, 0, 0, 0, 0, 0, 0, 1, 1, 1, 0, 1, 0, 1, 1, 1, 1, 1, 1, 1, 1, 1, 1, 1, 1, 1, 1, 1, 1, 1, 0, 0, 0, 0, 0, 0, 1, 0, 0, 0, 0, 1, 0, 0, 0, 1, 1, 0, 1, 0, 1, 1, 1, 0, 1, 1, 1, 1, 1, 0, 1, 1, 1, 1, 1, 0, 1, 0, 1, 1, 1, 1, 1, 0, 1]","[0, 0, 0, 0, 0, 0, 0, 0, 0, 0, 0, 0, 0, 0, 0, 0, 0, 0, 0, 0, 0, 0, 0, 0, 0, 0, 0, 0, 0, 0, 0, 0, 0, 0, 0, 0, 0, 0, 0, 0, 0, 0, 0, 0, 0, 0, 0, 0, 0, 0, 0, 0, 0, 0, 0, 0, 0, 0, 0, 0, 0, 0, 0, 0, 0, 0, 0, 0, 0, 0, 0, 0, 0, 0, 0, 0, 0, 0, 0, 0, 0, 0, 0, 0, 0, 0, 0, 0, 0, 0, 0, 0, 0, 0, 0, 0, 0, 0, 0, 0, 0, 0, 0, 0, 0, 0, 0, 0, 0, 0, 0, 0, 0, 0, 0, 0, 0, 0, 0, 0, 0, 0, 0, 0, 0, 0, 0, 0, 0, 0, 0, 0, 0, 0, 0, 0, 0, 0, 0, 0, 0, 0, 0, 0, 0, 0, 0, 0, 0, 0, 0, 0, 0, 0, 0, 0, 0, 0, 0, 0, 0, 0, 0, 0, 0, 0, 0, 0, 0, 0, 0, 0, 0, 0, 0, 0, 0, 0, 0, 0, 0, 0, 0, 0, 0, 0, 0, 0, 0, 0, 0, 0, 0, 0, 0, 0, 0, 0, 0, 0, 0, 0, 0, 0, 0, 0, 0, 0, 0, 0, 0, 0, 0, 0, 0]","[0.49, 0.41, 0.41, 0.48, 0.28, 0.35, 0.41, 0.35, 0.37, 0.41, 0.44, 0.44, 0.49, 0.41, 0.32, 0.4, 0.45, 0.32, 0.46, 0.4, 0.43, 0.48, 0.28, 0.31, 0.32, 0.37, 0.4, 0.31, 0.36, 0.38, 0.39, 0.45, 0.45, 0.36, 0.28, 0.39, 0.43, 0.31, 0.31, 0.46, 0.26, 0.39, 0.46, 0.32, 0.19, 0.28, 0.36, 0.37, 0.38, 0.47, 0.46, 0.39, 0.32, 0.36, 0.46, 0.39, 0.33, 0.41, 0.32, 0.38, 0.28, 0.35, 0.45, 0.23, 0.37, 0.44, 0.39, 0.37, 0.38, 0.22, 0.39, 0.43, 0.34, 0.32, 0.37, 0.34, 0.43, 0.42, 0.19, 0.38, 0.48, 0.43, 0.45, 0.42, 0.19, 0.4, 0.26, 0.44, 0.43, 0.42, 0.37, 0.39, 0.45, 0.41, 0.39, 0.36, 0.38, 0.4, 0.4, 0.44, 0.38, 0.44, 0.48, 0.43, 0.42, 0.5, 0.46, 0.48, 0.38, 0.34, 0.36, 0.45, 0.47, 0.41, 0.35, 0.34, 0.39, 0.39, 0.36, 0.4, 0.37, 0.39, 0.46, 0.38, 0.37, 0.37, 0.36, 0.41, 0.34, 0.4, 0.37, 0.43, 0.37, 0.46, 0.44, 0.49, 0.47, 0.42, 0.4, 0.43, 0.3, 0.35, 0.42, 0.43, 0.47, 0.36, 0.41, 0.31, 0.42, 0.5, 0.42, 0.37, 0.41, 0.42, 0.28, 0.46, 0.38, 0.36, 0.4, 0.38, 0.44, 0.44, 0.38, 0.44, 0.4, 0.44, 0.47, 0.42, 0.39, 0.44, 0.31, 0.48, 0.41, 0.33, 0.45, 0.42, 0.44, 0.33, 0.33, 0.29, 0.29, 0.3, 0.31, 0.3, 0.29, 0.33, 0.42, 0.47, 0.35, 0.42, 0.44, 0.38, 0.46, 0.35, 0.42, 0.44, 0.46, 0.41, 0.39, 0.39, 0.3, 0.4, 0.47, 0.38, 0.35, 0.29, 0.46, 0.45, 0.32, 0.39, 0.49, 0.43, 0.33, 0.28, 0.47]"
2024-08,2024-06,"[1, 0, 1, 0, 1, 1, 1, 1, 0, 1, 1, 1, 1, 0, 0, 0, 0, 1, 0, 0, 1, 1, 1, 1, 1, 0, 0, 1, 0, 0, 1, 0, 1, 1, 0, 0, 1, 1, 1, 0, 1, 0, 1, 0, 0, 1, 0, 1, 1, 0, 1, 0, 0, 1, 1, 1, 1, 0, 1, 1, 0, 1, 0, 1, 0, 0, 1, 0, 1, 1, 0, 0, 1, 0, 0, 0, 0, 0, 1, 1, 1, 1, 1, 1, 1, 1, 0, 0, 0, 0, 0, 1, 1, 1, 1, 1, 1, 1, 1, 1, 1, 1, 1, 0, 0, 0, 1, 1, 0, 1, 0, 0, 0, 0, 1, 0, 1, 1, 0, 0, 1, 0, 0, 1, 1, 0, 1, 1, 1, 0, 1, 0, 1, 0, 0, 0, 1, 1, 1, 1, 1, 0, 0, 1, 0, 1, 1, 1, 1, 0, 0, 1, 1, 0, 1, 1, 1, 0, 1, 1, 1, 1, 1, 0, 1, 1, 1, 1, 0, 0, 1, 1, 1, 1, 1, 1, 1, 1, 0, 1, 1, 1, 1, 1, 1, 1, 1, 1, 0, 1, 0, 0, 1, 1, 0, 0, 0, 0, 1, 1, 0, 1, 1, 1, 0, 0, 1, 0]","[0, 0, 0, 0, 0, 0, 0, 0, 0, 0, 0, 0, 0, 0, 0, 0, 0, 0, 0, 0, 0, 0, 0, 0, 1, 0, 0, 0, 0, 0, 0, 0, 0, 0, 0, 0, 0, 0, 0, 0, 0, 0, 0, 0, 0, 0, 0, 0, 0, 0, 0, 0, 0, 0, 0, 0, 0, 0, 0, 0, 0, 0, 0, 0, 0, 0, 0, 0, 0, 0, 0, 0, 0, 0, 0, 0, 0, 0, 0, 0, 0, 0, 0, 0, 0, 0, 0, 0, 0, 0, 0, 0, 0, 0, 0, 0, 0, 0, 0, 0, 0, 0, 0, 0, 0, 0, 0, 0, 0, 0, 0, 0, 0, 0, 0, 0, 0, 0, 0, 0, 0, 0, 0, 0, 0, 0, 0, 0, 0, 0, 0, 0, 0, 0, 0, 0, 0, 0, 0, 0, 0, 0, 0, 0, 0, 0, 0, 0, 0, 0, 0, 0, 0, 0, 0, 0, 0, 1, 0, 0, 0, 0, 0, 0, 0, 0, 0, 0, 0, 0, 0, 0, 0, 0, 0, 0, 0, 0, 0, 0, 0, 0, 0, 0, 0, 0, 0, 0, 0, 0, 0, 0, 0, 0, 0, 0, 0, 0, 0, 0, 0, 0, 0, 0, 0, 0, 0, 0]","[0.3062298293858188, 0.29, 0.38, 0.48, 0.44, 0.49, 0.36, 0.24, 0.23, 0.38, 0.37, 0.38, 0.48, 0.41, 0.39, 0.42, 0.46, 0.24, 0.47, 0.25, 0.46, 0.5, 0.33, 0.44, 0.51, 0.39, 0.23, 0.46, 0.33, 0.25, 0.33, 0.42, 0.46, 0.47, 0.37, 0.37, 0.31, 0.46, 0.47, 0.46, 0.46, 0.46, 0.37, 0.43, 0.48, 0.44, 0.47, 0.38, 0.39, 0.27, 0.46, 0.22, 0.19, 0.34, 0.41, 0.37, 0.36, 0.46, 0.46, 0.46, 0.3, 0.47, 0.37, 0.46, 0.38, 0.46, 0.32, 0.28, 0.48, 0.34, 0.37, 0.27, 0.33, 0.29, 0.29, 0.23, 0.31, 0.24, 0.46, 0.39, 0.23, 0.28, 0.39, 0.44, 0.44, 0.48, 0.25, 0.45, 0.46, 0.45, 0.5, 0.5, 0.42, 0.3162298293858188, 0.37, 0.42, 0.38, 0.46, 0.44, 0.39, 0.45, 0.39, 0.39, 0.39, 0.47, 0.44, 0.33, 0.34, 0.35, 0.26, 0.38, 0.29, 0.35, 0.3, 0.25, 0.27, 0.41, 0.33, 0.32, 0.41, 0.48, 0.43, 0.2, 0.45, 0.2, 0.38, 0.23, 0.37, 0.34, 0.41, 0.45, 0.41, 0.49, 0.49, 0.47, 0.47, 0.46, 0.49, 0.46, 0.34, 0.47, 0.3, 0.28, 0.35, 0.29, 0.49, 0.29, 0.41, 0.41, 0.44, 0.42, 0.42, 0.49, 0.31, 0.31, 0.38, 0.43, 0.51, 0.41, 0.48, 0.37, 0.19, 0.49, 0.38, 0.44, 0.44, 0.43, 0.33, 0.47, 0.44, 0.42, 0.39, 0.41, 0.27, 0.47, 0.42, 0.24, 0.31, 0.21, 0.29, 0.48, 0.44, 0.27, 0.24, 0.45, 0.42, 0.44, 0.35, 0.29, 0.39, 0.45, 0.46, 0.44, 0.33, 0.32, 0.2, 0.38, 0.23, 0.46, 0.36, 0.39, 0.38, 0.43, 0.46, 0.43, 0.47, 0.37, 0.48]"
2024-02,2024-02,"[0, 1, 1, 0, 0, 1, 1, 1, 0, 1, 1, 1, 0, 1, 1, 1, 0, 0, 0, 0, 1, 1, 1, 1, 0, 1, 1, 0, 1, 1, 1, 1, 0, 1, 1, 0, 1, 0, 1, 1, 1, 1, 1, 1, 1, 0, 1, 1, 1, 1, 1, 1, 1, 0, 1, 1, 0, 0, 1, 1, 1, 1, 1, 1, 0, 0, 1, 0, 1, 1, 0, 1, 1, 1, 1, 1, 1, 1, 0, 1, 0, 1, 0, 1, 1, 1, 0, 1, 1, 1, 0, 0, 0, 0, 0, 0, 1, 1, 0, 1, 0, 1, 1, 0, 1, 1, 1, 0, 0, 1, 1, 1, 1, 1, 0, 1, 1, 1, 1, 1, 1, 1, 1, 1, 1, 1, 1, 1, 0, 1, 1, 1, 1, 1, 0, 1, 1, 0, 0, 1, 1, 1, 1, 1, 1, 0, 0, 0, 0, 0, 1, 1, 1, 0, 0, 1, 0, 1, 1, 0, 0, 0, 1, 1, 1, 0, 1, 1, 1, 0, 1, 1, 1, 1, 1, 1, 1, 1, 1, 0, 1, 1, 0, 1, 1, 0, 1, 1, 0, 1, 1, 0, 0, 0, 1, 0, 0, 0, 1, 0, 0, 1, 1, 0, 1, 1, 0, 1, 1, 1, 1, 0]","[1, 0, 1, 1, 0, 0, 1, 1, 0, 0, 0, 1, 0, 1, 1, 1, 1, 1, 1, 1, 1, 1, 0, 1, 0, 1, 1, 1, 1, 1, 1, 0, 1, 1, 1, 1, 1, 1, 1, 1, 1, 0, 1, 0, 1, 1, 1, 1, 1, 1, 1, 0, 1, 0, 1, 1, 1, 1, 0, 1, 1, 1, 1, 1, 0, 1, 0, 1, 0, 1, 1, 1, 1, 1, 1, 1, 1, 1, 1, 1, 0, 1, 1, 1, 1, 1, 1, 1, 1, 0, 1, 1, 1, 1, 1, 1, 1, 1, 1, 1, 1, 1, 1, 1, 0, 0, 0, 0, 1, 1, 1, 0, 0, 1, 1, 1, 1, 1, 0, 1, 1, 1, 1, 1, 1, 1, 1, 1, 0, 1, 1, 1, 1, 1, 1, 1, 1, 1, 1, 1, 1, 1, 1, 1, 1, 1, 1, 0, 1, 1, 0, 1, 1, 0, 1, 1, 1, 1, 1, 1, 1, 1, 1, 1, 0, 1, 1, 1, 1, 1, 0, 1, 1, 1, 1, 1, 1, 1, 1, 0, 1, 1, 1, 0, 1, 0, 0, 0, 1, 0, 1, 0, 0, 1, 1, 1, 1, 1, 1, 0, 0, 1, 1, 0, 0, 1, 1, 1, 1, 1, 0, 1]","[0.7630439657852294, 0.31, 0.6197434933487564, 0.69, 0.07, 0.32, 0.69, 0.98, 0.41, 0.33617807684199713, 0.48, 0.55, 0.48, 0.54, 1.0, 0.96, 0.84, 0.7052242744063324, 0.86, 0.85, 0.78, 0.54, 0.25, 1.0, 0.28, 0.56, 0.87, 0.8747856563571546, 0.94, 0.93, 0.93, 0.42, 0.82, 0.91, 0.87, 0.892672064777328, 0.72, 0.7989997772092488, 0.71, 0.96, 0.6224112845041692, 0.36, 0.82, 0.44, 0.99, 0.8, 0.74, 0.95, 0.91, 0.7697615077229862, 0.7307578444750444, 0.18, 0.97, 0.42, 0.51, 0.52, 0.72, 0.61, 0.5, 0.5957593084709325, 0.94, 0.95, 0.87, 0.98, 0.08, 0.59, 0.14, 0.57, 0.33, 0.96, 0.81, 0.66, 0.96, 0.81, 0.97, 0.83, 0.93, 0.73, 0.94, 0.8, 0.48, 0.59, 0.9159325842696628, 0.94, 0.84, 0.72, 0.96, 1.0, 0.83, 0.38, 0.69, 0.85, 0.77, 0.97, 0.92, 0.9, 0.96, 0.97, 0.63, 0.62, 0.91, 0.64, 0.91, 0.67, 0.3553009962385306, 0.4453009962385306, 0.41518970785764286, 0.42, 0.76, 0.98, 0.77, 0.46, 0.48, 1.0, 0.56, 0.96, 0.98, 0.88, 0.42, 0.87, 1.0, 0.95, 0.96, 0.9359325842696629, 0.9, 0.98, 0.56, 0.55, 0.2988335789801731, 0.71, 0.95, 0.6266913004765056, 0.81, 0.93, 0.74, 0.99, 0.82, 0.54, 0.95, 0.97, 0.81, 0.9, 0.83, 0.75, 0.86, 0.82, 0.89, 0.03, 0.96, 0.72, 0.19, 0.95, 0.97, 0.19, 0.96, 0.99, 0.8, 0.9842172523961662, 0.79, 0.83, 0.7, 0.55, 0.73, 0.86, 0.43, 0.92, 0.93, 0.87, 0.9, 0.73, 0.14, 1.0, 0.96, 0.8825386230390351, 0.85, 0.95, 1.0, 0.8, 0.9842172523961662, 0.11, 0.8, 0.7307578444750444, 0.84, 0.37572289615366716, 0.9167788832799866, 0.41, 0.4508354430379747, 0.06, 0.55, 0.37, 0.54, 0.23, 0.33, 0.63, 0.52, 0.84, 0.63, 0.79, 0.63, 0.42, 0.5, 0.97, 0.64, 0.45, 0.15, 0.71, 0.69, 0.95, 0.99, 0.98, 0.49, 0.64]"
2024-02,2024-11,"[1, 1, 1, 1, 1, 1, 1, 0, 1, 1, 1, 1, 1, 1, 1, 1, 1, 1, 0, 1, 1, 1, 1, 1, 1, 1, 1, 1, 1, 1, 1, 1, 1, 1, 1, 1, 1, 1, 1, 1, 1, 1, 1, 1, 0, 1, 1, 1, 1, 1, 1, 1, 1, 1, 1, 0, 1, 1, 0, 1, 1, 1, 1, 0, 1, 1, 1, 1, 1, 1, 1, 1, 1, 0, 1, 1, 1, 1, 1, 1, 1, 0, 1, 1, 1, 1, 1, 1, 1, 1, 0, 1, 1, 1, 0, 0, 1, 1, 0, 0, 1, 0, 1, 1, 0, 1, 1, 0, 0, 1, 0, 1, 1, 1, 1, 1, 1, 1, 1, 1, 0, 1, 1, 1, 1, 1, 1, 1, 1, 1, 1, 1, 1, 0, 1, 1, 1, 1, 1, 1, 1, 0, 1, 0, 1, 1, 1, 1, 1, 1, 1, 1, 1, 1, 1, 1, 1, 1, 1, 1, 1, 1, 1, 1, 1, 1, 1, 1, 0, 1, 1, 1, 1, 1, 1, 1, 1, 1, 1, 1, 0, 1, 1, 1, 1, 1, 1, 1, 1, 1, 1, 1, 1, 0, 1, 1, 0, 1, 0, 1, 1, 1, 1, 1, 1, 1, 1, 1, 1, 0, 1, 1, 1, 0, 1]","[1, 1, 1, 1, 1, 1, 1, 1, 1, 1, 1, 1, 1, 1, 1, 1, 1, 1, 1, 1, 1, 1, 1, 1, 1, 1, 1, 1, 1, 1, 1, 1, 1, 1, 1, 1, 1, 1, 1, 1, 1, 1, 1, 1, 1, 1, 1, 1, 1, 1, 1, 1, 1, 1, 1, 1, 1, 1, 1, 1, 1, 1, 1, 1, 1, 1, 1, 1, 1, 1, 1, 1, 1, 1, 1, 1, 1, 1, 1, 1, 1, 1, 1, 1, 1, 1, 1, 1, 1, 1, 1, 1, 1, 1, 1, 1, 1, 1, 1, 1, 1, 1, 1, 1, 1, 1, 1, 1, 1, 1, 1, 1, 1, 1, 1, 1, 1, 1, 1, 1, 1, 1, 1, 1, 1, 1, 1, 1, 1, 1, 1, 1, 1, 1, 1, 1, 1, 1, 1, 1, 1, 1, 1, 1, 1, 1, 1, 1, 1, 1, 1, 1, 1, 1, 1, 1, 1, 1, 1, 1, 1, 1, 1, 1, 1, 1, 1, 1, 1, 1, 1, 1, 1, 1, 1, 1, 1, 1, 1, 1, 1, 1, 1, 1, 1, 1, 1, 1, 1, 1, 1, 1, 1, 1, 1, 1, 1, 1, 1, 1, 1, 1, 1, 1, 1, 1, 1, 1, 1, 1, 1, 1, 1, 1, 1]","[0.84, 0.65, 0.84, 0.69, 0.7, 0.7, 0.72, 0.72, 0.68, 0.72, 0.67, 0.69, 0.72, 0.79, 0.72, 0.75, 0.72, 0.69, 0.71, 0.71, 0.86, 0.7, 0.83, 0.7, 0.69, 0.7, 0.83, 0.73, 0.71, 0.71, 0.69, 0.69, 0.7, 0.7, 0.69, 0.71, 0.64, 0.84, 0.75, 0.72, 0.7, 0.69, 0.69, 0.84, 0.71, 0.73, 0.7, 0.83, 0.71, 0.71, 0.72, 0.72, 0.71, 0.84, 0.68, 0.65, 0.76, 0.69, 0.69, 0.71, 0.85, 0.71, 0.69, 0.64, 0.65, 0.7, 0.7, 0.7, 0.71, 0.64, 0.7, 0.83, 0.66, 0.73, 0.84, 0.7, 0.62, 0.69, 0.7, 0.64, 0.7, 0.6, 0.68, 0.71, 0.71, 0.72, 0.69, 0.69, 0.7, 0.79, 0.71, 0.71, 0.7, 0.71, 0.79, 0.85, 0.68, 0.71, 0.71, 0.78, 0.68, 0.78, 0.71, 0.69, 0.64, 0.71, 0.69, 0.84, 0.69, 0.84, 0.73, 0.67, 0.69, 0.7, 0.71, 0.7, 0.71, 0.7, 0.68, 0.7, 0.69, 0.69, 0.75, 0.7, 0.69, 0.64, 0.7, 0.7, 0.71, 0.7, 0.67, 0.69, 0.69, 0.82, 0.68, 0.71, 0.71, 0.71, 0.67, 0.69, 0.68, 0.68, 0.72, 0.69, 0.7, 0.67, 0.71, 0.7, 0.69, 0.71, 0.69, 0.84, 0.69, 0.64, 0.69, 0.71, 0.7, 0.71, 0.7, 0.69, 0.69, 0.69, 0.7, 0.7, 0.68, 0.7, 0.7, 0.7, 0.72, 0.68, 0.7, 0.7, 0.67, 0.84, 0.79, 0.73, 0.7, 0.71, 0.67, 0.71, 0.7, 0.84, 0.75, 0.7, 0.7, 0.69, 0.7, 0.71, 0.7, 0.75, 0.71, 0.68, 0.74, 0.71, 0.7, 0.7, 0.71, 0.71, 0.7, 0.72, 0.69, 0.64, 0.72, 0.71, 0.7, 0.7, 0.69, 0.69, 0.66, 0.7, 0.66, 0.69, 0.68, 0.71, 0.7]"
2024-02,2024-07,"[1, 1, 0, 0, 1, 0, 0, 0, 0, 1, 0, 1, 1, 1, 1, 0, 1, 1, 1, 0, 0, 0, 0, 1, 0, 1, 0, 0, 0, 1, 0, 0, 1, 1, 0, 1, 1, 1, 1, 1, 0, 0, 1, 0, 1, 1, 1, 1, 1, 0, 1, 1, 0, 1, 1, 1, 1, 0, 1, 0, 1, 0, 0, 1, 1, 0, 1, 1, 0, 1, 1, 1, 0, 0, 0, 0, 0, 1, 0, 0, 1, 0, 1, 1, 1, 0, 0, 0, 1, 1, 1, 0, 1, 1, 0, 0, 1, 0, 1, 1, 0, 1, 1, 1, 0, 1, 1, 0, 0, 1, 1, 1, 1, 1, 1, 0, 1, 1, 0, 1, 1, 0, 1, 0, 0, 1, 0, 1, 1, 0, 0, 0, 1, 1, 0, 1, 1, 0, 1, 0, 0, 0, 0, 0, 0, 0, 0, 1, 1, 1, 0, 1, 0, 1, 1, 1, 1, 1, 1, 1, 1, 1, 1, 1, 1, 1, 1, 1, 1, 1, 0, 0, 0, 0, 0, 0, 1, 0, 0, 0, 0, 1, 0, 0, 0, 1, 1, 0, 1, 0, 1, 1, 1, 0, 1, 1, 1, 1, 1, 0, 1, 1, 1, 1, 1, 0, 1, 0, 1, 1, 1, 1, 1, 0, 1]","[1, 1, 1, 1, 1, 1, 1, 1, 1, 1, 1, 1, 1, 1, 1, 1, 1, 1, 1, 1, 1, 1, 1, 1, 1, 1, 1, 1, 1, 1, 1, 1, 1, 1, 1, 1, 1, 1, 1, 1, 1, 1, 1, 1, 1, 1, 1, 1, 1, 1, 1, 1, 1, 1, 1, 1, 1, 1, 1, 1, 1, 1, 1, 1, 1, 1, 1, 1, 1, 1, 1, 1, 1, 1, 1, 1, 1, 1, 1, 1, 1, 1, 1, 1, 1, 1, 1, 1, 1, 1, 1, 1, 1, 1, 1, 1, 1, 1, 1, 1, 1, 1, 1, 1, 1, 1, 1, 1, 1, 1, 1, 1, 1, 1, 1, 1, 1, 1, 1, 1, 1, 1, 1, 1, 1, 1, 1, 1, 1, 1, 1, 1, 1, 1, 1, 1, 1, 1, 1, 1, 1, 1, 1, 1, 1, 1, 1, 1, 1, 1, 1, 1, 1, 1, 1, 1, 1, 1, 1, 1, 1, 1, 1, 1, 1, 1, 1, 1, 1, 1, 1, 1, 1, 1, 1, 1, 1, 1, 1, 1, 1, 1, 1, 1, 1, 1, 1, 1, 1, 1, 1, 1, 1, 1, 1, 1, 1, 1, 1, 1, 1, 1, 1, 1, 1, 1, 1, 1, 1, 1, 1, 1, 1, 1, 1]","[0.91, 0.91, 0.91, 0.92, 0.91, 0.91, 0.91, 0.91, 0.91, 0.91, 0.91, 0.9, 0.9, 0.89, 0.91, 0.9, 0.87, 0.91, 0.91, 0.9, 0.91, 0.91, 0.91, 0.91, 0.91, 0.91, 0.9, 0.92, 0.91, 0.91, 0.9, 0.91, 0.91, 0.91, 0.92, 0.9, 0.91, 0.92, 0.92, 0.91, 0.91, 0.89, 0.91, 0.91, 0.91, 0.92, 0.91, 0.91, 0.91, 0.91, 0.91, 0.93, 0.91, 0.91, 0.91, 0.93, 0.91, 0.89, 0.91, 0.91, 0.91, 0.91, 0.91, 0.91, 0.91, 0.9, 0.91, 0.91, 0.91, 0.91, 0.9, 0.9, 0.91, 0.91, 0.91, 0.91, 0.9, 0.92, 0.91, 0.91, 0.9, 0.9, 0.91, 0.93, 0.91, 0.92, 0.91, 0.88, 0.9, 0.9, 0.91, 0.91, 0.9, 0.91, 0.89, 0.91, 0.91, 0.91, 0.91, 0.91, 0.91, 0.91, 0.91, 0.91, 0.91, 0.89, 0.9, 0.88, 0.91, 0.91, 0.91, 0.9, 0.9, 0.9, 0.91, 0.91, 0.9, 0.9, 0.9, 0.9, 0.9, 0.9, 0.91, 0.91, 0.92, 0.91, 0.91, 0.92, 0.91, 0.92, 0.91, 0.91, 0.91, 0.91, 0.92, 0.92, 0.92, 0.9, 0.91, 0.91, 0.9, 0.91, 0.88, 0.89, 0.91, 0.91, 0.91, 0.9, 0.91, 0.92, 0.88, 0.91, 0.91, 0.92, 0.9, 0.9, 0.9, 0.91, 0.9, 0.91, 0.92, 0.93, 0.91, 0.91, 0.9, 0.91, 0.91, 0.9, 0.93, 0.91, 0.91, 0.88, 0.91, 0.91, 0.91, 0.91, 0.89, 0.91, 0.91, 0.91, 0.91, 0.91, 0.91, 0.91, 0.91, 0.91, 0.9, 0.9, 0.91, 0.9, 0.91, 0.91, 0.91, 0.91, 0.93, 0.91, 0.91, 0.91, 0.91, 0.91, 0.91, 0.91, 0.91, 0.91, 0.91, 0.91, 0.9, 0.88, 0.92, 0.91, 0.89, 0.9, 0.91, 0.91, 0.91]"
2024-02,2024-06,"[1, 0, 1, 0, 1, 1, 1, 1, 0, 1, 1, 1, 1, 0, 0, 0, 0, 1, 0, 0, 1, 1, 1, 1, 1, 0, 0, 1, 0, 0, 1, 0, 1, 1, 0, 0, 1, 1, 1, 0, 1, 0, 1, 0, 0, 1, 0, 1, 1, 0, 1, 0, 0, 1, 1, 1, 1, 0, 1, 1, 0, 1, 0, 1, 0, 0, 1, 0, 1, 1, 0, 0, 1, 0, 0, 0, 0, 0, 1, 1, 1, 1, 1, 1, 1, 1, 0, 0, 0, 0, 0, 1, 1, 1, 1, 1, 1, 1, 1, 1, 1, 1, 1, 0, 0, 0, 1, 1, 0, 1, 0, 0, 0, 0, 1, 0, 1, 1, 0, 0, 1, 0, 0, 1, 1, 0, 1, 1, 1, 0, 1, 0, 1, 0, 0, 0, 1, 1, 1, 1, 1, 0, 0, 1, 0, 1, 1, 1, 1, 0, 0, 1, 1, 0, 1, 1, 1, 0, 1, 1, 1, 1, 1, 0, 1, 1, 1, 1, 0, 0, 1, 1, 1, 1, 1, 1, 1, 1, 0, 1, 1, 1, 1, 1, 1, 1, 1, 1, 0, 1, 0, 0, 1, 1, 0, 0, 0, 0, 1, 1, 0, 1, 1, 1, 0, 0, 1, 0]","[1, 1, 1, 1, 1, 1, 1, 1, 1, 1, 1, 1, 1, 1, 1, 1, 1, 1, 1, 1, 1, 1, 1, 1, 1, 1, 1, 1, 1, 1, 1, 1, 1, 1, 1, 1, 1, 1, 1, 1, 1, 1, 1, 1, 1, 1, 1, 1, 1, 1, 1, 1, 1, 1, 1, 1, 1, 1, 1, 1, 1, 1, 1, 1, 1, 1, 1, 1, 1, 1, 1, 1, 1, 1, 1, 1, 1, 1, 1, 1, 1, 1, 1, 1, 1, 1, 1, 1, 1, 1, 1, 1, 1, 1, 1, 1, 1, 1, 1, 1, 1, 1, 1, 1, 1, 1, 1, 1, 1, 1, 1, 1, 1, 1, 1, 1, 1, 1, 1, 1, 1, 1, 1, 1, 1, 1, 1, 1, 1, 1, 1, 1, 1, 1, 1, 1, 1, 1, 1, 1, 1, 1, 1, 1, 1, 1, 1, 1, 1, 1, 1, 1, 1, 1, 1, 1, 1, 1, 1, 1, 1, 1, 1, 1, 1, 1, 1, 1, 1, 1, 1, 1, 1, 1, 1, 1, 1, 1, 1, 1, 1, 1, 1, 1, 1, 1, 1, 1, 1, 1, 1, 1, 1, 1, 1, 1, 1, 1, 1, 1, 1, 1, 1, 1, 1, 1, 1, 1]","[0.91, 0.91, 0.91, 0.91, 0.91, 0.92, 0.91, 0.91, 0.91, 0.91, 0.91, 0.91, 0.91, 0.91, 0.91, 0.91, 0.91, 0.91, 0.91, 0.91, 0.91, 0.91, 0.91, 0.91, 0.95, 0.91, 0.91, 0.91, 0.91, 0.91, 0.91, 0.91, 0.91, 0.91, 0.91, 0.91, 0.91, 0.91, 0.91, 0.91, 0.91, 0.91, 0.91, 0.91, 0.91, 0.91, 0.91, 0.91, 0.91, 0.91, 0.91, 0.91, 0.91, 0.9, 0.91, 0.9, 0.9, 0.9, 0.91, 0.91, 0.91, 0.91, 0.91, 0.91, 0.91, 0.9, 0.91, 0.91, 0.91, 0.91, 0.91, 0.91, 0.91, 0.91, 0.91, 0.91, 0.91, 0.91, 0.91, 0.91, 0.91, 0.91, 0.91, 0.91, 0.91, 0.92, 0.91, 0.91, 0.91, 0.85, 0.89, 0.91, 0.91, 0.91, 0.91, 0.91, 0.91, 0.91, 0.91, 0.91, 0.91, 0.91, 0.91, 0.91, 0.91, 0.91, 0.91, 0.91, 0.91, 0.91, 0.91, 0.91, 0.91, 0.91, 0.91, 0.91, 0.91, 0.91, 0.91, 0.91, 0.91, 0.91, 0.91, 0.91, 0.91, 0.91, 0.91, 0.91, 0.91, 0.91, 0.91, 0.91, 0.91, 0.91, 0.91, 0.91, 0.91, 0.91, 0.91, 0.91, 0.91, 0.91, 0.91, 0.91, 0.91, 0.88, 0.91, 0.91, 0.91, 0.91, 0.91, 0.91, 0.91, 0.91, 0.91, 0.91, 0.91, 0.91, 0.91, 0.91, 0.91, 0.91, 0.91, 0.91, 0.91, 0.91, 0.91, 0.91, 0.91, 0.91, 0.91, 0.91, 0.91, 0.91, 0.91, 0.91, 0.91, 0.91, 0.91, 0.91, 0.91, 0.91, 0.91, 0.91, 0.91, 0.91, 0.91, 0.91, 0.91, 0.91, 0.91, 0.91, 0.91, 0.91, 0.91, 0.91, 0.91, 0.91, 0.91, 0.91, 0.91, 0.91, 0.91, 0.91, 0.91, 0.91, 0.91, 0.91]"
2024-11,2024-11,"[1, 1, 1, 1, 1, 1, 1, 0, 1, 1, 1, 1, 1, 1, 1, 1, 1, 1, 0, 1, 1, 1, 1, 1, 1, 1, 1, 1, 1, 1, 1, 1, 1, 1, 1, 1, 1, 1, 1, 1, 1, 1, 1, 1, 0, 1, 1, 1, 1, 1, 1, 1, 1, 1, 1, 0, 1, 1, 0, 1, 1, 1, 1, 0, 1, 1, 1, 1, 1, 1, 1, 1, 1, 0, 1, 1, 1, 1, 1, 1, 1, 0, 1, 1, 1, 1, 1, 1, 1, 1, 0, 1, 1, 1, 0, 0, 1, 1, 0, 0, 1, 0, 1, 1, 0, 1, 1, 0, 0, 1, 0, 1, 1, 1, 1, 1, 1, 1, 1, 1, 0, 1, 1, 1, 1, 1, 1, 1, 1, 1, 1, 1, 1, 0, 1, 1, 1, 1, 1, 1, 1, 0, 1, 0, 1, 1, 1, 1, 1, 1, 1, 1, 1, 1, 1, 1, 1, 1, 1, 1, 1, 1, 1, 1, 1, 1, 1, 1, 0, 1, 1, 1, 1, 1, 1, 1, 1, 1, 1, 1, 0, 1, 1, 1, 1, 1, 1, 1, 1, 1, 1, 1, 1, 0, 1, 1, 0, 1, 0, 1, 1, 1, 1, 1, 1, 1, 1, 1, 1, 0, 1, 1, 1, 0, 1]","[1, 0, 1, 1, 1, 1, 1, 1, 1, 1, 0, 1, 1, 1, 1, 1, 1, 1, 1, 1, 1, 1, 1, 1, 1, 1, 1, 1, 1, 1, 1, 1, 1, 1, 1, 1, 1, 0, 1, 1, 1, 1, 1, 1, 1, 1, 1, 1, 1, 1, 0, 1, 1, 1, 1, 1, 1, 1, 0, 1, 1, 1, 1, 1, 1, 1, 1, 1, 1, 1, 1, 1, 1, 1, 0, 1, 1, 1, 1, 1, 1, 1, 1, 1, 1, 1, 1, 1, 1, 1, 1, 1, 1, 1, 1, 0, 1, 1, 1, 0, 1, 1, 1, 1, 1, 1, 1, 1, 1, 1, 1, 0, 1, 1, 1, 0, 1, 1, 1, 1, 1, 1, 1, 1, 1, 1, 1, 1, 1, 0, 1, 1, 1, 1, 1, 1, 1, 1, 1, 0, 1, 1, 1, 1, 1, 1, 1, 1, 1, 0, 1, 1, 1, 1, 1, 1, 1, 1, 1, 1, 1, 1, 1, 1, 1, 1, 1, 1, 1, 1, 1, 1, 1, 1, 1, 1, 1, 1, 1, 1, 0, 1, 1, 1, 1, 1, 1, 1, 0, 1, 1, 0, 1, 1, 1, 0, 1, 1, 0, 1, 1, 1, 1, 1, 1, 1, 1, 1, 1, 1, 1, 1, 0, 1, 0]","[0.9150655771358626, 0.13, 0.98, 0.74, 0.99, 0.91, 0.89, 0.9, 0.9, 0.96, 0.24, 0.73, 0.74, 0.9, 0.84, 0.96, 0.76, 0.91, 0.68, 0.84, 0.88, 0.85, 0.96, 0.99, 0.55, 0.94, 0.93, 0.93, 0.99, 0.99, 0.94, 0.99, 0.97, 0.91, 0.71, 0.88, 0.99, 0.3607461385078519, 0.54348, 0.7318045583417484, 0.819277460860916, 0.99, 1.0, 0.8393520031652784, 0.78, 0.76, 0.97, 0.99, 0.9, 0.94, 0.47, 0.53, 0.8992774608609162, 0.8448700299105668, 0.99, 0.71, 0.61, 0.94, 0.48, 0.53, 0.8, 0.67, 0.99, 0.72, 0.97, 0.91, 0.93, 0.62, 0.95, 0.68, 0.74, 0.93, 0.94, 0.71, 0.35, 0.94, 0.98, 0.91, 1.0, 0.69, 0.98, 0.98, 0.97, 0.89, 0.87, 0.6, 0.95, 0.8, 0.83, 0.83, 0.99, 1.0, 0.93, 0.57, 0.97, 0.22470422487223168, 0.85, 0.8966100299105668, 0.88, 0.27, 0.61, 0.96, 0.88, 0.77, 0.76, 0.88, 0.84, 0.76, 0.73, 0.78, 0.76, 0.5, 0.76, 0.94, 0.85, 0.44, 0.98, 0.96, 0.53, 0.75, 0.91, 0.96, 0.94, 0.85, 0.99, 1.0, 0.98, 0.86, 0.86, 0.32, 0.88, 0.86, 0.8, 0.8164442248722317, 0.85, 0.71, 0.6970224567946436, 0.99, 0.95, 0.34, 0.97, 0.84, 0.54, 0.96, 0.83, 0.91, 0.88, 0.92, 0.59, 0.48174, 0.61, 0.95, 0.99, 0.87, 0.65, 0.9917400000000001, 0.99, 0.53, 1.0, 1.0, 0.94, 0.87, 0.88, 1.0, 0.92, 0.86, 1.0, 1.0, 0.89, 0.97, 0.92, 0.98, 0.96, 1.0, 0.83, 0.8917400000000001, 0.96, 0.97, 0.57, 1.0, 0.32, 0.8448700299105668, 0.91, 0.84, 0.96, 0.71, 0.72, 0.9456571273913994, 0.25, 0.93, 0.6717400000000001, 0.25, 0.68, 0.83, 0.94, 0.05, 0.84, 0.64, 0.31, 0.89, 0.98, 0.86, 0.9, 0.98, 0.99, 0.59, 0.98, 0.98, 0.8, 0.52, 0.99, 0.98, 0.3606561085972851, 0.89, 0.38]"
2024-11,2024-07,"[1, 1, 0, 0, 1, 0, 0, 0, 0, 1, 0, 1, 1, 1, 1, 0, 1, 1, 1, 0, 0, 0, 0, 1, 0, 1, 0, 0, 0, 1, 0, 0, 1, 1, 0, 1, 1, 1, 1, 1, 0, 0, 1, 0, 1, 1, 1, 1, 1, 0, 1, 1, 0, 1, 1, 1, 1, 0, 1, 0, 1, 0, 0, 1, 1, 0, 1, 1, 0, 1, 1, 1, 0, 0, 0, 0, 0, 1, 0, 0, 1, 0, 1, 1, 1, 0, 0, 0, 1, 1, 1, 0, 1, 1, 0, 0, 1, 0, 1, 1, 0, 1, 1, 1, 0, 1, 1, 0, 0, 1, 1, 1, 1, 1, 1, 0, 1, 1, 0, 1, 1, 0, 1, 0, 0, 1, 0, 1, 1, 0, 0, 0, 1, 1, 0, 1, 1, 0, 1, 0, 0, 0, 0, 0, 0, 0, 0, 1, 1, 1, 0, 1, 0, 1, 1, 1, 1, 1, 1, 1, 1, 1, 1, 1, 1, 1, 1, 1, 1, 1, 0, 0, 0, 0, 0, 0, 1, 0, 0, 0, 0, 1, 0, 0, 0, 1, 1, 0, 1, 0, 1, 1, 1, 0, 1, 1, 1, 1, 1, 0, 1, 1, 1, 1, 1, 0, 1, 0, 1, 1, 1, 1, 1, 0, 1]","[1, 1, 1, 1, 1, 1, 1, 1, 1, 1, 1, 1, 1, 1, 1, 1, 1, 1, 1, 1, 1, 1, 1, 1, 1, 1, 1, 1, 1, 1, 1, 1, 1, 1, 1, 1, 1, 1, 1, 1, 1, 1, 1, 1, 1, 1, 1, 1, 1, 1, 1, 1, 1, 1, 1, 1, 1, 1, 1, 1, 1, 1, 1, 1, 1, 1, 1, 1, 1, 1, 1, 1, 1, 1, 1, 1, 1, 1, 1, 1, 1, 1, 1, 1, 1, 1, 1, 1, 1, 1, 1, 1, 1, 1, 1, 1, 1, 1, 1, 1, 1, 1, 1, 1, 1, 1, 1, 1, 1, 1, 1, 1, 1, 1, 1, 1, 1, 1, 1, 1, 1, 1, 1, 1, 1, 1, 1, 1, 1, 1, 1, 1, 1, 1, 1, 1, 1, 1, 1, 1, 1, 1, 1, 1, 1, 1, 1, 1, 1, 1, 1, 1, 1, 1, 1, 1, 1, 1, 1, 1, 1, 1, 1, 1, 1, 1, 1, 1, 1, 1, 1, 1, 1, 1, 1, 1, 1, 1, 1, 1, 1, 1, 1, 1, 1, 1, 1, 1, 1, 1, 1, 1, 1, 1, 1, 1, 1, 1, 1, 1, 1, 1, 1, 1, 1, 1, 1, 1, 1, 1, 1, 1, 1, 1, 1]","[0.89, 0.87, 0.84, 0.91, 0.88, 0.88, 0.87, 0.88, 0.9, 0.87, 0.86, 0.87, 0.92, 0.85, 0.91, 0.93, 0.85, 0.91, 0.87, 0.91, 0.85, 0.92, 0.83, 0.89, 0.91, 0.89, 0.87, 0.88, 0.85, 0.89, 0.92, 0.89, 0.9, 0.91, 0.88, 0.89, 0.87, 0.87, 0.87, 0.91, 0.91, 0.86, 0.91, 0.93, 0.91, 0.88, 0.89, 0.91, 0.9, 0.8509529025191676, 0.91, 0.88, 0.92, 0.91, 0.91, 0.88, 0.89, 0.85, 0.92, 0.88, 0.87, 0.92, 0.85, 0.93, 0.87, 0.87, 0.88, 0.87, 0.94, 0.89, 0.89, 0.82, 0.88, 0.92, 0.91, 0.87, 0.82, 0.83, 0.91, 0.9, 0.8609529025191676, 0.82, 0.87, 0.85, 0.91, 0.86, 0.89, 0.84, 0.82, 0.84, 0.87, 0.88, 0.87, 0.92, 0.89, 0.91, 0.87, 0.82, 0.89, 0.86, 0.94, 0.9, 0.84, 0.85, 0.85, 0.8509529025191676, 0.87, 0.85, 0.9, 0.87, 0.89, 0.88, 0.91, 0.85, 0.88, 0.87, 0.89, 0.89, 0.93, 0.87, 0.91, 0.89, 0.86, 0.88, 0.85, 0.89, 0.88, 0.89, 0.87, 0.87, 0.9, 0.87, 0.9, 0.86, 0.87, 0.87, 0.91, 0.85, 0.86, 0.87, 0.92, 0.9, 0.86, 0.86, 0.8709529025191675, 0.91, 0.84, 0.87, 0.88, 0.8409529025191675, 0.86, 0.87, 0.84, 0.83, 0.91, 0.91, 0.88, 0.9, 0.91, 0.89, 0.86, 0.86, 0.89, 0.86, 0.93, 0.86, 0.8509529025191676, 0.86, 0.88, 0.86, 0.87, 0.86, 0.9, 0.88, 0.9, 0.91, 0.85, 0.88, 0.87, 0.94, 0.94, 0.86, 0.89, 0.94, 0.9, 0.88, 0.86, 0.8609529025191676, 0.86, 0.85, 0.86, 0.92, 0.8409529025191675, 0.86, 0.85, 0.86, 0.91, 0.87, 0.86, 0.89, 0.88, 0.89, 0.89, 0.88, 0.92, 0.94, 0.86, 0.84, 0.87, 0.91, 0.85, 0.86, 0.89, 0.87, 0.92]"
2024-11,2024-06,"[1, 0, 1, 0, 1, 1, 1, 1, 0, 1, 1, 1, 1, 0, 0, 0, 0, 1, 0, 0, 1, 1, 1, 1, 1, 0, 0, 1, 0, 0, 1, 0, 1, 1, 0, 0, 1, 1, 1, 0, 1, 0, 1, 0, 0, 1, 0, 1, 1, 0, 1, 0, 0, 1, 1, 1, 1, 0, 1, 1, 0, 1, 0, 1, 0, 0, 1, 0, 1, 1, 0, 0, 1, 0, 0, 0, 0, 0, 1, 1, 1, 1, 1, 1, 1, 1, 0, 0, 0, 0, 0, 1, 1, 1, 1, 1, 1, 1, 1, 1, 1, 1, 1, 0, 0, 0, 1, 1, 0, 1, 0, 0, 0, 0, 1, 0, 1, 1, 0, 0, 1, 0, 0, 1, 1, 0, 1, 1, 1, 0, 1, 0, 1, 0, 0, 0, 1, 1, 1, 1, 1, 0, 0, 1, 0, 1, 1, 1, 1, 0, 0, 1, 1, 0, 1, 1, 1, 0, 1, 1, 1, 1, 1, 0, 1, 1, 1, 1, 0, 0, 1, 1, 1, 1, 1, 1, 1, 1, 0, 1, 1, 1, 1, 1, 1, 1, 1, 1, 0, 1, 0, 0, 1, 1, 0, 0, 0, 0, 1, 1, 0, 1, 1, 1, 0, 0, 1, 0]","[1, 1, 1, 1, 1, 1, 1, 1, 1, 1, 1, 1, 1, 1, 1, 1, 1, 1, 1, 1, 1, 1, 1, 1, 1, 1, 1, 1, 1, 1, 1, 1, 1, 1, 1, 1, 1, 1, 1, 1, 1, 1, 1, 1, 1, 1, 1, 1, 1, 1, 1, 1, 1, 1, 1, 1, 1, 1, 1, 1, 1, 1, 1, 1, 1, 1, 1, 1, 1, 1, 1, 1, 1, 1, 1, 1, 1, 1, 1, 1, 1, 1, 1, 1, 1, 1, 1, 1, 1, 1, 1, 1, 1, 1, 1, 1, 1, 1, 1, 1, 1, 1, 1, 1, 1, 1, 1, 1, 1, 1, 1, 1, 1, 1, 1, 1, 1, 1, 1, 1, 1, 1, 1, 1, 1, 1, 1, 1, 1, 1, 1, 1, 1, 1, 1, 1, 1, 1, 1, 1, 1, 1, 1, 1, 1, 1, 1, 1, 1, 1, 1, 1, 1, 1, 1, 1, 1, 1, 1, 1, 1, 1, 1, 1, 1, 1, 1, 1, 1, 1, 1, 1, 1, 1, 1, 1, 1, 1, 1, 1, 1, 1, 1, 1, 1, 1, 1, 1, 1, 1, 1, 1, 1, 1, 1, 1, 1, 1, 1, 1, 1, 1, 1, 1, 1, 1, 1, 1]","[0.95, 0.92, 0.94, 0.93, 0.92, 0.88, 0.93, 0.91, 0.91, 0.88, 0.9, 0.94, 0.9, 0.94, 0.93, 0.94, 0.94, 0.93, 0.93, 0.94, 0.94, 0.92, 0.94, 0.94, 0.85, 0.89, 0.91, 0.92, 0.93, 0.9, 0.93, 0.95, 0.95, 0.95, 0.9, 0.87, 0.91, 0.95, 0.91, 0.95, 0.96, 0.95, 0.92, 0.94, 0.9, 0.93, 0.91, 0.88, 0.96, 0.96, 0.95, 0.92, 0.9, 0.89, 0.91, 0.89, 0.86, 0.9, 0.96, 0.92, 0.93, 0.96, 0.93, 0.92, 0.94, 0.88, 0.92, 0.94, 0.94, 0.94, 0.89, 0.95, 0.94, 0.95, 0.95, 0.93, 0.93, 0.91, 0.91, 0.93, 0.93, 0.87, 0.93, 0.92, 0.92, 0.85, 0.93, 0.93, 0.9, 0.8709529025191675, 0.88, 0.92, 0.95, 0.94, 0.88, 0.92, 0.94, 0.88, 0.92, 0.95, 0.92, 0.95, 0.88, 0.95, 0.96, 0.92, 0.93, 0.89, 0.94, 0.92, 0.94, 0.93, 0.94, 0.87, 0.89, 0.9, 0.92, 0.87, 0.91, 0.93, 0.95, 0.92, 0.89, 0.93, 0.91, 0.94, 0.93, 0.9, 0.89, 0.93, 0.93, 0.93, 0.92, 0.92, 0.91, 0.93, 0.91, 0.91, 0.96, 0.94, 0.96, 0.92, 0.93, 0.9, 0.9, 0.93, 0.91, 0.92, 0.91, 0.92, 0.93, 0.93, 0.93, 0.95, 0.91, 0.92, 0.95, 0.93, 0.9, 0.9, 0.93, 0.92, 0.93, 0.92, 0.92, 0.92, 0.92, 0.88, 0.96, 0.91, 0.95, 0.93, 0.91, 0.9, 0.95, 0.91, 0.9, 0.86, 0.9, 0.91, 0.93, 0.92, 0.93, 0.9, 0.95, 0.93, 0.93, 0.9, 0.91, 0.92, 0.91, 0.92, 0.92, 0.89, 0.91, 0.92, 0.88, 0.93, 0.95, 0.9, 0.93, 0.88, 0.91, 0.94, 0.91, 0.94, 0.89, 0.95]"
2024-07,2024-07,"[1, 1, 0, 0, 1, 0, 0, 0, 0, 1, 0, 1, 1, 1, 1, 0, 1, 1, 1, 0, 0, 0, 0, 1, 0, 1, 0, 0, 0, 1, 0, 0, 1, 1, 0, 1, 1, 1, 1, 1, 0, 0, 1, 0, 1, 1, 1, 1, 1, 0, 1, 1, 0, 1, 1, 1, 1, 0, 1, 0, 1, 0, 0, 1, 1, 0, 1, 1, 0, 1, 1, 1, 0, 0, 0, 0, 0, 1, 0, 0, 1, 0, 1, 1, 1, 0, 0, 0, 1, 1, 1, 0, 1, 1, 0, 0, 1, 0, 1, 1, 0, 1, 1, 1, 0, 1, 1, 0, 0, 1, 1, 1, 1, 1, 1, 0, 1, 1, 0, 1, 1, 0, 1, 0, 0, 1, 0, 1, 1, 0, 0, 0, 1, 1, 0, 1, 1, 0, 1, 0, 0, 0, 0, 0, 0, 0, 0, 1, 1, 1, 0, 1, 0, 1, 1, 1, 1, 1, 1, 1, 1, 1, 1, 1, 1, 1, 1, 1, 1, 1, 0, 0, 0, 0, 0, 0, 1, 0, 0, 0, 0, 1, 0, 0, 0, 1, 1, 0, 1, 0, 1, 1, 1, 0, 1, 1, 1, 1, 1, 0, 1, 1, 1, 1, 1, 0, 1, 0, 1, 1, 1, 1, 1, 0, 1]","[1, 1, 0, 1, 1, 1, 0, 1, 1, 0, 1, 1, 1, 1, 0, 1, 0, 0, 1, 1, 0, 1, 0, 0, 1, 1, 1, 1, 1, 1, 1, 1, 1, 0, 1, 1, 1, 0, 0, 1, 0, 0, 1, 0, 0, 1, 1, 1, 1, 1, 1, 1, 0, 1, 1, 1, 0, 0, 1, 0, 0, 0, 1, 0, 0, 1, 1, 1, 0, 1, 1, 0, 0, 1, 1, 1, 1, 1, 0, 1, 1, 1, 0, 1, 0, 1, 0, 1, 1, 1, 1, 1, 1, 1, 0, 1, 1, 0, 1, 1, 0, 1, 1, 1, 1, 1, 1, 1, 1, 1, 1, 1, 1, 1, 1, 1, 1, 1, 1, 1, 1, 1, 1, 1, 1, 0, 1, 1, 1, 1, 0, 1, 1, 1, 1, 1, 1, 0, 1, 1, 1, 0, 0, 1, 1, 0, 0, 1, 1, 0, 0, 1, 0, 1, 1, 1, 0, 0, 1, 1, 1, 1, 1, 1, 1, 1, 1, 1, 1, 0, 0, 0, 1, 1, 1, 1, 0, 0, 0, 0, 0, 0, 0, 1, 0, 0, 1, 1, 0, 0, 1, 0, 1, 0, 1, 1, 1, 1, 1, 1, 1, 1, 1, 1, 1, 0, 1, 1, 0, 1, 1, 1, 0, 0, 1]","[0.61, 0.99372, 0.06, 0.55372, 0.93, 0.74, 0.24, 0.59, 0.55, 0.39, 0.91, 0.88, 0.9003027405247813, 0.84, 0.29, 0.81372, 0.21, 0.21, 0.8054227405247814, 0.89, 0.38, 0.8454227405247814, 0.48, 0.3, 0.76, 0.66, 0.6, 0.55, 0.6, 0.73, 0.83, 0.86, 0.7, 0.4, 0.73, 1.0, 0.92, 0.19, 0.19, 0.92, 0.46, 0.18, 0.91, 0.43, 0.08, 0.89, 0.9163538265580712, 0.87, 0.85, 0.8873744172197755, 0.93, 0.85, 0.46, 0.73, 0.86, 0.73, 0.43, 0.1, 0.56, 0.19, 0.34, 0.47, 0.56, 0.27, 0.49, 0.86372, 0.56, 0.8928627405247813, 0.36, 0.81, 0.9947048903878585, 0.44, 0.42, 0.59, 0.83, 0.6551160625133228, 0.76, 0.74, 0.14, 0.68, 0.7543521152040528, 0.77, 0.4665136988019657, 0.78, 0.19, 0.59, 0.43, 0.91, 0.96, 0.7, 0.87, 0.63, 0.91, 0.85, 0.23, 0.58, 0.67, 0.1, 0.66, 0.7082311552712471, 0.27, 0.85, 0.63, 0.72, 0.92, 0.98, 0.8028627405247813, 0.59, 0.76, 0.56, 0.6997553701209566, 0.77, 0.7660050122850123, 0.89, 0.61, 0.5291427405247814, 0.9424498751733704, 0.9524498751733703, 0.9250098751733702, 0.8012898751733704, 0.77, 0.9524498751733703, 0.74372, 0.833712765094806, 0.61, 0.3, 0.7222850122850123, 0.68, 0.87, 0.59, 0.43, 0.66, 0.64, 0.72, 0.64, 0.63, 0.65, 0.15, 0.81, 0.91, 0.6518218230935886, 0.42, 0.17, 0.64, 0.7021062637208663, 0.21, 0.09, 0.60372, 0.84, 0.31286274052478136, 0.04, 0.91, 0.09, 0.97, 0.66, 0.83, 0.5, 0.36, 0.91372, 0.5054227405247813, 0.71, 0.8, 0.5454227405247813, 0.94, 0.77, 0.93372, 0.89, 0.84, 0.87, 0.2255418230935887, 0.49, 0.49, 0.57, 0.69, 0.7, 0.92, 0.46, 0.42, 0.26, 0.12, 0.21, 0.47, 0.23, 0.51, 0.2, 0.06, 0.69, 0.67372, 0.47, 0.13, 0.93372, 0.3, 0.83, 0.46, 0.7584248903878583, 0.93372, 0.92, 0.83, 0.81, 0.59, 0.88, 0.84, 0.73, 0.77, 0.61, 0.49, 0.84, 0.91372, 0.39, 0.56, 0.87372, 0.71, 0.21, 0.36, 0.7014277528097936]"
2024-07,2024-06,"[1, 0, 1, 0, 1, 1, 1, 1, 0, 1, 1, 1, 1, 0, 0, 0, 0, 1, 0, 0, 1, 1, 1, 1, 1, 0, 0, 1, 0, 0, 1, 0, 1, 1, 0, 0, 1, 1, 1, 0, 1, 0, 1, 0, 0, 1, 0, 1, 1, 0, 1, 0, 0, 1, 1, 1, 1, 0, 1, 1, 0, 1, 0, 1, 0, 0, 1, 0, 1, 1, 0, 0, 1, 0, 0, 0, 0, 0, 1, 1, 1, 1, 1, 1, 1, 1, 0, 0, 0, 0, 0, 1, 1, 1, 1, 1, 1, 1, 1, 1, 1, 1, 1, 0, 0, 0, 1, 1, 0, 1, 0, 0, 0, 0, 1, 0, 1, 1, 0, 0, 1, 0, 0, 1, 1, 0, 1, 1, 1, 0, 1, 0, 1, 0, 0, 0, 1, 1, 1, 1, 1, 0, 0, 1, 0, 1, 1, 1, 1, 0, 0, 1, 1, 0, 1, 1, 1, 0, 1, 1, 1, 1, 1, 0, 1, 1, 1, 1, 0, 0, 1, 1, 1, 1, 1, 1, 1, 1, 0, 1, 1, 1, 1, 1, 1, 1, 1, 1, 0, 1, 0, 0, 1, 1, 0, 0, 0, 0, 1, 1, 0, 1, 1, 1, 0, 0, 1, 0]","[1, 0, 1, 1, 1, 1, 1, 0, 0, 1, 1, 1, 1, 1, 1, 1, 1, 0, 1, 0, 1, 1, 1, 1, 0, 1, 0, 1, 0, 0, 0, 1, 1, 1, 1, 0, 0, 1, 1, 1, 1, 1, 1, 1, 1, 1, 1, 1, 1, 1, 1, 0, 0, 1, 1, 1, 1, 1, 1, 1, 1, 1, 1, 1, 1, 1, 1, 1, 1, 1, 0, 1, 1, 1, 1, 1, 1, 1, 1, 1, 1, 1, 1, 1, 1, 1, 1, 1, 1, 0, 0, 1, 1, 1, 1, 1, 1, 1, 1, 1, 1, 1, 1, 1, 1, 1, 0, 1, 1, 1, 1, 1, 1, 0, 0, 1, 1, 0, 1, 1, 1, 1, 1, 1, 1, 1, 0, 1, 1, 1, 1, 1, 1, 1, 1, 1, 1, 1, 1, 1, 1, 1, 0, 0, 1, 0, 1, 1, 1, 1, 1, 1, 1, 1, 1, 1, 1, 1, 1, 1, 1, 1, 1, 1, 1, 1, 1, 0, 1, 1, 1, 1, 1, 1, 1, 0, 0, 0, 0, 1, 1, 1, 1, 1, 1, 1, 1, 0, 1, 1, 1, 1, 1, 1, 0, 1, 1, 1, 1, 1, 1, 1, 0, 1, 0, 1, 1, 1]","[0.56, 0.47, 0.56, 0.67, 0.69, 0.63372, 0.56, 0.47, 0.49, 0.6, 0.54, 0.58, 0.54, 0.58, 0.61, 0.61, 0.64, 0.46, 0.52, 0.46, 0.64, 0.64, 0.57, 0.65, 0.41372, 0.55, 0.49, 0.63, 0.49, 0.48, 0.49, 0.6, 0.55, 0.52372, 0.52, 0.44, 0.46, 0.55, 0.53, 0.55, 0.56, 0.55, 0.54, 0.63, 0.59, 0.56, 0.58, 0.57, 0.55, 0.63, 0.62, 0.48, 0.48, 0.59, 0.64, 0.58, 0.63, 0.61, 0.56, 0.65, 0.57, 0.52, 0.59, 0.63, 0.58, 0.57, 0.59, 0.6, 0.6, 0.53, 0.49, 0.56, 0.54, 0.56, 0.56, 0.6, 0.53, 0.59, 0.68, 0.59, 0.6, 0.58, 0.59, 0.69, 0.69, 0.57, 0.54, 0.67, 0.59, 0.47372, 0.46372, 0.65, 0.6, 0.55, 0.57, 0.64, 0.56, 0.52, 0.69, 0.59, 0.64, 0.59, 0.58, 0.59, 0.52, 0.69, 0.49, 0.6, 0.61, 0.56, 0.56, 0.54, 0.61, 0.46, 0.45, 0.54, 0.54, 0.42, 0.61, 0.69, 0.64, 0.61, 0.53, 0.67, 0.55, 0.58, 0.45, 0.54, 0.62, 0.69, 0.62, 0.57, 0.66, 0.66, 0.66, 0.57, 0.68, 0.67, 0.56, 0.6, 0.52, 0.56, 0.46, 0.5, 0.56, 0.45, 0.59, 0.6, 0.64, 0.69, 0.6, 0.63, 0.63, 0.58, 0.54, 0.59, 0.62, 0.65, 0.57, 0.64, 0.59, 0.57, 0.67, 0.59, 0.61, 0.61, 0.61, 0.5, 0.52, 0.7, 0.61, 0.61, 0.63, 0.51, 0.53, 0.5, 0.46, 0.46, 0.49, 0.59, 0.63, 0.69, 0.51, 0.57, 0.61, 0.61, 0.69, 0.47, 0.52, 0.61, 0.74, 0.66, 0.69, 0.52, 0.48, 0.55, 0.59, 0.6, 0.6, 0.52, 0.56, 0.61, 0.49, 0.64, 0.49, 0.58, 0.61, 0.64]"
2024-06,2024-06,"[1, 0, 1, 0, 1, 1, 1, 1, 0, 1, 1, 1, 1, 0, 0, 0, 0, 1, 0, 0, 1, 1, 1, 1, 1, 0, 0, 1, 0, 0, 1, 0, 1, 1, 0, 0, 1, 1, 1, 0, 1, 0, 1, 0, 0, 1, 0, 1, 1, 0, 1, 0, 0, 1, 1, 1, 1, 0, 1, 1, 0, 1, 0, 1, 0, 0, 1, 0, 1, 1, 0, 0, 1, 0, 0, 0, 0, 0, 1, 1, 1, 1, 1, 1, 1, 1, 0, 0, 0, 0, 0, 1, 1, 1, 1, 1, 1, 1, 1, 1, 1, 1, 1, 0, 0, 0, 1, 1, 0, 1, 0, 0, 0, 0, 1, 0, 1, 1, 0, 0, 1, 0, 0, 1, 1, 0, 1, 1, 1, 0, 1, 0, 1, 0, 0, 0, 1, 1, 1, 1, 1, 0, 0, 1, 0, 1, 1, 1, 1, 0, 0, 1, 1, 0, 1, 1, 1, 0, 1, 1, 1, 1, 1, 0, 1, 1, 1, 1, 0, 0, 1, 1, 1, 1, 1, 1, 1, 1, 0, 1, 1, 1, 1, 1, 1, 1, 1, 1, 0, 1, 0, 0, 1, 1, 0, 0, 0, 0, 1, 1, 0, 1, 1, 1, 0, 0, 1, 0]","[0, 0, 1, 1, 1, 1, 1, 1, 0, 1, 1, 1, 1, 1, 1, 1, 1, 1, 0, 0, 1, 1, 1, 1, 1, 0, 0, 1, 1, 0, 1, 0, 1, 1, 1, 1, 1, 0, 1, 0, 1, 0, 0, 1, 1, 1, 1, 1, 1, 0, 1, 0, 1, 1, 1, 1, 1, 1, 1, 1, 1, 1, 1, 1, 1, 1, 0, 1, 0, 1, 1, 0, 1, 1, 1, 0, 1, 1, 1, 1, 0, 1, 1, 1, 1, 1, 1, 1, 1, 1, 1, 1, 1, 0, 1, 1, 1, 0, 1, 1, 1, 1, 1, 1, 1, 1, 1, 1, 0, 1, 1, 1, 0, 0, 1, 1, 1, 1, 0, 1, 1, 0, 1, 1, 1, 1, 1, 1, 1, 1, 0, 0, 1, 1, 0, 0, 1, 1, 1, 1, 0, 1, 1, 1, 1, 0, 1, 1, 1, 1, 1, 1, 0, 0, 1, 1, 1, 1, 1, 1, 1, 1, 1, 1, 1, 1, 1, 1, 1, 1, 0, 1, 1, 1, 0, 1, 1, 1, 0, 1, 1, 1, 1, 1, 1, 0, 1, 1, 1, 1, 0, 1, 1, 1, 1, 1, 1, 0, 1, 1, 1, 1, 1, 1, 1, 1, 1, 1]","[0.46, 0.4, 0.91, 0.83, 0.83, 0.8232231404958678, 0.9, 0.53, 0.23, 0.54, 0.98, 0.84, 0.91, 0.64, 0.75, 0.76, 0.85, 0.89, 0.4836469589683957, 0.37, 0.88, 0.88, 0.74, 0.9132231404958678, 0.89, 0.01, 0.31, 0.7324074074074075, 0.8, 0.41, 0.83, 0.42, 0.6857635467980294, 0.93, 0.67, 0.76, 0.79, 0.3995347060955207, 0.96, 0.45, 0.8251443227618777, 0.46, 0.2624074074074074, 0.89, 0.95, 0.6551443227618776, 0.86, 0.94, 0.73, 0.36397753748079237, 0.8095111449182006, 0.24, 0.8, 0.72, 0.98, 1.0, 0.84, 0.71, 0.8351443227618777, 0.9, 0.93, 0.9264462809917355, 0.8, 0.63, 0.96, 0.66, 0.45, 0.66, 0.27, 0.78, 0.68, 0.25, 0.74, 0.7, 0.7, 0.4, 0.69, 0.51, 0.83, 0.85, 0.27, 0.76, 0.85, 1.0, 0.97, 0.99, 0.93, 0.9, 0.7532231404958678, 0.84, 1.0, 1.0, 0.79, 0.47694206728465216, 0.96, 0.84, 0.97, 0.18, 0.76, 0.82, 0.8732231404958678, 0.84, 0.97, 0.86, 0.6975754141142367, 0.76, 0.92, 0.74, 0.46, 0.74, 0.62, 0.82, 0.45, 0.34, 0.82, 0.88, 0.64, 0.98, 0.48, 0.56, 0.8424074074074075, 0.4719211822660098, 0.68, 0.89, 0.87, 0.92, 0.75, 0.97, 0.72, 0.5019211822660098, 0.27, 0.5, 0.71, 0.6, 0.3800193227618776, 0.30322314049586774, 0.8, 0.76, 0.8351443227618777, 0.76, 0.4540109280816915, 0.55, 0.67, 0.76, 0.73, 0.13932308503368593, 0.72, 0.85, 0.95, 0.88, 0.9, 0.9, 0.4358793969849246, 0.26, 0.57, 0.8967961822660098, 0.88, 0.85, 0.88, 0.8746249999999999, 0.72, 0.83, 0.88, 0.8667961822660097, 0.95, 0.95, 0.75, 0.92, 0.7939745550450762, 0.65, 0.44487499999999996, 0.75, 0.88, 0.83, 0.46322314049586777, 0.6, 0.82, 0.66, 0.33, 0.68, 0.9819211822660098, 0.97, 0.61, 0.77, 0.97, 0.49, 0.73, 0.8, 0.57, 0.7419211822660098, 0.37, 0.52, 1.0, 0.95, 0.67, 0.52, 0.81, 0.31, 0.7, 0.74, 0.72, 0.89, 0.9, 0.88, 0.86, 0.78, 0.86, 0.79]"
