source,target,YearMonth,year,month,distance,total_departure_delay_minutes,avg_departure_delay_minutes,count_delayed_departure_services,total_delay_minutes,avg_delay_minutes,count_delayed_services,total_services,ratio_departure_delayed,ratio_arrival_delayed,count_platform_changes,total_services_lag1,months_since_last_service,decayed_edge_weight,is_new_or_stale_route,src_degree,src_w_deg_inbound,src_w_deg_outbound,src_w_deg_total,src_avg_distance_total,src_avg_distance_in,src_avg_distance_out,tgt_degree,tgt_avg_distance_total,tgt_avg_distance_in,tgt_avg_distance_out,tgt_w_deg_inbound,tgt_w_deg_outbound,tgt_w_deg_total,common_neighbors,jaccard_coefficient,preferential_attachment,adamic_adar_index,resource_allocation_index,src_avg_temperature_2m,src_avg_rain,src_avg_snowfall,src_avg_snow_depth,src_avg_wind_speed_10m,src_avg_wind_gusts_10m,src_avg_soil_temperature,tgt_avg_temperature_2m,tgt_avg_rain,tgt_avg_snowfall,tgt_avg_snow_depth,tgt_avg_wind_speed_10m,tgt_avg_wind_gusts_10m,tgt_avg_soil_temperature,total_holidays,holiday_density_ratio,weekend_days,working_days,global_median,target_binary,raw_intercity,raw_intercity_direct,raw_international,raw_exceptions,ratio_intercity,ratio_intercity_direct,ratio_international,ratio_operational_exceptions,ratio_sprinter,season_ordinal,month_sin,month_cos,XGBClassifier_TOP_pred,XGBClassifier_TOP_proba
RSN,WDN,2024-01-01,2024,1,8,1132.0,1.17,374,2622.0,2.7,410,971,0.3852,0.4222,0,907,1,907.0,0,5,1832.0,1865.0,3697.0,21.166666666666664,7.5,13.666666666666666,4,13.0,6.5,6.5,1832.0,1078.0,2910.0,0.0,0.0,20.0,0.0,0.0,3.1918789295064065,0.10026881828783982,0.004704300995155048,0.0017473117889015264,18.48914554362656,34.38919261706773,3.2162068975333287,3.124231242359446,0.10241935555372507,0.0013172043166974538,0.0017204300690722722,18.123256162770332,33.35564434047668,3.1681828146039317,1,0.0323,8.0,22.0,0.263,1,0.0030895984,0.0,0.0,0.0,0.003,0.0,0.0,0.0,0.997,1,0.49999999999999994,0.8660254037844387,0.0,0.2824082672595978
DVNK,VST,2024-01-01,2024,1,2,1412.0,0.8,447,5700.0,3.24,544,1757,0.2544,0.3096,34,1780,1,1780.0,0,4,3501.0,3499.0,7000.0,5.0,2.5,2.5,4,8.0,4.0,4.0,3501.0,3501.0,7002.0,0.0,0.0,16.0,0.0,0.0,4.17476890564105,0.08938172069047728,0.004516129111570697,0.0,19.837839674885554,35.115966882756965,3.9935860649572423,4.17476890564105,0.08938172069047728,0.004516129111570697,0.0,19.837839674885554,35.115966882756965,3.9935860649572423,1,0.0323,8.0,22.0,0.263,1,0.00056915195,0.0,0.0,0.00056915195,0.001,0.0,0.0,0.001,0.998,1,0.49999999999999994,0.8660254037844387,1.0,0.5784446597099304
NML,NM,2024-01-01,2024,1,1,748.0,0.64,269,5853.0,4.98,400,1175,0.2289,0.3404,2,983,1,983.0,0,4,2942.0,2456.0,5398.0,8.0,4.0,4.0,9,22.75,11.75,11.0,4257.0,7014.0,11271.0,1.0,0.16666666666666666,36.0,0.7213475204444817,0.25,3.289018808713844,0.08938172099090391,0.006115591383829552,0.0027150537027546794,17.493877294883934,33.70403132900115,3.33209673702837,3.250018865616131,0.08938172099090391,0.006115591383829552,0.0034408601381445444,17.493877294883934,33.70403132900115,3.2930968287651257,1,0.0323,8.0,22.0,0.263,1,0.0008510638,0.0,0.0,0.0,0.001,0.0,0.0,0.0,0.999,1,0.49999999999999994,0.8660254037844387,1.0,0.6805855631828308
RSN,HON,2024-01-01,2024,1,7,1338.0,1.36,723,2572.0,2.61,748,985,0.734,0.7594,21,925,1,925.0,0,5,1832.0,1865.0,3697.0,21.166666666666664,7.5,13.666666666666666,4,22.0,11.0,11.0,1832.0,1833.0,3665.0,0.0,0.0,20.0,0.0,0.0,3.1918789295064065,0.10026881828783982,0.004704300995155048,0.0017473117889015264,18.48914554362656,34.38919261706773,3.2162068975333287,3.124978540520314,0.10846774259041395,0.0036693547241469864,0.0017473117889015264,17.85289161812554,33.52741850415865,3.139830657886842,1,0.0323,8.0,22.0,0.263,1,0.0,0.0,0.0,0.0,0.0,0.0,0.0,0.0,1.0,1,0.49999999999999994,0.8660254037844387,0.0,0.43419843912124634
CL,GDM,2024-01-01,2024,1,8,8606.0,1.91,2692,16917.0,3.75,2839,4515,0.5962,0.6288,0,4116,1,4116.0,0,4,6359.0,6359.0,12718.0,17.0,8.5,8.5,6,18.0,9.0,9.0,6359.0,6364.0,12723.0,0.0,0.0,24.0,0.0,0.0,3.51528227932611,0.0826612907732206,0.005645161264285606,0.0017338709289868993,18.41470335375878,34.12596673734726,3.62623660107674,3.521782243509166,0.0826612907732206,0.005645161264285606,0.0017473117889015264,18.41470335375878,34.12596673734726,3.632736543118353,1,0.0323,8.0,22.0,0.263,1,0.0,0.0,0.0,0.0,0.0,0.0,0.0,0.0,1.0,1,0.49999999999999994,0.8660254037844387,1.0,0.7414275407791138
HR,SWK,2024-01-01,2024,1,24,609.0,0.56,240,6976.0,6.42,419,1087,0.2208,0.3855,9,1068,1,1068.0,0,7,4032.0,2948.0,6980.0,34.083333333333336,18.75,15.333333333333334,6,34.0,17.0,17.0,4039.0,3968.0,8007.0,1.0,0.16666666666666666,42.0,1.4426950408889634,0.5,3.54874200137302,0.09798387099578175,0.0032930107867365243,0.00224462360574273,21.10140804850286,36.40354743119209,3.27044900403338,3.4390161880642496,0.09690860252306667,0.0015994623924295108,0.002647849403181544,19.907589498066134,34.85999906575808,3.2671075399254037,1,0.0323,8.0,22.0,0.263,1,1.0,0.0,0.0,0.0,1.0,0.0,0.0,0.0,0.0,1,0.49999999999999994,0.8660254037844387,1.0,0.6953080892562866
HLM,ASD,2024-01-01,2024,1,19,0.0,0.0,0,0.0,0.0,0,7,0.0,0.0,0,8,3,2.67,0,19,7977.34,9322.34,17299.68,29.42222222222222,13.222222222222221,16.2,22,37.45,19.2,18.25,10612.78,19113.33,29726.11,4.0,0.18181818181818182,418.0,1.7552831161416194,0.41374269005847947,4.467134521548106,0.09260752761075573,0.007620967644196685,0.0,22.694373001975396,40.57645042352779,4.065521599739911,3.8271746891801075,0.08938172116114568,0.006962365540926174,0.0,18.942104511804157,33.40887008046591,2.7498897453920255,1,0.0323,8.0,22.0,0.263,0,1.0,0.0,0.0,0.0,1.0,0.0,0.0,0.0,0.0,1,0.49999999999999994,0.8660254037844387,0.0,0.4635361433029175
HLM,UT,2024-01-01,2024,1,58,0.0,0.0,0,210.0,26.25,7,8,0.0,0.875,0,4,6,0.67,0,19,7977.34,9322.34,17299.68,29.42222222222222,13.222222222222221,16.2,32,49.96031746031746,26.071428571428573,23.88888888888889,20729.67,30427.440000000002,51157.11,2.0,0.06896551724137931,608.0,0.9370338082411984,0.23809523809523808,4.467134521548106,0.09260752761075573,0.007620967644196685,0.0,22.694373001975396,40.57645042352779,4.065521599739911,3.541932883702459,0.08750000020228726,0.007338709728692168,0.0017338709289868993,18.468390858301554,33.6870959292176,3.593411382152549,1,0.0323,8.0,22.0,0.263,1,1.0,0.0,0.0,0.0,1.0,0.0,0.0,0.0,0.0,1,0.49999999999999994,0.8660254037844387,0.0,0.47162723541259766
HM,HMBH,2024-01-01,2024,1,1,1646.0,1.77,470,4809.0,5.17,534,931,0.5048,0.5736,12,892,1,892.0,0,8,4422.0,4253.0,8675.0,12.0,6.0,6.0,4,9.0,4.5,4.5,1781.0,889.24,2670.24,1.0,0.2,32.0,0.9102392266268373,0.3333333333333333,3.212137076087416,0.07594086116640478,0.004610215093419757,0.004153225713619782,17.00263116100142,32.022095927628136,3.2838440539755966,3.1991369804262275,0.07594086116640478,0.004610215093419757,0.004153225713619782,17.00263116100142,32.022095927628136,3.270843991992234,1,0.0323,8.0,22.0,0.263,1,0.018259935,0.0,0.0,0.0,0.018,0.0,0.0,0.0,0.982,1,0.49999999999999994,0.8660254037844387,0.0,0.40611231327056885
HLM,CAS,2024-01-01,2024,1,23,18.0,2.57,5,210.0,30.0,7,7,0.7143,1.0,1,6,6,1.0,0,19,7977.34,9322.34,17299.68,29.42222222222222,13.222222222222221,16.2,10,22.6,12.6,10.0,5530.0,5173.17,10703.17,1.0,0.058823529411764705,190.0,0.5581106265512472,0.16666666666666666,4.467134521548106,0.09260752761075573,0.007620967644196685,0.0,22.694373001975396,40.57645042352779,4.065521599739911,4.572043021239581,0.09556451626121998,0.006491935561581325,0.0,23.706434238021092,40.421127988446145,4.160080645949409,1,0.0323,8.0,22.0,0.263,1,1.0,0.0,0.0,0.0,1.0,0.0,0.0,0.0,0.0,1,0.49999999999999994,0.8660254037844387,0.0,0.4839463531970978
WP,ALM,2024-01-01,2024,1,16,6.0,0.67,3,6.0,0.67,3,9,0.3333,0.3333,0,6,1,6.0,0,13,6848.4400000000005,6993.44,13841.880000000001,26.69047619047619,13.833333333333334,12.857142857142858,16,31.396825396825395,15.11111111111111,16.285714285714285,6034.78,7160.0,13194.779999999999,2.0,0.125,208.0,1.100270702134433,0.3214285714285714,3.788430226070466,0.09247311911675879,0.004139784993904252,0.00017473117889015266,19.63019658833422,34.01661194011729,2.94918289181516,3.933755411155602,0.08884408642407707,0.0033870967685855845,0.0,20.91069567123408,36.282579628370144,2.906134478875526,1,0.0323,8.0,22.0,0.263,1,1.0,0.0,0.0,0.0,1.0,0.0,0.0,0.0,0.0,1,0.49999999999999994,0.8660254037844387,1.0,0.6024081707000732
NDB,WP,2024-01-01,2024,1,9,2987.0,1.68,997,6964.0,3.93,1068,1774,0.562,0.602,1,1661,1,1661.0,0,8,5471.0,5470.0,10941.0,19.0,9.5,9.5,13,26.69047619047619,13.833333333333334,12.857142857142858,6848.4400000000005,6993.44,13841.880000000001,1.0,0.09090909090909091,104.0,0.7213475204444817,0.25,3.6086127909616397,0.09663978551504432,0.006397849419504725,0.001693548349243018,18.345179287897004,34.04322479168574,2.9590160415948477,3.788430226070466,0.09247311911675879,0.004139784993904252,0.00017473117889015266,19.63019658833422,34.01661194011729,2.94918289181516,1,0.0323,8.0,22.0,0.263,1,0.0,0.0,0.0,0.0,0.0,0.0,0.0,0.0,1.0,1,0.49999999999999994,0.8660254037844387,1.0,0.6413052678108215
GV,LEDN,2024-01-01,2024,1,16,134.0,0.94,29,1048.0,7.33,43,143,0.2028,0.3007,12,145,1,145.0,0,11,10369.0,7761.0,18130.0,19.53333333333333,8.333333333333334,11.2,21,38.009090909090915,19.90909090909091,18.1,11970.0,12359.67,24329.67,2.0,0.11764705882352941,231.0,1.3426824550040934,0.45,4.4102608268299415,0.11465053795085799,0.005080645253020589,0.0,21.24727413186463,38.3066119320931,4.287612929389441,4.403252713507422,0.09448924850952882,0.004327956997659257,0.0,21.347878975893863,37.95628927728181,4.107284997124225,1,0.0323,8.0,22.0,0.263,1,1.0,0.0,0.0,0.0,1.0,0.0,0.0,0.0,0.0,1,0.49999999999999994,0.8660254037844387,1.0,0.6223692893981934
HK,BV,2024-01-01,2024,1,3,735.0,0.62,295,3314.0,2.78,346,1192,0.2475,0.2903,0,1167,1,1167.0,0,4,2314.0,2104.0,4418.0,6.0,3.0,3.0,8,24.25,10.75,13.5,2315.84,2315.84,4631.68,0.0,0.0,32.0,0.0,0.0,4.517521447754936,0.09946236614218001,0.0034811828205341933,0.0,23.045490062124628,39.68370856200495,4.174712282029652,4.511021501049199,0.09946236614218001,0.0034811828205341933,0.0,23.045490062124628,39.68370856200495,4.168212362720321,1,0.0323,8.0,22.0,0.263,1,0.0,0.0,0.0,0.0,0.0,0.0,0.0,0.0,1.0,1,0.49999999999999994,0.8660254037844387,1.0,0.5409413576126099
UTVR,UT,2024-01-01,2024,1,1,4023.0,1.15,1361,11650.0,3.32,1525,3511,0.3876,0.4343,5,3404,1,3404.0,0,6,8896.0,8778.0,17674.0,7.333333333333333,3.6666666666666665,3.6666666666666665,32,49.96031746031746,26.071428571428573,23.88888888888889,20729.67,30427.440000000002,51157.11,0.0,0.0,192.0,0.0,0.0,3.5809328284900714,0.08750000020228726,0.007338709728692168,0.0017338709289868993,18.468390858301554,33.6870959292176,3.6324113558712465,3.541932883702459,0.08750000020228726,0.007338709728692168,0.0017338709289868993,18.468390858301554,33.6870959292176,3.593411382152549,1,0.0323,8.0,22.0,0.263,1,0.0,0.0,0.0,0.0,0.0,0.0,0.0,0.0,1.0,1,0.49999999999999994,0.8660254037844387,1.0,0.5958361625671387
GVC,GV,2024-01-01,2024,1,1,696.0,0.3,264,3480.0,1.51,93,2307,0.1144,0.0403,96,2730,1,2730.0,0,5,0.0,8983.0,8983.0,9.6,0.0,9.6,11,19.53333333333333,8.333333333333334,11.2,10369.0,7761.0,18130.0,3.0,0.3333333333333333,55.0,1.6046754717893141,0.4583333333333333,4.403760868980879,0.11465053795085799,0.005080645253020589,0.0,21.24727413186463,38.3066119320931,4.281112996500827,4.4102608268299415,0.11465053795085799,0.005080645253020589,0.0,21.24727413186463,38.3066119320931,4.287612929389441,1,0.0323,8.0,22.0,0.263,0,0.16905071,0.0017338535,0.0,0.0,0.169,0.002,0.0,0.0,0.829,1,0.49999999999999994,0.8660254037844387,0.0,0.42979562282562256
UTVR,BNK,2024-01-01,2024,1,7,607.0,0.46,206,3913.0,2.96,287,1321,0.1559,0.2173,0,1258,1,1258.0,0,6,8896.0,8778.0,17674.0,7.333333333333333,3.6666666666666665,3.6666666666666665,4,11.0,5.5,5.5,2535.0,2371.0,4906.0,0.0,0.0,24.0,0.0,0.0,3.5809328284900714,0.08750000020228726,0.007338709728692168,0.0017338709289868993,18.468390858301554,33.6870959292176,3.6324113558712465,3.5809328284900714,0.08750000020228726,0.007338709728692168,0.0017607526488161536,18.468390858301554,33.6870959292176,3.6324113558712465,1,0.0323,8.0,22.0,0.263,0,0.0,0.0,0.0,0.0007570023,0.0,0.0,0.0,0.001,0.999,1,0.49999999999999994,0.8660254037844387,1.0,0.5660317540168762
PMR,HN,2024-01-01,2024,1,19,66.0,2.2,16,186.0,6.2,18,30,0.5333,0.6,0,20,1,20.0,0,8,1903.0,1903.0,3806.0,20.5,10.25,10.25,11,42.16666666666667,22.0,20.166666666666668,3687.0,4096.0,7783.0,2.0,0.25,88.0,1.897814654202382,0.6111111111111112,4.009838740907169,0.08669354837708255,0.0021639785038367393,0.0,22.07626597927783,37.07564414893427,3.0277151000555804,4.209887073004759,0.09771505422810073,0.003951612920049698,0.0,20.548092046091632,35.79919250037081,3.85518278273183,1,0.0323,8.0,22.0,0.263,1,1.0,0.0,0.0,0.0,1.0,0.0,0.0,0.0,0.0,1,0.49999999999999994,0.8660254037844387,1.0,0.6117062568664551
LEDN,SHL,2024-01-01,2024,1,29,2244.0,0.95,675,16488.0,6.96,859,2369,0.2849,0.3626,246,2135,1,2135.0,0,21,11970.0,12359.67,24329.67,38.009090909090915,19.90909090909091,18.1,16,44.682539682539684,22.11111111111111,22.571428571428573,14532.0,12421.0,26953.0,2.0,0.10526315789473684,336.0,1.2891624083167885,0.40476190476190477,4.403252713507422,0.09448924850952882,0.004327956997659257,0.0,21.347878975893863,37.95628927728181,4.107284997124225,4.025314567881005,0.09099462491169732,0.00611559144391488,0.0,19.258847246527353,35.33419259517424,3.689830669231953,1,0.0323,8.0,22.0,0.263,1,1.0,0.0,0.0,0.0,1.0,0.0,0.0,0.0,0.0,1,0.49999999999999994,0.8660254037844387,0.0,0.3981286883354187
LEDN,LDL,2024-01-01,2024,1,1,312.0,0.23,100,4830.0,3.62,147,1335,0.0749,0.1101,33,1345,1,1345.0,0,21,11970.0,12359.67,24329.67,38.009090909090915,19.90909090909091,18.1,3,21.5,7.5,14.0,3796.0,1345.0,5141.0,0.0,0.0,63.0,0.0,0.0,4.403252713507422,0.09448924850952882,0.004327956997659257,0.0,21.347878975893863,37.95628927728181,4.107284997124225,4.1682689522658425,0.08938172069047728,0.004516129111570697,0.0,19.837839674885554,35.115966882756965,3.987086133430562,1,0.0323,8.0,22.0,0.263,0,0.0,0.0,0.0,0.0,0.0,0.0,0.0,0.0,1.0,1,0.49999999999999994,0.8660254037844387,0.0,0.2566831707954407
LEDN,LAA,2024-01-01,2024,1,14,3694.0,1.4,788,21938.0,8.32,1337,2637,0.2988,0.507,162,2588,1,2588.0,0,21,11970.0,12359.67,24329.67,38.009090909090915,19.90909090909091,18.1,7,11.333333333333332,5.0,6.333333333333333,8391.0,6459.0,14850.0,2.0,0.14285714285714285,147.0,1.1352332769293625,0.34285714285714286,4.403252713507422,0.09448924850952882,0.004327956997659257,0.0,21.347878975893863,37.95628927728181,4.107284997124225,4.429760888737116,0.11465053795085799,0.005080645253020589,0.0,21.24727413186463,38.3066119320931,4.307113011432712,1,0.0323,8.0,22.0,0.263,1,1.0,0.0,0.0,0.0,1.0,0.0,0.0,0.0,0.0,1,0.49999999999999994,0.8660254037844387,0.0,0.3600046634674072
RTD,DT,2024-01-01,2024,1,14,827.0,1.47,192,2933.0,5.2,203,564,0.3404,0.3599,60,1062,1,1062.0,0,15,10630.0,14622.0,25252.0,47.44444444444444,26.0,21.444444444444443,10,15.2,7.6,7.6,10368.0,10067.0,20435.0,2.0,0.16666666666666666,150.0,1.424137568996588,0.47619047619047616,4.006881736759698,0.08387096811045883,0.002822580657178356,0.0,18.714111432753583,34.11870878101677,3.9028495071075295,4.199548431677163,0.10080645218371384,0.0030107527210186886,0.0,18.7400451562097,33.697741098301385,3.9617124268790125,1,0.0323,8.0,22.0,0.263,1,1.0,0.0,0.0,0.0,1.0,0.0,0.0,0.0,0.0,1,0.49999999999999994,0.8660254037844387,0.0,0.35838544368743896
GW,AKM,2024-01-01,2024,1,5,733.0,0.74,185,4045.0,4.06,278,997,0.1856,0.2788,0,982,1,982.0,0,3,1902.0,982.0,2884.0,14.0,9.0,5.0,4,16.0,8.0,8.0,1901.0,1902.0,3803.0,0.0,0.0,12.0,0.0,0.0,3.7083413823788125,0.10712365671912188,0.0037634408962662503,0.0019489246876209334,20.73118885149879,35.855805506308876,3.072387080299117,3.7222043579764743,0.09287634427829455,0.0037634408962662503,0.0016532257694991366,21.463220686681808,36.716128087171946,3.533225873154738,1,0.0323,8.0,22.0,0.263,1,0.07321966,0.0,0.0,0.001003009,0.073,0.0,0.0,0.001,0.926,1,0.49999999999999994,0.8660254037844387,1.0,0.5216992497444153
HVS,NDB,2024-01-01,2024,1,6,1250.0,1.12,462,2344.0,2.09,322,1121,0.4121,0.2872,31,1058,1,1058.0,0,15,8972.25,7787.0,16759.25,25.857142857142858,14.0,11.857142857142858,8,19.0,9.5,9.5,5471.0,5470.0,10941.0,0.0,0.0,120.0,0.0,0.0,3.48861296637164,0.08440860238687325,0.007150537664851834,0.0017473117889015264,18.077912151092484,33.39483781206992,2.91415057068951,3.6086127909616397,0.09663978551504432,0.006397849419504725,0.001693548349243018,18.345179287897004,34.04322479168574,2.9590160415948477,1,0.0323,8.0,22.0,0.263,1,0.0,0.0,0.0,0.0,0.0,0.0,0.0,0.0,1.0,1,0.49999999999999994,0.8660254037844387,1.0,0.5892093777656555
TWL,DV,2024-01-01,2024,1,5,506.0,0.56,142,1896.0,2.1,180,904,0.1571,0.1991,0,854,1,854.0,0,4,1734.0,1717.0,3451.0,12.0,6.0,6.0,13,31.26190476190476,16.428571428571427,14.833333333333334,6366.0,6644.0,13010.0,0.0,0.0,52.0,0.0,0.0,3.341338691216523,0.09852150560266548,0.004516129061499591,0.002043010707023323,18.331987683170585,33.868063609446246,3.425680086166868,3.302338739151075,0.09852150560266548,0.004516129061499591,0.0017876343686454078,18.331987683170585,33.868063609446246,3.3866801085951987,1,0.0323,8.0,22.0,0.263,0,0.0011061947,0.0,0.0,0.0,0.001,0.0,0.0,0.0,0.999,1,0.49999999999999994,0.8660254037844387,1.0,0.6490535140037537
KMA,UTG,2024-01-01,2024,1,5,80.0,1.63,21,224.0,4.57,24,49,0.4286,0.4898,0,264,1,264.0,0,4,2945.0,1719.0,4664.0,7.0,3.5,3.5,6,8.0,4.0,4.0,2418.0,3826.0,6244.0,0.0,0.0,24.0,0.0,0.0,4.524021425099182,0.09946236614218001,0.0034811828205341933,0.0,23.045490062124628,39.68370856200495,4.181212333041013,4.572043021239581,0.09556451626121998,0.006491935561581325,0.0,23.706434238021092,40.421127988446145,4.160080645949409,1,0.0323,8.0,22.0,0.263,1,0.48979592,0.0,0.0,0.0,0.49,0.0,0.0,0.0,0.51,1,0.49999999999999994,0.8660254037844387,1.0,0.6392074227333069
OST,WH,2024-01-01,2024,1,7,3046.0,2.52,982,9054.0,7.5,1098,1208,0.8129,0.9089,10,1182,1,1182.0,0,4,2361.0,2361.0,4722.0,17.0,8.5,8.5,3,17.5,10.5,7.0,2361.0,1179.0,3540.0,0.0,0.0,12.0,0.0,0.0,3.2797608573505435,0.09677419386884217,0.004045698891884537,0.001801075228560035,18.175787764851766,33.12483781255702,3.2808361163422948,3.266532256232915,0.10362903295104862,0.003669354864346084,0.0017607526488161536,18.399452548834585,32.99951528477413,3.2655913983722047,1,0.0323,8.0,22.0,0.263,1,0.9991722,0.0,0.0,0.00082781457,0.999,0.0,0.0,0.001,0.0,1,0.49999999999999994,0.8660254037844387,0.0,0.37706705927848816
TWL,APDO,2024-01-01,2024,1,7,606.0,0.66,205,1769.0,1.93,232,915,0.224,0.2536,0,863,1,863.0,0,4,1734.0,1717.0,3451.0,12.0,6.0,6.0,3,12.0,5.0,7.0,1734.0,871.0,2605.0,0.0,0.0,12.0,0.0,0.0,3.341338691216523,0.09852150560266548,0.004516129061499591,0.002043010707023323,18.331987683170585,33.868063609446246,3.425680086166868,3.3103306429480672,0.10026881778712875,0.0031989246146172604,0.0027284945626693067,19.128281966973375,33.999192777500355,3.294201634273494,1,0.0323,8.0,22.0,0.263,0,0.0010928962,0.0,0.0,0.0,0.001,0.0,0.0,0.0,0.999,1,0.49999999999999994,0.8660254037844387,0.0,0.3049546182155609
HVS,HVSP,2024-01-01,2024,1,1,2151.0,1.21,833,5190.0,2.91,616,1782,0.4675,0.3457,152,1656,1,1656.0,0,15,8972.25,7787.0,16759.25,25.857142857142858,14.0,11.857142857142858,7,15.916666666666668,9.25,6.666666666666667,3328.0,3208.0,6536.0,0.0,0.0,105.0,0.0,0.0,3.48861296637164,0.08440860238687325,0.007150537664851834,0.0017473117889015264,18.077912151092484,33.39483781206992,2.91415057068951,3.4951129381504833,0.08440860238687325,0.007150537664851834,0.0017473117889015264,18.077912151092484,33.39483781206992,2.920650594772631,1,0.0323,8.0,22.0,0.263,1,0.004489338,0.0,0.0,0.0,0.004,0.0,0.0,0.0,0.996,1,0.49999999999999994,0.8660254037844387,1.0,0.5444532632827759
RTD,BD,2024-01-01,2024,1,50,3252.0,2.08,752,7238.0,4.64,309,1561,0.4817,0.198,281,1084,1,1084.0,0,15,10630.0,14622.0,25252.0,47.44444444444444,26.0,21.444444444444443,12,42.333333333333336,21.166666666666668,21.166666666666668,6936.0,7713.0,14649.0,1.0,0.07142857142857142,180.0,0.5138983423697507,0.14285714285714285,4.006881736759698,0.08387096811045883,0.002822580657178356,0.0,18.714111432753583,34.11870878101677,3.9028495071075295,3.6167930283944214,0.07419354860140111,0.006115591353786889,0.0013440859914627126,18.53666709667893,33.73306362282845,3.700462381230287,1,0.0323,8.0,22.0,0.263,0,0.40358743,0.59641254,0.0,0.0,0.404,0.596,0.0,0.0,0.0,1,0.49999999999999994,0.8660254037844387,0.0,0.44673094153404236
HVS,ASDZ,2024-01-01,2024,1,28,57.0,0.79,17,223.0,3.1,32,72,0.2361,0.4444,7,44,4,11.0,0,15,8972.25,7787.0,16759.25,25.857142857142858,14.0,11.857142857142858,12,26.333333333333332,13.166666666666666,13.166666666666666,10250.0,9102.25,19352.25,1.0,0.07692307692307693,180.0,0.45511961331341866,0.1111111111111111,3.48861296637164,0.08440860238687325,0.007150537664851834,0.0017473117889015264,18.077912151092484,33.39483781206992,2.91415057068951,4.012314472407583,0.09099462491169732,0.00611559144391488,0.0,19.258847246527353,35.33419259517424,3.6768306135300106,1,0.0323,8.0,22.0,0.263,1,1.0,0.0,0.0,0.0,1.0,0.0,0.0,0.0,0.0,1,0.49999999999999994,0.8660254037844387,1.0,0.5667625069618225
ES,HGL,2024-01-01,2024,1,8,243.0,0.21,117,4080.0,3.55,126,1150,0.1017,0.1096,21,1141,1,1141.0,0,2,0.0,1322.0,1322.0,6.0,0.0,6.0,7,15.416666666666668,7.75,7.666666666666667,2627.0,1479.0,4106.0,1.0,0.2,14.0,1.4426950408889634,0.5,2.929400476236497,0.10026881788727096,0.007997311791905793,0.0019354838277063063,17.44033622409227,33.40257968088632,2.9824246877493956,3.071728443852075,0.10416666697710752,0.005174731104684773,0.001706989209157645,17.676085703956183,33.25886998573939,3.1002903169782092,1,0.0323,8.0,22.0,0.263,0,1.0,0.0,0.0,0.0,1.0,0.0,0.0,0.0,0.0,1,0.49999999999999994,0.8660254037844387,0.0,0.2843393087387085
AMFS,AMF,2024-01-01,2024,1,3,1951.0,0.65,641,7365.0,2.46,709,2989,0.2145,0.2372,42,3097,1,3097.0,0,4,4048.0,4194.0,8242.0,6.0,3.0,3.0,15,46.10714285714286,23.857142857142858,22.25,11305.0,10810.0,22115.0,0.0,0.0,60.0,0.0,0.0,3.439352208948744,0.09126344111858196,0.006303763387584558,0.0018279569483892891,18.27908812703625,32.59064429870216,3.3495000341646772,3.519145186514824,0.08306451683603627,0.006962365580983059,0.0018279569483892891,18.494562417909663,34.376128144802585,3.4926666896139342,1,0.0323,8.0,22.0,0.263,0,0.35296085,0.0,0.0,0.0,0.353,0.0,0.0,0.0,0.647,1,0.49999999999999994,0.8660254037844387,1.0,0.5906155109405518
DVD,HVS,2024-01-01,2024,1,24,826.0,1.44,337,1829.0,3.19,359,574,0.5871,0.6254,0,834,1,834.0,0,16,8195.33,8181.0,16376.33,20.07936507936508,11.222222222222221,8.857142857142858,15,25.857142857142858,14.0,11.857142857142858,8972.25,7787.0,16759.25,2.0,0.13333333333333333,240.0,0.9370338082411984,0.23809523809523808,3.7299300739741934,0.09247311911675879,0.004139784993904252,0.0,19.63019658833422,34.01661194011729,2.890682762083147,3.48861296637164,0.08440860238687325,0.007150537664851834,0.0017473117889015264,18.077912151092484,33.39483781206992,2.91415057068951,1,0.0323,8.0,22.0,0.263,1,1.0,0.0,0.0,0.0,1.0,0.0,0.0,0.0,0.0,1,0.49999999999999994,0.8660254037844387,1.0,0.5882646441459656
ASS,ASDL,2024-01-01,2024,1,3,1860.0,1.07,730,6458.0,3.71,812,1741,0.4193,0.4664,6,2173,1,2173.0,0,17,21638.0,16571.67,38209.67,28.51388888888889,13.625,14.88888888888889,4,15.0,7.5,7.5,4303.0,4232.0,8535.0,1.0,0.1,68.0,0.45511961331341866,0.1111111111111111,3.833674811407603,0.08938172116114568,0.006962365540926174,0.0,18.942104511804157,33.40887008046591,2.7563898463993866,4.018814611258686,0.09099462491169732,0.00611559144391488,0.0,19.258847246527353,35.33419259517424,3.6833307303798697,1,0.0323,8.0,22.0,0.263,1,0.0,0.0,0.0,0.0,0.0,0.0,0.0,0.0,1.0,1,0.49999999999999994,0.8660254037844387,0.0,0.4753170907497406
OVN,HLM,2024-01-01,2024,1,2,1439.0,1.29,970,3231.0,2.89,994,1117,0.8684,0.8899,53,1108,1,1108.0,0,3,2258.0,1108.0,3366.0,6.0,4.0,2.0,19,29.42222222222222,13.222222222222221,16.2,7977.34,9322.34,17299.68,0.0,0.0,57.0,0.0,0.0,4.460634372262184,0.09260752761075573,0.007620967644196685,0.0,22.694373001975396,40.57645042352779,4.059021471954521,4.467134521548106,0.09260752761075573,0.007620967644196685,0.0,22.694373001975396,40.57645042352779,4.065521599739911,1,0.0323,8.0,22.0,0.263,1,0.0,0.0,0.0,0.0,0.0,0.0,0.0,0.0,1.0,1,0.49999999999999994,0.8660254037844387,1.0,0.5913535356521606
DVD,DMNZ,2024-01-01,2024,1,2,2033.0,1.15,619,6468.0,3.65,730,1772,0.3493,0.412,1,1635,1,1635.0,0,16,8195.33,8181.0,16376.33,20.07936507936508,11.222222222222221,8.857142857142858,4,9.0,4.5,4.5,3290.0,3238.0,6528.0,0.0,0.0,64.0,0.0,0.0,3.7299300739741934,0.09247311911675879,0.004139784993904252,0.0,19.63019658833422,34.01661194011729,2.890682762083147,3.7949301867936085,0.09247311911675879,0.004139784993904252,0.00017473117889015266,19.63019658833422,34.01661194011729,2.9556828290724786,1,0.0323,8.0,22.0,0.263,1,0.0,0.0,0.0,0.0,0.0,0.0,0.0,0.0,1.0,1,0.49999999999999994,0.8660254037844387,1.0,0.5857687592506409
VNDW,VNDC,2024-01-01,2024,1,1,1517.0,1.34,853,4346.0,3.83,904,1136,0.7509,0.7958,0,1127,1,1127.0,0,4,2274.0,2274.0,4548.0,15.0,7.5,7.5,3,5.5,4.5,1.0,2274.0,1147.0,3421.0,0.0,0.0,12.0,0.0,0.0,3.430424693371019,0.08924731271721983,0.007809139768122345,0.0021908601660842217,18.46898420619708,33.55887008418319,3.4291477994267296,3.343260702807256,0.08723118370499021,0.006303763437655664,0.0021908601660842217,17.80894861682769,33.048386225136376,3.4460832788684077,1,0.0323,8.0,22.0,0.263,1,0.0,0.0,0.0,0.0008802817,0.0,0.0,0.0,0.001,0.999,1,0.49999999999999994,0.8660254037844387,0.0,0.3568449020385742
ASS,ZD,2024-01-01,2024,1,6,6525.0,1.56,2121,23101.0,5.52,2301,4182,0.5072,0.5502,37,4049,1,4049.0,0,17,21638.0,16571.67,38209.67,28.51388888888889,13.625,14.88888888888889,11,25.866666666666667,12.2,13.666666666666666,8072.0,7932.0,16004.0,2.0,0.15384615384615385,187.0,0.9605402309330919,0.25,3.833674811407603,0.08938172116114568,0.006962365540926174,0.0,18.942104511804157,33.40887008046591,2.7563898463993866,3.892174805189052,0.08938172116114568,0.006962365540926174,0.0,18.942104511804157,33.40887008046591,2.8148898057669642,1,0.0323,8.0,22.0,0.263,1,0.4189383,0.0,0.0,0.0,0.419,0.0,0.0,0.0,0.581,1,0.49999999999999994,0.8660254037844387,0.0,0.4515655040740967
HWD,AMRN,2024-01-01,2024,1,6,2319.0,1.03,938,11588.0,5.14,1147,2255,0.416,0.5086,21,1553,1,1553.0,0,6,3109.0,3109.0,6218.0,17.333333333333332,8.666666666666666,8.666666666666666,4,7.0,3.5,3.5,3115.0,3079.0,6194.0,0.0,0.0,24.0,0.0,0.0,4.201919437961913,0.09973118351071432,0.0028225806772067983,0.0,19.884610403289077,34.89774095243023,3.8374032535269778,4.623155981562631,0.10376344062387943,0.007244623746843108,0.0,24.391501140209936,41.486611809781806,4.180548415609425,1,0.0323,8.0,22.0,0.263,1,0.54013306,0.0,0.0,0.0,0.54,0.0,0.0,0.0,0.46,1,0.49999999999999994,0.8660254037844387,1.0,0.7261399626731873
DVD,ASDZ,2024-01-01,2024,1,4,1014.0,1.76,246,2348.0,4.08,271,576,0.4271,0.4705,0,924,1,924.0,0,16,8195.33,8181.0,16376.33,20.07936507936508,11.222222222222221,8.857142857142858,12,26.333333333333332,13.166666666666666,13.166666666666666,10250.0,9102.25,19352.25,4.0,0.36363636363636365,192.0,2.813007483068622,0.8361111111111111,3.7299300739741934,0.09247311911675879,0.004139784993904252,0.0,19.63019658833422,34.01661194011729,2.890682762083147,4.012314472407583,0.09099462491169732,0.00611559144391488,0.0,19.258847246527353,35.33419259517424,3.6768306135300106,1,0.0323,8.0,22.0,0.263,1,1.0,0.0,0.0,0.0,1.0,0.0,0.0,0.0,0.0,1,0.49999999999999994,0.8660254037844387,1.0,0.5969488620758057
ASS,HN,2024-01-01,2024,1,39,1542.0,1.17,428,16534.0,12.52,826,1321,0.324,0.6253,12,1099,1,1099.0,0,17,21638.0,16571.67,38209.67,28.51388888888889,13.625,14.88888888888889,11,42.16666666666667,22.0,20.166666666666668,3687.0,4096.0,7783.0,2.0,0.15384615384615385,187.0,1.279458146995729,0.41666666666666663,3.833674811407603,0.08938172116114568,0.006962365540926174,0.0,18.942104511804157,33.40887008046591,2.7563898463993866,4.209887073004759,0.09771505422810073,0.003951612920049698,0.0,20.548092046091632,35.79919250037081,3.85518278273183,1,0.0323,8.0,22.0,0.263,1,1.0,0.0,0.0,0.0,1.0,0.0,0.0,0.0,0.0,1,0.49999999999999994,0.8660254037844387,0.0,0.4630461633205414
DVD,ASB,2024-01-01,2024,1,2,2976.0,1.87,907,8147.0,5.12,1014,1590,0.5704,0.6377,0,1524,1,1524.0,0,16,8195.33,8181.0,16376.33,20.07936507936508,11.222222222222221,8.857142857142858,16,27.5,14.375,13.125,7750.59,7360.0,15110.59,5.0,0.38461538461538464,256.0,2.269062188590806,0.5573934837092731,3.7299300739741934,0.09247311911675879,0.004139784993904252,0.0,19.63019658833422,34.01661194011729,2.890682762083147,3.7169301406610558,0.09247311911675879,0.004139784993904252,0.0,19.63019658833422,34.01661194011729,2.877682793670164,1,0.0323,8.0,22.0,0.263,1,0.042138364,0.0,0.0,0.0,0.042,0.0,0.0,0.0,0.958,1,0.49999999999999994,0.8660254037844387,1.0,0.5856958031654358
ASS,HLM,2024-01-01,2024,1,15,3169.0,1.53,1449,13134.0,6.35,1666,2068,0.7007,0.8056,9,1747,1,1747.0,0,17,21638.0,16571.67,38209.67,28.51388888888889,13.625,14.88888888888889,19,29.42222222222222,13.222222222222221,16.2,7977.34,9322.34,17299.68,3.0,0.16666666666666666,323.0,1.8472730348680357,0.5714285714285714,3.833674811407603,0.08938172116114568,0.006962365540926174,0.0,18.942104511804157,33.40887008046591,2.7563898463993866,4.467134521548106,0.09260752761075573,0.007620967644196685,0.0,22.694373001975396,40.57645042352779,4.065521599739911,1,0.0323,8.0,22.0,0.263,1,1.0,0.0,0.0,0.0,1.0,0.0,0.0,0.0,0.0,1,0.49999999999999994,0.8660254037844387,0.0,0.44718730449676514
HMBV,EHV,2024-01-01,2024,1,10,1670.0,1.86,421,4126.0,4.6,482,896,0.4699,0.5379,0,867,1,867.0,0,4,1781.0,1759.0,3540.0,12.0,6.0,6.0,13,33.14285714285714,15.0,18.142857142857142,8328.0,10922.0,19250.0,0.0,0.0,52.0,0.0,0.0,3.2602822552635384,0.07809139854244647,0.005833333328125938,0.0035483870174615613,16.6981600767342,31.936934551244143,3.313776884903951,3.309844106450797,0.0779569896578949,0.0052688172267329305,0.005161290207216816,16.5179996062671,32.13725709915161,3.4345752604465973,1,0.0323,8.0,22.0,0.263,1,0.004464286,0.0,0.0,0.0,0.004,0.0,0.0,0.0,0.996,1,0.49999999999999994,0.8660254037844387,1.0,0.661545991897583
AVAT,AMFS,2024-01-01,2024,1,3,1688.0,0.87,512,4913.0,2.54,499,1934,0.2647,0.258,1,2026,1,2026.0,0,4,2213.0,3123.0,5336.0,8.0,4.0,4.0,4,6.0,3.0,3.0,4048.0,4194.0,8242.0,0.0,0.0,16.0,0.0,0.0,3.4523521443748826,0.09126344111858196,0.006303763387584558,0.0018279569483892891,18.27908812703625,32.59064429870216,3.362500001731459,3.439352208948744,0.09126344111858196,0.006303763387584558,0.0018279569483892891,18.27908812703625,32.59064429870216,3.3495000341646772,1,0.0323,8.0,22.0,0.263,0,0.0,0.0,0.0,0.0,0.0,0.0,0.0,0.0,1.0,1,0.49999999999999994,0.8660254037844387,1.0,0.6093000769615173
HIL,VH,2024-01-01,2024,1,10,1245.0,1.12,522,2438.0,2.2,552,1110,0.4703,0.4973,0,1124,1,1124.0,0,4,2283.0,2283.0,4566.0,17.0,8.5,8.5,4,18.0,9.0,9.0,2283.0,1784.0,4067.0,0.0,0.0,16.0,0.0,0.0,5.199309078365644,0.09193548466008837,0.003857526948214859,0.0,28.40242210991921,39.057095810290306,6.472427254082055,4.429252734225023,0.09448924850952882,0.004327956997659257,0.0,21.347878975893863,37.95628927728181,4.133285013325413,1,0.0323,8.0,22.0,0.263,1,0.0018018018,0.0,0.0,0.0009009009,0.002,0.0,0.0,0.001,0.997,1,0.49999999999999994,0.8660254037844387,0.0,0.42984533309936523
HMBV,HMH,2024-01-01,2024,1,2,1120.0,1.22,264,4003.0,4.35,330,921,0.2866,0.3583,0,892,1,892.0,0,4,1781.0,1759.0,3540.0,12.0,6.0,6.0,4,3.0,1.5,1.5,1781.0,1781.0,3562.0,0.0,0.0,16.0,0.0,0.0,3.2602822552635384,0.07809139854244647,0.005833333328125938,0.0035483870174615613,16.6981600767342,31.936934551244143,3.313776884903951,3.212137076087416,0.07594086116640478,0.004610215093419757,0.0035483870174615613,17.00263116100142,32.022095927628136,3.2838440539755966,1,0.0323,8.0,22.0,0.263,1,0.007600434,0.0,0.0,0.0,0.008,0.0,0.0,0.0,0.992,1,0.49999999999999994,0.8660254037844387,0.0,0.3455945551395416
RSW,DT,2024-01-01,2024,1,5,1343.0,0.7,639,3520.0,1.84,686,1913,0.334,0.3586,13,1804,1,1804.0,0,4,3617.0,3616.0,7233.0,7.0,3.5,3.5,10,15.2,7.6,7.6,10368.0,10067.0,20435.0,0.0,0.0,40.0,0.0,0.0,4.449260754716052,0.11465053795085799,0.005080645253020589,0.0,21.24727413186463,38.3066119320931,4.326612896466207,4.199548431677163,0.10080645218371384,0.0030107527210186886,0.0,18.7400451562097,33.697741098301385,3.9617124268790125,1,0.0323,8.0,22.0,0.263,1,0.0,0.0,0.0,0.0,0.0,0.0,0.0,0.0,1.0,1,0.49999999999999994,0.8660254037844387,1.0,0.5978375673294067
UTG,KMA,2024-01-01,2024,1,5,1413.0,0.95,415,5450.0,3.67,188,1487,0.2791,0.1264,137,1455,1,1455.0,0,6,2418.0,3826.0,6244.0,8.0,4.0,4.0,4,7.0,3.5,3.5,2945.0,1719.0,4664.0,0.0,0.0,24.0,0.0,0.0,4.572043021239581,0.09556451626121998,0.006491935561581325,0.0,23.706434238021092,40.421127988446145,4.160080645949409,4.524021425099182,0.09946236614218001,0.0034811828205341933,0.0,23.045490062124628,39.68370856200495,4.181212333041013,1,0.0323,8.0,22.0,0.263,0,0.0,0.0,0.0,0.0,0.0,0.0,0.0,0.0,1.0,1,0.49999999999999994,0.8660254037844387,0.0,0.3396807610988617
ASDM,ASD,2024-01-01,2024,1,4,3411.0,1.43,1252,10728.0,4.48,1405,2392,0.5234,0.5874,0,2528,1,2528.0,0,6,6479.0,5757.0,12236.0,4.666666666666667,2.3333333333333335,2.3333333333333335,22,37.45,19.2,18.25,10612.78,19113.33,29726.11,1.0,0.0625,132.0,0.5581106265512472,0.16666666666666666,3.7689301700291216,0.09247311911675879,0.004139784993904252,0.0,19.63019658833422,34.01661194011729,2.929682820669866,3.8271746891801075,0.08938172116114568,0.006962365540926174,0.0,18.942104511804157,33.40887008046591,2.7498897453920255,1,0.0323,8.0,22.0,0.263,1,0.0,0.0,0.0,0.0,0.0,0.0,0.0,0.0,1.0,1,0.49999999999999994,0.8660254037844387,1.0,0.6011996865272522
AVAT,NKK,2024-01-01,2024,1,5,1102.0,1.0,342,2640.0,2.39,372,1103,0.3101,0.3373,1,1097,1,1097.0,0,4,2213.0,3123.0,5336.0,8.0,4.0,4.0,6,17.0,7.666666666666667,9.333333333333334,2243.0,2239.0,4482.0,0.0,0.0,24.0,0.0,0.0,3.4523521443748826,0.09126344111858196,0.006303763387584558,0.0018279569483892891,18.27908812703625,32.59064429870216,3.362500001731459,3.445852184603091,0.09126344111858196,0.006303763387584558,0.0018817203880477978,18.27908812703625,32.59064429870216,3.3560000599602295,1,0.0323,8.0,22.0,0.263,1,0.0,0.0,0.0,0.0,0.0,0.0,0.0,0.0,1.0,1,0.49999999999999994,0.8660254037844387,1.0,0.5826331973075867
GS,MDB,2024-01-01,2024,1,19,1915.0,6.49,259,4055.0,13.75,295,295,0.878,1.0,2,262,1,262.0,0,8,3964.0,3982.0,7946.0,38.0,19.0,19.0,7,17.833333333333336,8.5,9.333333333333334,3974.0,3718.0,7692.0,1.0,0.14285714285714285,56.0,1.4426950408889634,0.5,4.318959659666464,0.08615591498191959,0.001693548414335456,0.0,21.93343339684189,38.412579557588025,4.212776859861709,4.643798396714853,0.0993279576581973,0.002822580667192577,0.0,22.51351043229462,41.13774080430308,4.613825235272988,1,0.0323,8.0,22.0,0.263,1,1.0,0.0,0.0,0.0,1.0,0.0,0.0,0.0,0.0,1,0.49999999999999994,0.8660254037844387,1.0,0.5915040969848633
TB,OT,2024-01-01,2024,1,8,1097.0,1.15,351,3084.0,3.25,423,950,0.3695,0.4453,38,916,1,916.0,0,9,8799.0,6550.0,15349.0,30.8,17.8,13.0,4,17.0,8.5,8.5,1831.0,1831.0,3662.0,0.0,0.0,36.0,0.0,0.0,3.4484139942584098,0.07876344158324183,0.007809139688008575,0.0013978494311212212,18.121215117874964,34.0316119777259,3.5189113087691766,3.431672067987302,0.07674731222051447,0.004986559151000874,0.0014112902910358484,18.282092387878127,33.053708766096385,3.4947097202567683,1,0.0323,8.0,22.0,0.263,1,0.0010526315,0.0,0.0,0.0,0.001,0.0,0.0,0.0,0.999,1,0.49999999999999994,0.8660254037844387,0.0,0.4343140721321106
UTG,HK,2024-01-01,2024,1,3,737.0,0.62,314,3862.0,3.24,562,1192,0.2634,0.4715,29,1167,1,1167.0,0,6,2418.0,3826.0,6244.0,8.0,4.0,4.0,4,6.0,3.0,3.0,2314.0,2104.0,4418.0,0.0,0.0,24.0,0.0,0.0,4.572043021239581,0.09556451626121998,0.006491935561581325,0.0,23.706434238021092,40.421127988446145,4.160080645949409,4.517521447754936,0.09946236614218001,0.0034811828205341933,0.0,23.045490062124628,39.68370856200495,4.174712282029652,1,0.0323,8.0,22.0,0.263,1,0.0,0.0,0.0,0.0,0.0,0.0,0.0,0.0,1.0,1,0.49999999999999994,0.8660254037844387,0.0,0.4987686276435852
GS,BGN,2024-01-01,2024,1,37,366.0,1.22,115,3069.0,10.23,171,300,0.3833,0.57,0,254,1,254.0,0,8,3964.0,3982.0,7946.0,38.0,19.0,19.0,6,44.0,22.0,22.0,3978.0,3136.0,7114.0,0.0,0.0,48.0,0.0,0.0,4.318959659666464,0.08615591498191959,0.001693548414335456,0.0,21.93343339684189,38.412579557588025,4.212776859861709,3.7062606356126726,0.08454301179216434,0.0033870968186566906,0.0013978494311212212,17.946368384585586,33.45145078564203,3.70330367397557,1,0.0323,8.0,22.0,0.263,1,1.0,0.0,0.0,0.0,1.0,0.0,0.0,0.0,0.0,1,0.49999999999999994,0.8660254037844387,1.0,0.6501743793487549
TB,TBU,2024-01-01,2024,1,1,1622.0,1.36,373,7386.0,6.2,419,1192,0.3129,0.3515,48,1106,1,1106.0,0,9,8799.0,6550.0,15349.0,30.8,17.8,13.0,4,5.0,2.5,2.5,2207.0,3124.0,5331.0,0.0,0.0,36.0,0.0,0.0,3.4484139942584098,0.07876344158324183,0.007809139688008575,0.0013978494311212212,18.121215117874964,34.0316119777259,3.5189113087691766,3.4679140745241557,0.07876344158324183,0.007809139688008575,0.0013978494311212212,18.121215117874964,34.0316119777259,3.5384113270268647,1,0.0323,8.0,22.0,0.263,1,0.041107383,0.0,0.0,0.0,0.041,0.0,0.0,0.0,0.959,1,0.49999999999999994,0.8660254037844387,1.0,0.5628560781478882
ASN,BL,2024-01-01,2024,1,16,958.0,0.84,368,5052.0,4.43,464,1141,0.3225,0.4067,17,1083,1,1083.0,0,8,4340.0,3356.0,7696.0,77.46666666666667,38.8,38.666666666666664,4,30.0,15.0,15.0,2178.0,2178.0,4356.0,0.0,0.0,32.0,0.0,0.0,3.142405908479686,0.09973118335048678,0.004139785023946916,0.0030645160605349848,19.35425455960375,35.12177325128227,2.934341391022768,3.137470474446653,0.1100806456399701,0.0023521505276201875,0.0030107526208764763,19.7825988236294,35.11064430398326,3.0509113063084423,1,0.0323,8.0,22.0,0.263,1,0.065731816,0.0,0.0,0.0,0.066,0.0,0.0,0.0,0.934,1,0.49999999999999994,0.8660254037844387,1.0,0.6072354316711426
HDRZ,ANA,2024-01-01,2024,1,11,667.0,0.53,262,7618.0,6.08,440,1253,0.2091,0.3512,7,1179,1,1179.0,0,3,2346.0,1179.0,3525.0,17.0,6.0,11.0,4,20.0,10.0,10.0,2346.0,2022.0,4368.0,0.0,0.0,12.0,0.0,0.0,5.088631879050104,0.1126344096095812,0.0043279570176877,0.0,25.907219588596334,46.83048259571034,4.723443680240082,5.101631803505663,0.1126344096095812,0.0043279570176877,0.0,25.907219588596334,46.83048259571034,4.736443642611986,1,0.0323,8.0,22.0,0.263,1,0.97525936,0.0,0.0,0.0,0.975,0.0,0.0,0.0,0.025,1,0.49999999999999994,0.8660254037844387,1.0,0.598622739315033
HVSP,UTO,2024-01-01,2024,1,14,777.0,1.39,320,2178.0,3.89,343,560,0.5714,0.6125,0,379,1,379.0,0,7,3328.0,3208.0,6536.0,15.916666666666668,9.25,6.666666666666667,7,17.666666666666664,8.0,9.666666666666666,7213.0,3587.0,10800.0,2.0,0.3333333333333333,49.0,1.782318312784072,0.5526315789473684,3.4951129381504833,0.08440860238687325,0.007150537664851834,0.0017473117889015264,18.077912151092484,33.39483781206992,2.920650594772631,3.5528145317809394,0.08508064558789614,0.00818548389580301,0.0017338709289868993,18.402671900327487,34.064515234962585,3.0670618518526034,1,0.0323,8.0,22.0,0.263,1,0.0,0.0,0.0,0.0,0.0,0.0,0.0,0.0,1.0,1,0.49999999999999994,0.8660254037844387,1.0,0.7586674690246582
AMRN,HWD,2024-01-01,2024,1,6,3266.0,1.48,780,10065.0,4.57,943,2204,0.3539,0.4279,8,1556,1,1556.0,0,4,3115.0,3079.0,6194.0,7.0,3.5,3.5,6,17.333333333333332,8.666666666666666,8.666666666666666,3109.0,3109.0,6218.0,0.0,0.0,24.0,0.0,0.0,4.623155981562631,0.10376344062387943,0.007244623746843108,0.0,24.391501140209936,41.486611809781806,4.180548415609425,4.201919437961913,0.09973118351071432,0.0028225806772067983,0.0,19.884610403289077,34.89774095243023,3.8374032535269778,1,0.0323,8.0,22.0,0.263,1,0.5367514,0.0,0.0,0.0,0.537,0.0,0.0,0.0,0.463,1,0.49999999999999994,0.8660254037844387,1.0,0.6730974316596985
HMBH,DN,2024-01-01,2024,1,8,354.0,12.21,23,724.0,24.97,28,29,0.7931,0.9655,0,5,21,0.24,0,4,1781.0,889.24,2670.24,9.0,4.5,4.5,6,23.333333333333332,11.666666666666666,11.666666666666666,2641.24,3530.0,6171.24,1.0,0.25,24.0,0.7213475204444817,0.25,3.1991369804262275,0.07594086116640478,0.004610215093419757,0.004153225713619782,17.00263116100142,32.022095927628136,3.270843991992234,3.0792930298184436,0.07876344141300007,0.00611559144391488,0.0047983869895218845,16.65598711099035,32.23209592924323,3.212626366285227,1,0.0323,8.0,22.0,0.263,1,0.5862069,0.0,0.0,0.0,0.586,0.0,0.0,0.0,0.414,1,0.49999999999999994,0.8660254037844387,1.0,0.5999594330787659
ASA,HLM,2024-01-01,2024,1,25,229.0,28.63,8,218.0,27.25,8,8,1.0,1.0,0,4,6,0.67,0,11,8523.0,8352.67,16875.67,21.4,9.4,12.0,19,29.42222222222222,13.222222222222221,16.2,7977.34,9322.34,17299.68,2.0,0.125,209.0,0.7185464535850599,0.12406015037593984,3.7689301700291216,0.09247311911675879,0.004139784993904252,0.0,19.63019658833422,34.01661194011729,2.929682820669866,4.467134521548106,0.09260752761075573,0.007620967644196685,0.0,22.694373001975396,40.57645042352779,4.065521599739911,1,0.0323,8.0,22.0,0.263,1,1.0,0.0,0.0,0.0,1.0,0.0,0.0,0.0,0.0,1,0.49999999999999994,0.8660254037844387,1.0,0.6504813432693481
OTB,AH,2024-01-01,2024,1,4,17.0,4.25,3,47.0,11.75,4,4,0.75,1.0,0,5,1,5.0,0,4,1701.0,868.0,2569.0,8.0,4.0,4.0,14,21.714285714285715,10.857142857142858,10.857142857142858,7311.0,7682.0,14993.0,0.0,0.0,56.0,0.0,0.0,3.0840269322557154,0.09610215171931251,0.005551075212336997,0.0029435483213033405,17.95576629074671,33.95709591270775,3.270854877988978,3.112411327489842,0.09610215142890009,0.0030107527210186886,0.0028225805820716967,18.21268786922578,34.02338611502801,3.3431908805323864,1,0.0323,8.0,22.0,0.263,1,1.0,0.0,0.0,0.0,1.0,0.0,0.0,0.0,0.0,1,0.49999999999999994,0.8660254037844387,1.0,0.56194669008255
YPB,ZTM,2024-01-01,2024,1,5,740.0,0.55,381,3183.0,2.35,440,1356,0.281,0.3245,1,1299,1,1299.0,0,4,3341.0,3340.0,6681.0,9.0,4.5,4.5,4,6.0,3.0,3.0,3381.0,3378.0,6759.0,0.0,0.0,16.0,0.0,0.0,4.05355119672654,0.0891129034220852,0.005268817256775594,0.0,18.973754077749227,33.65903143664842,3.9124893462035044,4.066551113536241,0.0891129034220852,0.005268817256775594,0.0,18.973754077749227,33.65903143664842,3.925489303540759,1,0.0323,8.0,22.0,0.263,1,0.0,0.0,0.0,0.0,0.0,0.0,0.0,0.0,1.0,1,0.49999999999999994,0.8660254037844387,1.0,0.6147310137748718
ASA,UT,2024-01-01,2024,1,33,2531.0,0.84,874,28739.0,9.56,1582,3007,0.2907,0.5261,0,2567,1,2567.0,0,11,8523.0,8352.67,16875.67,21.4,9.4,12.0,32,49.96031746031746,26.071428571428573,23.88888888888889,20729.67,30427.440000000002,51157.11,4.0,0.19047619047619047,352.0,1.6915920126986332,0.376984126984127,3.7689301700291216,0.09247311911675879,0.004139784993904252,0.0,19.63019658833422,34.01661194011729,2.929682820669866,3.541932883702459,0.08750000020228726,0.007338709728692168,0.0017338709289868993,18.468390858301554,33.6870959292176,3.593411382152549,1,0.0323,8.0,22.0,0.263,1,1.0,0.0,0.0,0.0,1.0,0.0,0.0,0.0,0.0,1,0.49999999999999994,0.8660254037844387,1.0,0.6303997039794922
ASDZ,ALM,2024-01-01,2024,1,29,1545.0,1.53,469,6574.0,6.5,433,1011,0.4639,0.4283,17,1032,1,1032.0,0,12,10250.0,9102.25,19352.25,26.333333333333332,13.166666666666666,13.166666666666666,16,31.396825396825395,15.11111111111111,16.285714285714285,6034.78,7160.0,13194.779999999999,2.0,0.14285714285714285,192.0,0.9102392266268373,0.2222222222222222,4.012314472407583,0.09099462491169732,0.00611559144391488,0.0,19.258847246527353,35.33419259517424,3.6768306135300106,3.933755411155602,0.08884408642407707,0.0033870967685855845,0.0,20.91069567123408,36.282579628370144,2.906134478875526,1,0.0323,8.0,22.0,0.263,1,1.0,0.0,0.0,0.0,1.0,0.0,0.0,0.0,0.0,1,0.49999999999999994,0.8660254037844387,1.0,0.590563952922821
WH,OST,2024-01-01,2024,1,7,506.0,0.42,114,6710.0,5.57,299,1204,0.0947,0.2483,0,1179,1,1179.0,0,3,2361.0,1179.0,3540.0,17.5,10.5,7.0,4,17.0,8.5,8.5,2361.0,2361.0,4722.0,0.0,0.0,12.0,0.0,0.0,3.266532256232915,0.10362903295104862,0.003669354864346084,0.0017607526488161536,18.399452548834585,32.99951528477413,3.2655913983722047,3.2797608573505435,0.09677419386884217,0.004045698891884537,0.001801075228560035,18.175787764851766,33.12483781255702,3.2808361163422948,1,0.0323,8.0,22.0,0.263,0,1.0,0.0,0.0,0.0,1.0,0.0,0.0,0.0,0.0,1,0.49999999999999994,0.8660254037844387,1.0,0.6297070980072021
BRN,HVS,2024-01-01,2024,1,7,1804.0,1.53,681,4369.0,3.71,730,1179,0.5776,0.6192,1,1177,1,1177.0,0,5,2407.0,2962.0,5369.0,14.666666666666668,8.0,6.666666666666667,15,25.857142857142858,14.0,11.857142857142858,8972.25,7787.0,16759.25,1.0,0.1,75.0,0.48089834696298783,0.125,3.3911720417109468,0.08454301132149594,0.007715053756230621,0.0017741935087307807,17.744572500307715,32.93225718057284,3.1482285269816477,3.48861296637164,0.08440860238687325,0.007150537664851834,0.0017473117889015264,18.077912151092484,33.39483781206992,2.91415057068951,1,0.0323,8.0,22.0,0.263,1,0.0,0.0,0.0,0.0,0.0,0.0,0.0,0.0,1.0,1,0.49999999999999994,0.8660254037844387,1.0,0.7110922932624817
SWK,MP,2024-01-01,2024,1,14,2372.0,1.13,916,12636.0,6.0,1176,2107,0.4347,0.5581,17,1962,1,1962.0,0,6,4039.0,3968.0,8007.0,34.0,17.0,17.0,7,48.66666666666667,20.666666666666668,28.0,6085.0,4943.0,11028.0,0.0,0.0,42.0,0.0,0.0,3.4390161880642496,0.09690860252306667,0.0015994623924295108,0.002647849403181544,19.907589498066134,34.85999906575808,3.2671075399254037,3.33071236728981,0.10672043094671863,0.0030107527310329098,0.0035618278773761887,19.336175351613953,35.2519345706509,3.1930107548382254,1,0.0323,8.0,22.0,0.263,1,0.5609872,0.0,0.0,0.0009492169,0.561,0.0,0.0,0.001,0.438,1,0.49999999999999994,0.8660254037844387,1.0,0.6783069968223572
ANA,HDRZ,2024-01-01,2024,1,11,2305.0,1.93,445,7150.0,5.98,582,1195,0.3724,0.487,9,1167,1,1167.0,0,4,2346.0,2022.0,4368.0,20.0,10.0,10.0,3,17.0,6.0,11.0,2346.0,1179.0,3525.0,0.0,0.0,12.0,0.0,0.0,5.101631803505663,0.1126344096095812,0.0043279570176877,0.0,25.907219588596334,46.83048259571034,4.736443642611986,5.088631879050104,0.1126344096095812,0.0043279570176877,0.0,25.907219588596334,46.83048259571034,4.723443680240082,1,0.0323,8.0,22.0,0.263,1,0.9924686,0.0,0.0,0.0008368201,0.992,0.0,0.0,0.001,0.007,1,0.49999999999999994,0.8660254037844387,0.0,0.34466642141342163
BV,HK,2024-01-01,2024,1,3,1018.0,0.88,319,3267.0,2.83,376,1154,0.2764,0.3258,24,1147,1,1147.0,0,8,2315.84,2315.84,4631.68,24.25,10.75,13.5,4,6.0,3.0,3.0,2314.0,2104.0,4418.0,0.0,0.0,32.0,0.0,0.0,4.511021501049199,0.09946236614218001,0.0034811828205341933,0.0,23.045490062124628,39.68370856200495,4.168212362720321,4.517521447754936,0.09946236614218001,0.0034811828205341933,0.0,23.045490062124628,39.68370856200495,4.174712282029652,1,0.0323,8.0,22.0,0.263,1,0.0,0.0,0.0,0.0,0.0,0.0,0.0,0.0,1.0,1,0.49999999999999994,0.8660254037844387,1.0,0.5804232358932495
VG,BTL,2024-01-01,2024,1,8,1401.0,1.51,551,4160.0,4.47,617,930,0.5925,0.6634,31,916,1,916.0,0,4,1842.0,940.0,2782.0,12.0,6.0,6.0,6,18.0,9.0,9.0,3664.0,3669.0,7333.0,0.0,0.0,24.0,0.0,0.0,3.4502876522945822,0.07190860257113493,0.004327956977630815,0.0013709677112919668,18.218904419291405,33.22257975416799,3.571322621675008,3.4221774206286475,0.07930107629026777,0.007997311671735138,0.0014247311509504755,17.751890659051877,33.46935398219734,3.55120967778187,1,0.0323,8.0,22.0,0.263,1,0.0,0.0,0.0,0.0,0.0,0.0,0.0,0.0,1.0,1,0.49999999999999994,0.8660254037844387,1.0,0.6681638956069946
LAA,LEDN,2024-01-01,2024,1,14,3230.0,1.47,735,18145.0,8.26,1099,2198,0.3344,0.5,4,2300,1,2300.0,0,7,8391.0,6459.0,14850.0,11.333333333333332,5.0,6.333333333333333,21,38.009090909090915,19.90909090909091,18.1,11970.0,12359.67,24329.67,2.0,0.14285714285714285,147.0,1.1352332769293625,0.34285714285714286,4.429760888737116,0.11465053795085799,0.005080645253020589,0.0,21.24727413186463,38.3066119320931,4.307113011432712,4.403252713507422,0.09448924850952882,0.004327956997659257,0.0,21.347878975893863,37.95628927728181,4.107284997124225,1,0.0323,8.0,22.0,0.263,1,1.0,0.0,0.0,0.0,1.0,0.0,0.0,0.0,0.0,1,0.49999999999999994,0.8660254037844387,1.0,0.6555112600326538
ANA,SGN,2024-01-01,2024,1,9,1737.0,1.39,813,7835.0,6.25,582,1253,0.6488,0.4645,3,855,1,855.0,0,4,2346.0,2022.0,4368.0,20.0,10.0,10.0,4,23.0,11.5,11.5,1704.0,2022.0,3726.0,0.0,0.0,16.0,0.0,0.0,5.101631803505663,0.1126344096095812,0.0043279570176877,0.0,25.907219588596334,46.83048259571034,4.736443642611986,4.16625281717498,0.10174731231264529,0.0047983870971747625,0.0,19.63265979049667,34.53193454204067,3.302341491745044,1,0.0323,8.0,22.0,0.263,1,0.97525936,0.0,0.0,0.0,0.975,0.0,0.0,0.0,0.025,1,0.49999999999999994,0.8660254037844387,1.0,0.6048064827919006
BV,ASD,2024-01-01,2024,1,29,0.0,0.0,0,210.0,26.25,7,8,0.0,0.875,0,4,6,0.67,0,8,2315.84,2315.84,4631.68,24.25,10.75,13.5,22,37.45,19.2,18.25,10612.78,19113.33,29726.11,1.0,0.05263157894736842,176.0,0.45511961331341866,0.1111111111111111,4.511021501049199,0.09946236614218001,0.0034811828205341933,0.0,23.045490062124628,39.68370856200495,4.168212362720321,3.8271746891801075,0.08938172116114568,0.006962365540926174,0.0,18.942104511804157,33.40887008046591,2.7498897453920255,1,0.0323,8.0,22.0,0.263,1,1.0,0.0,0.0,0.0,1.0,0.0,0.0,0.0,0.0,1,0.49999999999999994,0.8660254037844387,1.0,0.6865251064300537
DV,AML,2024-01-01,2024,1,39,993.0,0.85,196,5255.0,4.49,477,1170,0.1675,0.4077,95,1157,1,1157.0,0,13,6366.0,6644.0,13010.0,31.26190476190476,16.428571428571427,14.833333333333334,8,30.0,15.0,15.0,2628.0,3377.0,6005.0,0.0,0.0,104.0,0.0,0.0,3.302338739151075,0.09852150560266548,0.004516129061499591,0.0017876343686454078,18.331987683170585,33.868063609446246,3.3866801085951987,3.1372311885508717,0.10241935555372507,0.0013172043166974538,0.0017204300690722722,18.123256162770332,33.35564434047668,3.1811827914639106,1,0.0323,8.0,22.0,0.263,1,0.9982906,0.0,0.0,0.0017094017,0.998,0.0,0.0,0.002,0.0,1,0.49999999999999994,0.8660254037844387,1.0,0.557464063167572
NWK,GD,2024-01-01,2024,1,9,824.0,0.68,252,4820.0,3.98,342,1211,0.2081,0.2824,1,1235,1,1235.0,0,4,2431.0,2431.0,4862.0,13.0,6.5,6.5,14,32.5,18.0,14.5,12615.25,9547.25,22162.5,0.0,0.0,56.0,0.0,0.0,3.9769489322438516,0.08131720495199965,0.004233871005795976,0.0,19.442827911146225,34.72016040740475,3.879166666187987,3.9639490160249893,0.08131720495199965,0.004233871005795976,0.0,19.442827911146225,34.72016040740475,3.866166710628257,1,0.0323,8.0,22.0,0.263,1,0.0,0.0,0.0,0.0,0.0,0.0,0.0,0.0,1.0,1,0.49999999999999994,0.8660254037844387,1.0,0.7234272956848145
ASDZ,RAI,2024-01-01,2024,1,1,1843.0,1.04,554,6121.0,3.45,604,1774,0.3123,0.3405,21,1556,1,1556.0,0,12,10250.0,9102.25,19352.25,26.333333333333332,13.166666666666666,13.166666666666666,4,4.0,2.0,2.0,3134.0,2960.0,6094.0,1.0,0.14285714285714285,48.0,0.45511961331341866,0.1111111111111111,4.012314472407583,0.09099462491169732,0.00611559144391488,0.0,19.258847246527353,35.33419259517424,3.6768306135300106,4.005814516656502,0.09099462491169732,0.00611559144391488,0.0,19.258847246527353,35.33419259517424,3.6703306773367026,1,0.0323,8.0,22.0,0.263,1,0.0,0.0,0.0,0.0,0.0,0.0,0.0,0.0,1.0,1,0.49999999999999994,0.8660254037844387,1.0,0.5647207498550415
SWK,WV,2024-01-01,2024,1,13,1341.0,1.44,270,4392.0,4.73,350,929,0.2906,0.3767,0,894,1,894.0,0,6,4039.0,3968.0,8007.0,34.0,17.0,17.0,4,24.0,12.0,12.0,1855.0,1853.0,3708.0,1.0,0.25,24.0,0.7213475204444817,0.25,3.4390161880642496,0.09690860252306667,0.0015994623924295108,0.002647849403181544,19.907589498066134,34.85999906575808,3.2671075399254037,3.515341465403977,0.09905914063014651,0.003293010826793409,0.0024731182242913913,20.508164924158844,35.467257142066956,3.218634487427671,1,0.0323,8.0,22.0,0.263,1,0.04951561,0.0,0.0,0.0,0.05,0.0,0.0,0.0,0.95,1,0.49999999999999994,0.8660254037844387,0.0,0.43780216574668884
DV,TWL,2024-01-01,2024,1,5,732.0,0.8,261,1619.0,1.77,190,915,0.2852,0.2077,71,863,1,863.0,0,13,6366.0,6644.0,13010.0,31.26190476190476,16.428571428571427,14.833333333333334,4,12.0,6.0,6.0,1734.0,1717.0,3451.0,0.0,0.0,52.0,0.0,0.0,3.302338739151075,0.09852150560266548,0.004516129061499591,0.0017876343686454078,18.331987683170585,33.868063609446246,3.3866801085951987,3.341338691216523,0.09852150560266548,0.004516129061499591,0.002043010707023323,18.331987683170585,33.868063609446246,3.425680086166868,1,0.0323,8.0,22.0,0.263,0,0.0010928962,0.0,0.0,0.0,0.001,0.0,0.0,0.0,0.999,1,0.49999999999999994,0.8660254037844387,0.0,0.30057162046432495
DV,DVC,2024-01-01,2024,1,4,1137.0,1.17,396,2171.0,2.24,282,971,0.4078,0.2904,51,907,1,907.0,0,13,6366.0,6644.0,13010.0,31.26190476190476,16.428571428571427,14.833333333333334,4,19.0,9.5,9.5,1833.0,1740.0,3573.0,0.0,0.0,52.0,0.0,0.0,3.302338739151075,0.09852150560266548,0.004516129061499591,0.0017876343686454078,18.331987683170585,33.868063609446246,3.3866801085951987,3.2958387875859376,0.09852150560266548,0.004516129061499591,0.0017876343686454078,18.331987683170585,33.868063609446246,3.380180171130085,1,0.0323,8.0,22.0,0.263,1,0.0020597323,0.0,0.0,0.0,0.002,0.0,0.0,0.0,0.998,1,0.49999999999999994,0.8660254037844387,0.0,0.35303834080696106
DDR,ZWD,2024-01-01,2024,1,2,697.0,0.36,300,2872.0,1.5,101,1918,0.1564,0.0527,89,1887,1,1887.0,0,14,2836.0,7185.0,10021.0,35.714285714285715,17.857142857142858,17.857142857142858,4,9.0,4.5,4.5,3812.0,2057.0,5869.0,0.0,0.0,56.0,0.0,0.0,3.829271595179033,0.08481182868001602,0.0033870967285286996,0.0005645161164143394,19.167625067054583,34.48499909459904,3.823357568362788,3.847782266161014,0.07634408605755658,0.0013172043066832326,0.00012096773923164414,19.118761129276727,33.81290235314318,3.8102150595576694,1,0.0323,8.0,22.0,0.263,0,0.0,0.0,0.0,0.0,0.0,0.0,0.0,0.0,1.0,1,0.49999999999999994,0.8660254037844387,0.0,0.39332160353660583
MAS,UTZL,2024-01-01,2024,1,5,802.0,0.55,232,4449.0,3.07,325,1451,0.1599,0.224,9,1456,1,1456.0,0,4,2922.0,1798.0,4720.0,10.0,5.0,5.0,4,7.0,3.5,3.5,2910.0,2662.0,5572.0,0.0,0.0,16.0,0.0,0.0,3.644881826717787,0.08561828016473721,0.008844086059158849,0.001706989209157645,19.205412822705444,33.31064427283503,2.9954194523223867,3.546314403855352,0.08508064558789614,0.00818548389580301,0.0017338709289868993,18.402671900327487,34.064515234962585,3.060561738057082,1,0.0323,8.0,22.0,0.263,0,0.00068917987,0.0,0.0,0.0013783597,0.001,0.0,0.0,0.001,0.998,1,0.49999999999999994,0.8660254037844387,1.0,0.6312417387962341
EML,PT,2024-01-01,2024,1,5,1129.0,1.01,311,2551.0,2.27,343,1122,0.2772,0.3057,1,1113,1,1113.0,0,4,2206.0,2206.0,4412.0,9.0,4.5,4.5,4,12.0,6.0,6.0,2206.0,2209.0,4415.0,0.0,0.0,16.0,0.0,0.0,3.35328496157402,0.09744623677945265,0.0043279570076734785,0.0017473117889015264,18.72515906097107,34.78983771608722,3.309400557685563,3.411784945576582,0.09744623677945265,0.0043279570076734785,0.0017473117889015264,18.72515906097107,34.78983771608722,3.3679005156211073,1,0.0323,8.0,22.0,0.263,1,0.0,0.0,0.0,0.0,0.0,0.0,0.0,0.0,1.0,1,0.49999999999999994,0.8660254037844387,1.0,0.5437009930610657
LLS,ALMB,2024-01-01,2024,1,18,34.0,0.59,12,300.0,5.17,8,58,0.2069,0.1379,2,151,1,151.0,0,8,2536.0,4682.0,7218.0,63.333333333333336,35.333333333333336,28.0,7,11.5,7.5,4.0,3755.0,3009.0,6764.0,2.0,0.2857142857142857,56.0,1.876989522792215,0.6,3.67308602578217,0.10456989291975255,0.0015994623824152896,0.0016532257694991366,20.39001553369466,35.24032165542726,3.453865636781018,3.8893710799885772,0.09959677472630496,0.0022580645057142423,0.0008333333147068819,21.510415494361872,38.545160226924445,3.670822680166732,1,0.0323,8.0,22.0,0.263,0,1.0,0.0,0.0,0.0,1.0,0.0,0.0,0.0,0.0,1,0.49999999999999994,0.8660254037844387,0.0,0.47221678495407104
DMN,WP,2024-01-01,2024,1,7,1514.0,0.98,535,4767.0,3.09,620,1543,0.3467,0.4018,0,1699,1,1699.0,0,4,3441.0,3433.0,6874.0,9.0,4.5,4.5,13,26.69047619047619,13.833333333333334,12.857142857142858,6848.4400000000005,6993.44,13841.880000000001,0.0,0.0,52.0,0.0,0.0,3.7949301867936085,0.09247311911675879,0.004139784993904252,0.00017473117889015266,19.63019658833422,34.01661194011729,2.9556828290724786,3.788430226070466,0.09247311911675879,0.004139784993904252,0.00017473117889015266,19.63019658833422,34.01661194011729,2.94918289181516,1,0.0323,8.0,22.0,0.263,1,0.0,0.0,0.0,0.0,0.0,0.0,0.0,0.0,1.0,1,0.49999999999999994,0.8660254037844387,1.0,0.6484835147857666
HVSM,BSMZ,2024-01-01,2024,1,4,3095.0,1.75,1070,7049.0,3.98,1136,1773,0.6035,0.6407,3,1667,1,1667.0,0,5,3405.0,3390.0,6795.0,13.5,11.0,2.5,4,5.0,2.5,2.5,3389.0,3389.0,6778.0,0.0,0.0,20.0,0.0,0.0,3.5631128771741305,0.09663978551504432,0.006397849419504725,0.0017473117889015264,18.345179287897004,34.04322479168574,2.913516118751979,3.582612937801988,0.09663978551504432,0.006397849419504725,0.001693548349243018,18.345179287897004,34.04322479168574,2.9330161967294752,1,0.0323,8.0,22.0,0.263,1,0.0,0.0,0.0,0.0,0.0,0.0,0.0,0.0,1.0,1,0.49999999999999994,0.8660254037844387,1.0,0.6820668578147888
LW,GW,2024-01-01,2024,1,13,734.0,0.74,163,3390.0,3.4,106,996,0.1637,0.1064,24,983,1,983.0,0,2,0.0,2028.0,2028.0,21.0,0.0,21.0,3,14.0,9.0,5.0,1902.0,982.0,2884.0,0.0,0.0,6.0,0.0,0.0,3.7769382875537882,0.09879032263071627,0.006868279649205105,0.0009005376142800175,20.399667015880027,36.35806345651227,3.161481284791784,3.7083413823788125,0.10712365671912188,0.0037634408962662503,0.0019489246876209334,20.73118885149879,35.855805506308876,3.072387080299117,1,0.0323,8.0,22.0,0.263,0,0.07329317,0.0,0.0,0.0,0.073,0.0,0.0,0.0,0.927,1,0.49999999999999994,0.8660254037844387,0.0,0.2707168459892273
DMN,ASSP,2024-01-01,2024,1,2,1980.0,1.26,533,4951.0,3.14,598,1577,0.338,0.3792,0,1734,1,1734.0,0,4,3441.0,3433.0,6874.0,9.0,4.5,4.5,4,3.0,1.5,1.5,3441.0,3441.0,6882.0,0.0,0.0,16.0,0.0,0.0,3.7949301867936085,0.09247311911675879,0.004139784993904252,0.00017473117889015266,19.63019658833422,34.01661194011729,2.9556828290724786,3.7689301700291216,0.09247311911675879,0.004139784993904252,0.0,19.63019658833422,34.01661194011729,2.929682820669866,1,0.0323,8.0,22.0,0.263,1,0.0,0.0,0.0,0.0,0.0,0.0,0.0,0.0,1.0,1,0.49999999999999994,0.8660254037844387,1.0,0.6269292235374451
RTB,RTST,2024-01-01,2024,1,4,48.0,8.0,6,64.0,10.67,6,6,1.0,1.0,0,21,1,21.0,0,8,7797.0,6383.0,14180.0,13.5,6.75,6.75,6,4.666666666666667,2.3333333333333335,2.3333333333333335,71.0,85.0,156.0,1.0,0.16666666666666666,48.0,0.9102392266268373,0.3333333333333333,3.9743817768069687,0.08387096811045883,0.002822580657178356,0.0,18.714111432753583,34.11870878101677,3.870349486869189,4.0198818472018765,0.08387096811045883,0.002822580657178356,0.0,18.714111432753583,34.11870878101677,3.9158495713941632,1,0.0323,8.0,22.0,0.263,1,1.0,0.0,0.0,0.0,1.0,0.0,0.0,0.0,0.0,1,0.49999999999999994,0.8660254037844387,0.0,0.40725958347320557
UT,DB,2024-01-01,2024,1,12,1504.0,1.21,375,7503.0,6.05,509,1241,0.3022,0.4102,44,1160,1,1160.0,0,32,20729.67,30427.440000000002,51157.11,49.96031746031746,26.071428571428573,23.88888888888889,10,30.0,15.0,15.0,4494.0,4696.0,9190.0,2.0,0.09090909090909091,320.0,1.531574161186449,0.5333333333333333,3.541932883702459,0.08750000020228726,0.007338709728692168,0.0017338709289868993,18.468390858301554,33.6870959292176,3.593411382152549,3.550760696201475,0.0912634415592077,0.007903225930227388,0.0019892472673648147,18.645406234328465,34.88370886925728,3.6739462164821486,1,0.0323,8.0,22.0,0.263,1,1.0,0.0,0.0,0.0,1.0,0.0,0.0,0.0,0.0,1,0.49999999999999994,0.8660254037844387,0.0,0.3852149248123169
LLS,ZL,2024-01-01,2024,1,57,2573.0,2.27,515,8064.0,7.12,527,1132,0.4549,0.4655,44,1076,1,1076.0,0,8,2536.0,4682.0,7218.0,63.333333333333336,35.333333333333336,28.0,14,85.42857142857143,47.285714285714285,38.142857142857146,5773.5,9869.0,15642.5,0.0,0.0,112.0,0.0,0.0,3.67308602578217,0.10456989291975255,0.0015994623824152896,0.0016532257694991366,20.39001553369466,35.24032165542726,3.453865636781018,3.425806447963721,0.10080645219372805,0.005174731224855428,0.0017204300690722722,19.757889633697847,34.96499910918615,3.4853494669541076,1,0.0323,8.0,22.0,0.263,1,1.0,0.0,0.0,0.0,1.0,0.0,0.0,0.0,0.0,1,0.49999999999999994,0.8660254037844387,1.0,0.6010218262672424
UT,HVSP,2024-01-01,2024,1,17,26.0,1.73,2,90.0,6.0,2,15,0.1333,0.1333,2,11,1,11.0,0,32,20729.67,30427.440000000002,51157.11,49.96031746031746,26.071428571428573,23.88888888888889,7,15.916666666666668,9.25,6.666666666666667,3328.0,3208.0,6536.0,1.0,0.045454545454545456,224.0,0.7213475204444817,0.25,3.541932883702459,0.08750000020228726,0.007338709728692168,0.0017338709289868993,18.468390858301554,33.6870959292176,3.593411382152549,3.4951129381504833,0.08440860238687325,0.007150537664851834,0.0017473117889015264,18.077912151092484,33.39483781206992,2.920650594772631,1,0.0323,8.0,22.0,0.263,0,1.0,0.0,0.0,0.0,1.0,0.0,0.0,0.0,0.0,1,0.49999999999999994,0.8660254037844387,0.0,0.35022637248039246
UT,WD,2024-01-01,2024,1,16,2394.0,1.06,556,6030.0,2.66,183,2267,0.2453,0.0807,78,2238,1,2238.0,0,32,20729.67,30427.440000000002,51157.11,49.96031746031746,26.071428571428573,23.88888888888889,14,34.285714285714285,17.142857142857142,17.142857142857142,9195.25,9202.84,18398.09,2.0,0.08333333333333333,448.0,0.9360179602764065,0.2361111111111111,3.541932883702459,0.08750000020228726,0.007338709728692168,0.0017338709289868993,18.468390858301554,33.6870959292176,3.593411382152549,3.667518868917219,0.08669354911813493,0.006868279639190884,0.0016666666294137638,19.06403665645148,33.3624184868669,3.6609328216572683,1,0.0323,8.0,22.0,0.263,0,0.0004411116,0.0,0.0,0.0,0.0,0.0,0.0,0.0,1.0,1,0.49999999999999994,0.8660254037844387,0.0,0.39775964617729187
UT,UTZL,2024-01-01,2024,1,2,705.0,0.48,217,3964.0,2.72,289,1457,0.1489,0.1984,19,1454,1,1454.0,0,32,20729.67,30427.440000000002,51157.11,49.96031746031746,26.071428571428573,23.88888888888889,4,7.0,3.5,3.5,2910.0,2662.0,5572.0,0.0,0.0,128.0,0.0,0.0,3.541932883702459,0.08750000020228726,0.007338709728692168,0.0017338709289868993,18.468390858301554,33.6870959292176,3.593411382152549,3.546314403855352,0.08508064558789614,0.00818548389580301,0.0017338709289868993,18.402671900327487,34.064515234962585,3.060561738057082,1,0.0323,8.0,22.0,0.263,0,0.0,0.0,0.0,0.0,0.0,0.0,0.0,0.0,1.0,1,0.49999999999999994,0.8660254037844387,0.0,0.3504769504070282
UT,ASD,2024-01-01,2024,1,39,78.0,0.92,23,570.0,6.71,19,85,0.2706,0.2235,8,100,1,100.0,0,32,20729.67,30427.440000000002,51157.11,49.96031746031746,26.071428571428573,23.88888888888889,22,37.45,19.2,18.25,10612.78,19113.33,29726.11,5.0,0.17857142857142858,704.0,2.351677804522917,0.5972222222222222,3.541932883702459,0.08750000020228726,0.007338709728692168,0.0017338709289868993,18.468390858301554,33.6870959292176,3.593411382152549,3.8271746891801075,0.08938172116114568,0.006962365540926174,0.0,18.942104511804157,33.40887008046591,2.7498897453920255,1,0.0323,8.0,22.0,0.263,0,1.0,0.0,0.0,0.0,1.0,0.0,0.0,0.0,0.0,1,0.49999999999999994,0.8660254037844387,0.0,0.3980284035205841
RTST,RLB,2024-01-01,2024,1,2,66.0,3.14,17,68.0,3.24,12,21,0.8095,0.5714,1,25,1,25.0,0,6,71.0,85.0,156.0,4.666666666666667,2.3333333333333335,2.3333333333333335,6,6.0,3.0,3.0,3530.0,3680.0,7210.0,1.0,0.2,36.0,0.9102392266268373,0.3333333333333333,4.0198818472018765,0.08387096811045883,0.002822580657178356,0.0,18.714111432753583,34.11870878101677,3.9158495713941632,3.854282238470611,0.07634408605755658,0.0013172043066832326,0.0,19.118761129276727,33.81290235314318,3.816715008909664,1,0.0323,8.0,22.0,0.263,1,0.0,0.0,0.0,0.2857143,0.0,0.0,0.0,0.286,0.714,1,0.49999999999999994,0.8660254037844387,1.0,0.5197288990020752
RM,WT,2024-01-01,2024,1,24,2364.0,1.06,756,23967.0,10.75,1059,2230,0.339,0.4749,30,2014,1,2014.0,0,4,4039.0,4039.0,8078.0,49.0,24.5,24.5,5,45.66666666666667,26.0,19.666666666666668,4039.0,4440.0,8479.0,0.0,0.0,20.0,0.0,0.0,2.9719380979045664,0.0852150545125046,0.00837365592960068,0.01020161269022332,16.501267148842736,30.95177328009759,3.156817163776366,3.0401559054791445,0.07432795702529851,0.006868279639190884,0.01002688153136161,16.635460233496083,31.894353963995492,3.193180131690917,1,0.0323,8.0,22.0,0.263,1,1.0,0.0,0.0,0.0,1.0,0.0,0.0,0.0,0.0,1,0.49999999999999994,0.8660254037844387,1.0,0.6766963601112366
VTN,UTT,2024-01-01,2024,1,2,683.0,0.5,145,4077.0,2.96,232,1376,0.1054,0.1686,6,1410,1,1410.0,0,4,3623.0,3538.0,7161.0,11.0,5.5,5.5,4,4.0,2.0,2.0,3623.0,3623.0,7246.0,0.0,0.0,16.0,0.0,0.0,3.618881808403599,0.08561828016473721,0.008844086059158849,0.001706989209157645,19.205412822705444,33.31064427283503,2.969419439944128,3.6383816975479326,0.08561828016473721,0.008844086059158849,0.001706989209157645,19.205412822705444,33.31064427283503,2.988919338521858,1,0.0323,8.0,22.0,0.263,0,0.0,0.0,0.0,0.0,0.0,0.0,0.0,0.0,1.0,1,0.49999999999999994,0.8660254037844387,1.0,0.6580290794372559
ALMP,ALMB,2024-01-01,2024,1,4,1419.0,0.92,434,4528.0,2.94,511,1538,0.2822,0.3322,5,1729,1,1729.0,0,4,3448.0,3447.0,6895.0,6.0,3.0,3.0,7,11.5,7.5,4.0,3755.0,3009.0,6764.0,1.0,0.2,28.0,0.43429448190325176,0.1,3.9088709646315185,0.09959677472630496,0.0022580645057142423,0.0008333333147068819,21.510415494361872,38.545160226924445,3.690322581373195,3.8893710799885772,0.09959677472630496,0.0022580645057142423,0.0008333333147068819,21.510415494361872,38.545160226924445,3.670822680166732,1,0.0323,8.0,22.0,0.263,1,0.0,0.0,0.0,0.0,0.0,0.0,0.0,0.0,1.0,1,0.49999999999999994,0.8660254037844387,1.0,0.560893177986145
ODB,ZVB,2024-01-01,2024,1,8,1000.0,1.1,431,3514.0,3.88,484,906,0.4757,0.5342,0,871,1,871.0,0,3,1777.0,871.0,2648.0,15.5,7.5,8.0,4,16.0,8.0,8.0,1775.0,1774.0,3549.0,0.0,0.0,12.0,0.0,0.0,3.6459571122922885,0.0780913982720625,0.008938171920837254,0.0012634408319749499,18.704715235899855,33.78193463016582,3.6310377322758236,3.7542904343466046,0.07983871049658266,0.006962365560954617,0.0013037634117188312,18.852616133228427,34.37322485126475,3.789841499577667,1,0.0323,8.0,22.0,0.263,1,0.0,0.0,0.0,0.0,0.0,0.0,0.0,0.0,1.0,1,0.49999999999999994,0.8660254037844387,0.0,0.3625257909297943
RTST,RTB,2024-01-01,2024,1,4,33.0,2.2,8,0.0,0.0,0,15,0.5333,0.0,0,31,1,31.0,0,6,71.0,85.0,156.0,4.666666666666667,2.3333333333333335,2.3333333333333335,8,13.5,6.75,6.75,7797.0,6383.0,14180.0,1.0,0.16666666666666666,48.0,0.9102392266268373,0.3333333333333333,4.0198818472018765,0.08387096811045883,0.002822580657178356,0.0,18.714111432753583,34.11870878101677,3.9158495713941632,3.9743817768069687,0.08387096811045883,0.002822580657178356,0.0,18.714111432753583,34.11870878101677,3.870349486869189,1,0.0323,8.0,22.0,0.263,0,0.0,0.0,0.0,1.0,0.0,0.0,0.0,1.0,0.0,1,0.49999999999999994,0.8660254037844387,1.0,0.5247973203659058
NMD,NMGO,2024-01-01,2024,1,2,3996.0,2.27,1292,9766.0,5.55,1388,1761,0.7337,0.7882,1,1691,1,1691.0,0,4,3395.0,2788.0,6183.0,6.0,3.0,3.0,4,5.0,2.5,2.5,3395.0,2668.0,6063.0,0.0,0.0,16.0,0.0,0.0,3.3120000608495728,0.08467742033623239,0.006774193396972072,0.0029166666014740863,18.204988177585346,33.62999914602567,3.5789355302219508,3.2795000798169083,0.08467742033623239,0.006774193396972072,0.0029166666014740863,18.204988177585346,33.62999914602567,3.546435573013119,1,0.0323,8.0,22.0,0.263,1,0.0,0.0,0.0,0.0,0.0,0.0,0.0,0.0,1.0,1,0.49999999999999994,0.8660254037844387,1.0,0.5959646105766296
RM,STD,2024-01-01,2024,1,25,3458.0,1.55,733,24482.0,11.01,1291,2224,0.3296,0.5805,64,2025,1,2025.0,0,4,4039.0,4039.0,8078.0,49.0,24.5,24.5,4,46.66666666666667,21.666666666666668,25.0,4039.0,2014.0,6053.0,0.0,0.0,16.0,0.0,0.0,2.9719380979045664,0.0852150545125046,0.00837365592960068,0.01020161269022332,16.501267148842736,30.95177328009759,3.156817163776366,3.0720052864622844,0.0728494627501375,0.012231182697559557,0.015228494711380491,16.852230359389576,33.364353916337414,3.267301021819754,1,0.0323,8.0,22.0,0.263,1,1.0,0.0,0.0,0.0,1.0,0.0,0.0,0.0,0.0,1,0.49999999999999994,0.8660254037844387,1.0,0.5809451341629028
HTNC,CL,2024-01-01,2024,1,9,3997.0,0.89,1530,12542.0,2.78,1707,4515,0.3389,0.3781,16,4116,1,4116.0,0,4,6359.0,6359.0,12718.0,10.0,5.0,5.0,4,17.0,8.5,8.5,6359.0,6359.0,12718.0,0.0,0.0,16.0,0.0,0.0,3.559973140187081,0.08736559171830455,0.005080645232992146,0.0017607526488161536,18.225825416785415,32.683547576268516,3.608360258406729,3.51528227932611,0.0826612907732206,0.005645161264285606,0.0017338709289868993,18.41470335375878,34.12596673734726,3.62623660107674,1,0.0323,8.0,22.0,0.263,1,0.0,0.0,0.0,0.0,0.0,0.0,0.0,0.0,1.0,1,0.49999999999999994,0.8660254037844387,1.0,0.6808028221130371
ST,SD,2024-01-01,2024,1,1,621.0,0.7,264,1933.0,2.19,420,881,0.2997,0.4767,3,841,1,841.0,0,4,1701.0,1701.0,3402.0,2.0,1.0,1.0,3,3.5,2.5,1.0,1701.0,860.0,2561.0,0.0,0.0,12.0,0.0,0.0,3.4171720491772297,0.08454301132149594,0.007715053756230621,0.0017741935087307807,17.744572500307715,32.93225718057284,3.1742285336367786,3.4561721530082004,0.08454301132149594,0.007715053756230621,0.0017741935087307807,17.744572500307715,32.93225718057284,3.213228596134051,1,0.0323,8.0,22.0,0.263,1,0.0,0.0,0.0,0.0,0.0,0.0,0.0,0.0,1.0,1,0.49999999999999994,0.8660254037844387,0.0,0.275299996137619
ZTM,YPB,2024-01-01,2024,1,5,2515.0,1.02,1027,5446.0,2.21,1094,2459,0.4176,0.4449,0,2078,1,2078.0,0,4,3381.0,3378.0,6759.0,6.0,3.0,3.0,4,9.0,4.5,4.5,3341.0,3340.0,6681.0,0.0,0.0,16.0,0.0,0.0,4.066551113536241,0.0891129034220852,0.005268817256775594,0.0,18.973754077749227,33.65903143664842,3.925489303540759,4.05355119672654,0.0891129034220852,0.005268817256775594,0.0,18.973754077749227,33.65903143664842,3.9124893462035044,1,0.0323,8.0,22.0,0.263,1,0.0,0.0,0.0,0.0,0.0,0.0,0.0,0.0,1.0,1,0.49999999999999994,0.8660254037844387,1.0,0.5659319162368774
VTN,WD,2024-01-01,2024,1,9,1453.0,0.59,391,5221.0,2.11,480,2478,0.1578,0.1937,14,2128,1,2128.0,0,4,3623.0,3538.0,7161.0,11.0,5.5,5.5,14,34.285714285714285,17.142857142857142,17.142857142857142,9195.25,9202.84,18398.09,0.0,0.0,56.0,0.0,0.0,3.618881808403599,0.08561828016473721,0.008844086059158849,0.001706989209157645,19.205412822705444,33.31064427283503,2.969419439944128,3.667518868917219,0.08669354911813493,0.006868279639190884,0.0016666666294137638,19.06403665645148,33.3624184868669,3.6609328216572683,1,0.0323,8.0,22.0,0.263,0,0.0,0.0,0.0,0.0,0.0,0.0,0.0,0.0,1.0,1,0.49999999999999994,0.8660254037844387,1.0,0.6717826724052429
ASD,ASA,2024-01-01,2024,1,6,2596.0,0.83,817,29565.0,9.46,1653,3126,0.2614,0.5288,476,2759,1,2759.0,0,22,10612.78,19113.33,29726.11,37.45,19.2,18.25,11,21.4,9.4,12.0,8523.0,8352.67,16875.67,5.0,0.3333333333333333,242.0,2.5625313295306276,0.6915204678362572,3.8271746891801075,0.08938172116114568,0.006962365540926174,0.0,18.942104511804157,33.40887008046591,2.7498897453920255,3.7689301700291216,0.09247311911675879,0.004139784993904252,0.0,19.63019658833422,34.01661194011729,2.929682820669866,1,0.0323,8.0,22.0,0.263,1,1.0,0.0,0.0,0.0,1.0,0.0,0.0,0.0,0.0,1,0.49999999999999994,0.8660254037844387,0.0,0.36387473344802856
HN,PMR,2024-01-01,2024,1,19,39.0,1.3,19,86.0,2.87,13,30,0.6333,0.4333,1,24,1,24.0,0,11,3687.0,4096.0,7783.0,42.16666666666667,22.0,20.166666666666668,8,20.5,10.25,10.25,1903.0,1903.0,3806.0,2.0,0.25,88.0,1.897814654202382,0.6111111111111112,4.209887073004759,0.09771505422810073,0.003951612920049698,0.0,20.548092046091632,35.79919250037081,3.85518278273183,4.009838740907169,0.08669354837708255,0.0021639785038367393,0.0,22.07626597927783,37.07564414893427,3.0277151000555804,1,0.0323,8.0,22.0,0.263,1,1.0,0.0,0.0,0.0,1.0,0.0,0.0,0.0,0.0,1,0.49999999999999994,0.8660254037844387,0.0,0.4615432322025299
HN,ASS,2024-01-01,2024,1,39,213.0,0.16,78,15616.0,11.81,571,1322,0.059,0.4319,40,1120,1,1120.0,0,11,3687.0,4096.0,7783.0,42.16666666666667,22.0,20.166666666666668,17,28.51388888888889,13.625,14.88888888888889,21638.0,16571.67,38209.67,2.0,0.15384615384615385,187.0,1.279458146995729,0.41666666666666663,4.209887073004759,0.09771505422810073,0.003951612920049698,0.0,20.548092046091632,35.79919250037081,3.85518278273183,3.833674811407603,0.08938172116114568,0.006962365540926174,0.0,18.942104511804157,33.40887008046591,2.7563898463993866,1,0.0323,8.0,22.0,0.263,1,1.0,0.0,0.0,0.0,1.0,0.0,0.0,0.0,0.0,1,0.49999999999999994,0.8660254037844387,1.0,0.5316407084465027
ASD,ASS,2024-01-01,2024,1,4,12260.0,1.15,4162,56415.0,5.28,2964,10688,0.3894,0.2773,1539,10265,1,10265.0,0,22,10612.78,19113.33,29726.11,37.45,19.2,18.25,17,28.51388888888889,13.625,14.88888888888889,21638.0,16571.67,38209.67,3.0,0.15,374.0,1.4156598442465105,0.36111111111111105,3.8271746891801075,0.08938172116114568,0.006962365540926174,0.0,18.942104511804157,33.40887008046591,2.7498897453920255,3.833674811407603,0.08938172116114568,0.006962365540926174,0.0,18.942104511804157,33.40887008046591,2.7563898463993866,1,0.0323,8.0,22.0,0.263,1,0.505988,0.0,0.0,0.0,0.506,0.0,0.0,0.0,0.494,1,0.49999999999999994,0.8660254037844387,0.0,0.3578300476074219
HN,ZD,2024-01-01,2024,1,33,1.0,0.2,1,150.0,30.0,5,5,0.2,1.0,0,81,1,81.0,0,11,3687.0,4096.0,7783.0,42.16666666666667,22.0,20.166666666666668,11,25.866666666666667,12.2,13.666666666666666,8072.0,7932.0,16004.0,1.0,0.09090909090909091,121.0,0.45511961331341866,0.1111111111111111,4.209887073004759,0.09771505422810073,0.003951612920049698,0.0,20.548092046091632,35.79919250037081,3.85518278273183,3.892174805189052,0.08938172116114568,0.006962365540926174,0.0,18.942104511804157,33.40887008046591,2.8148898057669642,1,0.0323,8.0,22.0,0.263,1,1.0,0.0,0.0,0.0,1.0,0.0,0.0,0.0,0.0,1,0.49999999999999994,0.8660254037844387,1.0,0.5805602669715881
GD,RTA,2024-01-01,2024,1,14,2431.0,1.19,780,11676.0,5.71,900,2046,0.3812,0.4399,51,1687,1,1687.0,0,14,12615.25,9547.25,22162.5,32.5,18.0,14.5,7,14.166666666666668,7.5,6.666666666666667,5759.0,4216.0,9975.0,0.0,0.0,98.0,0.0,0.0,3.9639490160249893,0.08131720495199965,0.004233871005795976,0.0,19.442827911146225,34.72016040740475,3.866166710628257,3.9704489682811084,0.08131720495199965,0.004233871005795976,0.0,19.442827911146225,34.72016040740475,3.8726667194021367,1,0.0323,8.0,22.0,0.263,1,1.0,0.0,0.0,0.0,1.0,0.0,0.0,0.0,0.0,1,0.49999999999999994,0.8660254037844387,0.0,0.40998074412345886
ASD,WP,2024-01-01,2024,1,14,6.0,0.4,5,0.0,0.0,0,15,0.3333,0.0,1,6,1,6.0,0,22,10612.78,19113.33,29726.11,37.45,19.2,18.25,13,26.69047619047619,13.833333333333334,12.857142857142858,6848.4400000000005,6993.44,13841.880000000001,3.0,0.15789473684210525,286.0,1.229037367111779,0.2637426900584795,3.8271746891801075,0.08938172116114568,0.006962365540926174,0.0,18.942104511804157,33.40887008046591,2.7498897453920255,3.788430226070466,0.09247311911675879,0.004139784993904252,0.00017473117889015266,19.63019658833422,34.01661194011729,2.94918289181516,1,0.0323,8.0,22.0,0.263,0,1.0,0.0,0.0,0.0,1.0,0.0,0.0,0.0,0.0,1,0.49999999999999994,0.8660254037844387,0.0,0.3542264997959137
ASD,DVD,2024-01-01,2024,1,8,99.0,1.48,44,60.0,0.9,1,67,0.6567,0.0149,14,8,6,1.33,0,22,10612.78,19113.33,29726.11,37.45,19.2,18.25,16,20.07936507936508,11.222222222222221,8.857142857142858,8195.33,8181.0,16376.33,5.0,0.2777777777777778,352.0,2.268046340626014,0.5554093567251461,3.8271746891801075,0.08938172116114568,0.006962365540926174,0.0,18.942104511804157,33.40887008046591,2.7498897453920255,3.7299300739741934,0.09247311911675879,0.004139784993904252,0.0,19.63019658833422,34.01661194011729,2.890682762083147,1,0.0323,8.0,22.0,0.263,0,1.0,0.0,0.0,0.0,1.0,0.0,0.0,0.0,0.0,1,0.49999999999999994,0.8660254037844387,0.0,0.34616345167160034
ASD,HLM,2024-01-01,2024,1,19,7.0,0.7,5,32.0,3.2,3,10,0.5,0.3,4,9,3,3.0,0,22,10612.78,19113.33,29726.11,37.45,19.2,18.25,19,29.42222222222222,13.222222222222221,16.2,7977.34,9322.34,17299.68,4.0,0.18181818181818182,418.0,1.7552831161416194,0.4137426900584795,3.8271746891801075,0.08938172116114568,0.006962365540926174,0.0,18.942104511804157,33.40887008046591,2.7498897453920255,4.467134521548106,0.09260752761075573,0.007620967644196685,0.0,22.694373001975396,40.57645042352779,4.065521599739911,1,0.0323,8.0,22.0,0.263,1,1.0,0.0,0.0,0.0,1.0,0.0,0.0,0.0,0.0,1,0.49999999999999994,0.8660254037844387,0.0,0.3670353591442108
AKM,GW,2024-01-01,2024,1,5,1714.0,1.85,444,4685.0,5.06,513,925,0.48,0.5546,4,919,1,919.0,0,4,1901.0,1902.0,3803.0,16.0,8.0,8.0,3,14.0,9.0,5.0,1902.0,982.0,2884.0,0.0,0.0,12.0,0.0,0.0,3.7222043579764743,0.09287634427829455,0.0037634408962662503,0.0016532257694991366,21.463220686681808,36.716128087171946,3.533225873154738,3.7083413823788125,0.10712365671912188,0.0037634408962662503,0.0019489246876209334,20.73118885149879,35.855805506308876,3.072387080299117,1,0.0323,8.0,22.0,0.263,1,0.045405407,0.0,0.0,0.0,0.045,0.0,0.0,0.0,0.955,1,0.49999999999999994,0.8660254037844387,0.0,0.31599053740501404
HDR,HDRZ,2024-01-01,2024,1,1,393.0,0.31,114,7170.0,5.72,222,1253,0.091,0.1772,18,1179,1,1179.0,0,1,0.0,1179.0,1179.0,1.0,0.0,1.0,3,17.0,6.0,11.0,2346.0,1179.0,3525.0,0.0,0.0,3.0,0.0,0.0,5.320198967472039,0.11424731186801387,0.002540322581446299,0.0,28.481732592787793,38.63564406800014,5.53095160120277,5.088631879050104,0.1126344096095812,0.0043279570176877,0.0,25.907219588596334,46.83048259571034,4.723443680240082,1,0.0323,8.0,22.0,0.263,0,0.97525936,0.0,0.0,0.0,0.975,0.0,0.0,0.0,0.025,1,0.49999999999999994,0.8660254037844387,0.0,0.2821781039237976
RS,HTO,2024-01-01,2024,1,6,2453.0,2.07,702,8530.0,7.21,820,1183,0.5934,0.6932,18,1121,1,1121.0,0,4,2205.0,2205.0,4410.0,17.0,8.5,8.5,4,7.0,3.5,3.5,2205.0,2137.0,4342.0,0.0,0.0,16.0,0.0,0.0,3.443634432517693,0.08427419376269144,0.006774193477085842,0.0018279569483892891,18.185909268997047,33.61983766927514,3.725825328051904,3.4519569635271066,0.08682795784245896,0.006680107515265224,0.0013709677112919668,18.203224191101647,33.09628944948155,3.7094166512621105,1,0.0323,8.0,22.0,0.263,1,0.0,0.0,0.0,0.0,0.0,0.0,0.0,0.0,1.0,1,0.49999999999999994,0.8660254037844387,1.0,0.5965332388877869
AMR,HLO,2024-01-01,2024,1,5,1387.0,0.57,429,10194.0,4.16,629,2451,0.175,0.2566,108,2364,1,2364.0,0,6,3068.0,4334.0,7402.0,12.0,6.0,6.0,5,15.666666666666666,9.666666666666666,6.0,4742.17,3886.0,8628.17,1.0,0.2,30.0,0.5581106265512472,0.16666666666666666,4.623155981562631,0.10376344062387943,0.007244623746843108,0.0,24.391501140209936,41.486611809781806,4.180548415609425,4.610155892277998,0.10376344062387943,0.007244623746843108,0.0,24.391501140209936,41.486611809781806,4.167548372164889,1,0.0323,8.0,22.0,0.263,0,0.49530804,0.0,0.0,0.0,0.495,0.0,0.0,0.0,0.505,1,0.49999999999999994,0.8660254037844387,1.0,0.7070340514183044
WV,HR,2024-01-01,2024,1,11,1598.0,1.72,378,4618.0,4.97,453,929,0.4069,0.4876,2,892,1,892.0,0,4,1855.0,1853.0,3708.0,24.0,12.0,12.0,7,34.083333333333336,18.75,15.333333333333334,4032.0,2948.0,6980.0,1.0,0.2,28.0,0.9102392266268373,0.3333333333333333,3.515341465403977,0.09905914063014651,0.003293010826793409,0.0024731182242913913,20.508164924158844,35.467257142066956,3.218634487427671,3.54874200137302,0.09798387099578175,0.0032930107867365243,0.00224462360574273,21.10140804850286,36.40354743119209,3.27044900403338,1,0.0323,8.0,22.0,0.263,1,0.04951561,0.0,0.0,0.0,0.05,0.0,0.0,0.0,0.95,1,0.49999999999999994,0.8660254037844387,1.0,0.6227640509605408
AC,ASHD,2024-01-01,2024,1,4,846.0,0.57,192,5797.0,3.91,310,1484,0.1294,0.2089,5,1516,1,1516.0,0,4,3044.0,3043.0,6087.0,16.0,8.0,8.0,4,5.0,2.5,2.5,3075.0,3085.0,6160.0,0.0,0.0,16.0,0.0,0.0,3.6927796373724617,0.09180107608597765,0.0056451613043424905,0.00017473117889015266,19.08350794081406,32.91870880126953,2.8968118624461274,3.68627967827663,0.09180107608597765,0.0056451613043424905,0.00017473117889015266,19.08350794081406,32.91870880126953,2.8903119244227207,1,0.0323,8.0,22.0,0.263,0,0.0,0.0,0.0,0.0,0.0,0.0,0.0,0.0,1.0,1,0.49999999999999994,0.8660254037844387,1.0,0.7176839709281921
LLZM,GD,2024-01-01,2024,1,13,1014.0,0.75,573,3426.0,2.53,624,1356,0.4226,0.4602,0,1301,1,1301.0,0,4,3381.0,3382.0,6763.0,15.0,7.5,7.5,14,32.5,18.0,14.5,12615.25,9547.25,22162.5,0.0,0.0,56.0,0.0,0.0,4.09255094449186,0.0891129034220852,0.005268817256775594,0.0,18.973754077749227,33.65903143664842,3.951489133805397,3.9639490160249893,0.08131720495199965,0.004233871005795976,0.0,19.442827911146225,34.72016040740475,3.866166710628257,1,0.0323,8.0,22.0,0.263,1,0.0,0.0,0.0,0.0,0.0,0.0,0.0,0.0,1.0,1,0.49999999999999994,0.8660254037844387,1.0,0.7103865146636963
AMR,AMRN,2024-01-01,2024,1,1,2738.0,1.24,540,9932.0,4.49,789,2212,0.2441,0.3567,140,1562,1,1562.0,0,6,3068.0,4334.0,7402.0,12.0,6.0,6.0,4,7.0,3.5,3.5,3115.0,3079.0,6194.0,0.0,0.0,24.0,0.0,0.0,4.623155981562631,0.10376344062387943,0.007244623746843108,0.0,24.391501140209936,41.486611809781806,4.180548415609425,4.623155981562631,0.10376344062387943,0.007244623746843108,0.0,24.391501140209936,41.486611809781806,4.180548415609425,1,0.0323,8.0,22.0,0.263,1,0.5348101,0.0,0.0,0.0,0.535,0.0,0.0,0.0,0.465,1,0.49999999999999994,0.8660254037844387,1.0,0.6626321077346802
DR,AH,2024-01-01,2024,1,16,1417.0,1.23,494,7376.0,6.41,633,1151,0.4292,0.55,0,1130,1,1130.0,0,8,4206.0,4166.0,8372.0,20.5,10.25,10.25,14,21.714285714285715,10.857142857142858,10.857142857142858,7311.0,7682.0,14993.0,0.0,0.0,112.0,0.0,0.0,3.185696124537317,0.08978494708376225,0.0011290322728855636,0.002123655866511086,18.400306002747627,32.86209588537934,3.4078063546800084,3.112411327489842,0.09610215142890009,0.0030107527210186886,0.0028225805820716967,18.21268786922578,34.02338611502801,3.3431908805323864,1,0.0323,8.0,22.0,0.263,1,1.0,0.0,0.0,0.0,1.0,0.0,0.0,0.0,0.0,1,0.49999999999999994,0.8660254037844387,1.0,0.662681519985199
NKK,PT,2024-01-01,2024,1,7,897.0,0.81,230,2442.0,2.21,262,1103,0.2085,0.2375,1,1093,1,1093.0,0,6,2243.0,2239.0,4482.0,17.0,7.666666666666667,9.333333333333334,4,12.0,6.0,6.0,2206.0,2209.0,4415.0,0.0,0.0,24.0,0.0,0.0,3.445852184603091,0.09126344111858196,0.006303763387584558,0.0018817203880477978,18.27908812703625,32.59064429870216,3.3560000599602295,3.411784945576582,0.09744623677945265,0.0043279570076734785,0.0017473117889015264,18.72515906097107,34.78983771608722,3.3679005156211073,1,0.0323,8.0,22.0,0.263,0,0.0,0.0,0.0,0.0,0.0,0.0,0.0,0.0,1.0,1,0.49999999999999994,0.8660254037844387,1.0,0.6158093810081482
BR,HRT,2024-01-01,2024,1,10,2381.0,2.0,552,12721.0,10.67,780,1192,0.4631,0.6544,0,1166,1,1166.0,0,3,2573.0,1166.0,3739.0,16.0,6.0,10.0,5,27.333333333333336,13.333333333333334,14.0,2641.0,2573.0,5214.0,1.0,0.25,15.0,1.4426950408889634,0.5,3.0362956687928206,0.06881720454542227,0.008279569937737399,0.00864247315042522,16.827824658924534,31.85854762215768,3.1250053697656237,3.0846102179568864,0.07379032314945293,0.005268817266789815,0.007244623493984021,16.652747303247452,32.052095963749835,3.1620967814808973,1,0.0323,8.0,22.0,0.263,1,0.99077183,0.0,0.0,0.0,0.991,0.0,0.0,0.0,0.009,1,0.49999999999999994,0.8660254037844387,1.0,0.6418103575706482
BMN,DR,2024-01-01,2024,1,6,436.0,0.44,104,1619.0,1.63,135,993,0.1047,0.136,0,953,1,953.0,0,4,1911.0,980.0,2891.0,13.0,6.5,6.5,8,20.5,10.25,10.25,4206.0,4166.0,8372.0,1.0,0.2,32.0,0.9102392266268373,0.3333333333333333,3.224696225501717,0.08978494708376225,0.0011290322728855636,0.0021639784462549674,18.400306002747627,32.86209588537934,3.4468064155750056,3.185696124537317,0.08978494708376225,0.0011290322728855636,0.002123655866511086,18.400306002747627,32.86209588537934,3.4078063546800084,1,0.0323,8.0,22.0,0.263,0,0.054380666,0.0,0.0,0.0,0.054,0.0,0.0,0.0,0.946,1,0.49999999999999994,0.8660254037844387,1.0,0.6678142547607422
AMF,DLD,2024-01-01,2024,1,9,1176.0,1.04,333,2628.0,2.33,322,1127,0.2955,0.2857,88,1126,1,1126.0,0,15,11305.0,10810.0,22115.0,46.10714285714286,23.857142857142858,22.25,6,12.0,6.0,6.0,3912.0,3911.0,7823.0,0.0,0.0,90.0,0.0,0.0,3.519145186514824,0.08306451683603627,0.006962365580983059,0.0018279569483892891,18.494562417909663,34.376128144802585,3.4926666896139342,3.4801452298929054,0.08306451683603627,0.006962365580983059,0.0017607526488161536,18.494562417909663,34.376128144802585,3.4536667090630337,1,0.0323,8.0,22.0,0.263,1,0.0,0.0,0.0,0.0,0.0,0.0,0.0,0.0,1.0,1,0.49999999999999994,0.8660254037844387,0.0,0.39104315638542175
NKK,HD,2024-01-01,2024,1,16,72.0,2.4,14,72.0,2.4,14,30,0.4667,0.4667,0,30,1,30.0,0,6,2243.0,2239.0,4482.0,17.0,7.666666666666667,9.333333333333334,6,29.0,10.666666666666666,18.333333333333332,2232.0,2230.0,4462.0,0.0,0.0,36.0,0.0,0.0,3.445852184603091,0.09126344111858196,0.006303763387584558,0.0018817203880477978,18.27908812703625,32.59064429870216,3.3560000599602295,3.4465859923161246,0.09543010837809053,0.0037634408962662503,0.0017473117889015264,18.63419742389552,33.857418493558,3.404045689415427,1,0.0323,8.0,22.0,0.263,1,1.0,0.0,0.0,0.0,1.0,0.0,0.0,0.0,0.0,1,0.49999999999999994,0.8660254037844387,1.0,0.6759161353111267
BRD,RLB,2024-01-01,2024,1,4,869.0,0.45,371,3594.0,1.87,430,1918,0.1934,0.2242,16,1747,1,1747.0,0,4,3820.0,3672.0,7492.0,11.0,5.5,5.5,6,6.0,3.0,3.0,3530.0,3680.0,7210.0,0.0,0.0,24.0,0.0,0.0,3.8087823322363277,0.07634408605755658,0.0013172043066832326,0.0,19.118761129276727,33.81290235314318,3.7712150900824977,3.854282238470611,0.07634408605755658,0.0013172043066832326,0.0,19.118761129276727,33.81290235314318,3.816715008909664,1,0.0323,8.0,22.0,0.263,0,0.0,0.0,0.0,0.0,0.0,0.0,0.0,0.0,1.0,1,0.49999999999999994,0.8660254037844387,1.0,0.6703360676765442
BMN,ZP,2024-01-01,2024,1,7,22.0,0.81,11,22.0,0.81,11,27,0.4074,0.4074,0,27,1,27.0,0,4,1911.0,980.0,2891.0,13.0,6.5,6.5,6,24.0,12.0,12.0,2331.0,3304.0,5635.0,1.0,0.25,24.0,0.7213475204444817,0.25,3.224696225501717,0.08978494708376225,0.0011290322728855636,0.0021639784462549674,18.400306002747627,32.86209588537934,3.4468064155750056,3.2973440817296904,0.08911290353224162,0.00122311830480573,0.002043010707023323,18.674126823743183,33.98467642068863,3.3525859977128687,1,0.0323,8.0,22.0,0.263,1,1.0,0.0,0.0,0.0,1.0,0.0,0.0,0.0,0.0,1,0.49999999999999994,0.8660254037844387,1.0,0.6508551239967346
BD,ETN,2024-01-01,2024,1,11,1421.0,1.17,287,8297.0,6.82,618,1216,0.236,0.5082,37,1215,1,1215.0,0,12,6936.0,7713.0,14649.0,42.333333333333336,21.166666666666668,21.166666666666668,3,23.0,12.0,11.0,2401.0,1186.0,3587.0,0.0,0.0,36.0,0.0,0.0,3.6167930283944214,0.07419354860140111,0.006115591353786889,0.0013440859914627126,18.53666709667893,33.73306362282845,3.700462381230287,3.6394569762601887,0.0780913982720625,0.008938171920837254,0.0013037634117188312,18.704715235899855,33.78193463016582,3.62453761687302,1,0.0323,8.0,22.0,0.263,1,1.0,0.0,0.0,0.0,1.0,0.0,0.0,0.0,0.0,1,0.49999999999999994,0.8660254037844387,0.0,0.30707618594169617
AMF,NKK,2024-01-01,2024,1,11,64.0,2.13,9,50.0,1.67,4,30,0.3,0.1333,3,30,1,30.0,0,15,11305.0,10810.0,22115.0,46.10714285714286,23.857142857142858,22.25,6,17.0,7.666666666666667,9.333333333333334,2243.0,2239.0,4482.0,0.0,0.0,90.0,0.0,0.0,3.519145186514824,0.08306451683603627,0.006962365580983059,0.0018279569483892891,18.494562417909663,34.376128144802585,3.4926666896139342,3.445852184603091,0.09126344111858196,0.006303763387584558,0.0018817203880477978,18.27908812703625,32.59064429870216,3.3560000599602295,1,0.0323,8.0,22.0,0.263,0,1.0,0.0,0.0,0.0,1.0,0.0,0.0,0.0,0.0,1,0.49999999999999994,0.8660254037844387,0.0,0.3680988848209381
BD,BDPB,2024-01-01,2024,1,5,1436.0,1.25,308,6712.0,5.82,481,1153,0.2671,0.4172,164,1125,1,1125.0,0,12,6936.0,7713.0,14649.0,42.333333333333336,21.166666666666668,21.166666666666668,4,15.0,7.5,7.5,2212.0,2181.0,4393.0,0.0,0.0,48.0,0.0,0.0,3.6167930283944214,0.07419354860140111,0.006115591353786889,0.0013440859914627126,18.53666709667893,33.73306362282845,3.700462381230287,3.687384420404992,0.07997311864008186,0.003857526938200638,0.0013306451315480855,18.691475093204488,34.807740924178916,3.78388983890244,1,0.0323,8.0,22.0,0.263,1,0.0,0.0,0.0,0.0,0.0,0.0,0.0,0.0,1.0,1,0.49999999999999994,0.8660254037844387,1.0,0.5135621428489685
AMF,HVS,2024-01-01,2024,1,16,4349.0,2.61,484,4966.0,2.98,370,1664,0.2909,0.2224,83,1744,1,1744.0,0,15,11305.0,10810.0,22115.0,46.10714285714286,23.857142857142858,22.25,15,25.857142857142858,14.0,11.857142857142858,8972.25,7787.0,16759.25,1.0,0.06666666666666667,225.0,0.9102392266268373,0.3333333333333333,3.519145186514824,0.08306451683603627,0.006962365580983059,0.0018279569483892891,18.494562417909663,34.376128144802585,3.4926666896139342,3.48861296637164,0.08440860238687325,0.007150537664851834,0.0017473117889015264,18.077912151092484,33.39483781206992,2.91415057068951,1,0.0323,8.0,22.0,0.263,0,0.9831731,0.0,0.0,0.016826924,0.983,0.0,0.0,0.017,0.0,1,0.49999999999999994,0.8660254037844387,0.0,0.3507542014122009
NS,HD,2024-01-01,2024,1,12,1609.0,1.45,555,3042.0,2.73,583,1113,0.4987,0.5238,0,1109,1,1109.0,0,4,2201.0,2203.0,4404.0,21.0,10.5,10.5,6,29.0,10.666666666666666,18.333333333333332,2232.0,2230.0,4462.0,0.0,0.0,24.0,0.0,0.0,3.420274151859665,0.08924731225656565,0.0019758064800532915,0.0017204300690722722,19.4930760589258,35.44645065646018,3.431833286619475,3.4465859923161246,0.09543010837809053,0.0037634408962662503,0.0017473117889015264,18.63419742389552,33.857418493558,3.404045689415427,1,0.0323,8.0,22.0,0.263,1,0.0,0.0,0.0,0.0,0.0,0.0,0.0,0.0,1.0,1,0.49999999999999994,0.8660254037844387,1.0,0.6603510975837708
GDM,ZBM,2024-01-01,2024,1,9,4018.0,1.74,1271,9743.0,4.22,1816,2310,0.5502,0.7861,143,2258,1,2258.0,0,6,6359.0,6364.0,12723.0,18.0,9.0,9.0,6,38.0,19.0,19.0,3391.0,1131.33,4522.33,0.0,0.0,36.0,0.0,0.0,3.521782243509166,0.0826612907732206,0.005645161264285606,0.0017473117889015264,18.41470335375878,34.12596673734726,3.632736543118353,3.4708521802363896,0.08212365652684883,0.006397849509632716,0.0017607526488161536,18.222007303468644,32.277095967082566,3.5285806942991513,1,0.0323,8.0,22.0,0.263,1,0.0,0.0,0.0,0.0,0.0,0.0,0.0,0.0,1.0,1,0.49999999999999994,0.8660254037844387,0.0,0.44026681780815125
CPS,RTA,2024-01-01,2024,1,1,1697.0,1.4,343,6081.0,5.03,445,1210,0.2835,0.3678,1,1124,1,1124.0,0,4,2431.0,2359.0,4790.0,5.0,2.5,2.5,7,14.166666666666668,7.5,6.666666666666667,5759.0,4216.0,9975.0,0.0,0.0,28.0,0.0,0.0,3.9574490530736823,0.08131720495199965,0.004233871005795976,0.0,19.442827911146225,34.72016040740475,3.859666766368494,3.9704489682811084,0.08131720495199965,0.004233871005795976,0.0,19.442827911146225,34.72016040740475,3.8726667194021367,1,0.0323,8.0,22.0,0.263,1,0.0,0.0,0.0,0.0,0.0,0.0,0.0,0.0,1.0,1,0.49999999999999994,0.8660254037844387,1.0,0.6141848564147949
DMNZ,DVD,2024-01-01,2024,1,2,1905.0,1.06,688,6829.0,3.81,800,1792,0.3839,0.4464,2,1618,1,1618.0,0,4,3290.0,3238.0,6528.0,9.0,4.5,4.5,16,20.07936507936508,11.222222222222221,8.857142857142858,8195.33,8181.0,16376.33,0.0,0.0,64.0,0.0,0.0,3.7949301867936085,0.09247311911675879,0.004139784993904252,0.00017473117889015266,19.63019658833422,34.01661194011729,2.9556828290724786,3.7299300739741934,0.09247311911675879,0.004139784993904252,0.0,19.63019658833422,34.01661194011729,2.890682762083147,1,0.0323,8.0,22.0,0.263,1,0.0,0.0,0.0,0.0,0.0,0.0,0.0,0.0,1.0,1,0.49999999999999994,0.8660254037844387,1.0,0.6692962050437927
AMPO,NDB,2024-01-01,2024,1,22,435.0,0.39,174,2364.0,2.13,214,1112,0.1565,0.1924,0,1043,1,1043.0,0,7,5860.0,5859.780000000001,11719.78,22.333333333333336,12.333333333333334,10.0,8,19.0,9.5,9.5,5471.0,5470.0,10941.0,1.0,0.14285714285714285,56.0,0.48089834696298783,0.125,3.8222365839537034,0.09489247373114991,0.00620967734565017,0.001693548349243018,20.068057966168208,35.80403124901556,3.50476346129892,3.6086127909616397,0.09663978551504432,0.006397849419504725,0.001693548349243018,18.345179287897004,34.04322479168574,2.9590160415948477,1,0.0323,8.0,22.0,0.263,0,0.0,0.0,0.0,0.0,0.0,0.0,0.0,0.0,1.0,1,0.49999999999999994,0.8660254037844387,1.0,0.7036224603652954
GDM,TPSW,2024-01-01,2024,1,10,4383.0,1.99,1146,10987.0,4.98,2144,2205,0.5197,0.9723,73,1863,1,1863.0,0,6,6359.0,6364.0,12723.0,18.0,9.0,9.0,3,16.0,6.0,10.0,2976.0,1112.0,4088.0,0.0,0.0,18.0,0.0,0.0,3.521782243509166,0.0826612907732206,0.005645161264285606,0.0017473117889015264,18.41470335375878,34.12596673734726,3.632736543118353,3.4771693854652828,0.07889784998711079,0.004233871055867082,0.0020967741466818316,18.886605698575256,34.301128083018845,3.5762957545743395,1,0.0323,8.0,22.0,0.263,1,0.0,0.0,0.0,0.0,0.0,0.0,0.0,0.0,1.0,1,0.49999999999999994,0.8660254037844387,0.0,0.39812400937080383
DT,GV,2024-01-01,2024,1,8,5174.0,1.8,1264,22718.0,7.89,1653,2881,0.4387,0.5738,4,3244,1,3244.0,0,10,10368.0,10067.0,20435.0,15.2,7.6,7.6,11,19.53333333333333,8.333333333333334,11.2,10369.0,7761.0,18130.0,1.0,0.09090909090909091,110.0,0.45511961331341866,0.1111111111111111,4.199548431677163,0.10080645218371384,0.0030107527210186886,0.0,18.7400451562097,33.697741098301385,3.9617124268790125,4.4102608268299415,0.11465053795085799,0.005080645253020589,0.0,21.24727413186463,38.3066119320931,4.287612929389441,1,0.0323,8.0,22.0,0.263,1,1.0,0.0,0.0,0.0,1.0,0.0,0.0,0.0,0.0,1,0.49999999999999994,0.8660254037844387,1.0,0.6362953186035156
ZL,LLS,2024-01-01,2024,1,57,1276.0,1.07,378,7353.0,6.16,492,1194,0.3166,0.4121,31,1135,1,1135.0,0,14,5773.5,9869.0,15642.5,85.42857142857143,47.285714285714285,38.142857142857146,8,63.333333333333336,35.333333333333336,28.0,2536.0,4682.0,7218.0,0.0,0.0,112.0,0.0,0.0,3.425806447963721,0.10080645219372805,0.005174731224855428,0.0017204300690722722,19.757889633697847,34.96499910918615,3.4853494669541076,3.67308602578217,0.10456989291975255,0.0015994623824152896,0.0016532257694991366,20.39001553369466,35.24032165542726,3.453865636781018,1,0.0323,8.0,22.0,0.263,1,1.0,0.0,0.0,0.0,1.0,0.0,0.0,0.0,0.0,1,0.49999999999999994,0.8660254037844387,0.0,0.4981604218482971
RB,KBD,2024-01-01,2024,1,3,1815.0,1.58,425,7632.0,6.63,559,1152,0.3689,0.4852,1,1712,1,1712.0,0,4,3462.0,3462.0,6924.0,19.0,9.5,9.5,4,10.0,5.0,5.0,3462.0,3462.0,6924.0,0.0,0.0,16.0,0.0,0.0,3.8635752755217254,0.08615591448120853,0.002446236569554575,0.0013306451315480855,18.230228838260455,34.40322492776379,4.053360212318879,4.035319994639365,0.09663978504437593,0.0018817204681615676,0.0013306451315480855,19.421654312841355,33.13645065151235,3.8128737121449925,1,0.0323,8.0,22.0,0.263,1,0.7491319,0.0,0.0,0.0,0.749,0.0,0.0,0.0,0.251,1,0.49999999999999994,0.8660254037844387,1.0,0.6704413890838623
HWZB,ASS,2024-01-01,2024,1,7,1118.0,0.48,428,5745.0,2.48,548,2321,0.1844,0.2361,0,2294,1,2294.0,0,5,4569.0,4568.0,9137.0,14.333333333333332,7.333333333333333,7.0,17,28.51388888888889,13.625,14.88888888888889,21638.0,16571.67,38209.67,1.0,0.09090909090909091,85.0,0.40242960438184466,0.08333333333333333,4.5191343622883,0.09260752761075573,0.007620967644196685,0.0,22.694373001975396,40.57645042352779,4.117521434536664,3.833674811407603,0.08938172116114568,0.006962365540926174,0.0,18.942104511804157,33.40887008046591,2.7563898463993866,1,0.0323,8.0,22.0,0.263,0,0.0,0.0,0.0,0.0,0.0,0.0,0.0,0.0,1.0,1,0.49999999999999994,0.8660254037844387,1.0,0.7081098556518555
AMPO,ALMM,2024-01-01,2024,1,2,3309.0,1.24,1137,7924.0,2.97,1239,2672,0.4255,0.4637,0,2950,1,2950.0,0,7,5860.0,5859.780000000001,11719.78,22.333333333333336,12.333333333333334,10.0,4,3.0,1.5,1.5,5858.0,4635.0,10493.0,1.0,0.2,28.0,0.43429448190325176,0.1,3.8222365839537034,0.09489247373114991,0.00620967734565017,0.001693548349243018,20.068057966168208,35.80403124901556,3.50476346129892,3.8092364938278753,0.09489247373114991,0.00620967734565017,0.0,20.068057966168208,35.80403124901556,3.491763406032596,1,0.0323,8.0,22.0,0.263,1,0.0,0.0,0.0,0.0,0.0,0.0,0.0,0.0,1.0,1,0.49999999999999994,0.8660254037844387,1.0,0.6580085158348083
GDM,CL,2024-01-01,2024,1,8,2634.0,1.16,718,7425.0,3.27,857,2272,0.316,0.3772,305,2243,1,2243.0,0,6,6359.0,6364.0,12723.0,18.0,9.0,9.0,4,17.0,8.5,8.5,6359.0,6359.0,12718.0,0.0,0.0,24.0,0.0,0.0,3.521782243509166,0.0826612907732206,0.005645161264285606,0.0017473117889015264,18.41470335375878,34.12596673734726,3.632736543118353,3.51528227932611,0.0826612907732206,0.005645161264285606,0.0017338709289868993,18.41470335375878,34.12596673734726,3.62623660107674,1,0.0323,8.0,22.0,0.263,1,0.0,0.0,0.0,0.0,0.0,0.0,0.0,0.0,1.0,1,0.49999999999999994,0.8660254037844387,1.0,0.7178547382354736
DT,RSW,2024-01-01,2024,1,5,2128.0,1.12,800,4345.0,2.3,840,1892,0.4228,0.444,3,1813,1,1813.0,0,10,10368.0,10067.0,20435.0,15.2,7.6,7.6,4,7.0,3.5,3.5,3617.0,3616.0,7233.0,0.0,0.0,40.0,0.0,0.0,4.199548431677163,0.10080645218371384,0.0030107527210186886,0.0,18.7400451562097,33.697741098301385,3.9617124268790125,4.449260754716052,0.11465053795085799,0.005080645253020589,0.0,21.24727413186463,38.3066119320931,4.326612896466207,1,0.0323,8.0,22.0,0.263,1,0.0,0.0,0.0,0.0,0.0,0.0,0.0,0.0,1.0,1,0.49999999999999994,0.8660254037844387,1.0,0.636088490486145
ZL,WZ,2024-01-01,2024,1,9,740.0,0.66,218,1650.0,1.48,48,1113,0.1959,0.0431,12,1108,1,1108.0,0,14,5773.5,9869.0,15642.5,85.42857142857143,47.285714285714285,38.142857142857146,3,18.0,9.0,9.0,2202.0,1108.0,3310.0,0.0,0.0,42.0,0.0,0.0,3.425806447963721,0.10080645219372805,0.005174731224855428,0.0017204300690722722,19.757889633697847,34.96499910918615,3.4853494669541076,3.3673064623388553,0.10080645219372805,0.005174731224855428,0.001706989209157645,19.757889633697847,34.96499910918615,3.4268495071108545,1,0.0323,8.0,22.0,0.263,0,0.0,0.0,0.0,0.0,0.0,0.0,0.0,0.0,1.0,1,0.49999999999999994,0.8660254037844387,0.0,0.2643272578716278
HAD,LEDN,2024-01-01,2024,1,25,2453.0,1.28,829,12221.0,6.39,1033,1912,0.4336,0.5403,0,1740,1,1740.0,0,6,5763.0,4609.0,10372.0,24.0,12.0,12.0,21,38.009090909090915,19.90909090909091,18.1,11970.0,12359.67,24329.67,1.0,0.07142857142857142,126.0,0.40242960438184466,0.08333333333333333,4.4167715796589935,0.09233871038242053,0.006962365601011502,0.0,21.464343511289165,38.31580543902613,3.9070269215741864,4.403252713507422,0.09448924850952882,0.004327956997659257,0.0,21.347878975893863,37.95628927728181,4.107284997124225,1,0.0323,8.0,22.0,0.263,1,1.0,0.0,0.0,0.0,1.0,0.0,0.0,0.0,0.0,1,0.49999999999999994,0.8660254037844387,1.0,0.6854890584945679
AH,OTB,2024-01-01,2024,1,4,375.0,0.41,143,1290.0,1.42,29,908,0.1575,0.0319,54,863,1,863.0,0,14,7311.0,7682.0,14993.0,21.714285714285715,10.857142857142858,10.857142857142858,4,8.0,4.0,4.0,1701.0,868.0,2569.0,0.0,0.0,56.0,0.0,0.0,3.112411327489842,0.09610215142890009,0.0030107527210186886,0.0028225805820716967,18.21268786922578,34.02338611502801,3.3431908805323864,3.0840269322557154,0.09610215171931251,0.005551075212336997,0.0029435483213033405,17.95576629074671,33.95709591270775,3.270854877988978,1,0.0323,8.0,22.0,0.263,0,0.0011013215,0.0,0.0,0.0,0.001,0.0,0.0,0.0,0.999,1,0.49999999999999994,0.8660254037844387,0.0,0.3357376754283905
AH,EST,2024-01-01,2024,1,11,81.0,1.09,29,471.0,6.36,41,74,0.3919,0.5541,11,77,1,77.0,0,14,7311.0,7682.0,14993.0,21.714285714285715,10.857142857142858,10.857142857142858,7,14.25,7.25,7.0,3040.0,2962.0,6002.0,2.0,0.2222222222222222,98.0,2.0640299754485754,0.7,3.112411327489842,0.09610215142890009,0.0030107527210186886,0.0028225805820716967,18.21268786922578,34.02338611502801,3.3431908805323864,3.2978520602168095,0.0935483878798863,0.004892473028952717,0.0027150537027546794,17.855394773906276,34.16661187109127,3.445432705143767,1,0.0323,8.0,22.0,0.263,1,1.0,0.0,0.0,0.0,1.0,0.0,0.0,0.0,0.0,1,0.49999999999999994,0.8660254037844387,1.0,0.5068872570991516
KLP,ED,2024-01-01,2024,1,7,802.0,0.62,168,5889.0,4.54,292,1297,0.1295,0.2251,0,1221,1,1221.0,0,6,2411.0,2362.0,4773.0,42.0,21.0,21.0,9,44.1,23.5,20.6,4108.0,4476.0,8584.0,2.0,0.3333333333333333,54.0,0.9609582064547204,0.25263157894736843,3.3267312269127096,0.09193548511072833,0.004892473129094929,0.0026344085432669167,17.877992964559986,33.122902318995486,3.3504543316510498,3.2422312177437287,0.09193548511072833,0.004892473129094929,0.0028360214419863236,17.877992964559986,33.122902318995486,3.26595434445327,1,0.0323,8.0,22.0,0.263,0,1.0,0.0,0.0,0.0,1.0,0.0,0.0,0.0,0.0,1,0.49999999999999994,0.8660254037844387,1.0,0.6781070232391357
OBD,HWD,2024-01-01,2024,1,6,665.0,0.66,237,2913.0,2.9,243,1006,0.2356,0.2416,0,698,1,698.0,0,3,1405.0,698.0,2103.0,14.5,8.5,6.0,6,17.333333333333332,8.666666666666666,8.666666666666666,3109.0,3109.0,6218.0,0.0,0.0,18.0,0.0,0.0,4.195419490735437,0.09973118351071432,0.0028225806772067983,0.0,19.884610403289077,34.89774095243023,3.8309033333113596,4.201919437961913,0.09973118351071432,0.0028225806772067983,0.0,19.884610403289077,34.89774095243023,3.8374032535269778,1,0.0323,8.0,22.0,0.263,0,0.0,0.0,0.0,0.0,0.0,0.0,0.0,0.0,1.0,1,0.49999999999999994,0.8660254037844387,1.0,0.6546749472618103
ZWD,BRD,2024-01-01,2024,1,7,1276.0,0.67,701,4038.0,2.11,767,1918,0.3655,0.3999,23,1887,1,1887.0,0,4,3812.0,2057.0,5869.0,9.0,4.5,4.5,4,11.0,5.5,5.5,3820.0,3672.0,7492.0,0.0,0.0,16.0,0.0,0.0,3.847782266161014,0.07634408605755658,0.0013172043066832326,0.00012096773923164414,19.118761129276727,33.81290235314318,3.8102150595576694,3.8087823322363277,0.07634408605755658,0.0013172043066832326,0.0,19.118761129276727,33.81290235314318,3.7712150900824977,1,0.0323,8.0,22.0,0.263,1,0.0,0.0,0.0,0.0,0.0,0.0,0.0,0.0,1.0,1,0.49999999999999994,0.8660254037844387,1.0,0.6468592882156372
BTL,BET,2024-01-01,2024,1,10,2499.0,1.33,831,7333.0,3.9,992,1881,0.4418,0.5274,34,1833,1,1833.0,0,6,3664.0,3669.0,7333.0,18.0,9.0,9.0,4,19.0,9.5,9.5,3665.0,3665.0,7330.0,0.0,0.0,24.0,0.0,0.0,3.4221774206286475,0.07930107629026777,0.007997311671735138,0.0014247311509504755,17.751890659051877,33.46935398219734,3.55120967778187,3.36059945091475,0.07526881759485571,0.004892473169151814,0.003494623577803053,17.50478859414016,32.972418512708394,3.5234354400872103,1,0.0323,8.0,22.0,0.263,1,0.0010632642,0.0,0.0,0.0,0.001,0.0,0.0,0.0,0.999,1,0.49999999999999994,0.8660254037844387,1.0,0.7015902996063232
ZBM,GDM,2024-01-01,2024,1,9,1701.0,1.48,633,4485.0,3.9,692,1151,0.55,0.6012,1,1131,1,1131.0,0,6,3391.0,1131.33,4522.33,38.0,19.0,19.0,6,18.0,9.0,9.0,6359.0,6364.0,12723.0,0.0,0.0,36.0,0.0,0.0,3.4708521802363896,0.08212365652684883,0.006397849509632716,0.0017607526488161536,18.222007303468644,32.277095967082566,3.5285806942991513,3.521782243509166,0.0826612907732206,0.005645161264285606,0.0017473117889015264,18.41470335375878,34.12596673734726,3.632736543118353,1,0.0323,8.0,22.0,0.263,1,0.0,0.0,0.0,0.0,0.0,0.0,0.0,0.0,1.0,1,0.49999999999999994,0.8660254037844387,1.0,0.6743720173835754
ZDK,PMW,2024-01-01,2024,1,10,800.0,0.79,219,2432.0,2.4,259,1015,0.2158,0.2552,1,925,1,925.0,0,4,1858.0,1857.0,3715.0,13.0,6.5,6.5,4,11.0,5.5,5.5,1858.0,1859.0,3717.0,0.0,0.0,16.0,0.0,0.0,3.9488952346096036,0.08669354894789316,0.005080645253020589,0.0,19.396668416518036,33.946934637843924,2.839755399222736,4.035838760400531,0.08669354837708255,0.0021639785038367393,0.0,22.07626597927783,37.07564414893427,3.0537151129595856,1,0.0323,8.0,22.0,0.263,0,0.05221675,0.0,0.0,0.0,0.052,0.0,0.0,0.0,0.948,1,0.49999999999999994,0.8660254037844387,0.0,0.4913302958011627
PMW,PMR,2024-01-01,2024,1,1,817.0,0.8,237,2447.0,2.41,276,1015,0.2335,0.2719,0,926,1,926.0,0,4,1858.0,1859.0,3717.0,11.0,5.5,5.5,8,20.5,10.25,10.25,1903.0,1903.0,3806.0,0.0,0.0,32.0,0.0,0.0,4.035838760400531,0.08669354837708255,0.0021639785038367393,0.0,22.07626597927783,37.07564414893427,3.0537151129595856,4.009838740907169,0.08669354837708255,0.0021639785038367393,0.0,22.07626597927783,37.07564414893427,3.0277151000555804,1,0.0323,8.0,22.0,0.263,1,0.05221675,0.0,0.0,0.0,0.052,0.0,0.0,0.0,0.948,1,0.49999999999999994,0.8660254037844387,1.0,0.5191540122032166
BLL,HLM,2024-01-01,2024,1,3,604.0,0.51,229,3203.0,2.69,291,1192,0.1921,0.2441,1,1167,1,1167.0,0,4,2314.0,2314.0,4628.0,5.0,2.5,2.5,19,29.42222222222222,13.222222222222221,16.2,7977.34,9322.34,17299.68,0.0,0.0,76.0,0.0,0.0,4.49963448930692,0.09260752761075573,0.007620967644196685,0.0,22.694373001975396,40.57645042352779,4.098021542943854,4.467134521548106,0.09260752761075573,0.007620967644196685,0.0,22.694373001975396,40.57645042352779,4.065521599739911,1,0.0323,8.0,22.0,0.263,0,0.0,0.0,0.0,0.0,0.0,0.0,0.0,0.0,1.0,1,0.49999999999999994,0.8660254037844387,1.0,0.5845341682434082
ASB,SHL,2024-01-01,2024,1,17,43.0,2.53,3,39.0,2.29,2,17,0.1765,0.1176,3,10,1,10.0,0,16,7750.59,7360.0,15110.59,27.5,14.375,13.125,16,44.682539682539684,22.11111111111111,22.571428571428573,14532.0,12421.0,26953.0,2.0,0.125,256.0,0.9370338082411984,0.23809523809523808,3.7169301406610558,0.09247311911675879,0.004139784993904252,0.0,19.63019658833422,34.01661194011729,2.877682793670164,4.025314567881005,0.09099462491169732,0.00611559144391488,0.0,19.258847246527353,35.33419259517424,3.689830669231953,1,0.0323,8.0,22.0,0.263,0,1.0,0.0,0.0,0.0,1.0,0.0,0.0,0.0,0.0,1,0.49999999999999994,0.8660254037844387,1.0,0.5282618999481201
BTL,VG,2024-01-01,2024,1,8,1182.0,1.25,320,4061.0,4.3,387,944,0.339,0.41,29,921,1,921.0,0,6,3664.0,3669.0,7333.0,18.0,9.0,9.0,4,12.0,6.0,6.0,1842.0,940.0,2782.0,0.0,0.0,24.0,0.0,0.0,3.4221774206286475,0.07930107629026777,0.007997311671735138,0.0014247311509504755,17.751890659051877,33.46935398219734,3.55120967778187,3.4502876522945822,0.07190860257113493,0.004327956977630815,0.0013709677112919668,18.218904419291405,33.22257975416799,3.571322621675008,1,0.0323,8.0,22.0,0.263,1,0.0,0.0,0.0,0.0,0.0,0.0,0.0,0.0,1.0,1,0.49999999999999994,0.8660254037844387,0.0,0.36551764607429504
KLP,UT,2024-01-01,2024,1,34,765.0,0.83,260,4689.0,5.06,341,927,0.2805,0.3679,0,806,1,806.0,0,6,2411.0,2362.0,4773.0,42.0,21.0,21.0,32,49.96031746031746,26.071428571428573,23.88888888888889,20729.67,30427.440000000002,51157.11,2.0,0.1,192.0,1.2426698691192237,0.4,3.3267312269127096,0.09193548511072833,0.004892473129094929,0.0026344085432669167,17.877992964559986,33.122902318995486,3.3504543316510498,3.541932883702459,0.08750000020228726,0.007338709728692168,0.0017338709289868993,18.468390858301554,33.6870959292176,3.593411382152549,1,0.0323,8.0,22.0,0.263,1,1.0,0.0,0.0,0.0,1.0,0.0,0.0,0.0,0.0,1,0.49999999999999994,0.8660254037844387,1.0,0.6321519017219543
ASB,ASHD,2024-01-01,2024,1,1,2210.0,1.45,576,7461.0,4.89,720,1525,0.3777,0.4721,4,1559,1,1559.0,0,16,7750.59,7360.0,15110.59,27.5,14.375,13.125,4,5.0,2.5,2.5,3075.0,3085.0,6160.0,0.0,0.0,64.0,0.0,0.0,3.7169301406610558,0.09247311911675879,0.004139784993904252,0.0,19.63019658833422,34.01661194011729,2.877682793670164,3.68627967827663,0.09180107608597765,0.0056451613043424905,0.00017473117889015266,19.08350794081406,32.91870880126953,2.8903119244227207,1,0.0323,8.0,22.0,0.263,1,0.0,0.0,0.0,0.0013114754,0.0,0.0,0.0,0.001,0.999,1,0.49999999999999994,0.8660254037844387,1.0,0.501028835773468
CAS,AMR,2024-01-01,2024,1,12,211.0,5.02,31,621.0,14.79,38,42,0.7381,0.9048,0,23,1,23.0,0,10,5530.0,5173.17,10703.17,22.6,12.6,10.0,6,12.0,6.0,6.0,3068.0,4334.0,7402.0,1.0,0.125,60.0,0.9102392266268373,0.3333333333333333,4.572043021239581,0.09556451626121998,0.006491935561581325,0.0,23.706434238021092,40.421127988446145,4.160080645949409,4.623155981562631,0.10376344062387943,0.007244623746843108,0.0,24.391501140209936,41.486611809781806,4.180548415609425,1,0.0323,8.0,22.0,0.263,1,1.0,0.0,0.0,0.0,1.0,0.0,0.0,0.0,0.0,1,0.49999999999999994,0.8660254037844387,1.0,0.6624994874000549
MP,ASN,2024-01-01,2024,1,50,53.0,5.3,5,360.0,36.0,9,10,0.5,0.9,1,4,1,4.0,0,7,6085.0,4943.0,11028.0,48.66666666666667,20.666666666666668,28.0,8,77.46666666666667,38.8,38.666666666666664,4340.0,3356.0,7696.0,1.0,0.125,56.0,0.45511961331341866,0.1111111111111111,3.33071236728981,0.10672043094671863,0.0030107527310329098,0.0035618278773761887,19.336175351613953,35.2519345706509,3.1930107548382254,3.142405908479686,0.09973118335048678,0.004139785023946916,0.0030645160605349848,19.35425455960375,35.12177325128227,2.934341391022768,1,0.0323,8.0,22.0,0.263,1,1.0,0.0,0.0,0.0,1.0,0.0,0.0,0.0,0.0,1,0.49999999999999994,0.8660254037844387,1.0,0.6344791054725647
ASB,ASA,2024-01-01,2024,1,4,447.0,2.98,70,1016.0,6.77,85,150,0.4667,0.5667,5,193,1,193.0,0,16,7750.59,7360.0,15110.59,27.5,14.375,13.125,11,21.4,9.4,12.0,8523.0,8352.67,16875.67,3.0,0.25,176.0,1.1736660668984786,0.23517126148705095,3.7169301406610558,0.09247311911675879,0.004139784993904252,0.0,19.63019658833422,34.01661194011729,2.877682793670164,3.7689301700291216,0.09247311911675879,0.004139784993904252,0.0,19.63019658833422,34.01661194011729,2.929682820669866,1,0.0323,8.0,22.0,0.263,1,1.0,0.0,0.0,0.0,1.0,0.0,0.0,0.0,0.0,1,0.49999999999999994,0.8660254037844387,1.0,0.5245631337165833
CAS,ZD,2024-01-01,2024,1,17,1614.0,0.94,717,12710.0,7.44,965,1708,0.4198,0.565,0,1555,1,1555.0,0,10,5530.0,5173.17,10703.17,22.6,12.6,10.0,11,25.866666666666667,12.2,13.666666666666666,8072.0,7932.0,16004.0,1.0,0.09090909090909091,110.0,0.40242960438184466,0.08333333333333333,4.572043021239581,0.09556451626121998,0.006491935561581325,0.0,23.706434238021092,40.421127988446145,4.160080645949409,3.892174805189052,0.08938172116114568,0.006962365540926174,0.0,18.942104511804157,33.40887008046591,2.8148898057669642,1,0.0323,8.0,22.0,0.263,1,1.0,0.0,0.0,0.0,1.0,0.0,0.0,0.0,0.0,1,0.49999999999999994,0.8660254037844387,1.0,0.6801239848136902
ASB,WD,2024-01-01,2024,1,36,50.0,0.75,17,127.0,1.9,31,67,0.2537,0.4627,3,0,12,0.0,1,16,7750.59,7360.0,15110.59,27.5,14.375,13.125,14,34.285714285714285,17.142857142857142,17.142857142857142,9195.25,9202.84,18398.09,1.0,0.06666666666666667,224.0,0.3396232718951086,0.05263157894736842,3.7169301406610558,0.09247311911675879,0.004139784993904252,0.0,19.63019658833422,34.01661194011729,2.877682793670164,3.667518868917219,0.08669354911813493,0.006868279639190884,0.0016666666294137638,19.06403665645148,33.3624184868669,3.6609328216572683,1,0.0323,8.0,22.0,0.263,1,1.0,0.0,0.0,0.0,1.0,0.0,0.0,0.0,0.0,1,0.49999999999999994,0.8660254037844387,1.0,0.5495282411575317
ASB,ASDZ,2024-01-01,2024,1,6,1668.0,1.09,621,14114.0,9.19,960,1535,0.4046,0.6254,17,1639,1,1639.0,0,16,7750.59,7360.0,15110.59,27.5,14.375,13.125,12,26.333333333333332,13.166666666666666,13.166666666666666,10250.0,9102.25,19352.25,3.0,0.25,192.0,1.344533708530089,0.3222222222222222,3.7169301406610558,0.09247311911675879,0.004139784993904252,0.0,19.63019658833422,34.01661194011729,2.877682793670164,4.012314472407583,0.09099462491169732,0.00611559144391488,0.0,19.258847246527353,35.33419259517424,3.6768306135300106,1,0.0323,8.0,22.0,0.263,1,0.99869704,0.0,0.0,0.0013029316,0.999,0.0,0.0,0.001,0.0,1,0.49999999999999994,0.8660254037844387,1.0,0.5118139386177063
SHL,ASDZ,2024-01-01,2024,1,11,5936.0,1.2,1641,30182.0,6.08,1779,4962,0.3307,0.3585,2899,5251,1,5251.0,0,16,14532.0,12421.0,26953.0,44.682539682539684,22.11111111111111,22.571428571428573,12,26.333333333333332,13.166666666666666,13.166666666666666,10250.0,9102.25,19352.25,1.0,0.07142857142857142,192.0,0.45511961331341866,0.1111111111111111,4.025314567881005,0.09099462491169732,0.00611559144391488,0.0,19.258847246527353,35.33419259517424,3.689830669231953,4.012314472407583,0.09099462491169732,0.00611559144391488,0.0,19.258847246527353,35.33419259517424,3.6768306135300106,1,0.0323,8.0,22.0,0.263,1,0.73659813,0.0,0.0,0.00020153164,0.737,0.0,0.0,0.0,0.263,1,0.49999999999999994,0.8660254037844387,0.0,0.40451276302337646
ZD,ASS,2024-01-01,2024,1,6,4546.0,1.2,1590,22004.0,5.8,1986,3796,0.4189,0.5232,131,3882,1,3882.0,0,11,8072.0,7932.0,16004.0,25.866666666666667,12.2,13.666666666666666,17,28.51388888888889,13.625,14.88888888888889,21638.0,16571.67,38209.67,2.0,0.15384615384615385,187.0,0.9605402309330919,0.25,3.892174805189052,0.08938172116114568,0.006962365540926174,0.0,18.942104511804157,33.40887008046591,2.8148898057669642,3.833674811407603,0.08938172116114568,0.006962365540926174,0.0,18.942104511804157,33.40887008046591,2.7563898463993866,1,0.0323,8.0,22.0,0.263,1,0.48234984,0.0,0.0,0.0,0.482,0.0,0.0,0.0,0.518,1,0.49999999999999994,0.8660254037844387,1.0,0.6217496395111084
ZVB,ODB,2024-01-01,2024,1,8,1556.0,1.62,562,4006.0,4.16,608,963,0.5836,0.6314,0,905,1,905.0,0,4,1775.0,1774.0,3549.0,16.0,8.0,8.0,3,15.5,7.5,8.0,1777.0,871.0,2648.0,0.0,0.0,12.0,0.0,0.0,3.7542904343466046,0.07983871049658266,0.006962365560954617,0.0013037634117188312,18.852616133228427,34.37322485126475,3.789841499577667,3.6459571122922885,0.0780913982720625,0.008938171920837254,0.0012634408319749499,18.704715235899855,33.78193463016582,3.6310377322758236,1,0.0323,8.0,22.0,0.263,1,0.014537903,0.0,0.0,0.0,0.015,0.0,0.0,0.0,0.985,1,0.49999999999999994,0.8660254037844387,0.0,0.3111971318721771
ZD,KZ,2024-01-01,2024,1,2,2487.0,1.67,760,7268.0,4.87,865,1492,0.5094,0.5798,29,1490,1,1490.0,0,11,8072.0,7932.0,16004.0,25.866666666666667,12.2,13.666666666666666,4,3.0,1.5,1.5,2945.0,2945.0,5890.0,0.0,0.0,44.0,0.0,0.0,3.892174805189052,0.08938172116114568,0.006962365540926174,0.0,18.942104511804157,33.40887008046591,2.8148898057669642,3.955395203842331,0.08669354894789316,0.005080645253020589,0.0,19.396668416518036,33.946934637843924,2.846255438036776,1,0.0323,8.0,22.0,0.263,1,0.01608579,0.0,0.0,0.0,0.016,0.0,0.0,0.0,0.984,1,0.49999999999999994,0.8660254037844387,1.0,0.6165189146995544
ASHD,ASB,2024-01-01,2024,1,1,952.0,0.64,248,5918.0,3.99,367,1484,0.1671,0.2473,0,1557,1,1557.0,0,4,3075.0,3085.0,6160.0,5.0,2.5,2.5,16,27.5,14.375,13.125,7750.59,7360.0,15110.59,0.0,0.0,64.0,0.0,0.0,3.68627967827663,0.09180107608597765,0.0056451613043424905,0.00017473117889015266,19.08350794081406,32.91870880126953,2.8903119244227207,3.7169301406610558,0.09247311911675879,0.004139784993904252,0.0,19.63019658833422,34.01661194011729,2.877682793670164,1,0.0323,8.0,22.0,0.263,0,0.0,0.0,0.0,0.0,0.0,0.0,0.0,0.0,1.0,1,0.49999999999999994,0.8660254037844387,1.0,0.6261821985244751
GN,GERP,2024-01-01,2024,1,2,536.0,0.4,164,5010.0,3.7,135,1355,0.121,0.0996,62,1223,1,1223.0,0,2,0.0,2291.0,2291.0,15.0,0.0,15.0,3,7.0,3.0,4.0,2428.0,1223.0,3651.0,0.0,0.0,6.0,0.0,0.0,3.343142560242565,0.09462365608221741,0.005645161324370933,0.0037096773364370867,20.363238953774975,37.12306345278217,3.194285018589868,3.375642514046562,0.09462365608221741,0.005645161324370933,0.0037096773364370867,20.363238953774975,37.12306345278217,3.2267849512989084,1,0.0323,8.0,22.0,0.263,0,0.051660515,0.0,0.0,0.0,0.052,0.0,0.0,0.0,0.948,1,0.49999999999999994,0.8660254037844387,0.0,0.27669820189476013
ZVB,ZLW,2024-01-01,2024,1,8,1140.0,1.28,501,3648.0,4.09,552,893,0.561,0.6181,0,869,1,869.0,0,4,1775.0,1774.0,3549.0,16.0,8.0,8.0,10,28.0,14.0,14.0,4104.0,4103.0,8207.0,0.0,0.0,40.0,0.0,0.0,3.7542904343466046,0.07983871049658266,0.006962365560954617,0.0013037634117188312,18.852616133228427,34.37322485126475,3.789841499577667,3.772502806272999,0.08172043068434602,0.004045698982012528,0.001290322551804204,18.885062604501684,33.66338620262761,3.669075362379312,1,0.0323,8.0,22.0,0.263,1,0.0,0.0,0.0,0.0,0.0,0.0,0.0,0.0,1.0,1,0.49999999999999994,0.8660254037844387,1.0,0.6592565178871155
SSH,NVP,2024-01-01,2024,1,11,831.0,0.59,300,4921.0,3.47,406,1417,0.2117,0.2865,1,1462,1,1462.0,0,4,2942.0,2571.0,5513.0,19.0,9.5,9.5,4,16.0,8.0,8.0,2942.0,2942.0,5884.0,0.0,0.0,16.0,0.0,0.0,4.4227527760880525,0.09448924850952882,0.004327956997659257,0.0,21.347878975893863,37.95628927728181,4.1267849904465015,4.300518774690347,0.09395161305143628,0.005739247346276878,0.0,19.86048964106588,35.91628940259257,4.092655849635541,1,0.0323,8.0,22.0,0.263,1,0.0014114326,0.0,0.0,0.0,0.001,0.0,0.0,0.0,0.999,1,0.49999999999999994,0.8660254037844387,1.0,0.7041413187980652
OW,RS,2024-01-01,2024,1,11,2937.0,2.48,838,8959.0,7.57,953,1183,0.7084,0.8056,18,1121,1,1121.0,0,4,2205.0,2205.0,4410.0,12.0,6.0,6.0,4,17.0,8.5,8.5,2205.0,2205.0,4410.0,0.0,0.0,16.0,0.0,0.0,3.388825238547138,0.08077957016485994,0.005739247286191551,0.002110215006596459,18.719984260618045,33.91596685942783,3.5881531772338935,3.443634432517693,0.08427419376269144,0.006774193477085842,0.0018279569483892891,18.185909268997047,33.61983766927514,3.725825328051904,1,0.0323,8.0,22.0,0.263,1,0.0,0.0,0.0,0.0,0.0,0.0,0.0,0.0,1.0,1,0.49999999999999994,0.8660254037844387,1.0,0.6440780162811279
EHV,HMBV,2024-01-01,2024,1,10,756.0,0.82,182,4206.0,4.57,441,921,0.1976,0.4788,107,892,1,892.0,0,13,8328.0,10922.0,19250.0,33.14285714285714,15.0,18.142857142857142,4,12.0,6.0,6.0,1781.0,1759.0,3540.0,0.0,0.0,52.0,0.0,0.0,3.309844106450797,0.0779569896578949,0.0052688172267329305,0.005161290207216816,16.5179996062671,32.13725709915161,3.4345752604465973,3.2602822552635384,0.07809139854244647,0.005833333328125938,0.0035483870174615613,16.6981600767342,31.936934551244143,3.313776884903951,1,0.0323,8.0,22.0,0.263,1,0.007600434,0.0,0.0,0.0,0.008,0.0,0.0,0.0,0.992,1,0.49999999999999994,0.8660254037844387,0.0,0.3072567284107208
ZD,CAS,2024-01-01,2024,1,17,2294.0,1.38,494,12172.0,7.34,751,1658,0.2979,0.453,48,1553,1,1553.0,0,11,8072.0,7932.0,16004.0,25.866666666666667,12.2,13.666666666666666,10,22.6,12.6,10.0,5530.0,5173.17,10703.17,1.0,0.09090909090909091,110.0,0.40242960438184466,0.08333333333333333,3.892174805189052,0.08938172116114568,0.006962365540926174,0.0,18.942104511804157,33.40887008046591,2.8148898057669642,4.572043021239581,0.09556451626121998,0.006491935561581325,0.0,23.706434238021092,40.421127988446145,4.160080645949409,1,0.0323,8.0,22.0,0.263,1,1.0,0.0,0.0,0.0,1.0,0.0,0.0,0.0,0.0,1,0.49999999999999994,0.8660254037844387,1.0,0.6656816005706787
ZD,HLM,2024-01-01,2024,1,21,0.0,0.0,0,210.0,30.0,7,7,0.0,1.0,0,6,6,1.0,0,11,8072.0,7932.0,16004.0,25.866666666666667,12.2,13.666666666666666,19,29.42222222222222,13.222222222222221,16.2,7977.34,9322.34,17299.68,2.0,0.125,209.0,1.013230239864666,0.2777777777777778,3.892174805189052,0.08938172116114568,0.006962365540926174,0.0,18.942104511804157,33.40887008046591,2.8148898057669642,4.467134521548106,0.09260752761075573,0.007620967644196685,0.0,22.694373001975396,40.57645042352779,4.065521599739911,1,0.0323,8.0,22.0,0.263,1,1.0,0.0,0.0,0.0,1.0,0.0,0.0,0.0,0.0,1,0.49999999999999994,0.8660254037844387,1.0,0.6263407468795776
SHL,ASD,2024-01-01,2024,1,19,116.0,1.1,24,943.0,8.98,50,105,0.2286,0.4762,89,112,1,112.0,0,16,14532.0,12421.0,26953.0,44.682539682539684,22.11111111111111,22.571428571428573,22,37.45,19.2,18.25,10612.78,19113.33,29726.11,4.0,0.21052631578947367,352.0,1.7935671779716698,0.4305555555555555,4.025314567881005,0.09099462491169732,0.00611559144391488,0.0,19.258847246527353,35.33419259517424,3.689830669231953,3.8271746891801075,0.08938172116114568,0.006962365540926174,0.0,18.942104511804157,33.40887008046591,2.7498897453920255,1,0.0323,8.0,22.0,0.263,1,1.0,0.0,0.0,0.0,1.0,0.0,0.0,0.0,0.0,1,0.49999999999999994,0.8660254037844387,0.0,0.3980284035205841
RSD,ODB,2024-01-01,2024,1,7,587.0,0.65,179,2550.0,2.81,65,906,0.1976,0.0717,261,872,1,872.0,0,8,2274.0,5215.0,7489.0,43.46666666666667,24.666666666666668,18.8,3,15.5,7.5,8.0,1777.0,871.0,2648.0,0.0,0.0,24.0,0.0,0.0,3.772360194033833,0.08588709715273112,0.005739247286191551,0.0013306451315480855,18.323154083182736,34.0437087708263,3.777064482063075,3.6459571122922885,0.0780913982720625,0.008938171920837254,0.0012634408319749499,18.704715235899855,33.78193463016582,3.6310377322758236,1,0.0323,8.0,22.0,0.263,0,0.0,0.0,0.0,0.0,0.0,0.0,0.0,0.0,1.0,1,0.49999999999999994,0.8660254037844387,0.0,0.2662774622440338
DB,UT,2024-01-01,2024,1,12,1065.0,0.91,315,6036.0,5.18,450,1166,0.2702,0.3859,3,1096,1,1096.0,0,10,4494.0,4696.0,9190.0,30.0,15.0,15.0,32,49.96031746031746,26.071428571428573,23.88888888888889,20729.67,30427.440000000002,51157.11,2.0,0.09090909090909091,320.0,1.531574161186449,0.5333333333333333,3.550760696201475,0.0912634415592077,0.007903225930227388,0.0019892472673648147,18.645406234328465,34.88370886925728,3.6739462164821486,3.541932883702459,0.08750000020228726,0.007338709728692168,0.0017338709289868993,18.468390858301554,33.6870959292176,3.593411382152549,1,0.0323,8.0,22.0,0.263,1,1.0,0.0,0.0,0.0,1.0,0.0,0.0,0.0,0.0,1,0.49999999999999994,0.8660254037844387,1.0,0.6116791367530823
ED,DB,2024-01-01,2024,1,29,988.0,1.06,394,4711.0,5.08,486,928,0.4246,0.5237,19,792,1,792.0,0,9,4108.0,4476.0,8584.0,44.1,23.5,20.6,10,30.0,15.0,15.0,4494.0,4696.0,9190.0,2.0,0.25,90.0,1.249862498521946,0.38596491228070173,3.2422312177437287,0.09193548511072833,0.004892473129094929,0.0028360214419863236,17.877992964559986,33.122902318995486,3.26595434445327,3.550760696201475,0.0912634415592077,0.007903225930227388,0.0019892472673648147,18.645406234328465,34.88370886925728,3.6739462164821486,1,0.0323,8.0,22.0,0.263,1,1.0,0.0,0.0,0.0,1.0,0.0,0.0,0.0,0.0,1,0.49999999999999994,0.8660254037844387,1.0,0.590859055519104
RVS,WC,2024-01-01,2024,1,7,1829.0,1.6,538,6999.0,6.12,647,1143,0.4707,0.5661,0,1084,1,1084.0,0,4,2180.0,2180.0,4360.0,15.0,7.5,7.5,4,11.0,5.5,5.5,2181.0,2787.0,4968.0,0.0,0.0,16.0,0.0,0.0,3.401825163310634,0.08077957016485994,0.005739247286191551,0.002137096726425713,18.719984260618045,33.91596685942783,3.601153130397721,3.3185000262969244,0.08467742033623239,0.006774193396972072,0.0024059139247182555,18.204988177585346,33.62999914602567,3.585435544393496,1,0.0323,8.0,22.0,0.263,1,0.0,0.0,0.0,0.0,0.0,0.0,0.0,0.0,1.0,1,0.49999999999999994,0.8660254037844387,1.0,0.6347412467002869
RSD,DDR,2024-01-01,2024,1,38,1356.0,1.12,385,9597.0,7.89,596,1216,0.3166,0.4901,126,1124,1,1124.0,0,8,2274.0,5215.0,7489.0,43.46666666666667,24.666666666666668,18.8,14,35.714285714285715,17.857142857142858,17.857142857142858,2836.0,7185.0,10021.0,1.0,0.09090909090909091,112.0,0.6213349345596119,0.2,3.772360194033833,0.08588709715273112,0.005739247286191551,0.0013306451315480855,18.323154083182736,34.0437087708263,3.777064482063075,3.829271595179033,0.08481182868001602,0.0033870967285286996,0.0005645161164143394,19.167625067054583,34.48499909459904,3.823357568362788,1,0.0323,8.0,22.0,0.263,1,1.0,0.0,0.0,0.0,1.0,0.0,0.0,0.0,0.0,1,0.49999999999999994,0.8660254037844387,1.0,0.5970838069915771
BN,AMRI,2024-01-01,2024,1,7,133.0,0.65,42,686.0,3.33,56,206,0.2039,0.2718,0,173,1,173.0,0,4,327.0,327.0,654.0,12.0,6.0,6.0,4,9.0,4.5,4.5,327.0,327.0,654.0,0.0,0.0,16.0,0.0,0.0,3.071728443852075,0.10416666697710752,0.005174731104684773,0.001706989209157645,17.676085703956183,33.25886998573939,3.1002903169782092,3.1307312451097715,0.10241935555372507,0.0013172043166974538,0.001706989209157645,18.123256162770332,33.35564434047668,3.1746828557112283,1,0.0323,8.0,22.0,0.263,1,0.0,0.0,0.0,0.0,0.0,0.0,0.0,0.0,1.0,1,0.49999999999999994,0.8660254037844387,0.0,0.3091501295566559
ED,WF,2024-01-01,2024,1,9,119.0,0.13,43,1444.0,1.62,34,890,0.0483,0.0382,12,839,1,839.0,0,9,4108.0,4476.0,8584.0,44.1,23.5,20.6,3,10.5,6.5,4.0,1702.0,838.0,2540.0,0.0,0.0,27.0,0.0,0.0,3.2422312177437287,0.09193548511072833,0.004892473129094929,0.0028360214419863236,17.877992964559986,33.122902318995486,3.26595434445327,3.123026889598658,0.09610215171931251,0.005551075212336997,0.0029435483213033405,17.95576629074671,33.95709591270775,3.3098548600019546,1,0.0323,8.0,22.0,0.263,0,0.004494382,0.0,0.0,0.0,0.004,0.0,0.0,0.0,0.996,1,0.49999999999999994,0.8660254037844387,0.0,0.2976524829864502
ED,KLP,2024-01-01,2024,1,7,1304.0,1.07,562,6584.0,5.42,666,1214,0.4629,0.5486,32,1191,1,1191.0,0,9,4108.0,4476.0,8584.0,44.1,23.5,20.6,6,42.0,21.0,21.0,2411.0,2362.0,4773.0,2.0,0.3333333333333333,54.0,0.9609582064547204,0.25263157894736843,3.2422312177437287,0.09193548511072833,0.004892473129094929,0.0028360214419863236,17.877992964559986,33.122902318995486,3.26595434445327,3.3267312269127096,0.09193548511072833,0.004892473129094929,0.0026344085432669167,17.877992964559986,33.122902318995486,3.3504543316510498,1,0.0323,8.0,22.0,0.263,1,1.0,0.0,0.0,0.0,1.0,0.0,0.0,0.0,0.0,1,0.49999999999999994,0.8660254037844387,1.0,0.6017659902572632
ALM,ALMP,2024-01-01,2024,1,2,1587.0,1.03,495,4600.0,2.99,558,1538,0.3218,0.3628,61,1729,1,1729.0,0,16,6034.78,7160.0,13194.779999999999,31.396825396825395,15.11111111111111,16.285714285714285,4,6.0,3.0,3.0,3448.0,3447.0,6895.0,1.0,0.09090909090909091,64.0,0.7213475204444817,0.25,3.933755411155602,0.08884408642407707,0.0033870967685855845,0.0,20.91069567123408,36.282579628370144,2.906134478875526,3.9088709646315185,0.09959677472630496,0.0022580645057142423,0.0008333333147068819,21.510415494361872,38.545160226924445,3.690322581373195,1,0.0323,8.0,22.0,0.263,1,0.0,0.0,0.0,0.0,0.0,0.0,0.0,0.0,1.0,1,0.49999999999999994,0.8660254037844387,0.0,0.43051770329475403
ASSP,DMN,2024-01-01,2024,1,2,1901.0,1.22,730,5193.0,3.33,789,1559,0.4682,0.5061,0,1707,1,1707.0,0,4,3441.0,3441.0,6882.0,3.0,1.5,1.5,4,9.0,4.5,4.5,3441.0,3433.0,6874.0,0.0,0.0,16.0,0.0,0.0,3.7689301700291216,0.09247311911675879,0.004139784993904252,0.0,19.63019658833422,34.01661194011729,2.929682820669866,3.7949301867936085,0.09247311911675879,0.004139784993904252,0.00017473117889015266,19.63019658833422,34.01661194011729,2.9556828290724786,1,0.0323,8.0,22.0,0.263,1,0.0,0.0,0.0,0.0,0.0,0.0,0.0,0.0,1.0,1,0.49999999999999994,0.8660254037844387,1.0,0.5810872316360474
DVC,HON,2024-01-01,2024,1,15,1423.0,1.46,506,2861.0,2.94,535,972,0.5206,0.5504,1,907,1,907.0,0,4,1833.0,1740.0,3573.0,19.0,9.5,9.5,4,22.0,11.0,11.0,1832.0,1833.0,3665.0,0.0,0.0,16.0,0.0,0.0,3.2958387875859376,0.09852150560266548,0.004516129061499591,0.0017876343686454078,18.331987683170585,33.868063609446246,3.380180171130085,3.124978540520314,0.10846774259041395,0.0036693547241469864,0.0017473117889015264,17.85289161812554,33.52741850415865,3.139830657886842,1,0.0323,8.0,22.0,0.263,1,0.0030864198,0.0,0.0,0.0,0.003,0.0,0.0,0.0,0.997,1,0.49999999999999994,0.8660254037844387,0.0,0.4373157024383545
HTO,RS,2024-01-01,2024,1,6,1066.0,0.93,243,6325.0,5.53,382,1143,0.2126,0.3342,0,1084,1,1084.0,0,4,2205.0,2137.0,4342.0,7.0,3.5,3.5,4,17.0,8.5,8.5,2205.0,2205.0,4410.0,0.0,0.0,16.0,0.0,0.0,3.4519569635271066,0.08682795784245896,0.006680107515265224,0.0013709677112919668,18.203224191101647,33.09628944948155,3.7094166512621105,3.443634432517693,0.08427419376269144,0.006774193477085842,0.0018279569483892891,18.185909268997047,33.61983766927514,3.725825328051904,1,0.0323,8.0,22.0,0.263,1,0.0,0.0,0.0,0.0,0.0,0.0,0.0,0.0,1.0,1,0.49999999999999994,0.8660254037844387,1.0,0.5476632714271545
RAI,DVD,2024-01-01,2024,1,3,1952.0,1.1,691,6401.0,3.61,792,1772,0.39,0.447,0,1630,1,1630.0,0,4,3134.0,2960.0,6094.0,4.0,2.0,2.0,16,20.07936507936508,11.222222222222221,8.857142857142858,8195.33,8181.0,16376.33,1.0,0.1,64.0,0.5581106265512472,0.16666666666666666,4.005814516656502,0.09099462491169732,0.00611559144391488,0.0,19.258847246527353,35.33419259517424,3.6703306773367026,3.7299300739741934,0.09247311911675879,0.004139784993904252,0.0,19.63019658833422,34.01661194011729,2.890682762083147,1,0.0323,8.0,22.0,0.263,1,0.0,0.0,0.0,0.0,0.0,0.0,0.0,0.0,1.0,1,0.49999999999999994,0.8660254037844387,1.0,0.6337156295776367
VNDC,VNDW,2024-01-01,2024,1,1,150.0,0.13,47,2579.0,2.23,127,1159,0.0406,0.1096,4,1147,1,1147.0,0,3,2274.0,1147.0,3421.0,5.5,4.5,1.0,4,15.0,7.5,7.5,2274.0,2274.0,4548.0,0.0,0.0,12.0,0.0,0.0,3.343260702807256,0.08723118370499021,0.006303763437655664,0.0021908601660842217,17.80894861682769,33.048386225136376,3.4460832788684077,3.430424693371019,0.08924731271721983,0.007809139768122345,0.0021908601660842217,18.46898420619708,33.55887008418319,3.4291477994267296,1,0.0323,8.0,22.0,0.263,0,0.0,0.0,0.0,0.0,0.0,0.0,0.0,0.0,1.0,1,0.49999999999999994,0.8660254037844387,1.0,0.5022208094596863
MRN,VNDW,2024-01-01,2024,1,14,1707.0,1.5,1048,4527.0,3.99,1091,1136,0.9225,0.9604,1,1127,1,1127.0,0,4,2275.0,2240.0,4515.0,22.0,11.0,11.0,4,15.0,7.5,7.5,2274.0,2274.0,4548.0,0.0,0.0,16.0,0.0,0.0,3.511760746940009,0.0912634415592077,0.007903225930227388,0.0021908601660842217,18.645406234328465,34.88370886925728,3.6349462421150296,3.430424693371019,0.08924731271721983,0.007809139768122345,0.0021908601660842217,18.46898420619708,33.55887008418319,3.4291477994267296,1,0.0323,8.0,22.0,0.263,1,0.0,0.0,0.0,0.0008802817,0.0,0.0,0.0,0.001,0.999,1,0.49999999999999994,0.8660254037844387,1.0,0.5754103064537048
RTA,GD,2024-01-01,2024,1,14,2516.0,1.26,1162,12444.0,6.22,1383,2000,0.581,0.6915,1,1858,1,1858.0,0,7,5759.0,4216.0,9975.0,14.166666666666668,7.5,6.666666666666667,14,32.5,18.0,14.5,12615.25,9547.25,22162.5,0.0,0.0,98.0,0.0,0.0,3.9704489682811084,0.08131720495199965,0.004233871005795976,0.0,19.442827911146225,34.72016040740475,3.8726667194021367,3.9639490160249893,0.08131720495199965,0.004233871005795976,0.0,19.442827911146225,34.72016040740475,3.866166710628257,1,0.0323,8.0,22.0,0.263,1,1.0,0.0,0.0,0.0,1.0,0.0,0.0,0.0,0.0,1,0.49999999999999994,0.8660254037844387,1.0,0.6979084014892578
DN,HRT,2024-01-01,2024,1,18,4140.0,2.5,1019,18400.0,11.09,1328,1659,0.6142,0.8005,10,1475,1,1475.0,0,6,2641.24,3530.0,6171.24,23.333333333333332,11.666666666666666,11.666666666666666,5,27.333333333333336,13.333333333333334,14.0,2641.0,2573.0,5214.0,0.0,0.0,30.0,0.0,0.0,3.0792930298184436,0.07876344141300007,0.00611559144391488,0.0047983869895218845,16.65598711099035,32.23209592924323,3.212626366285227,3.0846102179568864,0.07379032314945293,0.005268817266789815,0.007244623493984021,16.652747303247452,32.052095963749835,3.1620967814808973,1,0.0323,8.0,22.0,0.263,1,0.99276674,0.0,0.0,0.0,0.993,0.0,0.0,0.0,0.007,1,0.49999999999999994,0.8660254037844387,1.0,0.6632104516029358
AHZ,AH,2024-01-01,2024,1,8,1102.0,1.1,263,2385.0,2.38,295,1002,0.2625,0.2944,0,958,1,958.0,0,4,2943.0,2427.0,5370.0,11.0,5.5,5.5,14,21.714285714285715,10.857142857142858,10.857142857142858,7311.0,7682.0,14993.0,1.0,0.125,56.0,0.7213475204444817,0.25,3.29202689343102,0.09610215171931251,0.005551075212336997,0.0028225805820716967,17.95576629074671,33.95709591270775,3.4788548170478752,3.112411327489842,0.09610215142890009,0.0030107527210186886,0.0028225805820716967,18.21268786922578,34.02338611502801,3.3431908805323864,1,0.0323,8.0,22.0,0.263,1,0.063872255,0.0,0.0,0.0,0.064,0.0,0.0,0.0,0.936,1,0.49999999999999994,0.8660254037844387,1.0,0.7172691226005554
MRN,DB,2024-01-01,2024,1,8,641.0,0.55,289,3012.0,2.6,342,1159,0.2494,0.2951,0,1113,1,1113.0,0,4,2275.0,2240.0,4515.0,22.0,11.0,11.0,10,30.0,15.0,15.0,4494.0,4696.0,9190.0,0.0,0.0,40.0,0.0,0.0,3.511760746940009,0.0912634415592077,0.007903225930227388,0.0021908601660842217,18.645406234328465,34.88370886925728,3.6349462421150296,3.550760696201475,0.0912634415592077,0.007903225930227388,0.0019892472673648147,18.645406234328465,34.88370886925728,3.6739462164821486,1,0.0323,8.0,22.0,0.263,1,0.0,0.0,0.0,0.0,0.0,0.0,0.0,0.0,1.0,1,0.49999999999999994,0.8660254037844387,1.0,0.7025484442710876
DLD,BHV,2024-01-01,2024,1,3,2284.0,1.12,963,4927.0,2.43,1012,2031,0.4742,0.4983,11,1986,1,1986.0,0,6,3912.0,3911.0,7823.0,12.0,6.0,6.0,4,9.0,4.5,4.5,3912.0,3903.0,7815.0,0.0,0.0,24.0,0.0,0.0,3.4801452298929054,0.08306451683603627,0.006962365580983059,0.0017607526488161536,18.494562417909663,34.376128144802585,3.4536667090630337,3.5138145792047664,0.08508064558789614,0.00818548389580301,0.0017607526488161536,18.402671900327487,34.064515234962585,3.028061871196554,1,0.0323,8.0,22.0,0.263,1,0.0,0.0,0.0,0.0,0.0,0.0,0.0,0.0,1.0,1,0.49999999999999994,0.8660254037844387,1.0,0.6763479113578796
DN,HMBH,2024-01-01,2024,1,8,1249.0,1.34,379,3213.0,3.45,105,930,0.4075,0.1129,10,889,1,889.0,0,6,2641.24,3530.0,6171.24,23.333333333333332,11.666666666666666,11.666666666666666,4,9.0,4.5,4.5,1781.0,889.24,2670.24,1.0,0.25,24.0,0.7213475204444817,0.25,3.0792930298184436,0.07876344141300007,0.00611559144391488,0.0047983869895218845,16.65598711099035,32.23209592924323,3.212626366285227,3.1991369804262275,0.07594086116640478,0.004610215093419757,0.004153225713619782,17.00263116100142,32.022095927628136,3.270843991992234,1,0.0323,8.0,22.0,0.263,0,0.011827957,0.0,0.0,0.0,0.012,0.0,0.0,0.0,0.988,1,0.49999999999999994,0.8660254037844387,0.0,0.33875593543052673
AHP,AH,2024-01-01,2024,1,1,854.0,0.89,353,1950.0,2.03,371,962,0.3669,0.3857,0,922,1,922.0,0,4,1910.0,1880.0,3790.0,3.0,1.5,1.5,14,21.714285714285715,10.857142857142858,10.857142857142858,7311.0,7682.0,14993.0,0.0,0.0,56.0,0.0,0.0,3.1904112375191143,0.09610215142890009,0.0030107527210186886,0.0028225805820716967,18.21268786922578,34.02338611502801,3.421190840868099,3.112411327489842,0.09610215142890009,0.0030107527210186886,0.0028225805820716967,18.21268786922578,34.02338611502801,3.3431908805323864,1,0.0323,8.0,22.0,0.263,1,0.023908524,0.0,0.0,0.0,0.024,0.0,0.0,0.0,0.976,1,0.49999999999999994,0.8660254037844387,1.0,0.5298214554786682
RTA,RTN,2024-01-01,2024,1,5,1776.0,1.47,377,6161.0,5.09,477,1210,0.3116,0.3942,1,1123,1,1123.0,0,7,5759.0,4216.0,9975.0,14.166666666666668,7.5,6.666666666666667,3,10.0,5.0,5.0,2285.0,1162.0,3447.0,1.0,0.2,21.0,0.45511961331341866,0.1111111111111111,3.9704489682811084,0.08131720495199965,0.004233871005795976,0.0,19.442827911146225,34.72016040740475,3.8726667194021367,4.006881736759698,0.08387096811045883,0.002822580657178356,0.0,18.714111432753583,34.11870878101677,3.9028495071075295,1,0.0323,8.0,22.0,0.263,1,0.0,0.0,0.0,0.0,0.0,0.0,0.0,0.0,1.0,1,0.49999999999999994,0.8660254037844387,0.0,0.4034050405025482
ALM,ASDZ,2024-01-01,2024,1,29,1103.0,1.02,290,6646.0,6.17,476,1077,0.2693,0.442,34,1094,1,1094.0,0,16,6034.78,7160.0,13194.779999999999,31.396825396825395,15.11111111111111,16.285714285714285,12,26.333333333333332,13.166666666666666,13.166666666666666,10250.0,9102.25,19352.25,2.0,0.14285714285714285,192.0,0.9102392266268373,0.2222222222222222,3.933755411155602,0.08884408642407707,0.0033870967685855845,0.0,20.91069567123408,36.282579628370144,2.906134478875526,4.012314472407583,0.09099462491169732,0.00611559144391488,0.0,19.258847246527353,35.33419259517424,3.6768306135300106,1,0.0323,8.0,22.0,0.263,1,1.0,0.0,0.0,0.0,1.0,0.0,0.0,0.0,0.0,1,0.49999999999999994,0.8660254037844387,0.0,0.4677002429962158
HT,HTO,2024-01-01,2024,1,1,1136.0,0.99,248,6787.0,5.94,537,1143,0.217,0.4698,72,1084,1,1084.0,0,14,10068.33,12079.0,22147.33,39.714285714285715,19.857142857142858,19.857142857142858,4,7.0,3.5,3.5,2205.0,2137.0,4342.0,0.0,0.0,56.0,0.0,0.0,3.464957064678592,0.08682795784245896,0.006680107515265224,0.0013709677112919668,18.203224191101647,33.09628944948155,3.7224167145648472,3.4519569635271066,0.08682795784245896,0.006680107515265224,0.0013709677112919668,18.203224191101647,33.09628944948155,3.7094166512621105,1,0.0323,8.0,22.0,0.263,1,0.0,0.0,0.0,0.0,0.0,0.0,0.0,0.0,1.0,1,0.49999999999999994,0.8660254037844387,0.0,0.3510482907295227
HT,UT,2024-01-01,2024,1,48,3604.0,1.22,973,35307.0,11.91,1666,2964,0.3283,0.5621,247,2618,1,2618.0,0,14,10068.33,12079.0,22147.33,39.714285714285715,19.857142857142858,19.857142857142858,32,49.96031746031746,26.071428571428573,23.88888888888889,20729.67,30427.440000000002,51157.11,1.0,0.04,448.0,0.9102392266268373,0.3333333333333333,3.464957064678592,0.08682795784245896,0.006680107515265224,0.0013709677112919668,18.203224191101647,33.09628944948155,3.7224167145648472,3.541932883702459,0.08750000020228726,0.007338709728692168,0.0017338709289868993,18.468390858301554,33.6870959292176,3.593411382152549,1,0.0323,8.0,22.0,0.263,1,1.0,0.0,0.0,0.0,1.0,0.0,0.0,0.0,0.0,1,0.49999999999999994,0.8660254037844387,0.0,0.4034993648529053
HK,UTG,2024-02-01,2024,2,3,1016.0,0.93,384,3241.0,2.96,437,1096,0.3504,0.3987,0,1154,1,1154.0,0,4,2346.0,2346.0,4692.0,6.0,3.0,3.0,6,8.0,4.0,4.0,2441.0,3888.0,6329.0,0.0,0.0,24.0,0.0,0.0,7.69629889409775,0.20014367976236616,0.0005028735653593622,0.0,22.140228504207972,38.44344732268103,7.391413785774132,7.658261490134715,0.1981321859077133,0.001106321843790597,0.0,22.700928221317543,39.04137821375639,7.3362068867888945,0,0.0,8.0,21.0,0.263,1,0.0,0.0,0.0,0.0,0.0,0.0,0.0,0.0,1.0,1,0.8660254037844386,0.5000000000000001,1.0,0.6026631593704224
WD,GDG,2024-02-01,2024,2,13,2500.0,0.84,659,9250.0,3.12,825,2965,0.2223,0.2782,50,3459,1,3459.0,0,12,9624.0,9583.0,19207.0,28.0,14.0,14.0,4,16.0,8.0,8.0,5777.0,5983.0,11760.0,1.0,0.14285714285714285,48.0,0.48089834696298783,0.125,7.876948507524085,0.16824712770209574,0.000905172417646852,0.0,19.3549097337942,34.25637831153541,7.4895203182067,7.970902028183143,0.17442528815704517,0.0005028735653593622,0.0,19.72457755434102,34.87499901001481,7.655528523456091,0,0.0,8.0,21.0,0.263,1,0.0,0.0,0.0,0.0,0.0,0.0,0.0,0.0,1.0,1,0.8660254037844386,0.5000000000000001,1.0,0.540236234664917
BGN,RSD,2024-02-01,2024,2,13,1673.0,1.43,514,10045.0,8.6,718,1168,0.4401,0.6147,3,1198,1,1198.0,0,7,2920.88,2645.0,5565.88,45.0,23.0,22.0,8,43.46666666666667,24.666666666666668,18.8,2324.0,4805.0,7129.0,0.0,0.0,56.0,0.0,0.0,8.032933720497244,0.20344827726654624,0.0011063218652003113,0.0,18.31537908521192,34.31482670841546,7.647660713771294,8.056643739570168,0.1941091961323701,0.0007040230129128215,0.0,18.786238562015967,35.18275776265681,7.681859221266604,0,0.0,8.0,21.0,0.263,1,1.0,0.0,0.0,0.0,1.0,0.0,0.0,0.0,0.0,1,0.8660254037844386,0.5000000000000001,1.0,0.6531636118888855
HK,BV,2024-02-01,2024,2,3,579.0,0.57,273,2904.0,2.86,321,1016,0.2687,0.3159,3,1192,1,1192.0,0,4,2346.0,2346.0,4692.0,6.0,3.0,3.0,4,8.0,4.0,4.0,2346.0,2346.0,4692.0,0.0,0.0,16.0,0.0,0.0,7.69629889409775,0.20014367976236616,0.0005028735653593622,0.0,22.140228504207972,38.44344732268103,7.391413785774132,7.689798846583942,0.20014367976236616,0.0005028735653593622,0.0,22.140228504207972,38.44344732268103,7.384913795124525,0,0.0,8.0,21.0,0.263,1,0.0,0.0,0.0,0.0,0.0,0.0,0.0,0.0,1.0,1,0.8660254037844386,0.5000000000000001,1.0,0.5893920063972473
GVC,GV,2024-02-01,2024,2,1,620.0,0.27,210,10080.0,4.36,308,2313,0.0908,0.1332,105,2307,1,2307.0,0,5,0.0,9104.0,9104.0,9.6,0.0,9.6,11,19.53333333333333,8.333333333333334,11.2,9990.0,7695.0,17685.0,3.0,0.3333333333333333,55.0,1.6365403493107211,0.475,7.951051902223978,0.19123563177926445,0.002614942518458969,0.0,21.263657430122638,38.63741283101597,7.72827891371716,7.957551967534611,0.19123563177926445,0.002614942518458969,0.0,21.263657430122638,38.63741283101597,7.734778938964865,0,0.0,8.0,21.0,0.263,0,0.20146996,0.0047557284,0.0,0.0,0.201,0.005,0.0,0.0,0.794,1,0.8660254037844386,0.5000000000000001,0.0,0.34635087847709656
GVM,LAA,2024-02-01,2024,2,3,1266.0,0.71,378,3510.0,1.98,431,1774,0.2131,0.243,12,1890,1,1890.0,0,4,3445.0,3578.0,7023.0,9.0,4.5,4.5,7,11.333333333333332,5.0,6.333333333333333,8545.0,6644.0,15189.0,0.0,0.0,28.0,0.0,0.0,7.996551722502229,0.19123563177926445,0.002614942518458969,0.0,21.263657430122638,38.63741283101597,7.7737787246018994,7.9770519219462,0.19123563177926445,0.002614942518458969,0.0,21.263657430122638,38.63741283101597,7.754278936605344,0,0.0,8.0,21.0,0.263,0,0.0,0.0,0.0,0.0,0.0,0.0,0.0,0.0,1.0,1,0.8660254037844386,0.5000000000000001,1.0,0.7037997245788574
UTVR,BNK,2024-02-01,2024,2,7,659.0,0.5,245,3135.0,2.38,299,1320,0.1856,0.2265,0,1321,1,1321.0,0,6,9450.0,9347.0,18797.0,7.333333333333333,3.6666666666666665,3.6666666666666665,5,11.833333333333332,5.5,6.333333333333333,2667.0,2479.09,5146.09,1.0,0.2,30.0,0.3396232718951086,0.05263157894736842,7.801976939470603,0.1790229899102244,0.001910919526955862,0.0,18.63424655966375,34.2796542658203,7.453988500367636,7.801976939470603,0.1790229899102244,0.001910919526955862,0.0,18.63424655966375,34.2796542658203,7.453988500367636,0,0.0,8.0,21.0,0.263,0,0.0,0.0,0.0,0.0,0.0,0.0,0.0,0.0,1.0,1,0.8660254037844386,0.5000000000000001,1.0,0.7485722303390503
NDB,BSMZ,2024-02-01,2024,2,1,2246.0,1.52,902,4594.0,3.12,944,1474,0.6119,0.6404,0,1779,1,1779.0,0,8,5761.0,5761.0,11522.0,19.0,9.5,9.5,4,5.0,2.5,2.5,3551.0,3553.0,7104.0,0.0,0.0,32.0,0.0,0.0,7.7657641796074035,0.1834770123013991,0.0010057471307187245,0.0,18.51564454184524,34.97172324513567,7.428838874759345,7.739764300742369,0.1834770123013991,0.0010057471307187245,0.0,18.51564454184524,34.97172324513567,7.402839062542751,0,0.0,8.0,21.0,0.263,1,0.0,0.0,0.0,0.00067842606,0.0,0.0,0.0,0.001,0.999,1,0.8660254037844386,0.5000000000000001,1.0,0.6679939031600952
GV,GVMW,2024-02-01,2024,2,1,1608.0,0.88,1002,4775.0,2.6,1057,1837,0.5455,0.5754,21,1913,1,1913.0,0,11,9990.0,7695.0,17685.0,19.53333333333333,8.333333333333334,11.2,4,3.0,1.5,1.5,3805.0,3805.0,7610.0,0.0,0.0,44.0,0.0,0.0,7.957551967534611,0.19123563177926445,0.002614942518458969,0.0,21.263657430122638,38.63741283101597,7.734778938964865,7.996551722502229,0.19123563177926445,0.002614942518458969,0.0,21.263657430122638,38.63741283101597,7.7737787246018994,0,0.0,8.0,21.0,0.263,1,0.0,0.0,0.0,0.0,0.0,0.0,0.0,0.0,1.0,1,0.8660254037844386,0.5000000000000001,1.0,0.6050286293029785
GVC,GD,2024-02-01,2024,2,28,402.0,0.24,152,4470.0,2.62,119,1706,0.0891,0.0698,69,1871,1,1871.0,0,5,0.0,9104.0,9104.0,9.6,0.0,9.6,14,32.5,18.0,14.5,14031.0,10490.0,24521.0,1.0,0.08333333333333333,70.0,0.5138983423697507,0.14285714285714285,7.951051902223978,0.19123563177926445,0.002614942518458969,0.0,21.263657430122638,38.63741283101597,7.72827891371716,8.001655445701774,0.17241379418463884,0.0025143677625676683,0.0,20.040493045045043,36.05689569519854,7.717244484301271,0,0.0,8.0,21.0,0.263,0,1.0,0.0,0.0,0.0,1.0,0.0,0.0,0.0,0.0,1,0.8660254037844386,0.5000000000000001,0.0,0.3629767596721649
GVC,VB,2024-02-01,2024,2,3,360.0,0.27,142,1680.0,1.24,56,1357,0.1046,0.0413,97,1356,1,1356.0,0,5,0.0,9104.0,9104.0,9.6,0.0,9.6,3,7.5,3.5,4.0,3815.0,1356.0,5171.0,0.0,0.0,15.0,0.0,0.0,7.951051902223978,0.19123563177926445,0.002614942518458969,0.0,21.263657430122638,38.63741283101597,7.72827891371716,7.983551987211338,0.19123563177926445,0.002614942518458969,0.0,21.263657430122638,38.63741283101597,7.760778961853049,0,0.0,8.0,21.0,0.263,0,0.0,0.0,0.0,0.0,0.0,0.0,0.0,0.0,1.0,1,0.8660254037844386,0.5000000000000001,0.0,0.20014643669128418
NML,EST,2024-02-01,2024,2,7,1434.0,0.88,512,5498.0,3.37,607,1632,0.3137,0.3719,0,1637,1,1637.0,0,4,3271.0,2812.0,6083.0,8.0,4.0,4.0,7,14.25,7.25,7.0,3361.0,3288.0,6649.0,1.0,0.2,28.0,0.6213349345596119,0.2,7.757212736370877,0.17327586378388363,0.0,0.0,17.2625296551777,33.63672327858278,7.4347988815828305,7.707065923075223,0.1817528748049818,0.00010057471307187245,0.0,17.506133634468604,33.852930068284614,7.399666480805682,0,0.0,8.0,21.0,0.263,1,0.03492647,0.0,0.0,0.0,0.035,0.0,0.0,0.0,0.965,1,0.8660254037844386,0.5000000000000001,1.0,0.6721593737602234
HRN,GERP,2024-02-01,2024,2,4,1089.0,0.86,327,2747.0,2.16,366,1269,0.2577,0.2884,0,1328,1,1328.0,0,4,2683.0,2465.0,5148.0,26.0,13.0,13.0,3,7.0,3.0,4.0,2683.0,1355.0,4038.0,0.0,0.0,12.0,0.0,0.0,7.169008574801786,0.17887931234663587,0.0037212643836592807,0.0002155172365621246,19.114416601842848,35.208102523595436,6.792643685450499,7.188508828010025,0.17887931234663587,0.0037212643836592807,0.0002155172365621246,19.114416601842848,35.208102523595436,6.812143828677035,0,0.0,8.0,21.0,0.263,1,0.06934594,0.0,0.0,0.00078802207,0.069,0.0,0.0,0.001,0.93,1,0.8660254037844386,0.5000000000000001,0.0,0.2978304624557495
HOR,HVSP,2024-02-01,2024,2,5,905.0,0.78,420,3494.0,3.03,472,1153,0.3643,0.4094,0,1216,1,1216.0,0,4,2434.0,2430.0,4864.0,14.0,7.0,7.0,7,15.916666666666668,9.25,6.666666666666667,3582.0,3501.0,7083.0,1.0,0.2,28.0,0.6213349345596119,0.2,7.729207087407189,0.1785919552818797,0.0015086207067829438,0.0,18.387631229970648,34.61275764922986,7.392425478532396,7.742206831524234,0.1785919552818797,0.0015086207067829438,0.0,18.387631229970648,34.61275764922986,7.405425264575015,0,0.0,8.0,21.0,0.263,1,0.0,0.0,0.0,0.0,0.0,0.0,0.0,0.0,1.0,1,0.8660254037844386,0.5000000000000001,1.0,0.6267337203025818
HLM,HLMS,2024-02-01,2024,2,1,1066.0,0.52,452,3724.0,1.82,392,2050,0.2205,0.1912,113,2315,1,2315.0,0,13,8655.83,9962.88,18618.71,19.142857142857142,8.0,11.142857142857142,4,8.0,4.0,4.0,4608.0,4527.0,9135.0,0.0,0.0,52.0,0.0,0.0,7.716640995365792,0.18936781722238694,0.0009051724283517092,0.0,21.793527588205432,39.285516127772716,7.490491575550759,7.768640864640474,0.18936781722238694,0.0009051724283517092,0.0,21.793527588205432,39.285516127772716,7.542491394212877,0,0.0,8.0,21.0,0.263,0,0.0,0.0,0.0,0.0,0.0,0.0,0.0,0.0,1.0,1,0.8660254037844386,0.5000000000000001,1.0,0.6047424674034119
DVNK,LEDN,2024-02-01,2024,2,3,825.0,0.49,343,3008.0,1.79,397,1685,0.2036,0.2356,21,1688,1,1688.0,0,4,3445.0,3445.0,6890.0,5.0,2.5,2.5,18,35.33333333333333,18.444444444444443,16.88888888888889,12235.0,12890.0,25125.0,0.0,0.0,72.0,0.0,0.0,7.915233029839422,0.18764367936200452,0.0005028735546545051,0.0,20.01459210939791,35.99534391740273,7.624572067425169,7.9042815178547094,0.19870689765004249,0.0007040229915031072,0.0,20.98250385228245,37.80413692915577,7.54472698391169,0,0.0,8.0,21.0,0.263,0,0.0,0.0,0.0,0.0,0.0,0.0,0.0,0.0,1.0,1,0.8660254037844386,0.5000000000000001,1.0,0.5507703423500061
HOR,UTO,2024-02-01,2024,2,9,1022.0,0.89,431,4028.0,3.52,494,1144,0.3767,0.4318,1,1214,1,1214.0,0,4,2434.0,2430.0,4864.0,14.0,7.0,7.0,8,18.266666666666666,8.6,9.666666666666666,7554.29,3763.0,11317.29,1.0,0.16666666666666666,32.0,0.7213475204444817,0.25,7.729207087407189,0.1785919552818797,0.0015086207067829438,0.0,18.387631229970648,34.61275764922986,7.392425478532396,7.805956917547289,0.17298850681547118,0.0006034482998409491,0.0,18.6974703446887,35.08086110052021,7.493097733834694,0,0.0,8.0,21.0,0.263,1,0.0,0.0,0.0,0.00087412586,0.0,0.0,0.0,0.001,0.999,1,0.8660254037844386,0.5000000000000001,1.0,0.6066712141036987
HM,HMBH,2024-02-01,2024,2,1,1164.0,1.28,408,2531.0,2.79,439,908,0.4493,0.4835,8,931,1,931.0,0,8,4702.0,4526.0,9228.0,12.0,6.0,6.0,3,5.5,4.5,1.0,1861.0,930.0,2791.0,1.0,0.2,24.0,0.9102392266268373,0.3333333333333333,7.797083423612104,0.1745689662879911,0.0,0.0,17.15544297332051,32.564481927060534,7.409798884700084,7.784083143387782,0.1745689662879911,0.0,0.0,17.15544297332051,32.564481927060534,7.396798654020517,0,0.0,8.0,21.0,0.263,1,0.0,0.0,0.0,0.0,0.0,0.0,0.0,0.0,1.0,1,0.8660254037844386,0.5000000000000001,0.0,0.45096978545188904
ES,HGL,2024-02-01,2024,2,8,201.0,0.19,99,2970.0,2.8,95,1060,0.0934,0.0896,29,1150,1,1150.0,0,2,0.0,1360.0,1360.0,6.0,0.0,6.0,7,15.416666666666668,7.75,7.666666666666667,2715.0,1545.0,4260.0,1.0,0.2,14.0,1.4426950408889634,0.5,7.238025778438896,0.17270115113164158,0.0010057471307187245,0.00010057471039565815,17.12830903920634,33.06206812598239,6.85189072017012,7.363425066828428,0.16982758669289708,0.00040229886299234695,0.0,17.323984890319835,32.940516327646954,6.958971096866432,0,0.0,8.0,21.0,0.263,0,1.0,0.0,0.0,0.0,1.0,0.0,0.0,0.0,0.0,1,0.8660254037844386,0.5000000000000001,0.0,0.20234371721744537
DVD,HVS,2024-02-01,2024,2,24,1351.0,1.8,482,3121.0,4.17,521,749,0.6435,0.6956,0,574,1,574.0,0,15,7929.0,7864.0,15793.0,20.482142857142858,11.625,8.857142857142858,18,29.45,15.7,13.75,9067.6,7842.8,16910.4,3.0,0.2,270.0,1.6190814188908376,0.4692982456140351,7.7242987892247905,0.185775863006711,0.0012068965782721837,0.0,19.652092345144556,34.550688718242206,7.351884994013556,7.73570715536995,0.1785919552818797,0.0015086207067829438,0.0,18.387631229970648,34.61275764922986,7.398925492133217,0,0.0,8.0,21.0,0.263,1,0.9986649,0.0,0.0,0.0013351135,0.999,0.0,0.0,0.001,0.0,1,0.8660254037844386,0.5000000000000001,1.0,0.7170054316520691
ASS,ASDL,2024-02-01,2024,2,3,2033.0,1.08,741,6027.0,3.2,780,1882,0.3937,0.4145,11,1741,1,1741.0,0,17,22050.0,17103.0,39153.0,34.84722222222222,21.22222222222222,13.625,4,15.0,7.5,7.5,3438.0,3437.0,6875.0,1.0,0.1,68.0,0.45511961331341866,0.1111111111111111,7.710684075309285,0.2002873577969684,0.001609195398445102,0.0,18.6796912191243,33.6486197381184,7.3061582103542895,7.790563387592891,0.18448275994595098,0.0008045976938701224,0.0,19.06484791328167,35.49982660460746,7.483954205252658,0,0.0,8.0,21.0,0.263,1,0.0,0.0,0.0,0.0,0.0,0.0,0.0,0.0,1.0,1,0.8660254037844386,0.5000000000000001,1.0,0.54109126329422
OVN,HLM,2024-02-01,2024,2,2,1093.0,1.2,779,1428.0,1.57,783,911,0.8551,0.8595,1,1117,1,1117.0,0,3,2270.0,1117.0,3387.0,6.0,4.0,2.0,13,19.142857142857142,8.0,11.142857142857142,8655.83,9962.88,18618.71,0.0,0.0,39.0,0.0,0.0,7.710140770172765,0.18936781722238694,0.0009051724283517092,0.0,21.793527588205432,39.285516127772716,7.483991341686797,7.716640995365792,0.18936781722238694,0.0009051724283517092,0.0,21.793527588205432,39.285516127772716,7.490491575550759,0,0.0,8.0,21.0,0.263,1,0.0,0.0,0.0,0.0,0.0,0.0,0.0,0.0,1.0,1,0.8660254037844386,0.5000000000000001,0.0,0.49543076753616333
ES,ESK,2024-02-01,2024,2,4,96.0,0.47,24,210.0,1.03,7,204,0.1176,0.0343,1,210,1,210.0,0,2,0.0,1360.0,1360.0,6.0,0.0,6.0,3,8.0,4.0,4.0,395.0,210.0,605.0,1.0,0.3333333333333333,6.0,0.7213475204444817,0.25,7.238025778438896,0.17270115113164158,0.0010057471307187245,0.00010057471039565815,17.12830903920634,33.06206812598239,6.85189072017012,7.304925464540613,0.16982758669289708,0.00040229886299234695,0.0,17.323984890319835,32.940516327646954,6.900471444702012,0,0.0,8.0,21.0,0.263,0,0.073529415,0.0,0.0,0.0,0.074,0.0,0.0,0.0,0.926,1,0.8660254037844386,0.5000000000000001,0.0,0.18886801600456238
AMFS,AVAT,2024-02-01,2024,2,3,667.0,0.65,216,1155.0,1.12,228,1034,0.2089,0.2205,28,1103,1,1103.0,0,4,3810.0,4092.0,7902.0,6.0,3.0,3.0,4,8.0,4.0,4.0,2225.0,3037.0,5262.0,0.0,0.0,16.0,0.0,0.0,7.670980135449904,0.19195402402901787,0.007744252649617606,0.0,18.23156771029549,32.86034394680769,7.217028937634381,7.683979881713274,0.19195402402901787,0.007744252649617606,0.0,18.23156771029549,32.86034394680769,7.230028732583441,0,0.0,8.0,21.0,0.263,0,0.0,0.0,0.0,0.0,0.0,0.0,0.0,0.0,1.0,1,0.8660254037844386,0.5000000000000001,1.0,0.5969507694244385
BZL,KRG,2024-02-01,2024,2,6,543.0,0.47,180,6997.0,6.12,365,1144,0.1573,0.3191,0,1172,1,1172.0,0,4,2322.0,2324.0,4646.0,11.0,5.5,5.5,6,21.0,8.0,13.0,2322.33,2323.88,4646.21,1.0,0.2,24.0,0.6213349345596119,0.2,8.214120902549261,0.1714080465614967,0.0002011494261437449,0.0,22.437986214955647,39.28861959912311,7.918431241964472,8.227120626931903,0.1714080465614967,0.0002011494261437449,0.0,22.437986214955647,39.28861959912311,7.931430994436659,0,0.0,8.0,21.0,0.263,1,0.7237762,0.0,0.0,0.00087412586,0.724,0.0,0.0,0.001,0.275,1,0.8660254037844386,0.5000000000000001,1.0,0.722165584564209
BKG,BKF,2024-02-01,2024,2,1,647.0,0.58,126,4874.0,4.33,312,1125,0.112,0.2773,70,1402,1,1402.0,0,4,2846.0,2846.0,5692.0,5.0,2.5,2.5,3,3.0,2.0,1.0,2846.0,1444.0,4290.0,0.0,0.0,12.0,0.0,0.0,7.506468605464217,0.16939655310292354,0.0010057471200138673,0.0,23.077251460531663,40.18086097158235,7.319686976314961,7.512968369684685,0.16939655310292354,0.0010057471200138673,0.0,23.077251460531663,40.18086097158235,7.326186798427297,0,0.0,8.0,21.0,0.263,1,0.94133335,0.0,0.0,0.0,0.941,0.0,0.0,0.0,0.059,1,0.8660254037844386,0.5000000000000001,0.0,0.30180779099464417
HWD,SGN,2024-02-01,2024,2,14,1305.0,1.15,245,5168.0,4.57,346,1130,0.2168,0.3062,2,1195,1,1195.0,0,6,4459.0,4464.0,8923.0,17.333333333333332,8.666666666666666,8.666666666666666,4,23.0,11.5,11.5,2448.0,2444.0,4892.0,0.0,0.0,24.0,0.0,0.0,7.646626690996746,0.18548850695891628,0.00241379307090551,0.0,19.299286642636375,34.390861211151915,7.289514556184582,7.623244441178596,0.1768678167470913,0.0018103448567034185,0.0,18.849927224475763,33.7991370325801,7.196735828087248,0,0.0,8.0,21.0,0.263,1,0.99292034,0.0,0.0,0.0,0.993,0.0,0.0,0.0,0.007,1,0.8660254037844386,0.5000000000000001,1.0,0.7773929834365845
ASS,PMR,2024-02-01,2024,2,20,10.0,0.5,10,70.0,3.5,11,20,0.5,0.55,0,30,1,30.0,0,17,22050.0,17103.0,39153.0,34.84722222222222,21.22222222222222,13.625,8,20.5,10.25,10.25,2102.0,2102.0,4204.0,1.0,0.08333333333333333,136.0,0.5581106265512472,0.16666666666666666,7.710684075309285,0.2002873577969684,0.001609195398445102,0.0,18.6796912191243,33.6486197381184,7.3061582103542895,7.690919458919644,0.18160919625654645,0.00442528728952353,2.8735631541616615e-05,21.740005351431755,36.89275757882787,7.39386490689612,0,0.0,8.0,21.0,0.263,1,1.0,0.0,0.0,0.0,1.0,0.0,0.0,0.0,0.0,1,0.8660254037844386,0.5000000000000001,1.0,0.5971546769142151
ASS,HWZB,2024-02-01,2024,2,7,1748.0,0.86,666,4536.0,2.24,737,2028,0.3284,0.3634,1,2293,1,2293.0,0,17,22050.0,17103.0,39153.0,34.84722222222222,21.22222222222222,13.625,4,14.0,7.0,7.0,4608.0,4614.0,9222.0,0.0,0.0,68.0,0.0,0.0,7.710684075309285,0.2002873577969684,0.001609195398445102,0.0,18.6796912191243,33.6486197381184,7.3061582103542895,7.768640864640474,0.18936781722238694,0.0009051724283517092,0.0,21.793527588205432,39.285516127772716,7.542491394212877,0,0.0,8.0,21.0,0.263,1,0.00049309665,0.0,0.0,0.0,0.0,0.0,0.0,0.0,1.0,1,0.8660254037844386,0.5000000000000001,1.0,0.6470261812210083
DVD,RAI,2024-02-01,2024,2,3,1465.0,0.87,526,4128.0,2.45,585,1687,0.3118,0.3468,0,1794,1,1794.0,0,15,7929.0,7864.0,15793.0,20.482142857142858,11.625,8.857142857142858,8,18.0,9.0,9.0,3571.3,3148.8,6720.1,3.0,0.3333333333333333,120.0,1.4094374998787453,0.35757575757575755,7.7242987892247905,0.185775863006711,0.0012068965782721837,0.0,19.652092345144556,34.550688718242206,7.351884994013556,7.777563111952923,0.18448275994595098,0.0008045976938701224,0.0,19.06484791328167,35.49982660460746,7.470953970119871,0,0.0,8.0,21.0,0.263,1,0.112625964,0.0,0.0,0.0,0.113,0.0,0.0,0.0,0.887,1,0.8660254037844386,0.5000000000000001,1.0,0.6946301460266113
ASS,HLM,2024-02-01,2024,2,15,2813.0,1.35,1391,11426.0,5.49,1582,2082,0.6681,0.7598,1,2068,1,2068.0,0,17,22050.0,17103.0,39153.0,34.84722222222222,21.22222222222222,13.625,13,19.142857142857142,8.0,11.142857142857142,8655.83,9962.88,18618.71,1.0,0.06666666666666667,221.0,0.45511961331341866,0.1111111111111111,7.710684075309285,0.2002873577969684,0.001609195398445102,0.0,18.6796912191243,33.6486197381184,7.3061582103542895,7.716640995365792,0.18936781722238694,0.0009051724283517092,0.0,21.793527588205432,39.285516127772716,7.490491575550759,0,0.0,8.0,21.0,0.263,1,0.9990394,0.0,0.0,0.0,0.999,0.0,0.0,0.0,0.001,1,0.8660254037844386,0.5000000000000001,1.0,0.7009686231613159
VL,BR,2024-02-01,2024,2,2,1584.0,1.45,345,5910.0,5.41,186,1092,0.3159,0.1703,30,1192,1,1192.0,0,1,0.0,1192.0,1192.0,2.0,0.0,2.0,3,16.0,6.0,10.0,2735.0,1192.0,3927.0,0.0,0.0,3.0,0.0,0.0,7.877425346844669,0.15215517342861357,0.00030172414992047454,0.0,16.97270739489588,32.34155085717124,7.5217500674998625,7.890425084180188,0.15215517342861357,0.00030172414992047454,0.0,16.97270739489588,32.34155085717124,7.534749849431816,0,0.0,8.0,21.0,0.263,0,1.0,0.0,0.0,0.0,1.0,0.0,0.0,0.0,0.0,1,0.8660254037844386,0.5000000000000001,0.0,0.19026638567447662
WC,NMD,2024-02-01,2024,2,4,3790.0,2.27,1204,8692.0,5.2,1093,1672,0.7201,0.6537,13,1761,1,1761.0,0,4,2294.0,2912.0,5206.0,11.0,5.5,5.5,4,6.0,3.0,3.0,3531.0,2912.0,6443.0,0.0,0.0,16.0,0.0,0.0,7.754275791140958,0.17729885182503996,0.0005028735546545051,0.0,17.99581133805472,33.45930944777083,7.414836211451169,7.747776108488826,0.17729885182503996,0.0005028735546545051,0.0,17.99581133805472,33.45930944777083,7.4083364232518205,0,0.0,8.0,21.0,0.263,1,0.0,0.0,0.0,0.0017942584,0.0,0.0,0.0,0.002,0.998,1,0.8660254037844386,0.5000000000000001,0.0,0.4924487769603729
GW,AKM,2024-02-01,2024,2,5,408.0,0.45,114,2023.0,2.22,158,913,0.1249,0.1731,0,997,1,997.0,0,3,1921.0,997.0,2918.0,14.0,9.0,5.0,5,19.333333333333336,11.333333333333334,8.0,1922.5,1922.0,3844.5,1.0,0.25,15.0,0.9102392266268373,0.3333333333333333,7.222491371616636,0.18089080459556017,0.006135057508089076,0.00015804597347889138,19.502954988644042,34.17103360713213,6.843396528185099,7.292428122854781,0.18994252998167757,0.006336206795069678,0.0001724137892496997,20.20754164320299,34.93861973080142,6.909094863581932,0,0.0,8.0,21.0,0.263,0,0.07338445,0.0,0.0,0.0,0.073,0.0,0.0,0.0,0.927,1,0.8660254037844386,0.5000000000000001,0.0,0.36433225870132446
TWL,DV,2024-02-01,2024,2,5,460.0,0.58,130,1146.0,1.44,148,796,0.1633,0.1859,2,904,1,904.0,0,4,1837.0,1819.0,3656.0,12.0,6.0,6.0,12,29.666666666666668,14.833333333333334,14.833333333333334,6499.0,6818.0,13317.0,0.0,0.0,48.0,0.0,0.0,7.583410889086924,0.16982758706756707,0.0009051724069419948,0.0,17.909002355246365,33.56586113280949,7.212362061286795,7.544411114871973,0.16982758706756707,0.0009051724069419948,0.0,17.909002355246365,33.56586113280949,7.173362237283553,0,0.0,8.0,21.0,0.263,0,0.0012562814,0.0,0.0,0.0,0.001,0.0,0.0,0.0,0.999,1,0.8660254037844386,0.5000000000000001,0.0,0.44523829221725464
OST,WH,2024-02-01,2024,2,7,1834.0,2.34,630,5429.0,6.92,698,784,0.8036,0.8903,4,1208,1,1208.0,0,4,2412.0,2412.0,4824.0,17.0,8.5,8.5,3,17.5,10.5,7.0,2412.0,1204.0,3616.0,0.0,0.0,12.0,0.0,0.0,7.501333517244556,0.18060344909371315,0.00030172413921561735,0.0,17.75104136550906,32.77241292801396,7.052554800421342,7.469683910040292,0.17586206966989684,0.0012068965461576122,0.00015804597347889138,17.99866174692395,32.62293016225442,7.014080470320822,0,0.0,8.0,21.0,0.263,1,1.0,0.0,0.0,0.0,1.0,0.0,0.0,0.0,0.0,1,0.8660254037844386,0.5000000000000001,0.0,0.44244489073753357
TWL,APDO,2024-02-01,2024,2,7,355.0,0.44,137,983.0,1.22,153,808,0.1696,0.1894,0,915,1,915.0,0,4,1837.0,1819.0,3656.0,12.0,6.0,6.0,3,12.0,5.0,7.0,1837.0,922.0,2759.0,0.0,0.0,12.0,0.0,0.0,7.583410889086924,0.16982758706756707,0.0009051724069419948,0.0,17.909002355246365,33.56586113280949,7.212362061286795,7.582361944544332,0.18390804660859808,0.0007040229915031072,0.0,18.883574446213657,33.768619753505995,7.152620613061148,0,0.0,8.0,21.0,0.263,0,0.0,0.0,0.0,0.0,0.0,0.0,0.0,0.0,1.0,1,0.8660254037844386,0.5000000000000001,0.0,0.24930833280086517
RTD,GV,2024-02-01,2024,2,22,9.0,0.6,4,150.0,10.0,5,15,0.2667,0.3333,0,16,1,16.0,0,15,11829.0,16484.0,28313.0,54.7,27.2,27.5,11,19.53333333333333,8.333333333333334,11.2,9990.0,7695.0,17685.0,1.0,0.0625,165.0,0.6213349345596119,0.2,8.009741300353031,0.1737068971704649,0.0024137930280860812,0.0,19.48743032107408,35.72896461925287,7.679281567019978,7.957551967534611,0.19123563177926445,0.002614942518458969,0.0,21.263657430122638,38.63741283101597,7.734778938964865,0,0.0,8.0,21.0,0.263,1,1.0,0.0,0.0,0.0,1.0,0.0,0.0,0.0,0.0,1,0.8660254037844386,0.5000000000000001,0.0,0.48389074206352234
HVS,AMF,2024-02-01,2024,2,16,1796.0,1.3,525,4785.0,3.46,526,1384,0.3793,0.3801,77,1327,1,1327.0,0,18,9067.6,7842.8,16910.4,29.45,15.7,13.75,16,48.0,25.75,22.25,11060.8,10727.0,21787.8,2.0,0.11764705882352941,288.0,1.249862498521946,0.38596491228070173,7.73570715536995,0.1785919552818797,0.0015086207067829438,0.0,18.387631229970648,34.61275764922986,7.398925492133217,7.71931898788731,0.18132184042284885,0.004827586088286734,0.0,18.541795207508677,34.77206808020328,7.339074735840161,0,0.0,8.0,21.0,0.263,1,1.0,0.0,0.0,0.0,1.0,0.0,0.0,0.0,0.0,1,0.8660254037844386,0.5000000000000001,1.0,0.6881256103515625
HVS,ASDZ,2024-02-01,2024,2,28,8.0,0.22,6,139.0,3.76,18,37,0.1622,0.4865,1,72,1,72.0,0,18,9067.6,7842.8,16910.4,29.45,15.7,13.75,12,26.333333333333332,13.166666666666666,13.166666666666666,9561.0,9756.0,19317.0,2.0,0.14285714285714285,216.0,1.2022458674074694,0.375,7.73570715536995,0.1785919552818797,0.0015086207067829438,0.0,18.387631229970648,34.61275764922986,7.398925492133217,7.784063169347315,0.18448275994595098,0.0008045976938701224,0.0,19.06484791328167,35.49982660460746,7.477453973101474,0,0.0,8.0,21.0,0.263,1,1.0,0.0,0.0,0.0,1.0,0.0,0.0,0.0,0.0,1,0.8660254037844386,0.5000000000000001,1.0,0.6789908409118652
RTD,RTA,2024-02-01,2024,2,10,1048.0,0.61,369,5820.0,3.38,159,1723,0.2142,0.0923,106,2000,1,2000.0,0,15,11829.0,16484.0,28313.0,54.7,27.2,27.5,7,14.166666666666668,7.5,6.666666666666667,6467.0,4421.0,10888.0,1.0,0.07692307692307693,105.0,1.4426950408889634,0.5,8.009741300353031,0.1737068971704649,0.0024137930280860812,0.0,19.48743032107408,35.72896461925287,7.679281567019978,8.008155118117386,0.17241379418463884,0.0025143677625676683,0.0,20.040493045045043,36.05689569519854,7.723744238587631,0,0.0,8.0,21.0,0.263,0,1.0,0.0,0.0,0.0,1.0,0.0,0.0,0.0,0.0,1,0.8660254037844386,0.5000000000000001,0.0,0.4298383891582489
RTD,RTB,2024-02-01,2024,2,1,2927.0,0.7,824,20152.0,4.81,1573,4188,0.1968,0.3756,380,4533,1,4533.0,0,15,11829.0,16484.0,28313.0,54.7,27.2,27.5,7,14.416666666666668,6.75,7.666666666666667,8703.0,7082.0,15785.0,1.0,0.07692307692307693,105.0,0.5138983423697507,0.14285714285714285,8.009741300353031,0.1737068971704649,0.0024137930280860812,0.0,19.48743032107408,35.72896461925287,7.679281567019978,7.977241608346331,0.1737068971704649,0.0024137930280860812,0.0,19.48743032107408,35.72896461925287,7.646781773402773,0,0.0,8.0,21.0,0.263,1,0.55157596,0.0,0.0,0.0069245463,0.552,0.0,0.0,0.007,0.441,1,0.8660254037844386,0.5000000000000001,1.0,0.5119302868843079
BTL,OT,2024-02-01,2024,2,9,1008.0,1.07,362,2620.0,2.79,398,939,0.3855,0.4239,22,953,1,953.0,0,6,3778.0,3778.0,7556.0,18.0,9.0,9.0,4,17.0,8.5,8.5,1903.0,1903.0,3806.0,0.0,0.0,24.0,0.0,0.0,7.9244971108440865,0.19037356453508825,0.0,0.0,17.928046291244442,33.97241290821426,7.523419544614595,7.934735552097361,0.19324712689709048,0.00010057471307187245,0.0,18.4745513745423,33.693102528309,7.505928145400409,0,0.0,8.0,21.0,0.263,1,0.0,0.0,0.0,0.0010649627,0.0,0.0,0.0,0.001,0.999,1,0.8660254037844386,0.5000000000000001,1.0,0.7031291127204895
OBD,HWD,2024-02-01,2024,2,6,465.0,0.49,197,2629.0,2.76,240,952,0.2069,0.2521,0,1006,1,1006.0,0,4,2020.0,1041.25,3061.25,17.0,8.5,8.5,6,17.333333333333332,8.666666666666666,8.666666666666666,4459.0,4464.0,8923.0,0.0,0.0,24.0,0.0,0.0,7.640126632250867,0.18548850695891628,0.00241379307090551,2.8735631541616615e-05,19.299286642636375,34.390861211151915,7.283014565877531,7.646626690996746,0.18548850695891628,0.00241379307090551,0.0,19.299286642636375,34.390861211151915,7.289514556184582,0,0.0,8.0,21.0,0.263,0,0.0,0.0,0.0,0.0,0.0,0.0,0.0,0.0,1.0,1,0.8660254037844386,0.5000000000000001,0.0,0.480615496635437
RH,DR,2024-02-01,2024,2,6,209.0,0.22,71,1175.0,1.24,96,945,0.0751,0.1016,0,1000,1,1000.0,0,4,1993.0,1993.0,3986.0,10.0,5.0,5.0,8,20.5,10.25,10.25,4323.0,4292.0,8615.0,0.0,0.0,32.0,0.0,0.0,7.5557559750032155,0.18649425359721156,0.00030172413921561735,0.0,17.784117736693087,33.42206806972109,7.2222789070386995,7.546654978287995,0.1775862075945084,0.00010057471307187245,0.0,18.05234090589929,32.44344738434101,7.222588888187518,0,0.0,8.0,21.0,0.263,0,0.06031746,0.0,0.0,0.0,0.06,0.0,0.0,0.0,0.94,1,0.8660254037844386,0.5000000000000001,1.0,0.590025782585144
CAS,HLM,2024-02-01,2024,2,23,21.0,0.57,4,21.0,0.57,4,37,0.1081,0.1081,0,65,6,10.83,0,10,5820.0,5396.83,11216.83,25.2,12.6,12.6,13,19.142857142857142,8.0,11.142857142857142,8655.83,9962.88,18618.71,0.0,0.0,130.0,0.0,0.0,7.658261490134715,0.1981321859077133,0.001106321843790597,0.0,22.700928221317543,39.04137821375639,7.3362068867888945,7.716640995365792,0.18936781722238694,0.0009051724283517092,0.0,21.793527588205432,39.285516127772716,7.490491575550759,0,0.0,8.0,21.0,0.263,0,1.0,0.0,0.0,0.0,1.0,0.0,0.0,0.0,0.0,1,0.8660254037844386,0.5000000000000001,1.0,0.7679412961006165
RH,VP,2024-02-01,2024,2,4,358.0,0.38,118,1266.0,1.35,138,940,0.1255,0.1468,0,993,1,993.0,0,4,1993.0,1993.0,3986.0,10.0,5.0,5.0,4,7.0,3.5,3.5,1993.0,1993.0,3986.0,0.0,0.0,16.0,0.0,0.0,7.5557559750032155,0.18649425359721156,0.00030172413921561735,0.0,17.784117736693087,33.42206806972109,7.2222789070386995,7.586801570866942,0.19137931162298755,0.0004022988522874898,0.0,17.842594130970966,33.56327501384691,7.267979727394279,0,0.0,8.0,21.0,0.263,0,0.05531915,0.0,0.0,0.0,0.055,0.0,0.0,0.0,0.945,1,0.8660254037844386,0.5000000000000001,0.0,0.4441896677017212
DTCP,SDM,2024-02-01,2024,2,9,2063.0,1.12,1033,5160.0,2.81,1104,1839,0.5617,0.6003,2,1913,1,1913.0,0,4,3805.0,3805.0,7610.0,10.0,5.0,5.0,6,15.333333333333334,7.666666666666667,7.666666666666667,8894.0,8636.0,17530.0,1.0,0.25,24.0,0.6213349345596119,0.2,7.995692809358582,0.18074712726747852,0.0026149424649346835,0.0,19.357214413840197,35.20396464309473,7.650218601884513,7.983741279563,0.1737068971704649,0.0024137930280860812,0.0,19.48743032107408,35.72896461925287,7.653281549612681,0,0.0,8.0,21.0,0.263,1,0.0,0.0,0.0,0.0010875476,0.0,0.0,0.0,0.001,0.999,1,0.8660254037844386,0.5000000000000001,1.0,0.6661741733551025
ZWD,DDR,2024-02-01,2024,2,2,41.0,0.71,22,153.0,2.64,23,58,0.3793,0.3966,4,60,1,60.0,0,4,3843.0,1978.0,5821.0,9.0,4.5,4.5,13,35.35714285714286,17.857142857142858,17.5,2610.0,7363.0,9973.0,0.0,0.0,52.0,0.0,0.0,8.02298851002907,0.17198275992025933,0.00010057471307187245,0.0,19.675502311909337,35.071033541155956,7.657543102557632,8.03671291367761,0.17787356423107029,0.00010057471307187245,0.0,19.651632561423312,35.57172318573656,7.648638158694081,0,0.0,8.0,21.0,0.263,1,0.01724138,0.0,0.0,0.0,0.017,0.0,0.0,0.0,0.983,1,0.8660254037844386,0.5000000000000001,1.0,0.6682007312774658
ASB,ASD,2024-02-01,2024,2,10,131.0,2.62,35,276.0,5.52,39,50,0.7,0.78,9,64,1,64.0,0,21,8163.6,7446.7,15610.3,23.072727272727274,11.272727272727273,11.8,17,37.77142857142857,18.571428571428573,19.2,11149.0,20098.0,31247.0,4.0,0.2222222222222222,357.0,2.137425340212621,0.6137426900584795,7.711299040285207,0.185775863006711,0.0012068965782721837,0.0,19.652092345144556,34.550688718242206,7.33888520249005,7.7041838592582055,0.2002873577969684,0.001609195398445102,0.0,18.6796912191243,33.6486197381184,7.299657985054213,0,0.0,8.0,21.0,0.263,1,1.0,0.0,0.0,0.0,1.0,0.0,0.0,0.0,0.0,1,0.8660254037844386,0.5000000000000001,1.0,0.6735462546348572
ASB,SHL,2024-02-01,2024,2,17,58.0,1.66,11,240.0,6.86,8,35,0.3143,0.2286,9,17,1,17.0,0,21,8163.6,7446.7,15610.3,23.072727272727274,11.272727272727273,11.8,17,44.65277777777778,22.77777777777778,21.875,15111.880000000001,12163.5,27275.38,2.0,0.1111111111111111,357.0,0.9751430179754935,0.25757575757575757,7.711299040285207,0.185775863006711,0.0012068965782721837,0.0,19.652092345144556,34.550688718242206,7.33888520249005,7.797063449140767,0.18448275994595098,0.0008045976938701224,0.0,19.06484791328167,35.49982660460746,7.490454212002371,0,0.0,8.0,21.0,0.263,0,1.0,0.0,0.0,0.0,1.0,0.0,0.0,0.0,0.0,1,0.8660254037844386,0.5000000000000001,1.0,0.6787254214286804
CAS,AMR,2024-02-01,2024,2,12,92.0,2.42,29,92.0,2.42,29,38,0.7632,0.7632,0,42,1,42.0,0,10,5820.0,5396.83,11216.83,25.2,12.6,12.6,6,12.0,6.0,6.0,4399.0,5158.0,9557.0,1.0,0.14285714285714285,60.0,1.4426950408889634,0.5,7.658261490134715,0.1981321859077133,0.001106321843790597,0.0,22.700928221317543,39.04137821375639,7.3362068867888945,7.61221575830667,0.19137931182637982,0.0012068965461576122,0.0,23.192754746511064,39.81465411802818,7.309342159793295,0,0.0,8.0,21.0,0.263,1,1.0,0.0,0.0,0.0,1.0,0.0,0.0,0.0,0.0,1,0.8660254037844386,0.5000000000000001,1.0,0.5930135250091553
ASB,ASHD,2024-02-01,2024,2,1,1251.0,0.89,433,8095.0,5.73,642,1412,0.3067,0.4547,12,1525,1,1525.0,0,21,8163.6,7446.7,15610.3,23.072727272727274,11.272727272727273,11.8,4,5.0,2.5,2.5,3009.0,3009.0,6018.0,0.0,0.0,84.0,0.0,0.0,7.711299040285207,0.185775863006711,0.0012068965782721837,0.0,19.652092345144556,34.550688718242206,7.33888520249005,7.779997326112513,0.1859195409021501,0.000905172417646852,0.0,19.397305628691598,33.96051637400156,7.41505480189433,0,0.0,8.0,21.0,0.263,1,0.0,0.0,0.0,0.0028328612,0.0,0.0,0.0,0.003,0.997,1,0.8660254037844386,0.5000000000000001,1.0,0.6004379987716675
CAS,ZD,2024-02-01,2024,2,17,1180.0,0.75,640,6908.0,4.42,782,1563,0.4095,0.5003,0,1708,1,1708.0,0,10,5820.0,5396.83,11216.83,25.2,12.6,12.6,12,22.333333333333332,11.166666666666666,11.166666666666666,8412.09,7973.03,16385.12,0.0,0.0,120.0,0.0,0.0,7.658261490134715,0.1981321859077133,0.001106321843790597,0.0,22.700928221317543,39.04137821375639,7.3362068867888945,7.769184184870843,0.2002873577969684,0.001609195398445102,0.0,18.6796912191243,33.6486197381184,7.364658257056927,0,0.0,8.0,21.0,0.263,1,1.0,0.0,0.0,0.0,1.0,0.0,0.0,0.0,0.0,1,0.8660254037844386,0.5000000000000001,1.0,0.7576794624328613
ASB,ASA,2024-02-01,2024,2,4,298.0,2.11,75,1001.0,7.1,92,141,0.5319,0.6525,13,150,1,150.0,0,21,8163.6,7446.7,15610.3,23.072727272727274,11.272727272727273,11.8,10,18.8,9.4,9.4,9207.0,9107.0,18314.0,4.0,0.3333333333333333,210.0,1.9589015307268245,0.5185406698564593,7.711299040285207,0.185775863006711,0.0012068965782721837,0.0,19.652092345144556,34.550688718242206,7.33888520249005,7.763299092404202,0.185775863006711,0.0012068965782721837,0.0,19.652092345144556,34.550688718242206,7.390885255117526,0,0.0,8.0,21.0,0.263,1,1.0,0.0,0.0,0.0,1.0,0.0,0.0,0.0,0.0,1,0.8660254037844386,0.5000000000000001,1.0,0.7016401290893555
ASB,RAI,2024-02-01,2024,2,5,311.0,0.7,139,1534.0,3.45,188,445,0.3124,0.4225,5,10,4,2.5,0,21,8163.6,7446.7,15610.3,23.072727272727274,11.272727272727273,11.8,8,18.0,9.0,9.0,3571.3,3148.8,6720.1,2.0,0.15384615384615385,168.0,1.039008973514235,0.29166666666666663,7.711299040285207,0.185775863006711,0.0012068965782721837,0.0,19.652092345144556,34.550688718242206,7.33888520249005,7.777563111952923,0.18448275994595098,0.0008045976938701224,0.0,19.06484791328167,35.49982660460746,7.470953970119871,0,0.0,8.0,21.0,0.263,1,1.0,0.0,0.0,0.0,1.0,0.0,0.0,0.0,0.0,1,0.8660254037844386,0.5000000000000001,1.0,0.604588508605957
ASB,DVD,2024-02-01,2024,2,2,924.0,0.62,225,8084.0,5.46,453,1481,0.1519,0.3059,47,1553,1,1553.0,0,21,8163.6,7446.7,15610.3,23.072727272727274,11.272727272727273,11.8,15,20.482142857142858,11.625,8.857142857142858,7929.0,7864.0,15793.0,4.0,0.26666666666666666,315.0,2.240416353450449,0.6692982456140351,7.711299040285207,0.185775863006711,0.0012068965782721837,0.0,19.652092345144556,34.550688718242206,7.33888520249005,7.7242987892247905,0.185775863006711,0.0012068965782721837,0.0,19.652092345144556,34.550688718242206,7.351884994013556,0,0.0,8.0,21.0,0.263,1,0.0013504389,0.0,0.0,0.0,0.001,0.0,0.0,0.0,0.999,1,0.8660254037844386,0.5000000000000001,1.0,0.6964958906173706
HRT,DN,2024-02-01,2024,2,18,2206.0,2.02,692,7714.0,7.06,805,1092,0.6337,0.7372,1,1234,1,1234.0,0,4,2851.0,2777.0,5628.0,28.0,14.0,14.0,5,25.166666666666664,13.5,11.666666666666666,2864.0,3801.0,6665.0,0.0,0.0,20.0,0.0,0.0,7.791882172558757,0.1645114952163107,0.00010057471307187245,0.0,16.82326145504398,32.67206805601887,7.404094831183039,7.792451168656692,0.1692528753252379,0.0,0.0,16.800293006045724,32.86861980303951,7.407106342158098,0,0.0,8.0,21.0,0.263,1,1.0,0.0,0.0,0.0,1.0,0.0,0.0,0.0,0.0,1,0.8660254037844386,0.5000000000000001,1.0,0.5512924194335938
ED,DB,2024-02-01,2024,2,29,713.0,0.91,330,3657.0,4.69,401,780,0.4231,0.5141,5,928,1,928.0,0,10,4492.6,4893.0,9385.6,41.2,20.6,20.6,10,30.0,15.0,15.0,4727.0,4890.0,9617.0,2.0,0.25,100.0,1.249862498521946,0.38596491228070173,7.579999914050274,0.1820402305423357,0.0014080459937110715,0.0,17.743596754368696,33.28655083768669,7.163908029767288,7.763640571663949,0.18074712731029796,0.0016091954519693878,0.0,18.6350294649601,35.09120587781928,7.469172229712036,0,0.0,8.0,21.0,0.263,1,1.0,0.0,0.0,0.0,1.0,0.0,0.0,0.0,0.0,1,0.8660254037844386,0.5000000000000001,1.0,0.5227037072181702
RVS,WC,2024-02-01,2024,2,7,1360.0,1.26,414,6313.0,5.85,530,1080,0.3833,0.4907,2,1143,1,1143.0,0,4,2294.0,2294.0,4588.0,15.0,7.5,7.5,4,11.0,5.5,5.5,2294.0,2912.0,5206.0,0.0,0.0,16.0,0.0,0.0,7.847445190563027,0.18333333454512316,0.0,0.0,18.586057848971464,33.99465421835581,7.492631988621306,7.754275791140958,0.17729885182503996,0.0005028735546545051,0.0,17.99581133805472,33.45930944777083,7.414836211451169,0,0.0,8.0,21.0,0.263,1,0.0,0.0,0.0,0.0018518518,0.0,0.0,0.0,0.002,0.998,1,0.8660254037844386,0.5000000000000001,1.0,0.6379605531692505
BN,HGL,2024-02-01,2024,2,5,82.0,0.48,24,409.0,2.41,32,170,0.1412,0.1882,0,181,1,181.0,0,4,387.0,387.0,774.0,12.0,6.0,6.0,7,15.416666666666668,7.75,7.666666666666667,2715.0,1545.0,4260.0,0.0,0.0,28.0,0.0,0.0,7.363425066828428,0.16982758669289708,0.00040229886299234695,0.0,17.323984890319835,32.940516327646954,6.958971096866432,7.363425066828428,0.16982758669289708,0.00040229886299234695,0.0,17.323984890319835,32.940516327646954,6.958971096866432,0,0.0,8.0,21.0,0.263,0,0.005882353,0.0,0.0,0.0,0.006,0.0,0.0,0.0,0.994,1,0.8660254037844386,0.5000000000000001,0.0,0.24125966429710388
HRT,BR,2024-02-01,2024,2,10,2526.0,1.77,491,9140.0,6.42,674,1424,0.3448,0.4733,1,1543,1,1543.0,0,4,2851.0,2777.0,5628.0,28.0,14.0,14.0,3,16.0,6.0,10.0,2735.0,1192.0,3927.0,0.0,0.0,12.0,0.0,0.0,7.791882172558757,0.1645114952163107,0.00010057471307187245,0.0,16.82326145504398,32.67206805601887,7.404094831183039,7.890425084180188,0.15215517342861357,0.00030172414992047454,0.0,16.97270739489588,32.34155085717124,7.534749849431816,0,0.0,8.0,21.0,0.263,1,1.0,0.0,0.0,0.0,1.0,0.0,0.0,0.0,0.0,1,0.8660254037844386,0.5000000000000001,0.0,0.30764299631118774
RSD,ETN,2024-02-01,2024,2,13,601.0,0.54,272,4200.0,3.78,137,1112,0.2446,0.1232,46,1195,1,1195.0,0,8,2324.0,4805.0,7129.0,43.46666666666667,24.666666666666668,18.8,4,30.5,12.0,18.5,2411.0,1195.53,3606.5299999999997,1.0,0.14285714285714285,32.0,0.5581106265512472,0.16666666666666666,8.056643739570168,0.1941091961323701,0.0007040230129128215,0.0,18.786238562015967,35.18275776265681,7.681859221266604,7.98944538199589,0.20100574823760095,0.0015086207067829438,0.0,19.154430833270496,34.93965422353525,7.591528704454159,0,0.0,8.0,21.0,0.263,0,1.0,0.0,0.0,0.0,1.0,0.0,0.0,0.0,0.0,1,0.8660254037844386,0.5000000000000001,0.0,0.328798770904541
ED,WF,2024-02-01,2024,2,9,110.0,0.15,34,302.0,0.4,7,758,0.0449,0.0092,12,890,1,890.0,0,10,4492.6,4893.0,9385.6,41.2,20.6,20.6,4,13.0,6.5,6.5,1798.0,894.6,2692.6,0.0,0.0,40.0,0.0,0.0,7.579999914050274,0.1820402305423357,0.0014080459937110715,0.0,17.743596754368696,33.28655083768669,7.163908029767288,7.495887802892375,0.189224138566903,0.002614942625507541,0.0,17.70775881572359,33.651723258111666,7.186117758867384,0,0.0,8.0,21.0,0.263,0,0.005277045,0.0,0.0,0.0,0.005,0.0,0.0,0.0,0.995,1,0.8660254037844386,0.5000000000000001,0.0,0.29497477412223816
RSD,BGN,2024-02-01,2024,2,13,2342.0,1.6,679,9579.0,6.53,631,1468,0.4625,0.4298,115,1447,1,1447.0,0,8,2324.0,4805.0,7129.0,43.46666666666667,24.666666666666668,18.8,7,45.0,23.0,22.0,2920.88,2645.0,5565.88,0.0,0.0,56.0,0.0,0.0,8.056643739570168,0.1941091961323701,0.0007040230129128215,0.0,18.786238562015967,35.18275776265681,7.681859221266604,8.032933720497244,0.20344827726654624,0.0011063218652003113,0.0,18.31537908521192,34.31482670841546,7.647660713771294,0,0.0,8.0,21.0,0.263,1,0.76975477,0.0,0.0,0.0006811989,0.77,0.0,0.0,0.001,0.229,1,0.8660254037844386,0.5000000000000001,1.0,0.5323832035064697
AKM,GW,2024-02-01,2024,2,5,1041.0,1.22,354,2542.0,2.98,391,853,0.415,0.4584,5,925,1,925.0,0,5,1922.5,1922.0,3844.5,19.333333333333336,11.333333333333334,8.0,3,14.0,9.0,5.0,1921.0,997.0,2918.0,1.0,0.25,15.0,0.9102392266268373,0.3333333333333333,7.292428122854781,0.18994252998167757,0.006336206795069678,0.0001724137892496997,20.20754164320299,34.93861973080142,6.909094863581932,7.222491371616636,0.18089080459556017,0.006135057508089076,0.00015804597347889138,19.502954988644042,34.17103360713213,6.843396528185099,0,0.0,8.0,21.0,0.263,1,0.044548653,0.0,0.0,0.0,0.045,0.0,0.0,0.0,0.955,1,0.8660254037844386,0.5000000000000001,0.0,0.2855749726295471
DR,RH,2024-02-01,2024,2,6,449.0,0.48,157,1376.0,1.46,198,940,0.167,0.2106,0,993,1,993.0,0,8,4323.0,4292.0,8615.0,20.5,10.25,10.25,4,10.0,5.0,5.0,1993.0,1993.0,3986.0,0.0,0.0,32.0,0.0,0.0,7.546654978287995,0.1775862075945084,0.00010057471307187245,0.0,18.05234090589929,32.44344738434101,7.222588888187518,7.5557559750032155,0.18649425359721156,0.00030172413921561735,0.0,17.784117736693087,33.42206806972109,7.2222789070386995,0,0.0,8.0,21.0,0.263,0,0.05531915,0.0,0.0,0.0,0.055,0.0,0.0,0.0,0.945,1,0.8660254037844386,0.5000000000000001,1.0,0.6185799241065979
WV,SWK,2024-02-01,2024,2,13,630.0,0.69,195,2208.0,2.41,228,915,0.2131,0.2492,0,1019,1,1019.0,0,4,1959.0,1948.0,3907.0,24.0,12.0,12.0,6,34.0,17.0,17.0,4180.0,4181.0,8361.0,1.0,0.25,24.0,0.7213475204444817,0.25,7.303413757626181,0.17528735681426252,0.004727011396624576,0.00015804597347889138,19.72416812387006,34.586378348284754,6.830137959499469,7.361928390745802,0.16781609287035876,0.0028160920623561433,0.00010057471039565815,19.29913490419758,34.17206803717833,6.924140991835759,0,0.0,8.0,21.0,0.263,0,0.07540984,0.0,0.0,0.0,0.075,0.0,0.0,0.0,0.925,1,0.8660254037844386,0.5000000000000001,0.0,0.48499470949172974
HDR,HDRZ,2024-02-01,2024,2,1,202.0,0.17,74,4140.0,3.58,133,1155,0.0641,0.1152,10,1253,1,1253.0,0,1,0.0,1253.0,1253.0,1.0,0.0,1.0,3,17.0,6.0,11.0,2448.0,1253.0,3701.0,0.0,0.0,3.0,0.0,0.0,7.374787547122473,0.181321839887606,0.004626436715667275,0.0,25.232627351736202,33.64965429079944,6.111209754971252,7.65664961985473,0.18520115018319125,0.0030172414563853166,0.0,23.435662244371642,42.770171074346564,7.408804806484573,0,0.0,8.0,21.0,0.263,0,0.9748918,0.0,0.0,0.0,0.975,0.0,0.0,0.0,0.025,1,0.8660254037844386,0.5000000000000001,0.0,0.1974157840013504
AC,BKL,2024-02-01,2024,2,12,1190.0,0.85,395,7980.0,5.67,580,1408,0.2805,0.4119,28,1525,1,1525.0,0,4,3009.0,3009.0,6018.0,16.0,8.0,8.0,8,26.5,13.25,13.25,3023.2,4127.6,7150.8,0.0,0.0,32.0,0.0,0.0,7.786497389640788,0.1859195409021501,0.000905172417646852,0.0,19.397305628691598,33.96051637400156,7.421554808644043,7.807908034187624,0.1692528746936513,0.0006034482891360918,0.0,19.61013099242901,34.11413699457015,7.452089055858809,0,0.0,8.0,21.0,0.263,1,0.0,0.0,0.0,0.0028409092,0.0,0.0,0.0,0.003,0.997,1,0.8660254037844386,0.5000000000000001,1.0,0.7304111123085022
LLZM,ZTMO,2024-02-01,2024,2,2,1310.0,0.61,502,3330.0,1.54,552,2163,0.2321,0.2552,0,2459,1,2459.0,0,4,3815.0,3815.0,7630.0,15.0,7.5,7.5,4,3.0,1.5,1.5,3815.0,3815.0,7630.0,0.0,0.0,16.0,0.0,0.0,7.970074517483791,0.1893678170082898,0.00040229886299234695,0.0,19.571936633737607,35.16982663842453,7.656496927313421,7.950574714974126,0.1893678170082898,0.00040229886299234695,0.0,19.571936633737607,35.16982663842453,7.636997138631755,0,0.0,8.0,21.0,0.263,0,0.0,0.0,0.0,0.0,0.0,0.0,0.0,0.0,1.0,1,0.8660254037844386,0.5000000000000001,1.0,0.5483914017677307
AMR,HLO,2024-02-01,2024,2,5,946.0,0.41,325,7139.0,3.12,473,2291,0.1419,0.2065,111,2451,1,2451.0,0,6,4399.0,5158.0,9557.0,12.0,6.0,6.0,4,12.0,6.0,6.0,4849.0,4592.0,9441.0,1.0,0.25,24.0,0.6213349345596119,0.2,7.61221575830667,0.19137931182637982,0.0012068965461576122,0.0,23.192754746511064,39.81465411802818,7.309342159793295,7.599215497605331,0.19137931182637982,0.0012068965461576122,0.0,23.192754746511064,39.81465411802818,7.296341951037276,0,0.0,8.0,21.0,0.263,0,0.48930597,0.0,0.0,0.0,0.489,0.0,0.0,0.0,0.511,1,0.8660254037844386,0.5000000000000001,1.0,0.6840687394142151
AHPR,AHP,2024-02-01,2024,2,2,649.0,0.69,268,1550.0,1.65,285,940,0.2851,0.3032,0,993,1,993.0,0,4,1993.0,1993.0,3986.0,5.0,2.5,2.5,4,3.0,1.5,1.5,1993.0,1962.0,3955.0,0.0,0.0,16.0,0.0,0.0,7.606301529477511,0.19137931162298755,0.0004022988522874898,0.0,17.842594130970966,33.56327501384691,7.287479751240248,7.554301490739587,0.19137931162298755,0.0004022988522874898,0.0,17.842594130970966,33.56327501384691,7.235479709745824,0,0.0,8.0,21.0,0.263,1,0.05531915,0.0,0.0,0.0,0.055,0.0,0.0,0.0,0.945,1,0.8660254037844386,0.5000000000000001,0.0,0.3899160921573639
LLZM,GD,2024-02-01,2024,2,13,826.0,0.69,465,2483.0,2.07,505,1199,0.3878,0.4212,0,1356,1,1356.0,0,4,3815.0,3815.0,7630.0,15.0,7.5,7.5,14,32.5,18.0,14.5,14031.0,10490.0,24521.0,0.0,0.0,56.0,0.0,0.0,7.970074517483791,0.1893678170082898,0.00040229886299234695,0.0,19.571936633737607,35.16982663842453,7.656496927313421,8.001655445701774,0.17241379418463884,0.0025143677625676683,0.0,20.040493045045043,36.05689569519854,7.717244484301271,0,0.0,8.0,21.0,0.263,1,0.0,0.0,0.0,0.0,0.0,0.0,0.0,0.0,1.0,1,0.8660254037844386,0.5000000000000001,1.0,0.6037903428077698
VH,LEDN,2024-02-01,2024,2,8,496.0,0.82,184,711.0,1.18,191,603,0.3051,0.3167,0,555,1,555.0,0,4,2265.0,1710.0,3975.0,18.0,9.0,9.0,18,35.33333333333333,18.444444444444443,16.88888888888889,12235.0,12890.0,25125.0,0.0,0.0,72.0,0.0,0.0,7.930281537574255,0.19870689765004249,0.0007040229915031072,0.0,20.98250385228245,37.80413692915577,7.570727006799873,7.9042815178547094,0.19870689765004249,0.0007040229915031072,0.0,20.98250385228245,37.80413692915577,7.54472698391169,0,0.0,8.0,21.0,0.263,1,0.0,0.0,0.0,0.0,0.0,0.0,0.0,0.0,1.0,1,0.8660254037844386,0.5000000000000001,0.0,0.4560990333557129
NVP,HFD,2024-02-01,2024,2,5,1001.0,0.69,348,3931.0,2.69,421,1460,0.2384,0.2884,0,1416,1,1416.0,0,4,2840.0,2840.0,5680.0,16.0,8.0,8.0,4,10.0,5.0,5.0,2846.0,4423.0,7269.0,0.0,0.0,16.0,0.0,0.0,7.897520173897688,0.1925287369809959,0.0014080460044159286,0.0,19.626304683329046,35.84379217747984,7.5702212720081725,7.8910201106263305,0.1925287369809959,0.0014080460044159286,0.0,19.626304683329046,35.84379217747984,7.5637212638882385,0,0.0,8.0,21.0,0.263,1,0.0,0.0,0.0,0.0,0.0,0.0,0.0,0.0,1.0,1,0.8660254037844386,0.5000000000000001,1.0,0.6427909135818481
DR,BMN,2024-02-01,2024,2,6,268.0,0.28,104,1236.0,1.31,133,945,0.1101,0.1407,1,1000,1,1000.0,0,8,4323.0,4292.0,8615.0,20.5,10.25,10.25,4,13.0,6.5,6.5,1993.0,1020.0,3013.0,1.0,0.2,32.0,0.9102392266268373,0.3333333333333333,7.546654978287995,0.1775862075945084,0.00010057471307187245,0.0,18.05234090589929,32.44344738434101,7.222588888187518,7.585655276759945,0.1775862075945084,0.00010057471307187245,0.0,18.05234090589929,32.44344738434101,7.261589137644603,0,0.0,8.0,21.0,0.263,0,0.06031746,0.0,0.0,0.0,0.06,0.0,0.0,0.0,0.94,1,0.8660254037844386,0.5000000000000001,0.0,0.43005985021591187
WT,MZ,2024-02-01,2024,2,7,488.0,0.53,158,1470.0,1.61,44,915,0.1727,0.0481,2,916,1,916.0,0,5,4461.0,4959.0,9420.0,45.66666666666667,26.0,19.666666666666668,3,18.5,8.5,10.0,1820.0,916.0,2736.0,0.0,0.0,15.0,0.0,0.0,7.816715416766104,0.15862069064858317,0.0002011494261437449,0.0,16.875221364457033,32.553102527541675,7.404790191814818,7.881715603472515,0.15862069064858317,0.0002011494261437449,0.0,16.875221364457033,32.553102527541675,7.4697902387586135,0,0.0,8.0,21.0,0.263,0,0.0,0.0,0.0,0.0,0.0,0.0,0.0,0.0,1.0,1,0.8660254037844386,0.5000000000000001,0.0,0.32491031289100647
GDM,ZBM,2024-02-01,2024,2,9,4527.0,2.08,1689,8405.0,3.86,2023,2180,0.7748,0.928,107,2310,1,2310.0,0,6,6787.0,6787.0,13574.0,18.0,9.0,9.0,3,20.0,11.0,9.0,3467.0,1151.0,4618.0,0.0,0.0,18.0,0.0,0.0,7.8594884873721105,0.19181034534141936,0.004626436876240133,0.0,18.42451348892231,34.46482669904657,7.485278714662311,7.938614867285065,0.18448276055612783,0.0002011494261437449,0.0,18.287293902073785,32.70206809043884,7.517206872331685,0,0.0,8.0,21.0,0.263,1,0.0,0.0,0.0,0.0004587156,0.0,0.0,0.0,0.0,1.0,1,0.8660254037844386,0.5000000000000001,1.0,0.5113173723220825
BDG,APN,2024-02-01,2024,2,8,2159.0,0.92,493,8308.0,3.54,649,2349,0.2099,0.2763,24,2450,1,2450.0,0,4,3785.0,3785.0,7570.0,19.0,9.5,9.5,4,22.0,11.0,11.0,3785.0,3806.0,7591.0,0.0,0.0,16.0,0.0,0.0,7.933770088114958,0.17270115056428417,0.0005028735653593622,0.0,19.868849727271616,34.99810253066578,7.591959753940845,7.9094140425153165,0.17600574805775934,0.0016091953770353876,0.0,19.058952175337694,34.45810251742944,7.5556783703551895,0,0.0,8.0,21.0,0.263,1,0.0,0.0,0.0,0.0,0.0,0.0,0.0,0.0,1.0,1,0.8660254037844386,0.5000000000000001,1.0,0.5789032578468323
AH,AHP,2024-02-01,2024,2,1,254.0,0.27,80,1562.0,1.65,234,945,0.0847,0.2476,20,1000,1,1000.0,0,14,7830.0,8120.0,15950.0,21.714285714285715,10.857142857142858,10.857142857142858,4,3.0,1.5,1.5,1993.0,1962.0,3955.0,0.0,0.0,56.0,0.0,0.0,7.476301933702981,0.19137931162298755,0.0004022988522874898,0.0,17.842594130970966,33.56327501384691,7.157480054888232,7.554301490739587,0.19137931162298755,0.0004022988522874898,0.0,17.842594130970966,33.56327501384691,7.235479709745824,0,0.0,8.0,21.0,0.263,0,0.06031746,0.0,0.0,0.0,0.06,0.0,0.0,0.0,0.94,1,0.8660254037844386,0.5000000000000001,1.0,0.5322742462158203
NS,AMF,2024-02-01,2024,2,39,0.0,0.0,0,0.0,0.0,0,4,0.0,0.0,0,68,10,6.8,0,5,2218.0,2223.8,4441.8,30.5,10.5,20.0,16,48.0,25.75,22.25,11060.8,10727.0,21787.8,0.0,0.0,80.0,0.0,0.0,7.587221193330726,0.18879310390644374,0.004224137970428357,0.00015804597347889138,18.981467214466512,34.956206016841975,7.203384954353859,7.71931898788731,0.18132184042284885,0.004827586088286734,0.0,18.541795207508677,34.77206808020328,7.339074735840161,0,0.0,8.0,21.0,0.263,0,1.0,0.0,0.0,0.0,1.0,0.0,0.0,0.0,0.0,1,0.8660254037844386,0.5000000000000001,1.0,0.5253067016601562
DT,GV,2024-02-01,2024,2,8,5290.0,1.81,1302,26688.0,9.14,1848,2919,0.446,0.6331,9,2881,1,2881.0,0,10,10003.0,9862.0,19865.0,15.2,7.6,7.6,11,19.53333333333333,8.333333333333334,11.2,9990.0,7695.0,17685.0,1.0,0.09090909090909091,110.0,0.43429448190325176,0.1,8.002192473488636,0.18074712726747852,0.0026149424649346835,0.0,19.357214413840197,35.20396464309473,7.656718372270979,7.957551967534611,0.19123563177926445,0.002614942518458969,0.0,21.263657430122638,38.63741283101597,7.734778938964865,0,0.0,8.0,21.0,0.263,1,0.9962316,0.0037684138,0.0,0.0,0.996,0.004,0.0,0.0,0.0,1,0.8660254037844386,0.5000000000000001,1.0,0.792191743850708
AMPO,ALMM,2024-02-01,2024,2,2,3187.0,1.33,1113,7256.0,3.03,1216,2394,0.4649,0.5079,1,2672,1,2672.0,0,8,5385.67,5383.0,10768.67,20.0,10.0,10.0,4,3.0,1.5,1.5,5381.0,4243.0,9624.0,1.0,0.2,32.0,0.43429448190325176,0.1,7.763068985557933,0.19123563265706273,0.0020114942507325918,0.0,19.824412606399633,35.79310250008243,7.385770133857069,7.750068705700253,0.19123563265706273,0.0020114942507325918,1.4367815770808308e-05,19.824412606399633,35.79310250008243,7.3727698942710616,0,0.0,8.0,21.0,0.263,1,0.00041771095,0.0,0.0,0.00041771095,0.0,0.0,0.0,0.0,1.0,1,0.8660254037844386,0.5000000000000001,1.0,0.6208751201629639
NS,HDE,2024-02-01,2024,2,9,752.0,0.81,238,1117.0,1.2,248,927,0.2567,0.2675,0,1104,1,1104.0,0,5,2218.0,2223.8,4441.8,30.5,10.5,20.0,4,18.0,9.0,9.0,2217.0,2218.0,4435.0,0.0,0.0,20.0,0.0,0.0,7.587221193330726,0.18879310390644374,0.004224137970428357,0.00015804597347889138,18.981467214466512,34.956206016841975,7.203384954353859,7.5471207110703675,0.1758620697769454,0.003318965488552362,0.00015804597347889138,18.96977649851777,33.67344746199147,7.078370718606587,0,0.0,8.0,21.0,0.263,1,0.0,0.0,0.0,0.0,0.0,0.0,0.0,0.0,1.0,1,0.8660254037844386,0.5000000000000001,0.0,0.4546342194080353
HAD,LEDN,2024-02-01,2024,2,25,2432.0,1.19,878,10960.0,5.36,1078,2045,0.4293,0.5271,0,1912,1,1912.0,0,6,6386.0,5078.0,11464.0,24.0,12.0,12.0,18,35.33333333333333,18.444444444444443,16.88888888888889,12235.0,12890.0,25125.0,0.0,0.0,108.0,0.0,0.0,7.819255991292925,0.18505747194519673,0.000905172417646852,0.0,20.817422294753722,37.41620586041746,7.515807701595898,7.9042815178547094,0.19870689765004249,0.0007040229915031072,0.0,20.98250385228245,37.80413692915577,7.54472698391169,0,0.0,8.0,21.0,0.263,1,1.0,0.0,0.0,0.0,1.0,0.0,0.0,0.0,0.0,1,0.8660254037844386,0.5000000000000001,1.0,0.757469892501831
AMPO,ALM,2024-02-01,2024,2,3,117.0,1.63,43,176.0,2.44,44,72,0.5972,0.6111,0,4,1,4.0,0,8,5385.67,5383.0,10768.67,20.0,10.0,10.0,18,43.075,21.7,21.375,5726.139999999999,6613.38,12339.52,2.0,0.16666666666666666,144.0,2.0008056674402104,0.6666666666666666,7.763068985557933,0.19123563265706273,0.0020114942507325918,0.0,19.824412606399633,35.79310250008243,7.385770133857069,7.79256603087502,0.1833333340098803,0.002614942614802684,1.4367815770808308e-05,20.71273012921728,36.31137834677751,7.492781589771139,0,0.0,8.0,21.0,0.263,1,0.9583333,0.0,0.0,0.0,0.958,0.0,0.0,0.0,0.042,1,0.8660254037844386,0.5000000000000001,1.0,0.5788624882698059
ZL,WZ,2024-02-01,2024,2,9,402.0,0.43,159,240.0,0.26,7,934,0.1702,0.0075,41,1113,1,1113.0,0,16,6412.71,10156.14,16568.85,96.0,52.0,44.0,3,18.0,9.0,9.0,2217.0,1113.0,3330.0,0.0,0.0,48.0,0.0,0.0,7.550574714917389,0.17499999947118006,0.0035201148183523923,0.00011494252616646646,19.255094976860217,34.37534390167258,7.149066085788025,7.492074618694083,0.17499999947118006,0.0035201148183523923,0.00011494252616646646,19.255094976860217,34.37534390167258,7.090566048676941,0,0.0,8.0,21.0,0.263,0,0.0,0.0,0.0,0.0,0.0,0.0,0.0,0.0,1.0,1,0.8660254037844386,0.5000000000000001,0.0,0.22643639147281647
ZL,AMF,2024-02-01,2024,2,66,606.0,0.6,207,3901.0,3.84,342,1017,0.2035,0.3363,19,1234,1,1234.0,0,16,6412.71,10156.14,16568.85,96.0,52.0,44.0,16,48.0,25.75,22.25,11060.8,10727.0,21787.8,0.0,0.0,256.0,0.0,0.0,7.550574714917389,0.17499999947118006,0.0035201148183523923,0.00011494252616646646,19.255094976860217,34.37534390167258,7.149066085788025,7.71931898788731,0.18132184042284885,0.004827586088286734,0.0,18.541795207508677,34.77206808020328,7.339074735840161,0,0.0,8.0,21.0,0.263,1,1.0,0.0,0.0,0.0,1.0,0.0,0.0,0.0,0.0,1,0.8660254037844386,0.5000000000000001,1.0,0.562140941619873
ALM,ZL,2024-02-01,2024,2,81,90.0,1.38,33,128.0,1.97,24,65,0.5077,0.3692,0,244,28,8.71,0,18,5726.139999999999,6613.38,12339.52,43.075,21.7,21.375,16,96.0,52.0,44.0,6412.71,10156.14,16568.85,1.0,0.05263157894736842,288.0,0.5581106265512472,0.16666666666666666,7.79256603087502,0.1833333340098803,0.002614942614802684,1.4367815770808308e-05,20.71273012921728,36.31137834677751,7.492781589771139,7.550574714917389,0.17499999947118006,0.0035201148183523923,0.00011494252616646646,19.255094976860217,34.37534390167258,7.149066085788025,0,0.0,8.0,21.0,0.263,1,1.0,0.0,0.0,0.0,1.0,0.0,0.0,0.0,0.0,1,0.8660254037844386,0.5000000000000001,1.0,0.5950453877449036
RAI,DVD,2024-02-01,2024,2,3,2753.0,1.66,845,5987.0,3.6,907,1661,0.5087,0.5461,8,1772,1,1772.0,0,8,3571.3,3148.8,6720.1,18.0,9.0,9.0,15,20.482142857142858,11.625,8.857142857142858,7929.0,7864.0,15793.0,3.0,0.3333333333333333,120.0,1.4094374998787453,0.35757575757575755,7.777563111952923,0.18448275994595098,0.0008045976938701224,0.0,19.06484791328167,35.49982660460746,7.470953970119871,7.7242987892247905,0.185775863006711,0.0012068965782721837,0.0,19.652092345144556,34.550688718242206,7.351884994013556,0,0.0,8.0,21.0,0.263,1,0.11499097,0.0,0.0,0.0012040939,0.115,0.0,0.0,0.001,0.884,1,0.8660254037844386,0.5000000000000001,1.0,0.7356619834899902
ZLW,RSD,2024-02-01,2024,2,23,78.0,3.9,20,78.0,3.9,20,20,1.0,1.0,2,19,1,19.0,0,11,4158.53,4172.0,8330.529999999999,30.0,16.0,14.0,8,43.46666666666667,24.666666666666668,18.8,2324.0,4805.0,7129.0,2.0,0.2222222222222222,88.0,1.424137568996588,0.47619047619047616,8.035457089885899,0.18448275937859354,0.0002011494261437449,0.0,19.38358372723919,34.861550732590686,7.590557687584011,8.056643739570168,0.1941091961323701,0.0007040230129128215,0.0,18.786238562015967,35.18275776265681,7.681859221266604,0,0.0,8.0,21.0,0.263,1,1.0,0.0,0.0,0.0,1.0,0.0,0.0,0.0,0.0,1,0.8660254037844386,0.5000000000000001,1.0,0.6447069048881531
GP,HZE,2024-02-01,2024,2,5,904.0,0.99,309,2691.0,2.95,350,911,0.3392,0.3842,1,904,1,904.0,0,4,1820.0,1457.0,3277.0,11.0,5.5,5.5,4,15.0,7.5,7.5,1820.0,1820.0,3640.0,0.0,0.0,16.0,0.0,0.0,7.847132151732328,0.17887931181139302,0.0,0.0,16.72177018139554,32.92603351741001,7.476586192846298,7.886396728306153,0.1681034498173615,0.0,0.0,16.842923554195753,33.52603360976296,7.54379615410306,0,0.0,8.0,21.0,0.263,1,0.0,0.0,0.0,0.0,0.0,0.0,0.0,0.0,1.0,1,0.8660254037844386,0.5000000000000001,0.0,0.24692438542842865
DLD,STZ,2024-02-01,2024,2,6,790.0,0.95,342,1135.0,1.36,467,833,0.4106,0.5606,15,881,1,881.0,0,6,4005.0,3973.0,7978.0,12.0,6.0,6.0,4,7.0,3.5,3.5,1785.0,1785.0,3570.0,0.0,0.0,24.0,0.0,0.0,7.680319219608203,0.18132184042284885,0.004827586088286734,0.0,18.541795207508677,34.77206808020328,7.300074921428473,7.678882424371724,0.18836207069114022,0.0032183907861853467,0.0,17.92009743945352,33.657930124080046,7.237503071797305,0,0.0,8.0,21.0,0.263,1,0.0,0.0,0.0,0.0,0.0,0.0,0.0,0.0,1.0,1,0.8660254037844386,0.5000000000000001,0.0,0.45446112751960754
BNK,UTVR,2024-02-01,2024,2,7,697.0,0.56,305,3007.0,2.43,359,1238,0.2464,0.29,0,1342,1,1342.0,0,5,2667.0,2479.09,5146.09,11.833333333333332,5.5,6.333333333333333,6,7.333333333333333,3.6666666666666665,3.6666666666666665,9450.0,9347.0,18797.0,1.0,0.2,30.0,0.3396232718951086,0.05263157894736842,7.801976939470603,0.1790229899102244,0.001910919526955862,0.0,18.63424655966375,34.2796542658203,7.453988500367636,7.801976939470603,0.1790229899102244,0.001910919526955862,0.0,18.63424655966375,34.2796542658203,7.453988500367636,0,0.0,8.0,21.0,0.263,1,0.0,0.0,0.0,0.00080775446,0.0,0.0,0.0,0.001,0.999,1,0.8660254037844386,0.5000000000000001,1.0,0.594698429107666
DN,HRT,2024-02-01,2024,2,18,3540.0,2.43,872,10094.0,6.94,1011,1455,0.5993,0.6948,1,1659,1,1659.0,0,5,2864.0,3801.0,6665.0,25.166666666666664,13.5,11.666666666666666,4,28.0,14.0,14.0,2851.0,2777.0,5628.0,0.0,0.0,20.0,0.0,0.0,7.792451168656692,0.1692528753252379,0.0,0.0,16.800293006045724,32.86861980303951,7.407106342158098,7.791882172558757,0.1645114952163107,0.00010057471307187245,0.0,16.82326145504398,32.67206805601887,7.404094831183039,0,0.0,8.0,21.0,0.263,1,1.0,0.0,0.0,0.0,1.0,0.0,0.0,0.0,0.0,1,0.8660254037844386,0.5000000000000001,1.0,0.6011291146278381
ALM,ALMP,2024-02-01,2024,2,2,1590.0,1.13,520,3609.0,2.56,553,1412,0.3683,0.3916,34,1538,1,1538.0,0,18,5726.139999999999,6613.38,12339.52,43.075,21.7,21.375,4,6.0,3.0,3.0,3126.0,3126.0,6252.0,1.0,0.09090909090909091,72.0,0.7213475204444817,0.25,7.79256603087502,0.1833333340098803,0.002614942614802684,1.4367815770808308e-05,20.71273012921728,36.31137834677751,7.492781589771139,7.651436774552553,0.17916666753804203,0.002715517359989128,0.00011494252616646646,20.93031816895323,37.72344718274029,7.335560341847354,0,0.0,8.0,21.0,0.263,1,0.0,0.0,0.0,0.0007082153,0.0,0.0,0.0,0.001,0.999,1,0.8660254037844386,0.5000000000000001,0.0,0.3571973443031311
RAI,ASB,2024-02-01,2024,2,5,1080.0,1.91,396,2635.0,4.66,426,566,0.6996,0.7527,0,74,2,37.0,0,8,3571.3,3148.8,6720.1,18.0,9.0,9.0,21,23.072727272727274,11.272727272727273,11.8,8163.6,7446.7,15610.3,2.0,0.15384615384615385,168.0,1.039008973514235,0.29166666666666663,7.777563111952923,0.18448275994595098,0.0008045976938701224,0.0,19.06484791328167,35.49982660460746,7.470953970119871,7.711299040285207,0.185775863006711,0.0012068965782721837,0.0,19.652092345144556,34.550688718242206,7.33888520249005,0,0.0,8.0,21.0,0.263,1,1.0,0.0,0.0,0.0,1.0,0.0,0.0,0.0,0.0,1,0.8660254037844386,0.5000000000000001,1.0,0.7001842856407166
BNK,DB,2024-02-01,2024,2,4,1031.0,0.94,498,2338.0,2.13,524,1100,0.4527,0.4764,1,1136,1,1136.0,0,5,2667.0,2479.09,5146.09,11.833333333333332,5.5,6.333333333333333,10,30.0,15.0,15.0,4727.0,4890.0,9617.0,1.0,0.14285714285714285,50.0,0.3396232718951086,0.05263157894736842,7.801976939470603,0.1790229899102244,0.001910919526955862,0.0,18.63424655966375,34.2796542658203,7.453988500367636,7.763640571663949,0.18074712731029796,0.0016091954519693878,0.0,18.6350294649601,35.09120587781928,7.469172229712036,0,0.0,8.0,21.0,0.263,1,0.0,0.0,0.0,0.0,0.0,0.0,0.0,0.0,1.0,1,0.8660254037844386,0.5000000000000001,1.0,0.5324215888977051
ZLW,BDPB,2024-02-01,2024,2,10,495.0,0.48,171,5389.0,5.18,311,1040,0.1644,0.299,23,1103,1,1103.0,0,11,4158.53,4172.0,8330.529999999999,30.0,16.0,14.0,4,15.0,7.5,7.5,2256.0,2226.0,4482.0,0.0,0.0,44.0,0.0,0.0,8.035457089885899,0.18448275937859354,0.0002011494261437449,0.0,19.38358372723919,34.861550732590686,7.590557687584011,8.024103367594124,0.2024425294614215,0.0017097701329266887,0.0,18.94098461701952,35.62034386122364,7.663543095876431,0,0.0,8.0,21.0,0.263,1,0.0,0.0,0.0,0.0,0.0,0.0,0.0,0.0,1.0,1,0.8660254037844386,0.5000000000000001,1.0,0.6317782998085022
DLD,AMF,2024-02-01,2024,2,9,673.0,0.66,218,1118.0,1.09,228,1026,0.2125,0.2222,2,1061,1,1061.0,0,6,4005.0,3973.0,7978.0,12.0,6.0,6.0,16,48.0,25.75,22.25,11060.8,10727.0,21787.8,0.0,0.0,96.0,0.0,0.0,7.680319219608203,0.18132184042284885,0.004827586088286734,0.0,18.541795207508677,34.77206808020328,7.300074921428473,7.71931898788731,0.18132184042284885,0.004827586088286734,0.0,18.541795207508677,34.77206808020328,7.339074735840161,0,0.0,8.0,21.0,0.263,0,0.0009746589,0.0,0.0,0.0,0.001,0.0,0.0,0.0,0.999,1,0.8660254037844386,0.5000000000000001,1.0,0.682616651058197
DN,HM,2024-02-01,2024,2,9,1545.0,1.42,357,7090.0,6.5,495,1091,0.3272,0.4537,0,1212,1,1212.0,0,5,2864.0,3801.0,6665.0,25.166666666666664,13.5,11.666666666666666,8,12.0,6.0,6.0,4702.0,4526.0,9228.0,1.0,0.16666666666666666,40.0,1.4426950408889634,0.5,7.792451168656692,0.1692528753252379,0.0,0.0,16.800293006045724,32.86861980303951,7.407106342158098,7.797083423612104,0.1745689662879911,0.0,0.0,17.15544297332051,32.564481927060534,7.409798884700084,0,0.0,8.0,21.0,0.263,1,1.0,0.0,0.0,0.0,1.0,0.0,0.0,0.0,0.0,1,0.8660254037844386,0.5000000000000001,1.0,0.5006298422813416
HT,EHV,2024-02-01,2024,2,32,6010.0,2.09,1402,22958.0,7.97,2399,2880,0.4868,0.833,258,3373,1,3373.0,0,13,11021.0,13086.0,24107.0,40.85714285714286,21.0,19.857142857142858,13,33.14285714285714,15.0,18.142857142857142,9126.0,11731.0,20857.0,1.0,0.07692307692307693,169.0,0.6213349345596119,0.2,7.932258889849844,0.18275862130411397,0.0002011494261437449,0.0,18.33120644914693,33.59586120953505,7.569615160939337,7.931632294276751,0.17887931181139302,0.0,0.0,16.72177018139554,32.92603351741001,7.561086280250001,0,0.0,8.0,21.0,0.263,1,1.0,0.0,0.0,0.0,1.0,0.0,0.0,0.0,0.0,1,0.8660254037844386,0.5000000000000001,1.0,0.5453561544418335
RAI,HVS,2024-02-01,2024,2,27,38.0,0.66,12,182.0,3.14,16,58,0.2069,0.2759,0,4,5,0.8,0,8,3571.3,3148.8,6720.1,18.0,9.0,9.0,18,29.45,15.7,13.75,9067.6,7842.8,16910.4,2.0,0.16666666666666666,144.0,1.039008973514235,0.29166666666666663,7.777563111952923,0.18448275994595098,0.0008045976938701224,0.0,19.06484791328167,35.49982660460746,7.470953970119871,7.73570715536995,0.1785919552818797,0.0015086207067829438,0.0,18.387631229970648,34.61275764922986,7.398925492133217,0,0.0,8.0,21.0,0.263,1,1.0,0.0,0.0,0.0,1.0,0.0,0.0,0.0,0.0,1,0.8660254037844386,0.5000000000000001,1.0,0.7008939385414124
ALM,LLS,2024-02-01,2024,2,24,2605.0,2.45,594,7058.0,6.63,621,1065,0.5577,0.5831,58,1158,1,1158.0,0,18,5726.139999999999,6613.38,12339.52,43.075,21.7,21.375,9,65.0,37.0,28.0,2361.0,4751.0,7112.0,2.0,0.14285714285714285,162.0,1.1556420023477334,0.35,7.79256603087502,0.1833333340098803,0.002614942614802684,1.4367815770808308e-05,20.71273012921728,36.31137834677751,7.492781589771139,7.538770004122079,0.16839080534061823,0.0016091953770353876,8.620689462484985e-05,19.946568917782827,34.791206025186625,7.1243304163217545,0,0.0,8.0,21.0,0.263,1,0.9971831,0.0,0.0,0.0028169013,0.997,0.0,0.0,0.003,0.0,1,0.8660254037844386,0.5000000000000001,1.0,0.5355374217033386
HT,UT,2024-02-01,2024,2,48,2652.0,1.12,817,15800.0,6.66,966,2373,0.3443,0.4071,112,2964,1,2964.0,0,13,11021.0,13086.0,24107.0,40.85714285714286,21.0,19.857142857142858,31,43.03846153846154,21.53846153846154,21.5,22408.09,33103.8,55511.89,0.0,0.0,403.0,0.0,0.0,7.932258889849844,0.18275862130411397,0.0002011494261437449,0.0,18.33120644914693,33.59586120953505,7.569615160939337,7.762977176527867,0.1790229899102244,0.001910919526955862,0.0,18.63424655966375,34.2796542658203,7.414988690751723,0,0.0,8.0,21.0,0.263,1,0.9995786,0.0,0.0,0.0004214075,1.0,0.0,0.0,0.0,0.0,1,0.8660254037844386,0.5000000000000001,1.0,0.5656999945640564
ALM,ALMM,2024-02-01,2024,2,1,688.0,0.28,244,4653.0,1.91,231,2430,0.1004,0.0951,50,2709,1,2709.0,0,18,5726.139999999999,6613.38,12339.52,43.075,21.7,21.375,4,3.0,1.5,1.5,5381.0,4243.0,9624.0,1.0,0.09090909090909091,72.0,0.7213475204444817,0.25,7.79256603087502,0.1833333340098803,0.002614942614802684,1.4367815770808308e-05,20.71273012921728,36.31137834677751,7.492781589771139,7.750068705700253,0.19123563265706273,0.0020114942507325918,1.4367815770808308e-05,19.824412606399633,35.79310250008243,7.3727698942710616,0,0.0,8.0,21.0,0.263,0,0.00041152263,0.0,0.0,0.0,0.0,0.0,0.0,0.0,1.0,1,0.8660254037844386,0.5000000000000001,0.0,0.43415430188179016
HT,TB,2024-02-01,2024,2,22,3420.0,1.53,983,16023.0,7.15,1867,2242,0.4384,0.8327,130,2337,1,2337.0,0,13,11021.0,13086.0,24107.0,40.85714285714286,21.0,19.857142857142858,9,30.8,17.8,13.0,9337.0,6703.0,16040.0,1.0,0.09090909090909091,117.0,0.5138983423697507,0.14285714285714285,7.932258889849844,0.18275862130411397,0.0002011494261437449,0.0,18.33120644914693,33.59586120953505,7.569615160939337,7.918002760150181,0.19885057607001957,0.0005028735653593622,0.0,18.36264716688244,34.79275769269329,7.545229848088889,0,0.0,8.0,21.0,0.263,1,0.52096343,0.0,0.0,0.0,0.521,0.0,0.0,0.0,0.479,1,0.8660254037844386,0.5000000000000001,1.0,0.5411532521247864
ASDZ,ALM,2024-02-01,2024,2,29,2032.0,2.05,575,5459.0,5.51,534,991,0.5802,0.5388,8,1011,1,1011.0,0,12,9561.0,9756.0,19317.0,26.333333333333332,13.166666666666666,13.166666666666666,18,43.075,21.7,21.375,5726.139999999999,6613.38,12339.52,1.0,0.06666666666666667,216.0,0.48089834696298783,0.125,7.784063169347315,0.18448275994595098,0.0008045976938701224,0.0,19.06484791328167,35.49982660460746,7.477453973101474,7.79256603087502,0.1833333340098803,0.002614942614802684,1.4367815770808308e-05,20.71273012921728,36.31137834677751,7.492781589771139,0,0.0,8.0,21.0,0.263,1,0.9989909,0.0,0.0,0.0010090817,0.999,0.0,0.0,0.001,0.0,1,0.8660254037844386,0.5000000000000001,1.0,0.6830887198448181
BRN,HVS,2024-02-01,2024,2,7,1566.0,1.42,637,3022.0,2.73,666,1106,0.5759,0.6022,0,1179,1,1179.0,0,5,2344.0,2892.0,5236.0,14.666666666666668,8.0,6.666666666666667,18,29.45,15.7,13.75,9067.6,7842.8,16910.4,1.0,0.08333333333333333,90.0,0.45511961331341866,0.1111111111111111,7.607382038929339,0.18836207069114022,0.0032183907861853467,0.0,17.92009743945352,33.657930124080046,7.166002791160825,7.73570715536995,0.1785919552818797,0.0015086207067829438,0.0,18.387631229970648,34.61275764922986,7.398925492133217,0,0.0,8.0,21.0,0.263,1,0.00090415915,0.0,0.0,0.0,0.001,0.0,0.0,0.0,0.999,1,0.8660254037844386,0.5000000000000001,1.0,0.664533793926239
AML,AMRI,2024-02-01,2024,2,2,93.0,0.55,29,447.0,2.63,40,170,0.1706,0.2353,2,181,1,181.0,0,8,2713.0,3491.0,6204.0,30.0,15.0,15.0,4,9.0,4.5,4.5,387.0,387.0,774.0,0.0,0.0,32.0,0.0,0.0,7.402514363521303,0.1665229887926373,0.0008045976938701224,8.620689462484985e-05,17.75485605720816,32.99327502168458,6.975574708361735,7.396014304039465,0.1665229887926373,0.0008045976938701224,0.0,17.75485605720816,32.99327502168458,6.9690747183972395,0,0.0,8.0,21.0,0.263,0,0.005882353,0.0,0.0,0.0,0.006,0.0,0.0,0.0,0.994,1,0.8660254037844386,0.5000000000000001,0.0,0.2487109899520874
HGL,ESK,2024-02-01,2024,2,4,132.0,0.71,35,475.0,2.57,29,185,0.1892,0.1568,2,185,1,185.0,0,7,2715.0,1545.0,4260.0,15.416666666666668,7.75,7.666666666666667,3,8.0,4.0,4.0,395.0,210.0,605.0,1.0,0.2,21.0,1.4426950408889634,0.5,7.363425066828428,0.16982758669289708,0.00040229886299234695,0.0,17.323984890319835,32.940516327646954,6.958971096866432,7.304925464540613,0.16982758669289708,0.00040229886299234695,0.0,17.323984890319835,32.940516327646954,6.900471444702012,0,0.0,8.0,21.0,0.263,0,0.08648649,0.0,0.0,0.0,0.086,0.0,0.0,0.0,0.914,1,0.8660254037844386,0.5000000000000001,0.0,0.2573065757751465
BV,HK,2024-02-01,2024,2,3,768.0,0.7,259,2991.0,2.73,310,1096,0.2363,0.2828,26,1154,1,1154.0,0,4,2346.0,2346.0,4692.0,8.0,4.0,4.0,4,6.0,3.0,3.0,2346.0,2346.0,4692.0,0.0,0.0,16.0,0.0,0.0,7.689798846583942,0.20014367976236616,0.0005028735653593622,0.0,22.140228504207972,38.44344732268103,7.384913795124525,7.69629889409775,0.20014367976236616,0.0005028735653593622,0.0,22.140228504207972,38.44344732268103,7.391413785774132,0,0.0,8.0,21.0,0.263,1,0.0,0.0,0.0,0.0,0.0,0.0,0.0,0.0,1.0,1,0.8660254037844386,0.5000000000000001,1.0,0.6498959064483643
BKL,WD,2024-02-01,2024,2,19,1109.0,1.08,301,6129.0,5.99,430,1024,0.2939,0.4199,26,1165,1,1165.0,0,8,3023.2,4127.6,7150.8,26.5,13.25,13.25,12,28.0,14.0,14.0,9624.0,9583.0,19207.0,0.0,0.0,96.0,0.0,0.0,7.807908034187624,0.1692528746936513,0.0006034482891360918,0.0,19.61013099242901,34.11413699457015,7.452089055858809,7.876948507524085,0.16824712770209574,0.000905172417646852,0.0,19.3549097337942,34.25637831153541,7.4895203182067,0,0.0,8.0,21.0,0.263,1,0.0,0.0,0.0,0.0009765625,0.0,0.0,0.0,0.001,0.999,1,0.8660254037844386,0.5000000000000001,1.0,0.7015205025672913
GZ,TBR,2024-02-01,2024,2,6,1423.0,1.31,504,6263.0,5.78,605,1084,0.4649,0.5581,2,1173,1,1173.0,0,4,2331.0,2321.0,4652.0,16.0,8.0,8.0,4,10.0,5.0,5.0,2366.0,2347.0,4713.0,0.0,0.0,16.0,0.0,0.0,7.944827576874402,0.2081896565726091,0.0007040229807982499,0.0,18.226798296574202,33.63930940216985,7.544827589358406,7.976502883446071,0.19885057607001957,0.0005028735653593622,0.0,18.36264716688244,34.79275769269329,7.603729913974631,0,0.0,8.0,21.0,0.263,1,0.003690037,0.0,0.0,0.00092250924,0.004,0.0,0.0,0.001,0.995,1,0.8660254037844386,0.5000000000000001,1.0,0.6765005588531494
VG,BTL,2024-02-01,2024,2,8,1422.0,1.54,563,2839.0,3.07,594,926,0.608,0.6415,2,930,1,930.0,0,4,1874.0,962.0,2836.0,12.0,6.0,6.0,6,18.0,9.0,9.0,3778.0,3778.0,7556.0,0.0,0.0,24.0,0.0,0.0,7.940267166251252,0.1811781620992155,0.0,0.0,18.398539633586488,33.85499902223719,7.523816063143741,7.9244971108440865,0.19037356453508825,0.0,0.0,17.928046291244442,33.97241290821426,7.523419544614595,0,0.0,8.0,21.0,0.263,1,0.0,0.0,0.0,0.0,0.0,0.0,0.0,0.0,1.0,1,0.8660254037844386,0.5000000000000001,0.0,0.3993019163608551
ASDZ,HVS,2024-02-01,2024,2,28,0.0,0.0,0,990.0,30.0,33,33,0.0,1.0,0,69,1,69.0,0,12,9561.0,9756.0,19317.0,26.333333333333332,13.166666666666666,13.166666666666666,18,29.45,15.7,13.75,9067.6,7842.8,16910.4,2.0,0.14285714285714285,216.0,1.2022458674074694,0.375,7.784063169347315,0.18448275994595098,0.0008045976938701224,0.0,19.06484791328167,35.49982660460746,7.477453973101474,7.73570715536995,0.1785919552818797,0.0015086207067829438,0.0,18.387631229970648,34.61275764922986,7.398925492133217,0,0.0,8.0,21.0,0.263,1,1.0,0.0,0.0,0.0,1.0,0.0,0.0,0.0,0.0,1,0.8660254037844386,0.5000000000000001,1.0,0.6479942202568054
SWK,HR,2024-02-01,2024,2,24,1640.0,1.59,434,5850.0,5.66,535,1034,0.4197,0.5174,1,1145,1,1145.0,0,6,4180.0,4181.0,8361.0,34.0,17.0,17.0,7,34.083333333333336,18.75,15.333333333333334,4179.0,3042.0,7221.0,1.0,0.16666666666666666,42.0,1.4426950408889634,0.5,7.361928390745802,0.16781609287035876,0.0028160920623561433,0.00010057471039565815,19.29913490419758,34.17206803717833,6.924140991835759,7.286028693076865,0.1885057475910276,0.0056321837821568565,0.0002011494207913163,20.16087631076232,35.23344726946162,6.908298871640501,0,0.0,8.0,21.0,0.263,1,1.0,0.0,0.0,0.0,1.0,0.0,0.0,0.0,0.0,1,0.8660254037844386,0.5000000000000001,1.0,0.5491153001785278
LAA,LEDN,2024-02-01,2024,2,14,3299.0,1.42,776,17523.0,7.56,1118,2319,0.3346,0.4821,1,2198,1,2198.0,0,7,8545.0,6644.0,15189.0,11.333333333333332,5.0,6.333333333333333,18,35.33333333333333,18.444444444444443,16.88888888888889,12235.0,12890.0,25125.0,2.0,0.16666666666666666,126.0,1.1352332769293625,0.34285714285714286,7.9770519219462,0.19123563177926445,0.002614942518458969,0.0,21.263657430122638,38.63741283101597,7.754278936605344,7.9042815178547094,0.19870689765004249,0.0007040229915031072,0.0,20.98250385228245,37.80413692915577,7.54472698391169,0,0.0,8.0,21.0,0.263,1,1.0,0.0,0.0,0.0,1.0,0.0,0.0,0.0,0.0,1,0.8660254037844386,0.5000000000000001,1.0,0.7232869267463684
HGL,AML,2024-02-01,2024,2,14,683.0,0.64,344,3422.0,3.18,266,1075,0.32,0.2474,96,1154,1,1154.0,0,7,2715.0,1545.0,4260.0,15.416666666666668,7.75,7.666666666666667,8,30.0,15.0,15.0,2713.0,3491.0,6204.0,0.0,0.0,56.0,0.0,0.0,7.363425066828428,0.16982758669289708,0.00040229886299234695,0.0,17.323984890319835,32.940516327646954,6.958971096866432,7.402514363521303,0.1665229887926373,0.0008045976938701224,8.620689462484985e-05,17.75485605720816,32.99327502168458,6.975574708361735,0,0.0,8.0,21.0,0.263,0,1.0,0.0,0.0,0.0,1.0,0.0,0.0,0.0,0.0,1,0.8660254037844386,0.5000000000000001,1.0,0.5158365368843079
ANA,SGN,2024-02-01,2024,2,9,1340.0,1.16,725,4667.0,4.04,434,1155,0.6277,0.3758,3,1253,1,1253.0,0,4,2448.0,2448.0,4896.0,20.0,10.0,10.0,4,23.0,11.5,11.5,2448.0,2444.0,4892.0,0.0,0.0,16.0,0.0,0.0,7.669649380548247,0.18520115018319125,0.0030172414563853166,0.0,23.435662244371642,42.770171074346564,7.421804602118744,7.623244441178596,0.1768678167470913,0.0018103448567034185,0.0,18.849927224475763,33.7991370325801,7.196735828087248,0,0.0,8.0,21.0,0.263,1,0.9748918,0.0,0.0,0.0,0.975,0.0,0.0,0.0,0.025,1,0.8660254037844386,0.5000000000000001,1.0,0.692646861076355
BV,DRH,2024-02-01,2024,2,5,513.0,0.5,201,2839.0,2.79,259,1016,0.1978,0.2549,16,1192,1,1192.0,0,4,2346.0,2346.0,4692.0,8.0,4.0,4.0,4,6.0,3.0,3.0,2346.0,2346.0,4692.0,0.0,0.0,16.0,0.0,0.0,7.689798846583942,0.20014367976236616,0.0005028735653593622,0.0,22.140228504207972,38.44344732268103,7.384913795124525,7.736140792611344,0.18936781722238694,0.0009051724283517092,0.0,21.793527588205432,39.285516127772716,7.50999136457498,0,0.0,8.0,21.0,0.263,0,0.0,0.0,0.0,0.0,0.0,0.0,0.0,0.0,1.0,1,0.8660254037844386,0.5000000000000001,1.0,0.6498959064483643
BL,HGV,2024-02-01,2024,2,14,606.0,0.58,265,2056.0,1.95,304,1053,0.2517,0.2887,16,1138,1,1138.0,0,4,2281.0,2281.0,4562.0,30.0,15.0,15.0,6,48.666666666666664,27.333333333333332,21.333333333333332,2281.0,2278.0,4559.0,1.0,0.2,24.0,0.5581106265512472,0.16666666666666666,7.177301929257382,0.16250000111544613,0.005531609069084984,0.0002011494207913163,19.03433694159505,34.176205994754,6.772129477526264,7.279203990450258,0.17600574920317907,0.004123563214537056,4.3103447312424924e-05,18.250699320058715,33.13086114464135,6.803916673036827,0,0.0,8.0,21.0,0.263,1,0.054131053,0.0,0.0,0.0,0.054,0.0,0.0,0.0,0.946,1,0.8660254037844386,0.5000000000000001,1.0,0.6072303652763367
BDPB,ZLW,2024-02-01,2024,2,10,1667.0,1.53,382,7530.0,6.89,505,1093,0.3495,0.462,0,1153,1,1153.0,0,4,2256.0,2226.0,4482.0,15.0,7.5,7.5,11,30.0,16.0,14.0,4158.53,4172.0,8330.529999999999,0.0,0.0,44.0,0.0,0.0,8.024103367594124,0.2024425294614215,0.0017097701329266887,0.0,18.94098461701952,35.62034386122364,7.663543095876431,8.035457089885899,0.18448275937859354,0.0002011494261437449,0.0,19.38358372723919,34.861550732590686,7.590557687584011,0,0.0,8.0,21.0,0.263,1,0.0,0.0,0.0,0.0,0.0,0.0,0.0,0.0,1.0,1,0.8660254037844386,0.5000000000000001,1.0,0.6052594780921936
BKL,AC,2024-02-01,2024,2,12,1510.0,1.13,714,8401.0,6.28,911,1338,0.5336,0.6809,50,1484,1,1484.0,0,8,3023.2,4127.6,7150.8,26.5,13.25,13.25,4,16.0,8.0,8.0,3009.0,3009.0,6018.0,0.0,0.0,32.0,0.0,0.0,7.807908034187624,0.1692528746936513,0.0006034482891360918,0.0,19.61013099242901,34.11413699457015,7.452089055858809,7.786497389640788,0.1859195409021501,0.000905172417646852,0.0,19.397305628691598,33.96051637400156,7.421554808644043,0,0.0,8.0,21.0,0.263,1,0.0,0.0,0.0,0.0,0.0,0.0,0.0,0.0,1.0,1,0.8660254037844386,0.5000000000000001,1.0,0.6735389232635498
AML,WDN,2024-02-01,2024,2,5,311.0,0.32,139,778.0,0.8,63,968,0.1436,0.0651,5,986,1,986.0,0,8,2713.0,3491.0,6204.0,30.0,15.0,15.0,4,13.0,6.5,6.5,1957.0,1169.0,3126.0,0.0,0.0,32.0,0.0,0.0,7.402514363521303,0.1665229887926373,0.0008045976938701224,8.620689462484985e-05,17.75485605720816,32.99327502168458,6.975574708361735,7.389514602892016,0.1665229887926373,0.0008045976938701224,8.620689462484985e-05,17.75485605720816,32.99327502168458,6.962574887378462,0,0.0,8.0,21.0,0.263,0,0.09297521,0.0,0.0,0.0,0.093,0.0,0.0,0.0,0.907,1,0.8660254037844386,0.5000000000000001,0.0,0.27389511466026306
DV,DVC,2024-02-01,2024,2,4,923.0,0.99,340,1428.0,1.54,247,929,0.366,0.2659,50,971,1,971.0,0,12,6499.0,6818.0,13317.0,29.666666666666668,14.833333333333334,14.833333333333334,4,19.0,9.5,9.5,1956.0,1855.0,3811.0,0.0,0.0,48.0,0.0,0.0,7.544411114871973,0.16982758706756707,0.0009051724069419948,0.0,17.909002355246365,33.56586113280949,7.173362237283553,7.537911052285725,0.16982758706756707,0.0009051724069419948,0.0,17.909002355246365,33.56586113280949,7.166862239097727,0,0.0,8.0,21.0,0.263,1,0.07534984,0.0,0.0,0.0,0.075,0.0,0.0,0.0,0.925,1,0.8660254037844386,0.5000000000000001,0.0,0.38939279317855835
ASDZ,DVD,2024-02-01,2024,2,4,465.0,0.71,178,2311.0,3.54,212,653,0.2726,0.3247,4,638,1,638.0,0,12,9561.0,9756.0,19317.0,26.333333333333332,13.166666666666666,13.166666666666666,15,20.482142857142858,11.625,8.857142857142858,7929.0,7864.0,15793.0,4.0,0.4,180.0,2.0069688756752315,0.5409090909090909,7.784063169347315,0.18448275994595098,0.0008045976938701224,0.0,19.06484791328167,35.49982660460746,7.477453973101474,7.7242987892247905,0.185775863006711,0.0012068965782721837,0.0,19.652092345144556,34.550688718242206,7.351884994013556,0,0.0,8.0,21.0,0.263,1,0.9984686,0.0,0.0,0.0015313936,0.998,0.0,0.0,0.002,0.0,1,0.8660254037844386,0.5000000000000001,1.0,0.6970333456993103
EHV,WT,2024-02-01,2024,2,28,3092.0,1.87,703,10968.0,6.63,864,1655,0.4248,0.5221,155,2231,1,2231.0,0,13,9126.0,11731.0,20857.0,33.14285714285714,15.0,18.142857142857142,5,45.66666666666667,26.0,19.666666666666668,4461.0,4959.0,9420.0,0.0,0.0,65.0,0.0,0.0,7.931632294276751,0.17887931181139302,0.0,0.0,16.72177018139554,32.92603351741001,7.561086280250001,7.816715416766104,0.15862069064858317,0.0002011494261437449,0.0,16.875221364457033,32.553102527541675,7.404790191814818,0,0.0,8.0,21.0,0.263,1,0.9993958,0.0,0.0,0.00060422963,0.999,0.0,0.0,0.001,0.0,1,0.8660254037844386,0.5000000000000001,1.0,0.5507134795188904
BET,BTL,2024-02-01,2024,2,10,1666.0,0.89,515,5036.0,2.68,598,1882,0.2736,0.3177,73,1897,1,1897.0,0,4,3778.0,3778.0,7556.0,19.0,9.5,9.5,6,18.0,9.0,9.0,3778.0,3778.0,7556.0,0.0,0.0,24.0,0.0,0.0,7.892060426481325,0.18318965588963923,0.00010057471307187245,0.0,17.664416737297827,33.522412809147234,7.50154312862747,7.9244971108440865,0.19037356453508825,0.0,0.0,17.928046291244442,33.97241290821426,7.523419544614595,0,0.0,8.0,21.0,0.263,1,0.0,0.0,0.0,0.0005313496,0.0,0.0,0.0,0.001,0.999,1,0.8660254037844386,0.5000000000000001,1.0,0.6418452262878418
ASHD,AC,2024-02-01,2024,2,4,1924.0,1.36,789,8677.0,6.15,964,1412,0.5588,0.6827,8,1525,1,1525.0,0,4,3009.0,3009.0,6018.0,5.0,2.5,2.5,4,16.0,8.0,8.0,3009.0,3009.0,6018.0,0.0,0.0,16.0,0.0,0.0,7.779997326112513,0.1859195409021501,0.000905172417646852,0.0,19.397305628691598,33.96051637400156,7.41505480189433,7.786497389640788,0.1859195409021501,0.000905172417646852,0.0,19.397305628691598,33.96051637400156,7.421554808644043,0,0.0,8.0,21.0,0.263,1,0.0,0.0,0.0,0.0028328612,0.0,0.0,0.0,0.003,0.997,1,0.8660254037844386,0.5000000000000001,1.0,0.5953795909881592
PT,EML,2024-02-01,2024,2,5,1151.0,1.11,538,1636.0,1.58,550,1034,0.5203,0.5319,16,1103,1,1103.0,0,4,2225.0,2225.0,4450.0,12.0,6.0,6.0,4,9.0,4.5,4.5,2226.0,2225.0,4451.0,0.0,0.0,16.0,0.0,0.0,7.622503007194776,0.19267241478009128,0.007844827544672051,0.0,18.331629160149344,34.614826704065,7.196856405714462,7.564002898061412,0.19267241478009128,0.007844827544672051,0.0,18.331629160149344,34.614826704065,7.138356349420273,0,0.0,8.0,21.0,0.263,1,0.0,0.0,0.0,0.0,0.0,0.0,0.0,0.0,1.0,1,0.8660254037844386,0.5000000000000001,1.0,0.502799391746521
ZVB,ODB,2024-02-01,2024,2,8,1085.0,1.21,463,3536.0,3.95,509,895,0.5173,0.5687,0,963,1,963.0,0,4,1869.0,1856.0,3725.0,16.0,8.0,8.0,3,15.5,7.5,8.0,1869.0,906.0,2775.0,0.0,0.0,12.0,0.0,0.0,8.048603644337634,0.1869252888357331,0.0023132183471287803,0.0,19.30770479433838,35.56241279634936,7.68093124751387,7.995945594923827,0.20100574823760095,0.0015086207067829438,0.0,19.154430833270496,34.93965422353525,7.598028930781902,0,0.0,8.0,21.0,0.263,1,0.017877094,0.0,0.0,0.0,0.018,0.0,0.0,0.0,0.982,1,0.8660254037844386,0.5000000000000001,0.0,0.2969250977039337
HDE,NS,2024-02-01,2024,2,9,884.0,0.91,361,1166.0,1.2,362,971,0.3718,0.3728,6,1114,1,1114.0,0,4,2217.0,2218.0,4435.0,18.0,9.0,9.0,5,30.5,10.5,20.0,2218.0,2223.8,4441.8,0.0,0.0,20.0,0.0,0.0,7.5471207110703675,0.1758620697769454,0.003318965488552362,0.00015804597347889138,18.96977649851777,33.67344746199147,7.078370718606587,7.587221193330726,0.18879310390644374,0.004224137970428357,0.00015804597347889138,18.981467214466512,34.956206016841975,7.203384954353859,0,0.0,8.0,21.0,0.263,1,0.0051493305,0.0,0.0,0.0,0.005,0.0,0.0,0.0,0.995,1,0.8660254037844386,0.5000000000000001,1.0,0.600662887096405
SSH,LEDN,2024-02-01,2024,2,8,1461.0,1.34,433,3319.0,3.04,473,1093,0.3962,0.4328,0,1154,1,1154.0,0,4,2841.0,2571.0,5412.0,19.0,9.5,9.5,18,35.33333333333333,18.444444444444443,16.88888888888889,12235.0,12890.0,25125.0,0.0,0.0,72.0,0.0,0.0,7.923781858692909,0.19870689765004249,0.0007040229915031072,0.0,20.98250385228245,37.80413692915577,7.564227247032626,7.9042815178547094,0.19870689765004249,0.0007040229915031072,0.0,20.98250385228245,37.80413692915577,7.54472698391169,0,0.0,8.0,21.0,0.263,1,0.0,0.0,0.0,0.0,0.0,0.0,0.0,0.0,1.0,1,0.8660254037844386,0.5000000000000001,1.0,0.6370971202850342
OW,O,2024-02-01,2024,2,1,1864.0,1.73,813,6688.0,6.2,882,1079,0.7535,0.8174,0,1143,1,1143.0,0,4,2326.0,2326.0,4652.0,12.0,6.0,6.0,8,26.0,13.0,13.0,4650.0,4682.0,9332.0,0.0,0.0,32.0,0.0,0.0,7.834445449191777,0.18333333454512316,0.0,0.0,18.586057848971464,33.99465421835581,7.479632203948909,7.821445320615138,0.18333333454512316,0.0,0.0,18.586057848971464,33.99465421835581,7.466632191477151,0,0.0,8.0,21.0,0.263,1,0.0,0.0,0.0,0.00092678407,0.0,0.0,0.0,0.001,0.999,1,0.8660254037844386,0.5000000000000001,1.0,0.6645706295967102
RTZ,RLB,2024-02-01,2024,2,3,1193.0,0.65,381,4375.0,2.4,451,1824,0.2089,0.2473,20,1904,1,1904.0,0,6,3837.0,3837.0,7674.0,4.666666666666667,2.3333333333333335,2.3333333333333335,6,6.0,3.0,3.0,3843.0,3843.0,7686.0,1.0,0.2,36.0,0.9102392266268373,0.3333333333333333,7.983741279563,0.1737068971704649,0.0024137930280860812,0.0,19.48743032107408,35.72896461925287,7.653281549612681,8.029488582891979,0.17198275992025933,0.00010057471307187245,0.0,19.675502311909337,35.071033541155956,7.664043114788231,0,0.0,8.0,21.0,0.263,0,0.0,0.0,0.0,0.0,0.0,0.0,0.0,0.0,1.0,1,0.8660254037844386,0.5000000000000001,1.0,0.5486651062965393
ZD,KZ,2024-02-01,2024,2,2,1881.0,1.24,697,9089.0,5.99,846,1518,0.4592,0.5573,30,1492,1,1492.0,0,12,8412.09,7973.03,16385.12,22.333333333333332,11.166666666666666,11.166666666666666,4,3.0,1.5,1.5,2979.0,2979.0,5958.0,0.0,0.0,48.0,0.0,0.0,7.769184184870843,0.2002873577969684,0.001609195398445102,0.0,18.6796912191243,33.6486197381184,7.364658257056927,7.745008565461392,0.2034482769989248,0.0015086206853732295,0.0,19.086218018983974,34.110516342623484,7.358514369733032,0,0.0,8.0,21.0,0.263,1,0.0131752305,0.0,0.0,0.0,0.013,0.0,0.0,0.0,0.987,1,0.8660254037844386,0.5000000000000001,1.0,0.6160653233528137
BET,EHS,2024-02-01,2024,2,9,2723.0,1.46,866,6063.0,3.25,950,1865,0.4643,0.5094,37,1881,1,1881.0,0,4,3778.0,3778.0,7556.0,19.0,9.5,9.5,4,10.0,5.0,5.0,3778.0,3342.0,7120.0,0.0,0.0,16.0,0.0,0.0,7.892060426481325,0.18318965588963923,0.00010057471307187245,0.0,17.664416737297827,33.522412809147234,7.50154312862747,7.866632096747729,0.17887931181139302,0.0,0.0,16.72177018139554,32.92603351741001,7.496086209327325,0,0.0,8.0,21.0,0.263,1,0.0,0.0,0.0,0.0,0.0,0.0,0.0,0.0,1.0,1,0.8660254037844386,0.5000000000000001,1.0,0.5515134334564209
GN,GERP,2024-02-01,2024,2,2,397.0,0.31,158,1470.0,1.14,43,1294,0.1221,0.0332,35,1355,1,1355.0,0,2,0.0,2477.0,2477.0,15.0,0.0,15.0,3,7.0,3.0,4.0,2683.0,1355.0,4038.0,0.0,0.0,6.0,0.0,0.0,7.156008781768896,0.17887931234663587,0.0037212643836592807,0.0002155172365621246,19.114416601842848,35.208102523595436,6.779643841858568,7.188508828010025,0.17887931234663587,0.0037212643836592807,0.0002155172365621246,19.114416601842848,35.208102523595436,6.812143828677035,0,0.0,8.0,21.0,0.263,0,0.04404946,0.0,0.0,0.0,0.044,0.0,0.0,0.0,0.956,1,0.8660254037844386,0.5000000000000001,0.0,0.18469493091106415
BHV,UTO,2024-02-01,2024,2,6,1393.0,0.73,548,2041.0,1.07,561,1902,0.2881,0.295,2,2018,1,2018.0,0,5,4008.2,3992.0,8000.2,13.166666666666666,8.666666666666666,4.5,8,18.266666666666666,8.6,9.666666666666666,7554.29,3763.0,11317.29,1.0,0.14285714285714285,40.0,1.4426950408889634,0.5,7.76695715182129,0.17298850681547118,0.0006034482998409491,0.0,18.6974703446887,35.08086110052021,7.454097929014557,7.805956917547289,0.17298850681547118,0.0006034482998409491,0.0,18.6974703446887,35.08086110052021,7.493097733834694,0,0.0,8.0,21.0,0.263,1,0.0,0.0,0.0,0.0,0.0,0.0,0.0,0.0,1.0,1,0.8660254037844386,0.5000000000000001,1.0,0.5396730303764343
PT,NKK,2024-02-01,2024,2,7,809.0,0.77,268,1259.0,1.19,280,1055,0.254,0.2654,0,1122,1,1122.0,0,4,2225.0,2225.0,4450.0,12.0,6.0,6.0,6,17.0,7.666666666666667,9.333333333333334,2255.0,2255.0,4510.0,0.0,0.0,24.0,0.0,0.0,7.622503007194776,0.19267241478009128,0.007844827544672051,0.0,18.331629160149344,34.614826704065,7.196856405714462,7.67747981364614,0.19195402402901787,0.007744252649617606,0.0,18.23156771029549,32.86034394680769,7.223528722750729,0,0.0,8.0,21.0,0.263,1,0.0009478673,0.0,0.0,0.0,0.001,0.0,0.0,0.0,0.999,1,0.8660254037844386,0.5000000000000001,1.0,0.6717057228088379
RTZ,RTST,2024-02-01,2024,2,1,31.0,1.24,14,121.0,4.84,16,25,0.56,0.64,0,15,1,15.0,0,6,3837.0,3837.0,7674.0,4.666666666666667,2.3333333333333335,2.3333333333333335,5,3.8333333333333335,1.5,2.3333333333333335,37.0,58.0,95.0,2.0,0.5,30.0,1.631586747071319,0.5833333333333333,7.983741279563,0.1737068971704649,0.0024137930280860812,0.0,19.48743032107408,35.72896461925287,7.653281549612681,8.02274158858191,0.1737068971704649,0.0024137930280860812,0.0,19.48743032107408,35.72896461925287,7.692281814142206,0,0.0,8.0,21.0,0.263,1,0.0,0.0,0.0,0.0,0.0,0.0,0.0,0.0,1.0,1,0.8660254037844386,0.5000000000000001,0.0,0.41215869784355164
EHV,HM,2024-02-01,2024,2,13,2360.0,1.62,535,9851.0,6.77,747,1455,0.3677,0.5134,107,1637,1,1637.0,0,13,9126.0,11731.0,20857.0,33.14285714285714,15.0,18.142857142857142,8,12.0,6.0,6.0,4702.0,4526.0,9228.0,0.0,0.0,104.0,0.0,0.0,7.931632294276751,0.17887931181139302,0.0,0.0,16.72177018139554,32.92603351741001,7.561086280250001,7.797083423612104,0.1745689662879911,0.0,0.0,17.15544297332051,32.564481927060534,7.409798884700084,0,0.0,8.0,21.0,0.263,1,1.0,0.0,0.0,0.0,1.0,0.0,0.0,0.0,0.0,1,0.8660254037844386,0.5000000000000001,1.0,0.5286827683448792
SHL,ASB,2024-02-01,2024,2,17,4.0,0.36,2,150.0,13.64,5,11,0.1818,0.4545,11,4,8,0.5,0,17,15111.880000000001,12163.5,27275.38,44.65277777777778,22.77777777777778,21.875,21,23.072727272727274,11.272727272727273,11.8,8163.6,7446.7,15610.3,2.0,0.1111111111111111,357.0,0.9751430179754935,0.25757575757575757,7.797063449140767,0.18448275994595098,0.0008045976938701224,0.0,19.06484791328167,35.49982660460746,7.490454212002371,7.711299040285207,0.185775863006711,0.0012068965782721837,0.0,19.652092345144556,34.550688718242206,7.33888520249005,0,0.0,8.0,21.0,0.263,1,1.0,0.0,0.0,0.0,1.0,0.0,0.0,0.0,0.0,1,0.8660254037844386,0.5000000000000001,0.0,0.41004812717437744
EHV,HMBV,2024-02-01,2024,2,10,546.0,0.6,146,2624.0,2.89,429,908,0.1608,0.4725,69,921,1,921.0,0,13,9126.0,11731.0,20857.0,33.14285714285714,15.0,18.142857142857142,4,12.0,6.0,6.0,1849.0,1819.0,3668.0,0.0,0.0,52.0,0.0,0.0,7.931632294276751,0.17887931181139302,0.0,0.0,16.72177018139554,32.92603351741001,7.561086280250001,7.837643670721044,0.17500000098056492,0.0,0.0,16.91680568298218,32.585688721174485,7.447270116586795,0,0.0,8.0,21.0,0.263,1,0.0,0.0,0.0,0.0,0.0,0.0,0.0,0.0,1.0,1,0.8660254037844386,0.5000000000000001,0.0,0.2322542667388916
SHL,RTD,2024-02-01,2024,2,67,2313.0,1.92,586,14981.0,12.44,839,1204,0.4867,0.6968,871,1284,1,1284.0,0,17,15111.880000000001,12163.5,27275.38,44.65277777777778,22.77777777777778,21.875,15,54.7,27.2,27.5,11829.0,16484.0,28313.0,1.0,0.05555555555555555,255.0,0.45511961331341866,0.1111111111111111,7.797063449140767,0.18448275994595098,0.0008045976938701224,0.0,19.06484791328167,35.49982660460746,7.490454212002371,8.009741300353031,0.1737068971704649,0.0024137930280860812,0.0,19.48743032107408,35.72896461925287,7.679281567019978,0,0.0,8.0,21.0,0.263,1,0.0,1.0,0.0,0.0,0.0,1.0,0.0,0.0,0.0,1,0.8660254037844386,0.5000000000000001,1.0,0.5425219535827637
ZD,CAS,2024-02-01,2024,2,17,1423.0,0.92,391,7262.0,4.72,541,1539,0.2541,0.3515,44,1658,1,1658.0,0,12,8412.09,7973.03,16385.12,22.333333333333332,11.166666666666666,11.166666666666666,10,25.2,12.6,12.6,5820.0,5396.83,11216.83,0.0,0.0,120.0,0.0,0.0,7.769184184870843,0.2002873577969684,0.001609195398445102,0.0,18.6796912191243,33.6486197381184,7.364658257056927,7.658261490134715,0.1981321859077133,0.001106321843790597,0.0,22.700928221317543,39.04137821375639,7.3362068867888945,0,0.0,8.0,21.0,0.263,1,1.0,0.0,0.0,0.0,1.0,0.0,0.0,0.0,0.0,1,0.8660254037844386,0.5000000000000001,1.0,0.703863799571991
SHL,ASDL,2024-02-01,2024,2,12,2722.0,1.47,733,6468.0,3.5,896,1848,0.3966,0.4848,1287,1697,1,1697.0,0,17,15111.880000000001,12163.5,27275.38,44.65277777777778,22.77777777777778,21.875,4,15.0,7.5,7.5,3438.0,3437.0,6875.0,1.0,0.1,68.0,0.45511961331341866,0.1111111111111111,7.797063449140767,0.18448275994595098,0.0008045976938701224,0.0,19.06484791328167,35.49982660460746,7.490454212002371,7.790563387592891,0.18448275994595098,0.0008045976938701224,0.0,19.06484791328167,35.49982660460746,7.483954205252658,0,0.0,8.0,21.0,0.263,1,0.0,0.0,0.0,0.0,0.0,0.0,0.0,0.0,1.0,1,0.8660254037844386,0.5000000000000001,0.0,0.3222692012786865
HLMS,HLM,2024-02-01,2024,2,1,2276.0,1.21,941,4992.0,2.64,1004,1888,0.4984,0.5318,0,2212,1,2212.0,0,4,4608.0,4527.0,9135.0,8.0,4.0,4.0,13,19.142857142857142,8.0,11.142857142857142,8655.83,9962.88,18618.71,0.0,0.0,52.0,0.0,0.0,7.768640864640474,0.18936781722238694,0.0009051724283517092,0.0,21.793527588205432,39.285516127772716,7.542491394212877,7.716640995365792,0.18936781722238694,0.0009051724283517092,0.0,21.793527588205432,39.285516127772716,7.490491575550759,0,0.0,8.0,21.0,0.263,1,0.000529661,0.0,0.0,0.0,0.001,0.0,0.0,0.0,0.999,1,0.8660254037844386,0.5000000000000001,1.0,0.6642733216285706
NM,EST,2024-02-01,2024,2,8,7.0,0.39,3,1.0,0.06,1,18,0.1667,0.0556,0,17,1,17.0,0,9,4658.0,7464.0,12122.0,22.75,11.75,11.0,7,14.25,7.25,7.0,3361.0,3288.0,6649.0,2.0,0.2857142857142857,63.0,1.9565933832587141,0.6428571428571428,7.718212588015815,0.17327586378388363,0.0,0.0,17.2625296551777,33.63672327858278,7.39579885136122,7.707065923075223,0.1817528748049818,0.00010057471307187245,0.0,17.506133634468604,33.852930068284614,7.399666480805682,0,0.0,8.0,21.0,0.263,0,1.0,0.0,0.0,0.0,1.0,0.0,0.0,0.0,0.0,1,0.8660254037844386,0.5000000000000001,1.0,0.5912038683891296
UT,KLP,2024-02-01,2024,2,34,291.0,0.36,83,2580.0,3.15,168,818,0.1015,0.2054,34,1039,1,1039.0,0,31,22408.09,33103.8,55511.89,43.03846153846154,21.53846153846154,21.5,6,42.0,21.0,21.0,2511.0,2487.0,4998.0,2.0,0.1,186.0,1.2426698691192237,0.4,7.762977176527867,0.1790229899102244,0.001910919526955862,0.0,18.63424655966375,34.2796542658203,7.414988690751723,7.664500045263605,0.1820402305423357,0.0014080459937110715,0.0,17.743596754368696,33.28655083768669,7.248408098330443,0,0.0,8.0,21.0,0.263,0,1.0,0.0,0.0,0.0,1.0,0.0,0.0,0.0,0.0,1,0.8660254037844386,0.5000000000000001,0.0,0.45460253953933716
HFD,SHL,2024-02-01,2024,2,5,4080.0,1.3,1297,7029.0,2.25,581,3127,0.4148,0.1858,76,3000,1,3000.0,0,4,2846.0,4423.0,7269.0,10.0,5.0,5.0,17,44.65277777777778,22.77777777777778,21.875,15111.880000000001,12163.5,27275.38,0.0,0.0,68.0,0.0,0.0,7.8910201106263305,0.1925287369809959,0.0014080460044159286,0.0,19.626304683329046,35.84379217747984,7.5637212638882385,7.797063449140767,0.18448275994595098,0.0008045976938701224,0.0,19.06484791328167,35.49982660460746,7.490454212002371,0,0.0,8.0,21.0,0.263,0,0.0,0.0,0.0,0.0,0.0,0.0,0.0,0.0,1.0,1,0.8660254037844386,0.5000000000000001,1.0,0.5749834179878235
LW,HR,2024-02-01,2024,2,29,210.0,0.21,98,3810.0,3.86,124,987,0.0993,0.1256,18,1108,1,1108.0,0,3,0.0,2104.5,2104.5,20.0,0.0,20.0,7,34.083333333333336,18.75,15.333333333333334,4179.0,3042.0,7221.0,1.0,0.16666666666666666,21.0,0.9102392266268373,0.3333333333333333,7.201189849292859,0.1742816105506372,0.005330459717875239,0.0001724137892496997,18.96358328817905,34.22017154337346,6.806362270966344,7.286028693076865,0.1885057475910276,0.0056321837821568565,0.0002011494207913163,20.16087631076232,35.23344726946162,6.908298871640501,0,0.0,8.0,21.0,0.263,0,1.0,0.0,0.0,0.0,1.0,0.0,0.0,0.0,0.0,1,0.8660254037844386,0.5000000000000001,0.0,0.3056774139404297
PMO,PMR,2024-02-01,2024,2,1,862.0,0.93,564,2837.0,3.05,595,929,0.6071,0.6405,5,1027,1,1027.0,0,4,2043.0,1684.0,3727.0,19.0,9.5,9.5,8,20.5,10.25,10.25,2102.0,2102.0,4204.0,1.0,0.2,32.0,0.5581106265512472,0.16666666666666666,7.716919481561615,0.18160919625654645,0.00442528728952353,2.8735631541616615e-05,21.740005351431755,36.89275757882787,7.419864929784303,7.690919458919644,0.18160919625654645,0.00442528728952353,2.8735631541616615e-05,21.740005351431755,36.89275757882787,7.39386490689612,0,0.0,8.0,21.0,0.263,1,0.030139936,0.0,0.0,0.0,0.03,0.0,0.0,0.0,0.97,1,0.8660254037844386,0.5000000000000001,0.0,0.43697819113731384
NM,NML,2024-02-01,2024,2,1,1442.0,0.88,408,5483.0,3.36,611,1632,0.25,0.3744,73,1637,1,1637.0,0,9,4658.0,7464.0,12122.0,22.75,11.75,11.0,4,8.0,4.0,4.0,3271.0,2812.0,6083.0,1.0,0.16666666666666666,36.0,0.7213475204444817,0.25,7.718212588015815,0.17327586378388363,0.0,0.0,17.2625296551777,33.63672327858278,7.39579885136122,7.757212736370877,0.17327586378388363,0.0,0.0,17.2625296551777,33.63672327858278,7.4347988815828305,0,0.0,8.0,21.0,0.263,1,0.03492647,0.0,0.0,0.0,0.035,0.0,0.0,0.0,0.965,1,0.8660254037844386,0.5000000000000001,1.0,0.6035406589508057
UT,ASA,2024-02-01,2024,2,33,1972.0,0.88,490,11941.0,5.33,667,2242,0.2186,0.2975,103,2914,1,2914.0,0,31,22408.09,33103.8,55511.89,43.03846153846154,21.53846153846154,21.5,10,18.8,9.4,9.4,9207.0,9107.0,18314.0,3.0,0.14285714285714285,310.0,1.3149631298114803,0.3068181818181818,7.762977176527867,0.1790229899102244,0.001910919526955862,0.0,18.63424655966375,34.2796542658203,7.414988690751723,7.763299092404202,0.185775863006711,0.0012068965782721837,0.0,19.652092345144556,34.550688718242206,7.390885255117526,0,0.0,8.0,21.0,0.263,1,1.0,0.0,0.0,0.0,1.0,0.0,0.0,0.0,0.0,1,0.8660254037844386,0.5000000000000001,0.0,0.4261326193809509
LW,AKM,2024-02-01,2024,2,18,3.0,0.75,2,0.0,0.0,0,4,0.5,0.0,0,4,8,0.5,0,3,0.0,2104.5,2104.5,20.0,0.0,20.0,5,19.333333333333336,11.333333333333334,8.0,1922.5,1922.0,3844.5,2.0,0.5,15.0,2.164042561333445,0.75,7.201189849292859,0.1742816105506372,0.005330459717875239,0.0001724137892496997,18.96358328817905,34.22017154337346,6.806362270966344,7.292428122854781,0.18994252998167757,0.006336206795069678,0.0001724137892496997,20.20754164320299,34.93861973080142,6.909094863581932,0,0.0,8.0,21.0,0.263,0,1.0,0.0,0.0,0.0,1.0,0.0,0.0,0.0,0.0,1,0.8660254037844386,0.5000000000000001,0.0,0.30918461084365845
NM,AH,2024-02-01,2024,2,19,1994.0,0.78,686,10556.0,4.11,748,2567,0.2672,0.2914,81,2865,1,2865.0,0,9,4658.0,7464.0,12122.0,22.75,11.75,11.0,14,21.714285714285715,10.857142857142858,10.857142857142858,7830.0,8120.0,15950.0,1.0,0.09090909090909091,126.0,0.7213475204444817,0.25,7.718212588015815,0.17327586378388363,0.0,0.0,17.2625296551777,33.63672327858278,7.39579885136122,7.476301933702981,0.19137931162298755,0.0004022988522874898,0.0,17.842594130970966,33.56327501384691,7.157480054888232,0,0.0,8.0,21.0,0.263,1,1.0,0.0,0.0,0.0,1.0,0.0,0.0,0.0,0.0,1,0.8660254037844386,0.5000000000000001,1.0,0.7458415031433105
NM,NMGO,2024-02-01,2024,2,3,823.0,0.49,290,7437.0,4.44,361,1675,0.1731,0.2155,74,1770,1,1770.0,0,9,4658.0,7464.0,12122.0,22.75,11.75,11.0,4,5.0,2.5,2.5,3531.0,2898.0,6429.0,0.0,0.0,36.0,0.0,0.0,7.718212588015815,0.17327586378388363,0.0,0.0,17.2625296551777,33.63672327858278,7.39579885136122,7.715276023811907,0.17729885182503996,0.0005028735546545051,0.0,17.99581133805472,33.45930944777083,7.375836398409701,0,0.0,8.0,21.0,0.263,0,0.0,0.0,0.0,0.0,0.0,0.0,0.0,0.0,1.0,1,0.8660254037844386,0.5000000000000001,1.0,0.6290110349655151
UT,DB,2024-02-01,2024,2,12,975.0,0.93,321,4270.0,4.08,338,1046,0.3069,0.3231,60,1241,1,1241.0,0,31,22408.09,33103.8,55511.89,43.03846153846154,21.53846153846154,21.5,10,30.0,15.0,15.0,4727.0,4890.0,9617.0,3.0,0.14285714285714285,310.0,2.441813387813286,0.8666666666666667,7.762977176527867,0.1790229899102244,0.001910919526955862,0.0,18.63424655966375,34.2796542658203,7.414988690751723,7.763640571663949,0.18074712731029796,0.0016091954519693878,0.0,18.6350294649601,35.09120587781928,7.469172229712036,0,0.0,8.0,21.0,0.263,1,1.0,0.0,0.0,0.0,1.0,0.0,0.0,0.0,0.0,1,0.8660254037844386,0.5000000000000001,0.0,0.39685070514678955
UT,WD,2024-02-01,2024,2,16,2390.0,1.15,623,4800.0,2.32,147,2073,0.3005,0.0709,64,2267,1,2267.0,0,31,22408.09,33103.8,55511.89,43.03846153846154,21.53846153846154,21.5,12,28.0,14.0,14.0,9624.0,9583.0,19207.0,2.0,0.08695652173913043,372.0,1.391137573589825,0.4583333333333333,7.762977176527867,0.1790229899102244,0.001910919526955862,0.0,18.63424655966375,34.2796542658203,7.414988690751723,7.876948507524085,0.16824712770209574,0.000905172417646852,0.0,19.3549097337942,34.25637831153541,7.4895203182067,0,0.0,8.0,21.0,0.263,0,0.0,0.0,0.0,0.0,0.0,0.0,0.0,0.0,1.0,1,0.8660254037844386,0.5000000000000001,0.0,0.4623345732688904
UT,DVD,2024-02-01,2024,2,31,1.0,0.1,1,60.0,6.0,1,10,0.1,0.1,0,8,1,8.0,0,31,22408.09,33103.8,55511.89,43.03846153846154,21.53846153846154,21.5,15,20.482142857142858,11.625,8.857142857142858,7929.0,7864.0,15793.0,3.0,0.125,465.0,1.4726618078871099,0.3909090909090909,7.762977176527867,0.1790229899102244,0.001910919526955862,0.0,18.63424655966375,34.2796542658203,7.414988690751723,7.7242987892247905,0.185775863006711,0.0012068965782721837,0.0,19.652092345144556,34.550688718242206,7.351884994013556,0,0.0,8.0,21.0,0.263,0,1.0,0.0,0.0,0.0,1.0,0.0,0.0,0.0,0.0,1,0.8660254037844386,0.5000000000000001,0.0,0.4225289225578308
UT,GD,2024-02-01,2024,2,32,2236.0,0.67,671,11667.0,3.48,937,3349,0.2004,0.2798,201,3852,1,3852.0,0,31,22408.09,33103.8,55511.89,43.03846153846154,21.53846153846154,21.5,14,32.5,18.0,14.5,14031.0,10490.0,24521.0,1.0,0.038461538461538464,434.0,0.5581106265512472,0.16666666666666666,7.762977176527867,0.1790229899102244,0.001910919526955862,0.0,18.63424655966375,34.2796542658203,7.414988690751723,8.001655445701774,0.17241379418463884,0.0025143677625676683,0.0,20.040493045045043,36.05689569519854,7.717244484301271,0,0.0,8.0,21.0,0.263,1,1.0,0.0,0.0,0.0,1.0,0.0,0.0,0.0,0.0,1,0.8660254037844386,0.5000000000000001,1.0,0.5051860213279724
HIL,HAD,2024-02-01,2024,2,7,597.0,0.54,314,1514.0,1.38,332,1101,0.2852,0.3015,0,1155,1,1155.0,0,4,2265.0,2265.0,4530.0,17.0,8.5,8.5,6,24.0,12.0,12.0,6386.0,5078.0,11464.0,0.0,0.0,24.0,0.0,0.0,7.6542730214952055,0.1955459776238121,0.0021120690494433217,0.0,26.074302640111966,34.696550733741674,6.663252609899675,7.819255991292925,0.18505747194519673,0.000905172417646852,0.0,20.817422294753722,37.41620586041746,7.515807701595898,0,0.0,8.0,21.0,0.263,1,0.0,0.0,0.0,0.0,0.0,0.0,0.0,0.0,1.0,1,0.8660254037844386,0.5000000000000001,1.0,0.6214868426322937
HMBV,EHV,2024-02-01,2024,2,10,1053.0,1.18,381,2837.0,3.17,418,895,0.4257,0.467,0,896,1,896.0,0,4,1849.0,1819.0,3668.0,12.0,6.0,6.0,13,33.14285714285714,15.0,18.142857142857142,9126.0,11731.0,20857.0,0.0,0.0,52.0,0.0,0.0,7.837643670721044,0.17500000098056492,0.0,0.0,16.91680568298218,32.585688721174485,7.447270116586795,7.931632294276751,0.17887931181139302,0.0,0.0,16.72177018139554,32.92603351741001,7.561086280250001,0,0.0,8.0,21.0,0.263,1,0.0011173184,0.0,0.0,0.0,0.001,0.0,0.0,0.0,0.999,1,0.8660254037844386,0.5000000000000001,0.0,0.4963395595550537
TB,HT,2024-02-01,2024,2,22,2050.0,0.97,696,11415.0,5.41,1178,2109,0.33,0.5586,141,2258,1,2258.0,0,9,9337.0,6703.0,16040.0,30.8,17.8,13.0,13,40.85714285714286,21.0,19.857142857142858,11021.0,13086.0,24107.0,1.0,0.09090909090909091,117.0,0.5138983423697507,0.14285714285714285,7.918002760150181,0.19885057607001957,0.0005028735653593622,0.0,18.36264716688244,34.79275769269329,7.545229848088889,7.932258889849844,0.18275862130411397,0.0002011494261437449,0.0,18.33120644914693,33.59586120953505,7.569615160939337,0,0.0,8.0,21.0,0.263,1,0.5135135,0.0,0.0,0.00047415838,0.514,0.0,0.0,0.0,0.486,1,0.8660254037844386,0.5000000000000001,1.0,0.7930979132652283
UTG,CAS,2024-02-01,2024,2,4,1021.0,0.88,411,3005.0,2.59,285,1158,0.3549,0.2461,28,1209,1,1209.0,0,6,2441.0,3888.0,6329.0,8.0,4.0,4.0,10,25.2,12.6,12.6,5820.0,5396.83,11216.83,0.0,0.0,60.0,0.0,0.0,7.658261490134715,0.1981321859077133,0.001106321843790597,0.0,22.700928221317543,39.04137821375639,7.3362068867888945,7.658261490134715,0.1981321859077133,0.001106321843790597,0.0,22.700928221317543,39.04137821375639,7.3362068867888945,0,0.0,8.0,21.0,0.263,0,0.027633851,0.0,0.0,0.00086355786,0.028,0.0,0.0,0.001,0.971,1,0.8660254037844386,0.5000000000000001,1.0,0.576643705368042
WM,KMA,2024-02-01,2024,2,2,1911.0,1.26,741,9811.0,6.45,1156,1521,0.4872,0.76,50,1492,1,1492.0,0,6,2984.0299999999997,2984.09,5968.12,7.333333333333333,3.6666666666666665,3.6666666666666665,4,7.0,3.5,3.5,2979.0,1536.0,4515.0,0.0,0.0,24.0,0.0,0.0,7.745008565461392,0.2034482769989248,0.0015086206853732295,0.0,19.086218018983974,34.110516342623484,7.358514369733032,7.702798596294276,0.20014367976236616,0.0005028735653593622,0.0,22.140228504207972,38.44344732268103,7.397913594184251,0,0.0,8.0,21.0,0.263,1,0.015779093,0.0,0.0,0.0,0.016,0.0,0.0,0.0,0.984,1,0.8660254037844386,0.5000000000000001,0.0,0.41878730058670044
HMH,HMBV,2024-02-01,2024,2,2,1364.0,1.49,511,3145.0,3.43,547,917,0.5573,0.5965,0,928,1,928.0,0,4,1848.0,1849.0,3697.0,3.0,1.5,1.5,4,12.0,6.0,6.0,1849.0,1819.0,3668.0,0.0,0.0,16.0,0.0,0.0,7.797083423612104,0.1745689662879911,0.0,0.0,17.15544297332051,32.564481927060534,7.409798884700084,7.837643670721044,0.17500000098056492,0.0,0.0,16.91680568298218,32.585688721174485,7.447270116586795,0,0.0,8.0,21.0,0.263,1,0.0010905125,0.0,0.0,0.0,0.001,0.0,0.0,0.0,0.999,1,0.8660254037844386,0.5000000000000001,0.0,0.24740678071975708
ESK,HGL,2024-02-01,2024,2,4,133.0,0.65,40,337.0,1.65,45,204,0.1961,0.2206,0,210,1,210.0,0,3,395.0,210.0,605.0,8.0,4.0,4.0,7,15.416666666666668,7.75,7.666666666666667,2715.0,1545.0,4260.0,1.0,0.2,21.0,1.4426950408889634,0.5,7.304925464540613,0.16982758669289708,0.00040229886299234695,0.0,17.323984890319835,32.940516327646954,6.900471444702012,7.363425066828428,0.16982758669289708,0.00040229886299234695,0.0,17.323984890319835,32.940516327646954,6.958971096866432,0,0.0,8.0,21.0,0.263,0,0.073529415,0.0,0.0,0.0,0.074,0.0,0.0,0.0,0.926,1,0.8660254037844386,0.5000000000000001,0.0,0.24088865518569946
VS,MDB,2024-02-01,2024,2,6,105.0,0.3,39,2640.0,7.59,85,348,0.1121,0.2443,12,301,1,301.0,0,2,0.0,1473.0,1473.0,3.5,0.0,3.5,7,17.833333333333336,8.5,9.333333333333334,2919.0,2624.0,5543.0,1.0,0.2,14.0,1.4426950408889634,0.5,8.210244143146207,0.17083333443379264,0.00010057471307187245,0.0,19.18658113411103,34.741550822367614,7.738189591758553,8.296298929158299,0.18290229930660162,0.0010057471307187245,0.0,22.884678865301197,42.08844723920713,8.039546028635968,0,0.0,8.0,21.0,0.263,0,1.0,0.0,0.0,0.0,1.0,0.0,0.0,0.0,0.0,1,0.8660254037844386,0.5000000000000001,0.0,0.35032129287719727
ZP,DV,2024-02-01,2024,2,16,846.0,1.0,311,4379.0,5.2,268,842,0.3694,0.3183,5,1208,1,1208.0,0,6,2379.0,3383.0,5762.0,24.0,12.0,12.0,12,29.666666666666668,14.833333333333334,14.833333333333334,6499.0,6818.0,13317.0,0.0,0.0,72.0,0.0,0.0,7.615468499261415,0.17557471388972354,0.001206896535452755,0.0,18.26987829239204,33.55913704839246,7.183500065029352,7.544411114871973,0.16982758706756707,0.0009051724069419948,0.0,17.909002355246365,33.56586113280949,7.173362237283553,0,0.0,8.0,21.0,0.263,1,0.9988124,0.0,0.0,0.0011876485,0.999,0.0,0.0,0.001,0.0,1,0.8660254037844386,0.5000000000000001,1.0,0.640059232711792
BKF,BKG,2024-02-01,2024,2,1,238.0,0.2,114,4205.0,3.57,235,1178,0.0968,0.1995,0,1444,1,1444.0,0,3,2846.0,1444.0,4290.0,3.0,2.0,1.0,4,5.0,2.5,2.5,2846.0,2846.0,5692.0,0.0,0.0,12.0,0.0,0.0,7.512968369684685,0.16939655310292354,0.0010057471200138673,0.0,23.077251460531663,40.18086097158235,7.326186798427297,7.506468605464217,0.16939655310292354,0.0010057471200138673,0.0,23.077251460531663,40.18086097158235,7.319686976314961,0,0.0,8.0,21.0,0.263,0,0.95331067,0.0,0.0,0.0,0.953,0.0,0.0,0.0,0.047,1,0.8660254037844386,0.5000000000000001,0.0,0.37638700008392334
TBR,GZ,2024-02-01,2024,2,6,1668.0,1.51,368,7562.0,6.84,507,1105,0.333,0.4588,0,1174,1,1174.0,0,4,2366.0,2347.0,4713.0,10.0,5.0,5.0,4,16.0,8.0,8.0,2331.0,2321.0,4652.0,0.0,0.0,16.0,0.0,0.0,7.976502883446071,0.19885057607001957,0.0005028735653593622,0.0,18.36264716688244,34.79275769269329,7.603729913974631,7.944827576874402,0.2081896565726091,0.0007040229807982499,0.0,18.226798296574202,33.63930940216985,7.544827589358406,0,0.0,8.0,21.0,0.263,1,0.028054299,0.0,0.0,0.0,0.028,0.0,0.0,0.0,0.972,1,0.8660254037844386,0.5000000000000001,1.0,0.7070319652557373
HMBV,HMH,2024-02-01,2024,2,2,863.0,0.95,204,2213.0,2.44,236,908,0.2247,0.2599,0,921,1,921.0,0,4,1849.0,1819.0,3668.0,12.0,6.0,6.0,4,3.0,1.5,1.5,1848.0,1849.0,3697.0,0.0,0.0,16.0,0.0,0.0,7.837643670721044,0.17500000098056492,0.0,0.0,16.91680568298218,32.585688721174485,7.447270116586795,7.797083423612104,0.1745689662879911,0.0,0.0,17.15544297332051,32.564481927060534,7.409798884700084,0,0.0,8.0,21.0,0.263,0,0.0,0.0,0.0,0.0,0.0,0.0,0.0,0.0,1.0,1,0.8660254037844386,0.5000000000000001,0.0,0.31142550706863403
UTZL,UT,2024-02-01,2024,2,2,709.0,0.58,455,3145.0,2.59,516,1216,0.3742,0.4243,17,1268,1,1268.0,0,6,2908.0,2726.0,5634.0,22.666666666666668,11.333333333333334,11.333333333333334,31,43.03846153846154,21.53846153846154,21.5,22408.09,33103.8,55511.89,1.0,0.047619047619047616,186.0,0.4170323914242463,0.09090909090909091,7.799456702866431,0.17298850681547118,0.0006034482998409491,0.0,18.6974703446887,35.08086110052021,7.486597507849507,7.762977176527867,0.1790229899102244,0.001910919526955862,0.0,18.63424655966375,34.2796542658203,7.414988690751723,0,0.0,8.0,21.0,0.263,1,0.0,0.0,0.0,0.0,0.0,0.0,0.0,0.0,1.0,1,0.8660254037844386,0.5000000000000001,1.0,0.7185861468315125
WM,ZD,2024-02-01,2024,2,6,60.0,15.0,4,60.0,15.0,4,4,1.0,1.0,0,112,22,5.09,0,6,2984.0299999999997,2984.09,5968.12,7.333333333333333,3.6666666666666665,3.6666666666666665,12,22.333333333333332,11.166666666666666,11.166666666666666,8412.09,7973.03,16385.12,0.0,0.0,72.0,0.0,0.0,7.745008565461392,0.2034482769989248,0.0015086206853732295,0.0,19.086218018983974,34.110516342623484,7.358514369733032,7.769184184870843,0.2002873577969684,0.001609195398445102,0.0,18.6796912191243,33.6486197381184,7.364658257056927,0,0.0,8.0,21.0,0.263,1,1.0,0.0,0.0,0.0,1.0,0.0,0.0,0.0,0.0,1,0.8660254037844386,0.5000000000000001,1.0,0.7322835326194763
ASDM,ASSP,2024-02-01,2024,2,1,2261.0,1.58,923,4159.0,2.91,958,1428,0.6464,0.6709,3,1559,1,1559.0,0,7,6143.0,5474.5,11617.5,5.583333333333334,2.3333333333333335,3.25,4,3.0,1.5,1.5,3136.0,3136.0,6272.0,0.0,0.0,28.0,0.0,0.0,7.763299092404202,0.185775863006711,0.0012068965782721837,0.0,19.652092345144556,34.550688718242206,7.390885255117526,7.763299092404202,0.185775863006711,0.0012068965782721837,0.0,19.652092345144556,34.550688718242206,7.390885255117526,0,0.0,8.0,21.0,0.263,1,0.0,0.0,0.0,0.0,0.0,0.0,0.0,0.0,1.0,1,0.8660254037844386,0.5000000000000001,1.0,0.6474907398223877
ASDM,ASB,2024-02-01,2024,2,6,11.0,0.79,4,240.0,17.14,8,14,0.2857,0.5714,1,4,8,0.5,0,7,6143.0,5474.5,11617.5,5.583333333333334,2.3333333333333335,3.25,21,23.072727272727274,11.272727272727273,11.8,8163.6,7446.7,15610.3,2.0,0.15384615384615385,147.0,1.0383673259838582,0.2909090909090909,7.763299092404202,0.185775863006711,0.0012068965782721837,0.0,19.652092345144556,34.550688718242206,7.390885255117526,7.711299040285207,0.185775863006711,0.0012068965782721837,0.0,19.652092345144556,34.550688718242206,7.33888520249005,0,0.0,8.0,21.0,0.263,1,1.0,0.0,0.0,0.0,1.0,0.0,0.0,0.0,0.0,1,0.8660254037844386,0.5000000000000001,1.0,0.6496481895446777
SD,ST,2024-02-01,2024,2,1,610.0,0.71,542,820.0,0.96,547,854,0.6347,0.6405,0,904,1,904.0,0,3,1785.0,904.0,2689.0,3.5,2.5,1.0,4,2.0,1.0,1.0,1785.0,1785.0,3570.0,0.0,0.0,12.0,0.0,0.0,7.672382355980767,0.18836207069114022,0.0032183907861853467,0.0,17.92009743945352,33.657930124080046,7.231003060936928,7.633382057953069,0.18836207069114022,0.0032183907861853467,0.0,17.92009743945352,33.657930124080046,7.192002812507509,0,0.0,8.0,21.0,0.263,1,0.0,0.0,0.0,0.0,0.0,0.0,0.0,0.0,1.0,1,0.8660254037844386,0.5000000000000001,0.0,0.21079374849796295
MZ,HZE,2024-02-01,2024,2,10,446.0,0.49,124,1881.0,2.06,163,915,0.1355,0.1781,8,916,1,916.0,0,3,1820.0,916.0,2736.0,18.5,8.5,10.0,4,15.0,7.5,7.5,1820.0,1820.0,3640.0,0.0,0.0,12.0,0.0,0.0,7.881715603472515,0.15862069064858317,0.0002011494261437449,0.0,16.875221364457033,32.553102527541675,7.4697902387586135,7.886396728306153,0.1681034498173615,0.0,0.0,16.842923554195753,33.52603360976296,7.54379615410306,0,0.0,8.0,21.0,0.263,0,0.0,0.0,0.0,0.0,0.0,0.0,0.0,0.0,1.0,1,0.8660254037844386,0.5000000000000001,0.0,0.23989467322826385
AMF,ZL,2024-02-01,2024,2,66,961.0,1.04,297,4353.0,4.72,281,923,0.3218,0.3044,31,1160,1,1160.0,0,16,11060.8,10727.0,21787.8,48.0,25.75,22.25,16,96.0,52.0,44.0,6412.71,10156.14,16568.85,0.0,0.0,256.0,0.0,0.0,7.71931898788731,0.18132184042284885,0.004827586088286734,0.0,18.541795207508677,34.77206808020328,7.339074735840161,7.550574714917389,0.17499999947118006,0.0035201148183523923,0.00011494252616646646,19.255094976860217,34.37534390167258,7.149066085788025,0,0.0,8.0,21.0,0.263,1,1.0,0.0,0.0,0.0,1.0,0.0,0.0,0.0,0.0,1,0.8660254037844386,0.5000000000000001,1.0,0.5640956163406372
BR,HRT,2024-02-01,2024,2,10,1725.0,1.58,431,7277.0,6.66,570,1092,0.3947,0.522,6,1192,1,1192.0,0,3,2735.0,1192.0,3927.0,16.0,6.0,10.0,4,28.0,14.0,14.0,2851.0,2777.0,5628.0,0.0,0.0,12.0,0.0,0.0,7.890425084180188,0.15215517342861357,0.00030172414992047454,0.0,16.97270739489588,32.34155085717124,7.534749849431816,7.791882172558757,0.1645114952163107,0.00010057471307187245,0.0,16.82326145504398,32.67206805601887,7.404094831183039,0,0.0,8.0,21.0,0.263,1,1.0,0.0,0.0,0.0,1.0,0.0,0.0,0.0,0.0,1,0.8660254037844386,0.5000000000000001,0.0,0.4317529797554016
BD,GZ,2024-02-01,2024,2,10,1147.0,1.06,419,5964.0,5.5,544,1084,0.3865,0.5018,192,1157,1,1157.0,0,12,7310.0,8030.0,15340.0,42.333333333333336,21.166666666666668,21.166666666666668,4,16.0,8.0,8.0,2331.0,2321.0,4652.0,0.0,0.0,48.0,0.0,0.0,8.006818978265784,0.2110632192450522,0.001307471280639199,0.0,18.898025424230372,34.66241292295785,7.615727035136058,7.944827576874402,0.2081896565726091,0.0007040229807982499,0.0,18.226798296574202,33.63930940216985,7.544827589358406,0,0.0,8.0,21.0,0.263,1,0.003690037,0.0,0.0,0.00092250924,0.004,0.0,0.0,0.001,0.995,1,0.8660254037844386,0.5000000000000001,1.0,0.5315721035003662
AMF,DLD,2024-02-01,2024,2,9,843.0,0.8,252,1173.0,1.11,215,1058,0.2382,0.2032,59,1127,1,1127.0,0,16,11060.8,10727.0,21787.8,48.0,25.75,22.25,6,12.0,6.0,6.0,4005.0,3973.0,7978.0,0.0,0.0,96.0,0.0,0.0,7.71931898788731,0.18132184042284885,0.004827586088286734,0.0,18.541795207508677,34.77206808020328,7.339074735840161,7.680319219608203,0.18132184042284885,0.004827586088286734,0.0,18.541795207508677,34.77206808020328,7.300074921428473,0,0.0,8.0,21.0,0.263,0,0.0,0.0,0.0,0.0,0.0,0.0,0.0,0.0,1.0,1,0.8660254037844386,0.5000000000000001,0.0,0.37082621455192566
AMF,APD,2024-02-01,2024,2,43,1401.0,1.1,426,5139.0,4.04,483,1272,0.3349,0.3797,35,1347,1,1347.0,0,16,11060.8,10727.0,21787.8,48.0,25.75,22.25,5,49.33333333333333,29.0,20.333333333333332,2697.0,3422.0,6119.0,0.0,0.0,80.0,0.0,0.0,7.71931898788731,0.18132184042284885,0.004827586088286734,0.0,18.541795207508677,34.77206808020328,7.339074735840161,7.530361924566671,0.18390804660859808,0.0007040229915031072,0.0,18.883574446213657,33.768619753505995,7.100620591263661,0,0.0,8.0,21.0,0.263,1,1.0,0.0,0.0,0.0,1.0,0.0,0.0,0.0,0.0,1,0.8660254037844386,0.5000000000000001,0.0,0.4427262246608734
AMF,UT,2024-02-01,2024,2,21,2165.0,1.11,742,7644.0,3.92,841,1951,0.3803,0.4311,96,2345,1,2345.0,0,16,11060.8,10727.0,21787.8,48.0,25.75,22.25,31,43.03846153846154,21.53846153846154,21.5,22408.09,33103.8,55511.89,1.0,0.037037037037037035,496.0,0.43429448190325176,0.1,7.71931898788731,0.18132184042284885,0.004827586088286734,0.0,18.541795207508677,34.77206808020328,7.339074735840161,7.762977176527867,0.1790229899102244,0.001910919526955862,0.0,18.63424655966375,34.2796542658203,7.414988690751723,0,0.0,8.0,21.0,0.263,1,1.0,0.0,0.0,0.0,1.0,0.0,0.0,0.0,0.0,1,0.8660254037844386,0.5000000000000001,1.0,0.5553386211395264
AMF,HVS,2024-02-01,2024,2,16,1679.0,0.94,599,5914.0,3.32,562,1783,0.336,0.3152,60,1664,1,1664.0,0,16,11060.8,10727.0,21787.8,48.0,25.75,22.25,18,29.45,15.7,13.75,9067.6,7842.8,16910.4,2.0,0.11764705882352941,288.0,1.249862498521946,0.38596491228070173,7.71931898788731,0.18132184042284885,0.004827586088286734,0.0,18.541795207508677,34.77206808020328,7.339074735840161,7.73570715536995,0.1785919552818797,0.0015086207067829438,0.0,18.387631229970648,34.61275764922986,7.398925492133217,0,0.0,8.0,21.0,0.263,1,1.0,0.0,0.0,0.0,1.0,0.0,0.0,0.0,0.0,1,0.8660254037844386,0.5000000000000001,0.0,0.42068395018577576
KPNZ,DRON,2024-02-01,2024,2,17,876.0,0.88,408,2237.0,2.24,438,999,0.4084,0.4384,2,1054,1,1054.0,0,5,2097.0,1901.0,3998.0,40.66666666666667,16.0,24.666666666666668,4,42.0,21.0,21.0,2097.0,1050.0,3147.0,1.0,0.25,20.0,0.5581106265512472,0.16666666666666666,7.520086131005109,0.1745689658597968,0.0025143678482065254,0.00011494252616646646,18.95531497947101,33.52344736902193,7.105502872974023,7.55471256547661,0.17528735708188395,0.0012068965782721837,0.00011494252616646646,18.958784430362712,35.0425853253096,7.162112047960019,0,0.0,8.0,21.0,0.263,1,0.008008008,0.0,0.0,0.0,0.008,0.0,0.0,0.0,0.992,1,0.8660254037844386,0.5000000000000001,0.0,0.24203218519687653
ASN,BL,2024-02-01,2024,2,16,711.0,0.68,330,2118.0,2.01,360,1053,0.3134,0.3419,10,1141,1,1141.0,0,9,4536.0,3583.0,8119.0,76.0,37.333333333333336,38.666666666666664,4,30.0,15.0,15.0,2281.0,2281.0,4562.0,1.0,0.14285714285714285,36.0,0.7213475204444817,0.25,7.115804608996915,0.18060344839789744,0.005129310377370352,0.0002155172365621246,18.61681886137217,34.15448182273185,6.63548850910417,7.177301929257382,0.16250000111544613,0.005531609069084984,0.0002011494207913163,19.03433694159505,34.176205994754,6.772129477526264,0,0.0,8.0,21.0,0.263,1,0.054131053,0.0,0.0,0.0,0.054,0.0,0.0,0.0,0.946,1,0.8660254037844386,0.5000000000000001,1.0,0.6557676792144775
HVSP,UTO,2024-02-01,2024,2,14,558.0,1.12,249,1154.0,2.31,262,500,0.498,0.524,0,560,1,560.0,0,7,3582.0,3501.0,7083.0,15.916666666666668,9.25,6.666666666666667,8,18.266666666666666,8.6,9.666666666666666,7554.29,3763.0,11317.29,2.0,0.2857142857142857,56.0,1.782318312784072,0.5526315789473684,7.742206831524234,0.1785919552818797,0.0015086207067829438,0.0,18.387631229970648,34.61275764922986,7.405425264575015,7.805956917547289,0.17298850681547118,0.0006034482998409491,0.0,18.6974703446887,35.08086110052021,7.493097733834694,0,0.0,8.0,21.0,0.263,1,0.0,0.0,0.0,0.0,0.0,0.0,0.0,0.0,1.0,1,0.8660254037844386,0.5000000000000001,1.0,0.6371933817863464
ASA,ASD,2024-02-01,2024,2,6,2993.0,1.74,845,11032.0,6.41,1060,1722,0.4907,0.6156,4,3016,1,3016.0,0,10,9207.0,9107.0,18314.0,18.8,9.4,9.4,17,37.77142857142857,18.571428571428573,19.2,11149.0,20098.0,31247.0,3.0,0.23076923076923078,170.0,1.4780031837638365,0.3935406698564593,7.763299092404202,0.185775863006711,0.0012068965782721837,0.0,19.652092345144556,34.550688718242206,7.390885255117526,7.7041838592582055,0.2002873577969684,0.001609195398445102,0.0,18.6796912191243,33.6486197381184,7.299657985054213,0,0.0,8.0,21.0,0.263,1,0.9994193,0.0,0.0,0.0,0.999,0.0,0.0,0.0,0.001,1,0.8660254037844386,0.5000000000000001,1.0,0.713549017906189
AMRN,HWD,2024-02-01,2024,2,6,2077.0,0.99,629,8027.0,3.84,780,2093,0.3005,0.3727,2,2204,1,2204.0,0,4,4467.0,4420.0,8887.0,7.0,3.5,3.5,6,17.333333333333332,8.666666666666666,8.666666666666666,4459.0,4464.0,8923.0,0.0,0.0,24.0,0.0,0.0,7.61221575830667,0.19137931182637982,0.0012068965461576122,0.0,23.192754746511064,39.81465411802818,7.309342159793295,7.646626690996746,0.18548850695891628,0.00241379307090551,0.0,19.299286642636375,34.390861211151915,7.289514556184582,0,0.0,8.0,21.0,0.263,1,0.5360726,0.0,0.0,0.0,0.536,0.0,0.0,0.0,0.464,1,0.8660254037844386,0.5000000000000001,1.0,0.7138367295265198
EST,NML,2024-02-01,2024,2,7,754.0,0.46,298,6208.0,3.8,451,1635,0.1823,0.2758,0,1634,1,1634.0,0,7,3361.0,3288.0,6649.0,14.25,7.25,7.0,4,8.0,4.0,4.0,3271.0,2812.0,6083.0,1.0,0.2,28.0,0.6213349345596119,0.2,7.707065923075223,0.1817528748049818,0.00010057471307187245,0.0,17.506133634468604,33.852930068284614,7.399666480805682,7.757212736370877,0.17327586378388363,0.0,0.0,17.2625296551777,33.63672327858278,7.4347988815828305,0,0.0,8.0,21.0,0.263,1,0.021406727,0.0,0.0,0.0,0.021,0.0,0.0,0.0,0.979,1,0.8660254037844386,0.5000000000000001,1.0,0.6781625747680664
AMRN,AMR,2024-02-01,2024,2,1,1065.0,0.51,415,7310.0,3.52,586,2077,0.1998,0.2821,0,2216,1,2216.0,0,4,4467.0,4420.0,8887.0,7.0,3.5,3.5,6,12.0,6.0,6.0,4399.0,5158.0,9557.0,0.0,0.0,24.0,0.0,0.0,7.61221575830667,0.19137931182637982,0.0012068965461576122,0.0,23.192754746511064,39.81465411802818,7.309342159793295,7.61221575830667,0.19137931182637982,0.0012068965461576122,0.0,23.192754746511064,39.81465411802818,7.309342159793295,0,0.0,8.0,21.0,0.263,1,0.5382764,0.0,0.0,0.0,0.538,0.0,0.0,0.0,0.462,1,0.8660254037844386,0.5000000000000001,1.0,0.6813506484031677
YPB,ZTM,2024-02-01,2024,2,5,673.0,0.55,330,2315.0,1.88,376,1233,0.2676,0.3049,2,1356,1,1356.0,0,4,3815.0,3815.0,7630.0,9.0,4.5,4.5,4,6.0,3.0,3.0,3815.0,3815.0,7630.0,0.0,0.0,16.0,0.0,0.0,7.931074911782026,0.1893678170082898,0.00040229886299234695,0.0,19.571936633737607,35.16982663842453,7.617497348922423,7.944074649663492,0.1893678170082898,0.00040229886299234695,0.0,19.571936633737607,35.16982663842453,7.630497127428822,0,0.0,8.0,21.0,0.263,1,0.0,0.0,0.0,0.0,0.0,0.0,0.0,0.0,1.0,1,0.8660254037844386,0.5000000000000001,1.0,0.5439534187316895
KRG,BZL,2024-02-01,2024,2,6,1958.0,1.74,584,7599.0,6.76,721,1124,0.5196,0.6415,0,1150,1,1150.0,0,6,2322.33,2323.88,4646.21,21.0,8.0,13.0,4,11.0,5.5,5.5,2322.0,2324.0,4646.0,1.0,0.2,24.0,0.6213349345596119,0.2,8.227120626931903,0.1714080465614967,0.0002011494261437449,0.0,22.437986214955647,39.28861959912311,7.931430994436659,8.214120902549261,0.1714080465614967,0.0002011494261437449,0.0,22.437986214955647,39.28861959912311,7.918431241964472,0,0.0,8.0,21.0,0.263,1,0.69928825,0.0,0.0,0.0008896797,0.699,0.0,0.0,0.001,0.3,1,0.8660254037844386,0.5000000000000001,1.0,0.6647354960441589
APN,LDL,2024-02-01,2024,2,14,2735.0,1.15,438,8017.0,3.38,516,2370,0.1848,0.2177,91,2471,1,2471.0,0,4,3785.0,3806.0,7591.0,22.0,11.0,11.0,3,21.5,7.5,14.0,3806.0,1335.0,5141.0,0.0,0.0,12.0,0.0,0.0,7.9094140425153165,0.17600574805775934,0.0016091953770353876,0.0,19.058952175337694,34.45810251742944,7.5556783703551895,7.908732966287062,0.18764367936200452,0.0005028735546545051,0.0,20.01459210939791,35.99534391740273,7.618072054509459,0,0.0,8.0,21.0,0.263,0,0.0,0.0,0.0,0.0,0.0,0.0,0.0,0.0,1.0,1,0.8660254037844386,0.5000000000000001,0.0,0.34855321049690247
TPSW,GDM,2024-02-01,2024,2,10,1932.0,1.84,660,3334.0,3.17,685,1052,0.6274,0.6511,0,1121,1,1121.0,0,3,3326.0,1121.0,4447.0,16.0,6.0,10.0,6,18.0,9.0,9.0,6787.0,6787.0,13574.0,0.0,0.0,18.0,0.0,0.0,7.902910853768217,0.18649425405752043,0.001005747152128439,0.0,18.759194320645825,34.36810261901768,7.528341954124385,7.8594884873721105,0.19181034534141936,0.004626436876240133,0.0,18.42451348892231,34.46482669904657,7.485278714662311,0,0.0,8.0,21.0,0.263,1,0.0,0.0,0.0,0.0,0.0,0.0,0.0,0.0,1.0,1,0.8660254037844386,0.5000000000000001,1.0,0.57376629114151
O,NM,2024-02-01,2024,2,24,1665.0,1.54,791,5613.0,5.18,886,1083,0.7304,0.8181,30,1181,1,1181.0,0,8,4650.0,4682.0,9332.0,26.0,13.0,13.0,9,22.75,11.75,11.0,4658.0,7464.0,12122.0,0.0,0.0,72.0,0.0,0.0,7.821445320615138,0.18333333454512316,0.0,0.0,18.586057848971464,33.99465421835581,7.466632191477151,7.718212588015815,0.17327586378388363,0.0,0.0,17.2625296551777,33.63672327858278,7.39579885136122,0,0.0,8.0,21.0,0.263,1,1.0,0.0,0.0,0.0,1.0,0.0,0.0,0.0,0.0,1,0.8660254037844386,0.5000000000000001,1.0,0.6800559163093567
HTN,HTNC,2024-02-01,2024,2,1,2378.0,0.56,1007,8259.0,1.96,1426,4224,0.2384,0.3376,0,4515,1,4515.0,0,4,6787.0,6787.0,13574.0,5.0,2.5,2.5,4,10.0,5.0,5.0,6787.0,6787.0,13574.0,0.0,0.0,16.0,0.0,0.0,7.795477269452879,0.1790229899102244,0.001910919526955862,0.0,18.63424655966375,34.2796542658203,7.447488722787506,7.815272893312376,0.18362068987569247,0.005229885101147081,0.0,18.467473913883342,33.34396458288719,7.454712632743791,0,0.0,8.0,21.0,0.263,1,0.0,0.0,0.0,0.0,0.0,0.0,0.0,0.0,1.0,1,0.8660254037844386,0.5000000000000001,1.0,0.6753590703010559
EHS,BET,2024-02-01,2024,2,9,1506.0,0.8,562,5002.0,2.66,646,1881,0.2988,0.3434,28,1897,1,1897.0,0,4,3778.0,3342.0,7120.0,10.0,5.0,5.0,4,19.0,9.5,9.5,3778.0,3778.0,7556.0,0.0,0.0,16.0,0.0,0.0,7.866632096747729,0.17887931181139302,0.0,0.0,16.72177018139554,32.92603351741001,7.496086209327325,7.892060426481325,0.18318965588963923,0.00010057471307187245,0.0,17.664416737297827,33.522412809147234,7.50154312862747,0,0.0,8.0,21.0,0.263,1,0.0,0.0,0.0,0.0,0.0,0.0,0.0,0.0,1.0,1,0.8660254037844386,0.5000000000000001,1.0,0.6753481030464172
ST,STZ,2024-02-01,2024,2,1,169.0,0.2,94,361.0,0.42,124,854,0.1101,0.1452,0,904,1,904.0,0,4,1785.0,1785.0,3570.0,2.0,1.0,1.0,4,7.0,3.5,3.5,1785.0,1785.0,3570.0,0.0,0.0,16.0,0.0,0.0,7.633382057953069,0.18836207069114022,0.0032183907861853467,0.0,17.92009743945352,33.657930124080046,7.192002812507509,7.678882424371724,0.18836207069114022,0.0032183907861853467,0.0,17.92009743945352,33.657930124080046,7.237503071797305,0,0.0,8.0,21.0,0.263,0,0.0,0.0,0.0,0.0,0.0,0.0,0.0,0.0,1.0,1,0.8660254037844386,0.5000000000000001,0.0,0.2412123680114746
HN,OBD,2024-02-01,2024,2,11,211.0,0.22,80,2341.0,2.46,71,952,0.084,0.0746,13,1006,1,1006.0,0,12,4111.25,4792.0,8903.25,40.333333333333336,20.166666666666668,20.166666666666668,4,17.0,8.5,8.5,2020.0,1041.25,3061.25,0.0,0.0,48.0,0.0,0.0,7.669545965536829,0.18074712761003395,0.0007040230022079643,2.8735631541616615e-05,19.979274317536547,35.323964620116115,7.334344804629512,7.640126632250867,0.18548850695891628,0.00241379307090551,2.8735631541616615e-05,19.299286642636375,34.390861211151915,7.283014565877531,0,0.0,8.0,21.0,0.263,0,0.0,0.0,0.0,0.0,0.0,0.0,0.0,0.0,1.0,1,0.8660254037844386,0.5000000000000001,0.0,0.257019966840744
APN,BDG,2024-02-01,2024,2,8,395.0,0.3,107,4931.0,3.69,485,1335,0.0801,0.3633,49,1335,1,1335.0,0,4,3785.0,3806.0,7591.0,22.0,11.0,11.0,4,19.0,9.5,9.5,3785.0,3785.0,7570.0,0.0,0.0,16.0,0.0,0.0,7.9094140425153165,0.17600574805775934,0.0016091953770353876,0.0,19.058952175337694,34.45810251742944,7.5556783703551895,7.933770088114958,0.17270115056428417,0.0005028735653593622,0.0,19.868849727271616,34.99810253066578,7.591959753940845,0,0.0,8.0,21.0,0.263,1,0.0,0.0,0.0,0.0,0.0,0.0,0.0,0.0,1.0,1,0.8660254037844386,0.5000000000000001,1.0,0.5778988599777222
GD,WD,2024-02-01,2024,2,16,10.0,0.28,6,9.0,0.25,6,36,0.1667,0.1667,6,65,1,65.0,0,14,14031.0,10490.0,24521.0,32.5,18.0,14.5,12,28.0,14.0,14.0,9624.0,9583.0,19207.0,2.0,0.16666666666666666,168.0,1.782318312784072,0.5526315789473684,8.001655445701774,0.17241379418463884,0.0025143677625676683,0.0,20.040493045045043,36.05689569519854,7.717244484301271,7.876948507524085,0.16824712770209574,0.000905172417646852,0.0,19.3549097337942,34.25637831153541,7.4895203182067,0,0.0,8.0,21.0,0.263,0,0.9722222,0.0,0.0,0.027777778,0.972,0.0,0.0,0.028,0.0,1,0.8660254037844386,0.5000000000000001,1.0,0.5398176312446594
HZE,GP,2024-02-01,2024,2,5,844.0,0.92,347,2245.0,2.45,385,915,0.3792,0.4208,7,916,1,916.0,0,4,1820.0,1820.0,3640.0,15.0,7.5,7.5,4,11.0,5.5,5.5,1820.0,1457.0,3277.0,0.0,0.0,16.0,0.0,0.0,7.886396728306153,0.1681034498173615,0.0,0.0,16.842923554195753,33.52603360976296,7.54379615410306,7.847132151732328,0.17887931181139302,0.0,0.0,16.72177018139554,32.92603351741001,7.476586192846298,0,0.0,8.0,21.0,0.263,1,0.0,0.0,0.0,0.0,0.0,0.0,0.0,0.0,1.0,1,0.8660254037844386,0.5000000000000001,0.0,0.2546074092388153
ASD,ASA,2024-02-01,2024,2,6,1441.0,0.79,539,10212.0,5.6,739,1825,0.2953,0.4049,240,3126,1,3126.0,0,17,11149.0,20098.0,31247.0,37.77142857142857,18.571428571428573,19.2,10,18.8,9.4,9.4,9207.0,9107.0,18314.0,3.0,0.23076923076923078,170.0,1.4780031837638365,0.3935406698564593,7.7041838592582055,0.2002873577969684,0.001609195398445102,0.0,18.6796912191243,33.6486197381184,7.299657985054213,7.763299092404202,0.185775863006711,0.0012068965782721837,0.0,19.652092345144556,34.550688718242206,7.390885255117526,0,0.0,8.0,21.0,0.263,1,1.0,0.0,0.0,0.0,1.0,0.0,0.0,0.0,0.0,1,0.8660254037844386,0.5000000000000001,0.0,0.41902831196784973
GD,GDG,2024-02-01,2024,2,3,802.0,0.4,234,7398.0,3.69,444,2007,0.1166,0.2212,38,2318,1,2318.0,0,14,14031.0,10490.0,24521.0,32.5,18.0,14.5,4,16.0,8.0,8.0,5777.0,5983.0,11760.0,1.0,0.1111111111111111,56.0,0.5581106265512472,0.16666666666666666,8.001655445701774,0.17241379418463884,0.0025143677625676683,0.0,20.040493045045043,36.05689569519854,7.717244484301271,7.970902028183143,0.17442528815704517,0.0005028735653593622,0.0,19.72457755434102,34.87499901001481,7.655528523456091,0,0.0,8.0,21.0,0.263,0,0.0,0.0,0.0,0.0,0.0,0.0,0.0,0.0,1.0,1,0.8660254037844386,0.5000000000000001,0.0,0.4919576048851013
ASD,ASS,2024-02-01,2024,2,4,9587.0,1.02,3493,35937.0,3.84,2231,9360,0.3732,0.2384,1253,10688,1,10688.0,0,17,11149.0,20098.0,31247.0,37.77142857142857,18.571428571428573,19.2,17,34.84722222222222,21.22222222222222,13.625,22050.0,17103.0,39153.0,1.0,0.05263157894736842,289.0,0.45511961331341866,0.1111111111111111,7.7041838592582055,0.2002873577969684,0.001609195398445102,0.0,18.6796912191243,33.6486197381184,7.299657985054213,7.710684075309285,0.2002873577969684,0.001609195398445102,0.0,18.6796912191243,33.6486197381184,7.3061582103542895,0,0.0,8.0,21.0,0.263,0,0.48482907,0.0,0.0,0.0,0.485,0.0,0.0,0.0,0.515,1,0.8660254037844386,0.5000000000000001,0.0,0.4954421818256378
GD,RTA,2024-02-01,2024,2,14,1740.0,1.02,574,6568.0,3.85,610,1708,0.3361,0.3571,33,2046,1,2046.0,0,14,14031.0,10490.0,24521.0,32.5,18.0,14.5,7,14.166666666666668,7.5,6.666666666666667,6467.0,4421.0,10888.0,0.0,0.0,98.0,0.0,0.0,8.001655445701774,0.17241379418463884,0.0025143677625676683,0.0,20.040493045045043,36.05689569519854,7.717244484301271,8.008155118117386,0.17241379418463884,0.0025143677625676683,0.0,20.040493045045043,36.05689569519854,7.723744238587631,0,0.0,8.0,21.0,0.263,1,1.0,0.0,0.0,0.0,1.0,0.0,0.0,0.0,0.0,1,0.8660254037844386,0.5000000000000001,1.0,0.577547013759613
GD,LLZM,2024-02-01,2024,2,13,1269.0,0.59,453,3124.0,1.44,349,2163,0.2094,0.1613,24,2459,1,2459.0,0,14,14031.0,10490.0,24521.0,32.5,18.0,14.5,4,15.0,7.5,7.5,3815.0,3815.0,7630.0,0.0,0.0,56.0,0.0,0.0,8.001655445701774,0.17241379418463884,0.0025143677625676683,0.0,20.040493045045043,36.05689569519854,7.717244484301271,7.970074517483791,0.1893678170082898,0.00040229886299234695,0.0,19.571936633737607,35.16982663842453,7.656496927313421,0,0.0,8.0,21.0,0.263,0,0.0,0.0,0.0,0.0,0.0,0.0,0.0,0.0,1.0,1,0.8660254037844386,0.5000000000000001,0.0,0.4561924338340759
ASD,ASDM,2024-02-01,2024,2,4,2808.0,1.13,1043,10565.0,4.26,818,2479,0.4207,0.33,398,3082,1,3082.0,0,17,11149.0,20098.0,31247.0,37.77142857142857,18.571428571428573,19.2,7,5.583333333333334,2.3333333333333335,3.25,6143.0,5474.5,11617.5,2.0,0.15384615384615385,119.0,1.0383673259838582,0.2909090909090909,7.7041838592582055,0.2002873577969684,0.001609195398445102,0.0,18.6796912191243,33.6486197381184,7.299657985054213,7.763299092404202,0.185775863006711,0.0012068965782721837,0.0,19.652092345144556,34.550688718242206,7.390885255117526,0,0.0,8.0,21.0,0.263,1,0.0,0.0,0.0,0.0,0.0,0.0,0.0,0.0,1.0,1,0.8660254037844386,0.5000000000000001,0.0,0.35847851634025574
